user_id,event_timestamp,event_type,device,event_date,event_hour
U00001,2026-06-26 04:19:00,page_view,mobile,2026-06-26,4
U00001,2026-06-19 04:41:00,session_end,mobile,2026-06-19,4
U00001,2026-06-18 02:35:00,session_end,web,2026-06-18,2
U00001,2026-06-15 10:53:00,login,web,2026-06-15,10
U00001,2026-06-25 10:56:00,session_start,unknown,2026-06-25,10
U00002,2026-03-08 14:47:00,logout,web,2026-03-08,14
U00002,2026-03-06 06:06:00,login,mobile,2026-03-06,6
U00002,2026-03-04 19:39:00,login,mobile,2026-03-04,19
U00002,2026-03-13 07:14:00,page_view,web,2026-03-13,7
U00002,2026-03-09 02:44:00,logout,unknown,2026-03-09,2
U00002,2026-03-06 16:54:00,session_end,unknown,2026-03-06,16
U00002,2026-03-15 20:23:00,login,unknown,2026-03-15,20
U00003,2026-02-03 15:08:00,login,mobile,2026-02-03,15
U00003,2026-01-30 01:26:00,logout,web,2026-01-30,1
U00003,2026-02-10 08:26:00,login,mobile,2026-02-10,8
U00004,2026-06-01 06:04:00,login,unknown,2026-06-01,6
U00005,2026-01-22 19:31:00,page_view,web,2026-01-22,19
U00005,2026-01-22 14:56:00,login,unknown,2026-01-22,14
U00005,2026-01-15 01:38:00,page_view,unknown,2026-01-15,1
U00005,2026-01-20 10:25:00,session_end,web,2026-01-20,10
U00005,2026-01-17 03:28:00,session_start,web,2026-01-17,3
U00005,2026-01-23 07:33:00,session_end,unknown,2026-01-23,7
U00006,2026-03-12 01:35:00,session_start,web,2026-03-12,1
U00006,2026-03-04 09:28:00,session_start,web,2026-03-04,9
U00006,2026-03-13 09:29:00,login,unknown,2026-03-13,9
U00006,2026-03-05 19:58:00,login,mobile,2026-03-05,19
U00006,2026-03-08 20:28:00,login,web,2026-03-08,20
U00006,2026-03-03 18:57:00,page_view,mobile,2026-03-03,18
U00007,2026-05-30 13:20:00,session_start,web,2026-05-30,13
U00007,2026-05-26 14:37:00,page_view,mobile,2026-05-26,14
U00007,2026-06-07 14:05:00,login,web,2026-06-07,14
U00007,2026-06-04 20:58:00,page_view,mobile,2026-06-04,20
U00007,2026-06-04 23:07:00,login,web,2026-06-04,23
U00007,2026-06-04 14:40:00,login,web,2026-06-04,14
U00008,2026-04-26 22:24:00,page_view,mobile,2026-04-26,22
U00009,2026-06-06 17:24:00,login,mobile,2026-06-06,17
U00009,2026-06-14 10:36:00,logout,mobile,2026-06-14,10
U00009,2026-06-02 04:11:00,logout,web,2026-06-02,4
U00009,2026-06-06 09:19:00,page_view,unknown,2026-06-06,9
U00009,2026-06-04 20:11:00,login,mobile,2026-06-04,20
U00009,2026-06-03 00:39:00,logout,web,2026-06-03,0
U00009,2026-05-31 14:31:00,logout,unknown,2026-05-31,14
U00010,2026-02-18 00:38:00,session_start,mobile,2026-02-18,0
U00010,2026-02-13 18:42:00,session_start,unknown,2026-02-13,18
U00010,2026-02-16 14:05:00,session_end,web,2026-02-16,14
U00011,2026-03-16 17:17:00,session_end,mobile,2026-03-16,17
U00011,2026-03-13 05:09:00,login,web,2026-03-13,5
U00011,2026-03-13 04:54:00,login,web,2026-03-13,4
U00012,2026-04-02 02:03:00,login,unknown,2026-04-02,2
U00012,2026-03-30 05:43:00,login,mobile,2026-03-30,5
U00012,2026-04-04 23:37:00,login,web,2026-04-04,23
U00012,2026-03-29 09:20:00,login,unknown,2026-03-29,9
U00012,2026-04-10 02:48:00,session_start,web,2026-04-10,2
U00012,2026-04-01 15:08:00,login,web,2026-04-01,15
U00012,2026-04-02 16:26:00,session_end,mobile,2026-04-02,16
U00012,2026-04-08 06:39:00,login,web,2026-04-08,6
U00012,2026-04-06 23:40:00,session_end,web,2026-04-06,23
U00013,2026-04-15 23:44:00,session_end,web,2026-04-15,23
U00013,2026-04-14 19:54:00,login,web,2026-04-14,19
U00014,2026-04-07 18:39:00,login,mobile,2026-04-07,18
U00014,2026-04-08 18:31:00,session_end,unknown,2026-04-08,18
U00014,2026-04-06 05:56:00,session_end,mobile,2026-04-06,5
U00015,2026-05-09 09:12:00,login,web,2026-05-09,9
U00015,2026-04-28 14:40:00,logout,web,2026-04-28,14
U00015,2026-05-09 06:51:00,session_end,unknown,2026-05-09,6
U00015,2026-05-04 01:21:00,login,mobile,2026-05-04,1
U00015,2026-04-28 20:12:00,page_view,web,2026-04-28,20
U00015,2026-05-02 02:19:00,login,web,2026-05-02,2
U00016,2026-02-02 00:07:00,page_view,web,2026-02-02,0
U00016,2026-01-26 12:46:00,session_end,web,2026-01-26,12
U00016,2026-02-03 05:12:00,login,web,2026-02-03,5
U00016,2026-02-04 21:30:00,session_start,web,2026-02-04,21
U00016,2026-01-31 04:30:00,login,unknown,2026-01-31,4
U00016,2026-02-04 17:57:00,login,unknown,2026-02-04,17
U00016,2026-02-02 13:59:00,page_view,web,2026-02-02,13
U00016,2026-02-03 16:19:00,session_end,web,2026-02-03,16
U00016,2026-01-29 17:01:00,login,web,2026-01-29,17
U00016,2026-02-02 11:04:00,login,web,2026-02-02,11
U00017,2026-04-16 00:21:00,session_start,mobile,2026-04-16,0
U00017,2026-04-12 19:24:00,login,web,2026-04-12,19
U00017,2026-04-16 09:45:00,logout,web,2026-04-16,9
U00018,2026-01-29 01:17:00,session_start,web,2026-01-29,1
U00018,2026-01-25 07:23:00,session_start,web,2026-01-25,7
U00018,2026-01-21 16:19:00,login,web,2026-01-21,16
U00018,2026-01-23 01:49:00,login,web,2026-01-23,1
U00018,2026-01-25 16:01:00,logout,unknown,2026-01-25,16
U00018,2026-02-01 16:09:00,login,web,2026-02-01,16
U00018,2026-02-01 15:46:00,logout,web,2026-02-01,15
U00018,2026-01-30 10:09:00,logout,web,2026-01-30,10
U00019,2026-03-29 16:43:00,login,mobile,2026-03-29,16
U00019,2026-03-27 01:29:00,session_start,web,2026-03-27,1
U00019,2026-03-16 09:59:00,login,web,2026-03-16,9
U00019,2026-03-21 14:56:00,login,web,2026-03-21,14
U00019,2026-03-24 21:47:00,login,web,2026-03-24,21
U00019,2026-03-25 09:40:00,login,web,2026-03-25,9
U00019,2026-03-19 06:18:00,login,web,2026-03-19,6
U00019,2026-03-28 14:42:00,login,web,2026-03-28,14
U00020,2026-01-28 05:17:00,login,web,2026-01-28,5
U00020,2026-02-04 17:32:00,login,mobile,2026-02-04,17
U00020,2026-02-03 11:35:00,login,web,2026-02-03,11
U00020,2026-01-28 22:51:00,login,mobile,2026-01-28,22
U00020,2026-01-28 02:19:00,session_end,web,2026-01-28,2
U00020,2026-02-03 14:03:00,login,web,2026-02-03,14
U00020,2026-02-02 21:03:00,login,unknown,2026-02-02,21
U00020,2026-01-26 02:27:00,session_start,mobile,2026-01-26,2
U00020,2026-02-06 19:57:00,session_end,unknown,2026-02-06,19
U00020,2026-02-04 11:19:00,login,mobile,2026-02-04,11
U00020,2026-02-06 21:51:00,session_end,web,2026-02-06,21
U00020,2026-02-09 14:36:00,login,web,2026-02-09,14
U00021,2026-06-25 22:29:00,login,unknown,2026-06-25,22
U00021,2026-06-16 21:41:00,page_view,unknown,2026-06-16,21
U00021,2026-06-19 07:14:00,login,web,2026-06-19,7
U00021,2026-06-26 11:25:00,login,web,2026-06-26,11
U00022,2026-04-17 10:29:00,session_start,web,2026-04-17,10
U00022,2026-04-06 15:07:00,login,unknown,2026-04-06,15
U00022,2026-04-12 05:18:00,logout,web,2026-04-12,5
U00022,2026-04-14 18:08:00,session_end,web,2026-04-14,18
U00022,2026-04-11 22:50:00,login,web,2026-04-11,22
U00023,2026-03-18 20:04:00,logout,web,2026-03-18,20
U00023,2026-03-18 14:25:00,session_end,unknown,2026-03-18,14
U00023,2026-03-13 19:15:00,session_end,mobile,2026-03-13,19
U00024,2026-06-22 12:04:00,login,mobile,2026-06-22,12
U00025,2026-06-25 22:37:00,session_start,unknown,2026-06-25,22
U00025,2026-06-21 10:34:00,page_view,mobile,2026-06-21,10
U00025,2026-06-14 21:42:00,login,unknown,2026-06-14,21
U00025,2026-06-13 18:38:00,session_start,web,2026-06-13,18
U00025,2026-06-20 03:52:00,session_start,mobile,2026-06-20,3
U00025,2026-06-16 12:04:00,session_end,web,2026-06-16,12
U00025,2026-06-22 19:49:00,logout,unknown,2026-06-22,19
U00026,2026-03-09 15:41:00,page_view,web,2026-03-09,15
U00026,2026-03-05 06:52:00,login,web,2026-03-05,6
U00026,2026-03-16 04:42:00,login,unknown,2026-03-16,4
U00026,2026-03-12 09:24:00,session_end,unknown,2026-03-12,9
U00026,2026-03-07 06:43:00,login,web,2026-03-07,6
U00026,2026-03-13 21:19:00,session_start,web,2026-03-13,21
U00026,2026-03-05 18:00:00,session_end,unknown,2026-03-05,18
U00026,2026-03-17 04:54:00,login,web,2026-03-17,4
U00026,2026-03-09 17:03:00,login,web,2026-03-09,17
U00026,2026-03-05 09:55:00,login,mobile,2026-03-05,9
U00027,2026-03-17 22:37:00,session_start,web,2026-03-17,22
U00028,2026-06-03 12:25:00,session_start,unknown,2026-06-03,12
U00028,2026-05-31 06:42:00,login,unknown,2026-05-31,6
U00028,2026-05-25 06:35:00,session_start,web,2026-05-25,6
U00028,2026-06-05 13:09:00,login,mobile,2026-06-05,13
U00028,2026-05-25 00:04:00,page_view,web,2026-05-25,0
U00028,2026-05-25 23:56:00,session_start,unknown,2026-05-25,23
U00028,2026-05-25 02:08:00,page_view,unknown,2026-05-25,2
U00029,2026-01-28 14:57:00,logout,unknown,2026-01-28,14
U00029,2026-01-24 05:29:00,session_end,unknown,2026-01-24,5
U00029,2026-01-23 14:24:00,login,mobile,2026-01-23,14
U00029,2026-01-17 13:38:00,login,unknown,2026-01-17,13
U00029,2026-01-28 23:15:00,page_view,web,2026-01-28,23
U00029,2026-01-21 17:36:00,login,web,2026-01-21,17
U00030,2026-04-13 18:30:00,page_view,web,2026-04-13,18
U00030,2026-04-14 18:30:00,page_view,web,2026-04-14,18
U00030,2026-04-15 23:46:00,session_end,web,2026-04-15,23
U00030,2026-04-20 16:05:00,session_end,web,2026-04-20,16
U00030,2026-04-16 15:40:00,page_view,web,2026-04-16,15
U00030,2026-04-23 20:34:00,logout,web,2026-04-23,20
U00030,2026-04-22 01:57:00,login,web,2026-04-22,1
U00030,2026-04-20 14:32:00,session_start,web,2026-04-20,14
U00030,2026-04-19 11:51:00,login,web,2026-04-19,11
U00030,2026-04-15 01:44:00,session_end,web,2026-04-15,1
U00030,2026-04-24 18:16:00,login,unknown,2026-04-24,18
U00031,2026-03-05 05:36:00,login,web,2026-03-05,5
U00031,2026-03-08 23:39:00,login,web,2026-03-08,23
U00031,2026-03-03 02:08:00,session_end,web,2026-03-03,2
U00031,2026-03-09 08:16:00,login,web,2026-03-09,8
U00031,2026-02-28 08:00:00,page_view,web,2026-02-28,8
U00031,2026-03-05 05:58:00,session_end,mobile,2026-03-05,5
U00032,2026-04-01 14:23:00,logout,mobile,2026-04-01,14
U00032,2026-03-26 22:15:00,session_start,mobile,2026-03-26,22
U00032,2026-04-03 16:55:00,login,web,2026-04-03,16
U00032,2026-03-23 04:38:00,logout,mobile,2026-03-23,4
U00033,2026-04-25 15:48:00,session_start,unknown,2026-04-25,15
U00033,2026-04-15 21:28:00,page_view,mobile,2026-04-15,21
U00034,2026-02-09 18:46:00,logout,web,2026-02-09,18
U00034,2026-02-06 20:16:00,logout,web,2026-02-06,20
U00034,2026-02-06 05:29:00,session_start,unknown,2026-02-06,5
U00034,2026-02-10 15:47:00,logout,mobile,2026-02-10,15
U00034,2026-02-12 21:45:00,session_start,unknown,2026-02-12,21
U00035,2026-03-09 04:33:00,logout,unknown,2026-03-09,4
U00035,2026-03-05 09:59:00,logout,unknown,2026-03-05,9
U00035,2026-03-11 21:20:00,session_end,web,2026-03-11,21
U00036,2026-05-19 17:40:00,login,unknown,2026-05-19,17
U00036,2026-05-27 20:54:00,login,web,2026-05-27,20
U00037,2026-06-03 08:51:00,login,web,2026-06-03,8
U00037,2026-06-09 18:25:00,session_start,mobile,2026-06-09,18
U00037,2026-06-10 21:37:00,logout,mobile,2026-06-10,21
U00037,2026-06-07 10:43:00,page_view,mobile,2026-06-07,10
U00037,2026-06-04 17:00:00,page_view,web,2026-06-04,17
U00037,2026-06-12 02:00:00,session_start,web,2026-06-12,2
U00038,2026-04-11 03:43:00,session_start,web,2026-04-11,3
U00038,2026-04-06 23:18:00,login,mobile,2026-04-06,23
U00038,2026-04-03 00:39:00,login,web,2026-04-03,0
U00038,2026-04-12 21:57:00,logout,mobile,2026-04-12,21
U00038,2026-04-12 20:07:00,page_view,web,2026-04-12,20
U00038,2026-04-04 19:08:00,session_start,mobile,2026-04-04,19
U00038,2026-04-17 03:44:00,login,web,2026-04-17,3
U00038,2026-04-07 14:42:00,login,unknown,2026-04-07,14
U00039,2026-05-25 08:49:00,session_start,web,2026-05-25,8
U00039,2026-05-15 05:49:00,login,web,2026-05-15,5
U00039,2026-05-23 01:24:00,session_start,web,2026-05-23,1
U00039,2026-05-11 08:52:00,login,mobile,2026-05-11,8
U00039,2026-05-18 02:31:00,login,unknown,2026-05-18,2
U00039,2026-05-13 20:31:00,login,mobile,2026-05-13,20
U00039,2026-05-19 13:13:00,session_end,web,2026-05-19,13
U00039,2026-05-25 14:45:00,login,web,2026-05-25,14
U00039,2026-05-11 02:04:00,session_end,web,2026-05-11,2
U00039,2026-05-23 14:01:00,session_start,mobile,2026-05-23,14
U00039,2026-05-21 20:00:00,login,unknown,2026-05-21,20
U00040,2026-01-17 04:44:00,login,unknown,2026-01-17,4
U00040,2026-01-22 00:32:00,page_view,unknown,2026-01-22,0
U00040,2026-01-20 13:25:00,logout,web,2026-01-20,13
U00040,2026-01-21 07:00:00,session_start,unknown,2026-01-21,7
U00040,2026-01-14 18:34:00,login,web,2026-01-14,18
U00040,2026-01-23 09:25:00,login,web,2026-01-23,9
U00040,2026-01-18 17:54:00,login,web,2026-01-18,17
U00040,2026-01-26 14:48:00,logout,web,2026-01-26,14
U00040,2026-01-23 06:11:00,session_end,web,2026-01-23,6
U00040,2026-01-19 21:12:00,login,unknown,2026-01-19,21
U00041,2026-06-24 03:40:00,page_view,web,2026-06-24,3
U00041,2026-06-17 02:56:00,page_view,unknown,2026-06-17,2
U00042,2026-06-13 06:08:00,login,mobile,2026-06-13,6
U00042,2026-06-02 23:37:00,login,unknown,2026-06-02,23
U00042,2026-06-08 02:50:00,session_end,web,2026-06-08,2
U00042,2026-06-09 17:53:00,logout,unknown,2026-06-09,17
U00042,2026-06-02 01:21:00,login,web,2026-06-02,1
U00042,2026-06-14 23:02:00,session_start,web,2026-06-14,23
U00042,2026-06-05 20:42:00,session_end,unknown,2026-06-05,20
U00042,2026-06-12 17:09:00,page_view,mobile,2026-06-12,17
U00042,2026-06-16 02:02:00,page_view,mobile,2026-06-16,2
U00042,2026-06-09 20:01:00,session_start,web,2026-06-09,20
U00043,2026-04-11 22:41:00,login,web,2026-04-11,22
U00044,2026-05-18 20:03:00,login,web,2026-05-18,20
U00044,2026-05-23 19:10:00,logout,web,2026-05-23,19
U00044,2026-05-29 03:07:00,session_start,mobile,2026-05-29,3
U00044,2026-05-17 06:27:00,login,unknown,2026-05-17,6
U00044,2026-05-21 03:43:00,session_end,mobile,2026-05-21,3
U00044,2026-05-21 06:48:00,login,mobile,2026-05-21,6
U00044,2026-05-21 02:07:00,login,mobile,2026-05-21,2
U00045,2026-01-15 13:10:00,page_view,web,2026-01-15,13
U00045,2026-01-11 05:28:00,login,web,2026-01-11,5
U00045,2026-01-05 03:50:00,logout,unknown,2026-01-05,3
U00045,2026-01-15 05:01:00,session_start,web,2026-01-15,5
U00045,2026-01-03 00:11:00,login,web,2026-01-03,0
U00045,2026-01-09 22:51:00,logout,unknown,2026-01-09,22
U00045,2026-01-14 04:13:00,login,web,2026-01-14,4
U00046,2026-02-07 14:26:00,login,mobile,2026-02-07,14
U00046,2026-02-08 22:02:00,session_end,mobile,2026-02-08,22
U00046,2026-02-10 15:39:00,login,web,2026-02-10,15
U00046,2026-02-04 13:00:00,session_end,mobile,2026-02-04,13
U00046,2026-02-02 03:33:00,login,web,2026-02-02,3
U00047,2026-03-23 17:32:00,login,unknown,2026-03-23,17
U00047,2026-03-22 20:42:00,login,web,2026-03-22,20
U00047,2026-03-10 06:07:00,logout,mobile,2026-03-10,6
U00047,2026-03-20 15:31:00,login,mobile,2026-03-20,15
U00047,2026-03-20 01:03:00,page_view,web,2026-03-20,1
U00047,2026-03-14 06:27:00,login,web,2026-03-14,6
U00047,2026-03-19 14:02:00,login,web,2026-03-19,14
U00047,2026-03-24 17:11:00,login,web,2026-03-24,17
U00047,2026-03-17 16:07:00,login,mobile,2026-03-17,16
U00047,2026-03-21 14:37:00,session_end,web,2026-03-21,14
U00047,2026-03-16 06:47:00,page_view,web,2026-03-16,6
U00047,2026-03-13 03:20:00,login,web,2026-03-13,3
U00047,2026-03-13 23:26:00,logout,mobile,2026-03-13,23
U00047,2026-03-16 07:04:00,session_start,unknown,2026-03-16,7
U00048,2026-01-29 13:09:00,login,unknown,2026-01-29,13
U00048,2026-01-31 12:23:00,login,unknown,2026-01-31,12
U00048,2026-02-09 06:40:00,login,web,2026-02-09,6
U00048,2026-02-01 10:08:00,login,web,2026-02-01,10
U00048,2026-02-02 04:07:00,logout,unknown,2026-02-02,4
U00049,2026-02-17 13:10:00,logout,web,2026-02-17,13
U00049,2026-02-13 09:38:00,login,mobile,2026-02-13,9
U00049,2026-02-19 17:54:00,login,web,2026-02-19,17
U00049,2026-02-16 16:31:00,logout,mobile,2026-02-16,16
U00049,2026-02-19 15:53:00,session_start,web,2026-02-19,15
U00050,2026-03-09 23:27:00,page_view,mobile,2026-03-09,23
U00050,2026-03-12 10:27:00,session_end,mobile,2026-03-12,10
U00050,2026-03-23 18:09:00,session_end,web,2026-03-23,18
U00050,2026-03-15 01:02:00,session_start,web,2026-03-15,1
U00050,2026-03-15 16:25:00,session_start,web,2026-03-15,16
U00050,2026-03-16 15:15:00,login,web,2026-03-16,15
U00050,2026-03-20 23:26:00,login,mobile,2026-03-20,23
U00050,2026-03-14 09:15:00,page_view,web,2026-03-14,9
U00050,2026-03-09 15:42:00,login,mobile,2026-03-09,15
U00050,2026-03-20 14:54:00,session_end,web,2026-03-20,14
U00051,2026-05-17 14:49:00,login,unknown,2026-05-17,14
U00051,2026-05-12 11:40:00,session_start,web,2026-05-12,11
U00051,2026-05-23 20:04:00,session_start,web,2026-05-23,20
U00051,2026-05-18 01:18:00,session_start,web,2026-05-18,1
U00051,2026-05-21 19:34:00,session_end,mobile,2026-05-21,19
U00052,2026-06-25 21:05:00,session_end,web,2026-06-25,21
U00052,2026-06-24 01:32:00,page_view,web,2026-06-24,1
U00052,2026-06-27 01:07:00,session_start,web,2026-06-27,1
U00052,2026-06-20 19:02:00,login,web,2026-06-20,19
U00052,2026-06-15 20:35:00,page_view,web,2026-06-15,20
U00052,2026-06-21 22:49:00,login,mobile,2026-06-21,22
U00052,2026-06-18 07:34:00,login,unknown,2026-06-18,7
U00052,2026-06-24 18:55:00,page_view,mobile,2026-06-24,18
U00053,2026-03-04 23:48:00,login,web,2026-03-04,23
U00053,2026-02-25 08:32:00,page_view,unknown,2026-02-25,8
U00053,2026-02-24 01:04:00,login,web,2026-02-24,1
U00053,2026-02-27 15:32:00,session_end,web,2026-02-27,15
U00053,2026-02-27 22:34:00,page_view,web,2026-02-27,22
U00053,2026-02-27 19:23:00,logout,web,2026-02-27,19
U00053,2026-02-23 14:05:00,login,unknown,2026-02-23,14
U00054,2026-06-02 05:18:00,login,web,2026-06-02,5
U00055,2026-06-05 08:07:00,page_view,mobile,2026-06-05,8
U00055,2026-06-10 04:55:00,login,web,2026-06-10,4
U00055,2026-06-07 13:43:00,session_end,mobile,2026-06-07,13
U00055,2026-06-10 11:26:00,session_start,web,2026-06-10,11
U00055,2026-06-07 06:04:00,login,mobile,2026-06-07,6
U00056,2026-01-18 16:41:00,login,unknown,2026-01-18,16
U00056,2026-01-14 10:41:00,page_view,web,2026-01-14,10
U00057,2026-03-27 18:42:00,page_view,unknown,2026-03-27,18
U00057,2026-03-27 09:36:00,login,web,2026-03-27,9
U00057,2026-03-22 08:14:00,session_start,web,2026-03-22,8
U00057,2026-03-24 01:09:00,login,web,2026-03-24,1
U00057,2026-03-27 05:39:00,login,web,2026-03-27,5
U00058,2026-05-28 05:53:00,page_view,mobile,2026-05-28,5
U00058,2026-05-28 07:07:00,login,web,2026-05-28,7
U00058,2026-06-04 04:28:00,login,web,2026-06-04,4
U00058,2026-05-28 06:35:00,page_view,web,2026-05-28,6
U00058,2026-06-05 10:22:00,login,web,2026-06-05,10
U00058,2026-06-02 17:10:00,session_end,web,2026-06-02,17
U00058,2026-05-27 00:25:00,session_start,mobile,2026-05-27,0
U00058,2026-06-02 10:09:00,login,web,2026-06-02,10
U00058,2026-06-05 22:18:00,session_start,web,2026-06-05,22
U00058,2026-06-07 18:42:00,login,unknown,2026-06-07,18
U00059,2026-01-23 22:07:00,page_view,unknown,2026-01-23,22
U00059,2026-02-01 01:08:00,page_view,web,2026-02-01,1
U00059,2026-01-22 00:25:00,session_end,mobile,2026-01-22,0
U00059,2026-01-25 11:05:00,login,web,2026-01-25,11
U00059,2026-01-27 20:12:00,session_end,mobile,2026-01-27,20
U00059,2026-01-30 08:12:00,login,web,2026-01-30,8
U00059,2026-01-26 14:43:00,page_view,web,2026-01-26,14
U00059,2026-01-26 12:12:00,session_start,web,2026-01-26,12
U00059,2026-01-27 19:32:00,login,web,2026-01-27,19
U00060,2026-05-08 04:45:00,logout,unknown,2026-05-08,4
U00060,2026-05-07 12:23:00,login,web,2026-05-07,12
U00060,2026-05-07 11:19:00,session_start,web,2026-05-07,11
U00061,2026-03-12 23:56:00,session_start,unknown,2026-03-12,23
U00061,2026-03-21 14:18:00,login,unknown,2026-03-21,14
U00061,2026-03-20 13:08:00,logout,web,2026-03-20,13
U00061,2026-03-11 06:19:00,session_start,web,2026-03-11,6
U00061,2026-03-10 18:48:00,session_start,web,2026-03-10,18
U00061,2026-03-09 13:40:00,login,unknown,2026-03-09,13
U00061,2026-03-11 17:29:00,page_view,mobile,2026-03-11,17
U00062,2026-02-27 05:53:00,session_start,web,2026-02-27,5
U00062,2026-03-04 15:02:00,logout,web,2026-03-04,15
U00062,2026-03-09 18:19:00,session_start,unknown,2026-03-09,18
U00062,2026-02-27 00:50:00,login,mobile,2026-02-27,0
U00062,2026-02-28 09:40:00,logout,unknown,2026-02-28,9
U00062,2026-02-25 20:42:00,login,unknown,2026-02-25,20
U00062,2026-02-26 15:58:00,page_view,mobile,2026-02-26,15
U00062,2026-02-24 03:48:00,login,unknown,2026-02-24,3
U00062,2026-02-25 19:47:00,login,unknown,2026-02-25,19
U00063,2026-03-02 13:55:00,login,unknown,2026-03-02,13
U00063,2026-03-04 03:23:00,session_end,web,2026-03-04,3
U00063,2026-03-06 08:10:00,session_end,web,2026-03-06,8
U00063,2026-02-23 10:29:00,page_view,mobile,2026-02-23,10
U00063,2026-02-26 05:03:00,login,web,2026-02-26,5
U00063,2026-02-27 20:58:00,login,web,2026-02-27,20
U00063,2026-02-25 09:33:00,page_view,web,2026-02-25,9
U00064,2026-04-21 06:49:00,page_view,mobile,2026-04-21,6
U00064,2026-04-25 03:38:00,logout,mobile,2026-04-25,3
U00064,2026-04-21 10:55:00,login,web,2026-04-21,10
U00065,2026-04-10 21:44:00,page_view,web,2026-04-10,21
U00065,2026-04-07 17:37:00,login,mobile,2026-04-07,17
U00065,2026-04-06 04:33:00,login,web,2026-04-06,4
U00065,2026-04-18 15:26:00,login,mobile,2026-04-18,15
U00066,2026-04-27 06:09:00,session_end,mobile,2026-04-27,6
U00066,2026-05-09 06:50:00,session_end,web,2026-05-09,6
U00066,2026-05-02 14:58:00,login,web,2026-05-02,14
U00066,2026-05-09 04:59:00,login,unknown,2026-05-09,4
U00066,2026-05-01 09:44:00,login,mobile,2026-05-01,9
U00066,2026-05-09 14:56:00,session_end,web,2026-05-09,14
U00067,2026-03-01 22:19:00,login,web,2026-03-01,22
U00067,2026-03-02 04:54:00,page_view,mobile,2026-03-02,4
U00067,2026-03-10 07:19:00,login,mobile,2026-03-10,7
U00067,2026-03-01 02:27:00,page_view,web,2026-03-01,2
U00067,2026-02-28 00:49:00,session_start,unknown,2026-02-28,0
U00068,2026-01-06 06:06:00,login,web,2026-01-06,6
U00068,2026-01-13 03:58:00,login,web,2026-01-13,3
U00068,2026-01-07 09:42:00,login,web,2026-01-07,9
U00068,2026-01-18 03:58:00,session_end,mobile,2026-01-18,3
U00069,2026-06-09 06:11:00,page_view,web,2026-06-09,6
U00069,2026-05-31 02:09:00,logout,web,2026-05-31,2
U00070,2026-01-28 11:22:00,login,mobile,2026-01-28,11
U00070,2026-01-27 18:04:00,login,web,2026-01-27,18
U00070,2026-01-27 06:45:00,login,web,2026-01-27,6
U00070,2026-01-21 17:00:00,page_view,web,2026-01-21,17
U00070,2026-02-02 06:58:00,session_end,unknown,2026-02-02,6
U00070,2026-01-24 22:37:00,login,unknown,2026-01-24,22
U00070,2026-01-29 03:11:00,logout,web,2026-01-29,3
U00070,2026-01-25 13:13:00,session_end,mobile,2026-01-25,13
U00070,2026-01-25 03:48:00,login,web,2026-01-25,3
U00071,2026-03-07 03:33:00,login,unknown,2026-03-07,3
U00071,2026-03-12 11:45:00,login,web,2026-03-12,11
U00071,2026-03-01 10:31:00,login,unknown,2026-03-01,10
U00071,2026-03-04 14:38:00,page_view,web,2026-03-04,14
U00072,2026-01-29 14:14:00,session_end,unknown,2026-01-29,14
U00072,2026-01-23 13:12:00,logout,web,2026-01-23,13
U00072,2026-02-02 15:43:00,login,mobile,2026-02-02,15
U00072,2026-01-19 21:31:00,page_view,web,2026-01-19,21
U00073,2026-03-19 14:33:00,page_view,web,2026-03-19,14
U00073,2026-03-14 04:25:00,session_start,web,2026-03-14,4
U00073,2026-03-24 05:04:00,login,mobile,2026-03-24,5
U00073,2026-03-18 06:38:00,logout,unknown,2026-03-18,6
U00074,2026-02-25 07:53:00,session_start,unknown,2026-02-25,7
U00074,2026-02-28 22:49:00,session_end,web,2026-02-28,22
U00074,2026-03-08 20:25:00,login,unknown,2026-03-08,20
U00074,2026-03-06 19:25:00,session_start,web,2026-03-06,19
U00075,2026-05-30 14:06:00,login,web,2026-05-30,14
U00075,2026-06-04 15:14:00,page_view,mobile,2026-06-04,15
U00075,2026-05-28 03:47:00,login,web,2026-05-28,3
U00075,2026-06-04 21:01:00,login,unknown,2026-06-04,21
U00075,2026-06-06 21:20:00,login,web,2026-06-06,21
U00075,2026-06-06 19:06:00,logout,web,2026-06-06,19
U00075,2026-06-07 16:49:00,session_start,unknown,2026-06-07,16
U00075,2026-05-31 09:42:00,session_start,unknown,2026-05-31,9
U00075,2026-06-05 08:34:00,login,web,2026-06-05,8
U00075,2026-06-09 01:27:00,login,unknown,2026-06-09,1
U00076,2026-05-09 10:54:00,session_start,unknown,2026-05-09,10
U00077,2026-02-01 01:02:00,login,web,2026-02-01,1
U00077,2026-02-08 22:10:00,session_start,unknown,2026-02-08,22
U00078,2026-04-03 09:45:00,session_start,unknown,2026-04-03,9
U00078,2026-04-13 03:36:00,page_view,unknown,2026-04-13,3
U00078,2026-04-11 17:43:00,session_end,unknown,2026-04-11,17
U00078,2026-04-08 17:54:00,login,web,2026-04-08,17
U00078,2026-04-07 08:31:00,session_end,unknown,2026-04-07,8
U00078,2026-04-10 21:22:00,logout,web,2026-04-10,21
U00078,2026-04-06 01:01:00,session_end,web,2026-04-06,1
U00078,2026-04-03 11:22:00,logout,web,2026-04-03,11
U00078,2026-04-13 20:21:00,session_start,web,2026-04-13,20
U00078,2026-04-07 11:22:00,session_start,web,2026-04-07,11
U00078,2026-04-01 21:15:00,login,mobile,2026-04-01,21
U00079,2026-01-24 09:37:00,login,web,2026-01-24,9
U00079,2026-01-27 09:07:00,login,mobile,2026-01-27,9
U00079,2026-01-14 17:20:00,login,unknown,2026-01-14,17
U00079,2026-01-24 13:36:00,session_end,unknown,2026-01-24,13
U00079,2026-01-18 00:44:00,session_start,web,2026-01-18,0
U00079,2026-01-19 12:36:00,session_start,web,2026-01-19,12
U00080,2026-06-24 03:51:00,session_start,web,2026-06-24,3
U00081,2026-04-25 21:13:00,login,unknown,2026-04-25,21
U00081,2026-04-22 21:21:00,login,web,2026-04-22,21
U00081,2026-04-19 13:12:00,session_start,web,2026-04-19,13
U00081,2026-04-27 17:13:00,login,web,2026-04-27,17
U00082,2026-01-28 09:36:00,session_start,mobile,2026-01-28,9
U00082,2026-02-06 23:05:00,page_view,web,2026-02-06,23
U00082,2026-02-06 10:17:00,login,unknown,2026-02-06,10
U00082,2026-02-03 06:22:00,logout,web,2026-02-03,6
U00082,2026-02-07 09:32:00,logout,web,2026-02-07,9
U00082,2026-02-03 21:34:00,login,mobile,2026-02-03,21
U00082,2026-02-03 12:16:00,session_end,unknown,2026-02-03,12
U00082,2026-02-07 17:11:00,login,mobile,2026-02-07,17
U00083,2026-05-27 15:13:00,page_view,unknown,2026-05-27,15
U00083,2026-05-22 20:34:00,logout,unknown,2026-05-22,20
U00083,2026-06-01 18:46:00,page_view,web,2026-06-01,18
U00083,2026-05-26 06:23:00,session_start,mobile,2026-05-26,6
U00083,2026-05-21 04:47:00,page_view,web,2026-05-21,4
U00083,2026-05-31 13:26:00,login,web,2026-05-31,13
U00084,2026-04-29 06:54:00,session_start,web,2026-04-29,6
U00084,2026-05-02 09:41:00,login,web,2026-05-02,9
U00084,2026-04-29 19:15:00,session_start,mobile,2026-04-29,19
U00084,2026-04-20 04:12:00,login,mobile,2026-04-20,4
U00084,2026-05-01 09:29:00,session_start,unknown,2026-05-01,9
U00084,2026-04-25 20:57:00,login,mobile,2026-04-25,20
U00085,2026-03-07 08:08:00,login,web,2026-03-07,8
U00085,2026-03-17 08:42:00,session_end,mobile,2026-03-17,8
U00085,2026-03-15 01:46:00,session_start,web,2026-03-15,1
U00086,2026-05-21 02:20:00,session_end,web,2026-05-21,2
U00086,2026-06-03 02:57:00,session_start,web,2026-06-03,2
U00086,2026-05-31 21:56:00,login,unknown,2026-05-31,21
U00086,2026-06-03 23:53:00,login,mobile,2026-06-03,23
U00087,2026-06-17 18:47:00,session_end,web,2026-06-17,18
U00088,2026-03-10 21:53:00,session_end,web,2026-03-10,21
U00088,2026-03-09 02:15:00,session_end,web,2026-03-09,2
U00088,2026-03-14 10:21:00,logout,unknown,2026-03-14,10
U00088,2026-03-14 23:47:00,login,unknown,2026-03-14,23
U00088,2026-03-05 04:06:00,login,mobile,2026-03-05,4
U00088,2026-03-06 14:26:00,login,web,2026-03-06,14
U00088,2026-03-09 17:23:00,page_view,web,2026-03-09,17
U00089,2026-05-09 17:27:00,session_start,mobile,2026-05-09,17
U00089,2026-05-08 04:23:00,session_start,web,2026-05-08,4
U00089,2026-05-17 09:01:00,page_view,web,2026-05-17,9
U00089,2026-05-17 23:42:00,logout,web,2026-05-17,23
U00089,2026-05-15 21:15:00,login,unknown,2026-05-15,21
U00089,2026-05-08 20:44:00,login,web,2026-05-08,20
U00089,2026-05-12 07:54:00,session_start,unknown,2026-05-12,7
U00089,2026-05-04 12:59:00,login,web,2026-05-04,12
U00089,2026-05-05 07:19:00,login,mobile,2026-05-05,7
U00089,2026-05-18 14:40:00,login,unknown,2026-05-18,14
U00089,2026-05-16 01:17:00,logout,web,2026-05-16,1
U00089,2026-05-17 15:30:00,page_view,unknown,2026-05-17,15
U00089,2026-05-18 10:45:00,session_start,web,2026-05-18,10
U00090,2026-02-25 05:44:00,login,web,2026-02-25,5
U00090,2026-02-17 13:38:00,page_view,web,2026-02-17,13
U00090,2026-02-19 22:01:00,logout,web,2026-02-19,22
U00090,2026-02-22 20:11:00,page_view,unknown,2026-02-22,20
U00090,2026-02-24 20:08:00,login,unknown,2026-02-24,20
U00090,2026-02-15 20:19:00,login,web,2026-02-15,20
U00090,2026-02-13 05:15:00,session_end,mobile,2026-02-13,5
U00090,2026-02-25 19:43:00,session_start,web,2026-02-25,19
U00090,2026-02-19 15:55:00,page_view,mobile,2026-02-19,15
U00091,2026-04-14 05:43:00,session_end,web,2026-04-14,5
U00091,2026-04-22 09:12:00,login,unknown,2026-04-22,9
U00091,2026-04-15 05:25:00,session_start,mobile,2026-04-15,5
U00091,2026-04-10 00:59:00,session_end,mobile,2026-04-10,0
U00091,2026-04-24 02:29:00,login,web,2026-04-24,2
U00091,2026-04-21 05:03:00,session_start,unknown,2026-04-21,5
U00091,2026-04-19 08:09:00,login,web,2026-04-19,8
U00091,2026-04-12 18:07:00,login,unknown,2026-04-12,18
U00091,2026-04-22 14:52:00,page_view,unknown,2026-04-22,14
U00092,2026-03-16 07:45:00,login,mobile,2026-03-16,7
U00092,2026-03-28 08:18:00,page_view,unknown,2026-03-28,8
U00092,2026-03-21 04:27:00,logout,mobile,2026-03-21,4
U00092,2026-03-24 06:52:00,login,mobile,2026-03-24,6
U00092,2026-03-21 05:26:00,logout,mobile,2026-03-21,5
U00092,2026-03-15 09:16:00,login,unknown,2026-03-15,9
U00092,2026-03-29 07:23:00,session_end,unknown,2026-03-29,7
U00092,2026-03-16 00:30:00,login,web,2026-03-16,0
U00093,2026-06-03 12:43:00,login,unknown,2026-06-03,12
U00093,2026-06-03 13:47:00,session_end,web,2026-06-03,13
U00093,2026-05-24 03:35:00,login,web,2026-05-24,3
U00093,2026-05-28 07:30:00,login,web,2026-05-28,7
U00093,2026-05-23 08:32:00,session_end,unknown,2026-05-23,8
U00093,2026-05-27 12:42:00,login,mobile,2026-05-27,12
U00094,2026-05-19 17:02:00,session_end,mobile,2026-05-19,17
U00094,2026-05-09 05:32:00,session_start,web,2026-05-09,5
U00094,2026-05-19 14:08:00,login,web,2026-05-19,14
U00094,2026-05-16 16:27:00,login,web,2026-05-16,16
U00094,2026-05-06 10:02:00,login,unknown,2026-05-06,10
U00095,2026-03-30 08:47:00,login,unknown,2026-03-30,8
U00095,2026-03-21 08:39:00,logout,web,2026-03-21,8
U00095,2026-03-25 10:27:00,login,web,2026-03-25,10
U00095,2026-03-28 15:48:00,login,unknown,2026-03-28,15
U00095,2026-03-17 06:09:00,login,mobile,2026-03-17,6
U00096,2026-05-31 01:30:00,login,mobile,2026-05-31,1
U00096,2026-06-09 14:27:00,login,unknown,2026-06-09,14
U00096,2026-05-29 14:22:00,page_view,unknown,2026-05-29,14
U00096,2026-06-05 15:07:00,logout,mobile,2026-06-05,15
U00096,2026-05-30 11:05:00,login,web,2026-05-30,11
U00096,2026-05-31 05:47:00,session_end,web,2026-05-31,5
U00096,2026-06-07 21:37:00,login,web,2026-06-07,21
U00096,2026-06-06 18:11:00,session_start,web,2026-06-06,18
U00096,2026-06-01 15:43:00,login,web,2026-06-01,15
U00096,2026-05-29 09:43:00,page_view,web,2026-05-29,9
U00096,2026-06-04 11:37:00,login,web,2026-06-04,11
U00096,2026-05-31 00:05:00,session_start,unknown,2026-05-31,0
U00096,2026-06-05 20:17:00,session_end,web,2026-06-05,20
U00096,2026-06-03 01:41:00,session_end,unknown,2026-06-03,1
U00097,2026-01-21 23:46:00,logout,mobile,2026-01-21,23
U00098,2026-01-16 01:51:00,page_view,web,2026-01-16,1
U00098,2026-01-18 01:47:00,login,unknown,2026-01-18,1
U00099,2026-05-10 12:16:00,login,mobile,2026-05-10,12
U00099,2026-05-21 12:05:00,login,mobile,2026-05-21,12
U00099,2026-05-11 12:49:00,session_start,web,2026-05-11,12
U00099,2026-05-19 20:09:00,login,web,2026-05-19,20
U00100,2026-05-18 13:47:00,logout,web,2026-05-18,13
U00100,2026-05-25 21:38:00,login,web,2026-05-25,21
U00100,2026-05-21 03:53:00,login,mobile,2026-05-21,3
U00100,2026-05-18 14:56:00,session_start,unknown,2026-05-18,14
U00100,2026-05-15 18:38:00,session_start,web,2026-05-15,18
U00100,2026-05-23 13:51:00,login,mobile,2026-05-23,13
U00101,2026-06-08 20:27:00,login,web,2026-06-08,20
U00101,2026-06-10 10:29:00,page_view,mobile,2026-06-10,10
U00101,2026-06-12 21:45:00,login,unknown,2026-06-12,21
U00101,2026-06-10 20:41:00,session_end,web,2026-06-10,20
U00101,2026-06-06 14:27:00,login,unknown,2026-06-06,14
U00101,2026-06-06 04:08:00,page_view,web,2026-06-06,4
U00101,2026-06-15 07:33:00,session_start,web,2026-06-15,7
U00101,2026-06-11 01:35:00,login,web,2026-06-11,1
U00101,2026-06-10 03:32:00,session_start,unknown,2026-06-10,3
U00101,2026-06-03 14:42:00,page_view,web,2026-06-03,14
U00101,2026-06-07 08:37:00,login,web,2026-06-07,8
U00101,2026-06-03 23:42:00,session_start,mobile,2026-06-03,23
U00102,2026-03-14 05:53:00,session_start,web,2026-03-14,5
U00102,2026-03-03 13:56:00,page_view,web,2026-03-03,13
U00102,2026-03-07 18:46:00,session_start,unknown,2026-03-07,18
U00102,2026-03-11 08:21:00,logout,mobile,2026-03-11,8
U00102,2026-03-05 05:05:00,page_view,web,2026-03-05,5
U00102,2026-03-15 21:06:00,session_start,web,2026-03-15,21
U00102,2026-03-02 12:07:00,login,mobile,2026-03-02,12
U00102,2026-03-12 15:29:00,page_view,unknown,2026-03-12,15
U00102,2026-03-15 21:47:00,session_end,unknown,2026-03-15,21
U00102,2026-03-06 19:52:00,session_end,web,2026-03-06,19
U00102,2026-03-13 21:44:00,page_view,unknown,2026-03-13,21
U00102,2026-03-14 09:05:00,login,mobile,2026-03-14,9
U00103,2026-05-26 06:07:00,logout,web,2026-05-26,6
U00103,2026-06-06 06:54:00,login,mobile,2026-06-06,6
U00103,2026-06-02 20:09:00,page_view,mobile,2026-06-02,20
U00104,2026-06-08 20:54:00,logout,mobile,2026-06-08,20
U00104,2026-06-03 09:49:00,session_start,mobile,2026-06-03,9
U00104,2026-06-09 13:01:00,login,mobile,2026-06-09,13
U00104,2026-06-16 04:47:00,page_view,unknown,2026-06-16,4
U00104,2026-06-09 15:01:00,logout,unknown,2026-06-09,15
U00104,2026-06-11 07:12:00,login,unknown,2026-06-11,7
U00104,2026-06-02 10:00:00,login,unknown,2026-06-02,10
U00104,2026-06-08 15:47:00,session_end,web,2026-06-08,15
U00104,2026-06-02 15:25:00,session_start,unknown,2026-06-02,15
U00104,2026-06-05 22:03:00,session_end,web,2026-06-05,22
U00104,2026-06-08 18:20:00,session_end,web,2026-06-08,18
U00104,2026-06-06 20:26:00,session_start,web,2026-06-06,20
U00104,2026-06-09 19:41:00,login,unknown,2026-06-09,19
U00104,2026-06-13 13:01:00,login,web,2026-06-13,13
U00104,2026-06-13 06:30:00,login,unknown,2026-06-13,6
U00104,2026-06-05 16:14:00,session_end,web,2026-06-05,16
U00105,2026-05-02 19:54:00,logout,unknown,2026-05-02,19
U00105,2026-04-20 09:46:00,page_view,unknown,2026-04-20,9
U00105,2026-04-24 21:41:00,page_view,web,2026-04-24,21
U00105,2026-04-30 15:51:00,logout,mobile,2026-04-30,15
U00105,2026-04-27 06:18:00,page_view,web,2026-04-27,6
U00106,2026-06-04 15:08:00,login,mobile,2026-06-04,15
U00106,2026-05-27 19:31:00,login,unknown,2026-05-27,19
U00106,2026-06-01 09:15:00,login,web,2026-06-01,9
U00106,2026-05-25 11:56:00,login,web,2026-05-25,11
U00106,2026-06-04 05:11:00,logout,web,2026-06-04,5
U00106,2026-06-06 02:21:00,session_start,web,2026-06-06,2
U00106,2026-06-03 07:07:00,session_end,mobile,2026-06-03,7
U00107,2026-03-01 08:21:00,logout,web,2026-03-01,8
U00107,2026-03-06 01:49:00,session_end,web,2026-03-06,1
U00107,2026-03-08 04:54:00,page_view,web,2026-03-08,4
U00107,2026-03-05 01:59:00,session_start,unknown,2026-03-05,1
U00107,2026-03-07 03:06:00,logout,web,2026-03-07,3
U00107,2026-03-07 17:02:00,session_end,web,2026-03-07,17
U00108,2026-03-05 20:07:00,logout,mobile,2026-03-05,20
U00108,2026-03-17 11:10:00,page_view,web,2026-03-17,11
U00108,2026-03-14 14:48:00,session_end,unknown,2026-03-14,14
U00108,2026-03-14 03:09:00,page_view,web,2026-03-14,3
U00109,2026-02-08 04:07:00,logout,mobile,2026-02-08,4
U00109,2026-02-10 13:49:00,logout,web,2026-02-10,13
U00109,2026-02-06 15:21:00,login,mobile,2026-02-06,15
U00109,2026-02-04 08:23:00,page_view,unknown,2026-02-04,8
U00109,2026-02-08 20:42:00,login,mobile,2026-02-08,20
U00109,2026-02-15 16:26:00,logout,mobile,2026-02-15,16
U00109,2026-02-05 13:26:00,session_start,unknown,2026-02-05,13
U00109,2026-02-16 16:50:00,page_view,web,2026-02-16,16
U00109,2026-02-03 14:09:00,logout,web,2026-02-03,14
U00109,2026-02-14 16:04:00,login,web,2026-02-14,16
U00110,2026-05-03 12:49:00,login,unknown,2026-05-03,12
U00110,2026-04-28 12:48:00,login,mobile,2026-04-28,12
U00110,2026-05-12 18:03:00,page_view,web,2026-05-12,18
U00110,2026-05-04 12:56:00,page_view,web,2026-05-04,12
U00110,2026-05-09 23:20:00,login,web,2026-05-09,23
U00110,2026-05-11 08:57:00,session_end,mobile,2026-05-11,8
U00110,2026-05-09 12:28:00,page_view,mobile,2026-05-09,12
U00111,2026-05-12 17:39:00,logout,unknown,2026-05-12,17
U00111,2026-05-09 11:56:00,logout,unknown,2026-05-09,11
U00111,2026-05-10 06:56:00,login,web,2026-05-10,6
U00111,2026-04-28 17:21:00,session_start,mobile,2026-04-28,17
U00111,2026-05-06 17:18:00,login,web,2026-05-06,17
U00111,2026-05-06 17:19:00,session_end,web,2026-05-06,17
U00111,2026-05-10 20:10:00,login,web,2026-05-10,20
U00111,2026-05-12 17:37:00,login,mobile,2026-05-12,17
U00111,2026-05-11 09:46:00,session_start,web,2026-05-11,9
U00112,2026-01-30 01:53:00,login,web,2026-01-30,1
U00112,2026-01-29 16:22:00,login,web,2026-01-29,16
U00112,2026-01-31 20:07:00,session_start,web,2026-01-31,20
U00112,2026-01-28 23:00:00,session_start,web,2026-01-28,23
U00112,2026-01-22 23:37:00,session_end,mobile,2026-01-22,23
U00112,2026-01-24 09:18:00,page_view,mobile,2026-01-24,9
U00112,2026-01-30 12:33:00,page_view,mobile,2026-01-30,12
U00112,2026-01-20 10:33:00,session_end,mobile,2026-01-20,10
U00113,2026-05-23 11:29:00,login,mobile,2026-05-23,11
U00113,2026-05-21 13:53:00,session_start,web,2026-05-21,13
U00113,2026-05-11 01:27:00,login,unknown,2026-05-11,1
U00113,2026-05-13 14:04:00,login,unknown,2026-05-13,14
U00114,2026-01-27 17:33:00,logout,unknown,2026-01-27,17
U00114,2026-01-31 08:37:00,session_start,unknown,2026-01-31,8
U00114,2026-01-25 22:59:00,session_start,unknown,2026-01-25,22
U00114,2026-01-31 05:09:00,session_end,mobile,2026-01-31,5
U00114,2026-01-25 22:29:00,login,web,2026-01-25,22
U00114,2026-01-29 06:29:00,session_start,web,2026-01-29,6
U00115,2026-02-21 05:35:00,login,web,2026-02-21,5
U00115,2026-02-19 13:07:00,login,web,2026-02-19,13
U00115,2026-02-19 09:02:00,session_end,mobile,2026-02-19,9
U00115,2026-02-11 11:19:00,login,web,2026-02-11,11
U00115,2026-02-14 15:01:00,logout,mobile,2026-02-14,15
U00115,2026-02-12 18:26:00,login,web,2026-02-12,18
U00115,2026-02-24 09:13:00,login,unknown,2026-02-24,9
U00115,2026-02-10 03:35:00,login,web,2026-02-10,3
U00115,2026-02-23 01:26:00,session_start,web,2026-02-23,1
U00115,2026-02-19 14:57:00,login,unknown,2026-02-19,14
U00115,2026-02-17 23:53:00,session_end,mobile,2026-02-17,23
U00115,2026-02-22 04:32:00,page_view,unknown,2026-02-22,4
U00115,2026-02-22 14:42:00,session_start,mobile,2026-02-22,14
U00116,2026-06-19 23:20:00,login,unknown,2026-06-19,23
U00116,2026-06-12 07:57:00,session_start,web,2026-06-12,7
U00116,2026-06-14 01:42:00,session_start,web,2026-06-14,1
U00116,2026-06-16 02:55:00,login,web,2026-06-16,2
U00116,2026-06-15 20:50:00,logout,web,2026-06-15,20
U00116,2026-06-14 20:07:00,page_view,web,2026-06-14,20
U00116,2026-06-09 19:34:00,session_end,web,2026-06-09,19
U00116,2026-06-15 16:12:00,logout,unknown,2026-06-15,16
U00117,2026-05-30 00:07:00,page_view,mobile,2026-05-30,0
U00117,2026-05-22 08:50:00,login,mobile,2026-05-22,8
U00117,2026-06-04 22:53:00,session_end,unknown,2026-06-04,22
U00117,2026-05-23 17:38:00,login,unknown,2026-05-23,17
U00117,2026-05-31 01:31:00,logout,web,2026-05-31,1
U00117,2026-05-27 13:11:00,session_start,web,2026-05-27,13
U00117,2026-06-04 16:20:00,session_start,web,2026-06-04,16
U00117,2026-05-23 03:06:00,session_end,mobile,2026-05-23,3
U00117,2026-05-26 04:11:00,login,web,2026-05-26,4
U00117,2026-05-24 09:26:00,page_view,mobile,2026-05-24,9
U00118,2026-02-04 19:20:00,login,web,2026-02-04,19
U00118,2026-02-15 01:19:00,session_start,web,2026-02-15,1
U00118,2026-02-09 04:26:00,login,web,2026-02-09,4
U00118,2026-02-10 03:03:00,login,mobile,2026-02-10,3
U00118,2026-02-16 19:37:00,login,unknown,2026-02-16,19
U00118,2026-02-12 16:24:00,login,web,2026-02-12,16
U00118,2026-02-04 10:29:00,session_end,unknown,2026-02-04,10
U00118,2026-02-05 15:01:00,session_start,mobile,2026-02-05,15
U00119,2026-06-05 00:17:00,session_end,web,2026-06-05,0
U00119,2026-05-25 17:41:00,logout,mobile,2026-05-25,17
U00119,2026-05-26 18:26:00,session_start,web,2026-05-26,18
U00119,2026-06-04 20:32:00,login,mobile,2026-06-04,20
U00119,2026-05-27 17:10:00,logout,mobile,2026-05-27,17
U00120,2026-06-12 13:58:00,session_end,unknown,2026-06-12,13
U00120,2026-06-04 00:52:00,session_start,web,2026-06-04,0
U00120,2026-06-14 05:00:00,login,unknown,2026-06-14,5
U00120,2026-06-08 19:16:00,logout,unknown,2026-06-08,19
U00120,2026-06-09 20:13:00,session_end,web,2026-06-09,20
U00120,2026-06-04 05:47:00,session_end,web,2026-06-04,5
U00120,2026-06-08 02:25:00,page_view,web,2026-06-08,2
U00120,2026-06-17 04:46:00,session_end,web,2026-06-17,4
U00120,2026-06-18 13:13:00,session_end,web,2026-06-18,13
U00120,2026-06-18 21:21:00,page_view,web,2026-06-18,21
U00120,2026-06-16 22:28:00,login,mobile,2026-06-16,22
U00121,2026-04-08 10:21:00,login,unknown,2026-04-08,10
U00121,2026-04-07 10:01:00,page_view,mobile,2026-04-07,10
U00121,2026-04-08 00:38:00,session_start,web,2026-04-08,0
U00121,2026-04-12 00:43:00,login,unknown,2026-04-12,0
U00121,2026-04-06 22:45:00,session_start,unknown,2026-04-06,22
U00121,2026-04-06 02:50:00,page_view,web,2026-04-06,2
U00121,2026-04-06 00:57:00,logout,unknown,2026-04-06,0
U00121,2026-04-08 03:22:00,logout,unknown,2026-04-08,3
U00122,2026-06-25 19:22:00,session_start,mobile,2026-06-25,19
U00122,2026-06-25 22:00:00,login,unknown,2026-06-25,22
U00122,2026-06-17 06:28:00,login,mobile,2026-06-17,6
U00122,2026-06-23 00:48:00,login,web,2026-06-23,0
U00123,2026-05-09 02:52:00,session_end,web,2026-05-09,2
U00123,2026-05-18 22:14:00,login,unknown,2026-05-18,22
U00123,2026-05-11 01:17:00,session_start,mobile,2026-05-11,1
U00123,2026-05-06 06:52:00,page_view,unknown,2026-05-06,6
U00124,2026-01-25 08:36:00,session_end,unknown,2026-01-25,8
U00124,2026-01-26 17:12:00,page_view,mobile,2026-01-26,17
U00124,2026-01-25 18:08:00,page_view,web,2026-01-25,18
U00124,2026-01-26 08:59:00,session_end,mobile,2026-01-26,8
U00124,2026-02-07 16:46:00,logout,web,2026-02-07,16
U00124,2026-01-27 21:01:00,page_view,web,2026-01-27,21
U00124,2026-02-03 17:56:00,session_start,web,2026-02-03,17
U00125,2026-03-18 20:43:00,page_view,web,2026-03-18,20
U00125,2026-03-25 10:27:00,logout,unknown,2026-03-25,10
U00125,2026-03-16 03:43:00,session_end,unknown,2026-03-16,3
U00125,2026-03-19 11:33:00,logout,web,2026-03-19,11
U00125,2026-03-26 23:14:00,login,web,2026-03-26,23
U00125,2026-03-26 13:34:00,session_start,web,2026-03-26,13
U00125,2026-03-12 12:12:00,login,web,2026-03-12,12
U00126,2026-04-10 18:51:00,login,mobile,2026-04-10,18
U00126,2026-04-07 13:04:00,login,mobile,2026-04-07,13
U00126,2026-03-29 10:19:00,login,web,2026-03-29,10
U00126,2026-03-27 15:27:00,logout,web,2026-03-27,15
U00126,2026-04-05 20:59:00,login,web,2026-04-05,20
U00126,2026-03-30 03:30:00,login,web,2026-03-30,3
U00126,2026-04-09 01:52:00,login,mobile,2026-04-09,1
U00126,2026-03-28 19:39:00,session_start,web,2026-03-28,19
U00126,2026-04-06 14:37:00,login,web,2026-04-06,14
U00127,2026-03-09 01:24:00,login,web,2026-03-09,1
U00127,2026-03-21 04:03:00,logout,unknown,2026-03-21,4
U00127,2026-03-09 09:39:00,page_view,unknown,2026-03-09,9
U00127,2026-03-10 03:43:00,login,web,2026-03-10,3
U00127,2026-03-13 12:25:00,login,unknown,2026-03-13,12
U00127,2026-03-12 19:50:00,page_view,web,2026-03-12,19
U00127,2026-03-16 12:29:00,logout,unknown,2026-03-16,12
U00128,2026-05-08 19:39:00,login,web,2026-05-08,19
U00128,2026-05-04 21:50:00,login,unknown,2026-05-04,21
U00128,2026-05-02 10:37:00,login,web,2026-05-02,10
U00128,2026-04-25 00:38:00,page_view,web,2026-04-25,0
U00129,2026-06-02 06:57:00,session_end,mobile,2026-06-02,6
U00129,2026-06-03 16:16:00,login,unknown,2026-06-03,16
U00129,2026-05-31 23:39:00,session_start,mobile,2026-05-31,23
U00129,2026-05-27 04:51:00,login,web,2026-05-27,4
U00129,2026-05-26 09:37:00,session_start,web,2026-05-26,9
U00129,2026-05-28 18:56:00,session_end,mobile,2026-05-28,18
U00129,2026-05-26 15:19:00,session_end,web,2026-05-26,15
U00129,2026-05-28 11:00:00,session_end,mobile,2026-05-28,11
U00130,2026-01-20 07:32:00,logout,web,2026-01-20,7
U00130,2026-01-26 11:12:00,login,mobile,2026-01-26,11
U00130,2026-02-01 02:21:00,login,unknown,2026-02-01,2
U00130,2026-01-31 22:29:00,session_end,web,2026-01-31,22
U00130,2026-02-02 18:36:00,login,web,2026-02-02,18
U00130,2026-01-26 10:10:00,login,unknown,2026-01-26,10
U00130,2026-02-03 01:31:00,login,web,2026-02-03,1
U00130,2026-01-30 07:44:00,login,unknown,2026-01-30,7
U00131,2026-05-29 06:15:00,session_start,web,2026-05-29,6
U00131,2026-06-01 23:24:00,login,unknown,2026-06-01,23
U00131,2026-05-22 00:23:00,login,web,2026-05-22,0
U00131,2026-05-25 00:35:00,login,mobile,2026-05-25,0
U00132,2026-06-03 14:12:00,page_view,web,2026-06-03,14
U00132,2026-05-30 00:12:00,login,web,2026-05-30,0
U00132,2026-06-01 07:56:00,login,mobile,2026-06-01,7
U00132,2026-06-04 17:15:00,login,mobile,2026-06-04,17
U00132,2026-05-30 05:53:00,login,web,2026-05-30,5
U00132,2026-05-30 21:08:00,session_start,web,2026-05-30,21
U00132,2026-06-04 06:19:00,session_start,mobile,2026-06-04,6
U00133,2026-04-26 11:42:00,login,unknown,2026-04-26,11
U00134,2026-04-03 22:04:00,login,mobile,2026-04-03,22
U00134,2026-04-03 04:50:00,login,mobile,2026-04-03,4
U00134,2026-03-28 12:44:00,login,web,2026-03-28,12
U00134,2026-03-29 13:40:00,login,web,2026-03-29,13
U00135,2026-04-14 19:37:00,login,web,2026-04-14,19
U00135,2026-04-14 04:20:00,login,web,2026-04-14,4
U00135,2026-04-12 08:55:00,login,unknown,2026-04-12,8
U00136,2026-03-08 23:05:00,logout,unknown,2026-03-08,23
U00136,2026-03-17 21:39:00,login,mobile,2026-03-17,21
U00136,2026-03-13 12:48:00,page_view,web,2026-03-13,12
U00137,2026-05-31 16:29:00,login,web,2026-05-31,16
U00137,2026-06-04 11:33:00,page_view,unknown,2026-06-04,11
U00137,2026-06-04 15:30:00,login,unknown,2026-06-04,15
U00137,2026-06-03 18:41:00,login,mobile,2026-06-03,18
U00137,2026-05-27 06:28:00,logout,mobile,2026-05-27,6
U00137,2026-05-30 06:19:00,session_start,unknown,2026-05-30,6
U00137,2026-06-02 05:59:00,logout,web,2026-06-02,5
U00137,2026-05-28 17:05:00,login,web,2026-05-28,17
U00137,2026-05-28 14:33:00,login,mobile,2026-05-28,14
U00138,2026-02-18 01:29:00,session_end,web,2026-02-18,1
U00138,2026-02-15 14:29:00,session_start,unknown,2026-02-15,14
U00138,2026-02-14 15:20:00,login,unknown,2026-02-14,15
U00139,2026-04-16 05:28:00,login,web,2026-04-16,5
U00139,2026-04-26 02:22:00,login,web,2026-04-26,2
U00140,2026-04-09 16:32:00,session_end,web,2026-04-09,16
U00140,2026-04-08 08:59:00,login,web,2026-04-08,8
U00140,2026-03-28 02:23:00,login,mobile,2026-03-28,2
U00140,2026-04-01 06:43:00,login,web,2026-04-01,6
U00140,2026-03-31 23:52:00,logout,web,2026-03-31,23
U00140,2026-03-30 22:38:00,login,web,2026-03-30,22
U00140,2026-03-27 09:18:00,logout,web,2026-03-27,9
U00140,2026-04-08 12:25:00,logout,web,2026-04-08,12
U00140,2026-04-03 20:32:00,logout,mobile,2026-04-03,20
U00141,2026-03-18 12:14:00,login,mobile,2026-03-18,12
U00141,2026-03-12 07:33:00,session_end,unknown,2026-03-12,7
U00141,2026-03-16 14:21:00,logout,web,2026-03-16,14
U00141,2026-03-10 06:27:00,logout,unknown,2026-03-10,6
U00141,2026-03-08 14:28:00,logout,web,2026-03-08,14
U00141,2026-03-10 04:36:00,logout,mobile,2026-03-10,4
U00142,2026-02-01 23:00:00,session_start,web,2026-02-01,23
U00142,2026-02-02 07:26:00,session_start,unknown,2026-02-02,7
U00142,2026-02-09 22:34:00,login,web,2026-02-09,22
U00142,2026-02-06 00:36:00,logout,web,2026-02-06,0
U00142,2026-02-11 04:09:00,login,unknown,2026-02-11,4
U00142,2026-02-03 06:25:00,login,unknown,2026-02-03,6
U00142,2026-01-31 15:06:00,login,unknown,2026-01-31,15
U00143,2026-05-11 09:05:00,login,web,2026-05-11,9
U00143,2026-05-11 17:11:00,login,unknown,2026-05-11,17
U00144,2026-03-31 05:12:00,login,unknown,2026-03-31,5
U00144,2026-04-04 06:14:00,login,web,2026-04-04,6
U00144,2026-04-07 01:23:00,session_end,web,2026-04-07,1
U00144,2026-04-02 10:55:00,session_start,unknown,2026-04-02,10
U00144,2026-04-02 03:08:00,session_end,unknown,2026-04-02,3
U00144,2026-04-07 23:04:00,session_start,mobile,2026-04-07,23
U00144,2026-04-02 06:19:00,session_start,unknown,2026-04-02,6
U00144,2026-04-02 19:36:00,login,mobile,2026-04-02,19
U00144,2026-04-08 22:43:00,session_start,web,2026-04-08,22
U00144,2026-04-03 00:09:00,session_start,web,2026-04-03,0
U00144,2026-04-13 12:38:00,logout,mobile,2026-04-13,12
U00144,2026-04-08 10:58:00,session_end,unknown,2026-04-08,10
U00145,2026-03-06 14:36:00,login,web,2026-03-06,14
U00145,2026-03-03 20:56:00,session_start,web,2026-03-03,20
U00145,2026-03-10 22:50:00,login,unknown,2026-03-10,22
U00145,2026-03-08 05:26:00,login,mobile,2026-03-08,5
U00145,2026-03-13 19:46:00,session_start,unknown,2026-03-13,19
U00145,2026-03-05 21:11:00,page_view,web,2026-03-05,21
U00145,2026-03-05 22:02:00,login,mobile,2026-03-05,22
U00145,2026-03-03 20:34:00,login,web,2026-03-03,20
U00146,2026-03-02 23:46:00,login,unknown,2026-03-02,23
U00147,2026-01-24 17:07:00,login,web,2026-01-24,17
U00147,2026-01-30 03:32:00,logout,web,2026-01-30,3
U00147,2026-01-24 14:10:00,login,mobile,2026-01-24,14
U00147,2026-01-26 01:29:00,login,web,2026-01-26,1
U00147,2026-01-28 22:43:00,page_view,unknown,2026-01-28,22
U00147,2026-01-24 10:47:00,session_start,mobile,2026-01-24,10
U00147,2026-01-24 01:00:00,login,web,2026-01-24,1
U00147,2026-01-29 04:20:00,page_view,unknown,2026-01-29,4
U00147,2026-01-25 14:04:00,login,mobile,2026-01-25,14
U00148,2026-06-25 14:08:00,session_start,web,2026-06-25,14
U00148,2026-06-27 05:10:00,logout,web,2026-06-27,5
U00148,2026-06-23 03:11:00,login,web,2026-06-23,3
U00149,2026-05-26 23:25:00,login,web,2026-05-26,23
U00149,2026-05-28 00:43:00,login,mobile,2026-05-28,0
U00149,2026-05-25 11:11:00,login,web,2026-05-25,11
U00149,2026-06-01 21:34:00,login,unknown,2026-06-01,21
U00150,2026-02-10 01:53:00,page_view,web,2026-02-10,1
U00150,2026-02-05 22:19:00,session_start,web,2026-02-05,22
U00150,2026-02-08 00:03:00,logout,unknown,2026-02-08,0
U00151,2026-03-21 06:59:00,login,web,2026-03-21,6
U00152,2026-06-16 07:12:00,login,web,2026-06-16,7
U00152,2026-06-08 00:00:00,login,mobile,2026-06-08,0
U00152,2026-06-12 21:04:00,login,web,2026-06-12,21
U00152,2026-06-14 21:10:00,page_view,mobile,2026-06-14,21
U00152,2026-06-02 13:32:00,login,web,2026-06-02,13
U00153,2026-04-27 17:40:00,login,mobile,2026-04-27,17
U00153,2026-05-06 17:25:00,session_start,web,2026-05-06,17
U00153,2026-04-25 06:06:00,login,web,2026-04-25,6
U00153,2026-04-24 00:25:00,page_view,web,2026-04-24,0
U00153,2026-04-22 12:13:00,session_start,mobile,2026-04-22,12
U00153,2026-04-23 21:52:00,login,web,2026-04-23,21
U00153,2026-04-22 02:56:00,login,unknown,2026-04-22,2
U00153,2026-04-26 19:31:00,login,mobile,2026-04-26,19
U00153,2026-04-26 03:38:00,login,unknown,2026-04-26,3
U00153,2026-05-02 22:08:00,login,mobile,2026-05-02,22
U00154,2026-02-09 22:20:00,logout,unknown,2026-02-09,22
U00154,2026-01-31 10:01:00,session_end,unknown,2026-01-31,10
U00155,2026-02-24 16:40:00,page_view,mobile,2026-02-24,16
U00155,2026-02-26 18:45:00,login,mobile,2026-02-26,18
U00155,2026-02-18 19:48:00,login,web,2026-02-18,19
U00155,2026-02-21 23:27:00,logout,mobile,2026-02-21,23
U00156,2026-05-01 02:03:00,login,web,2026-05-01,2
U00156,2026-04-29 09:12:00,login,unknown,2026-04-29,9
U00156,2026-04-25 20:02:00,login,unknown,2026-04-25,20
U00156,2026-05-03 10:08:00,login,web,2026-05-03,10
U00156,2026-05-02 01:33:00,logout,unknown,2026-05-02,1
U00156,2026-05-02 09:48:00,login,mobile,2026-05-02,9
U00156,2026-05-05 23:21:00,login,mobile,2026-05-05,23
U00156,2026-04-25 17:03:00,page_view,mobile,2026-04-25,17
U00156,2026-05-04 21:44:00,page_view,mobile,2026-05-04,21
U00156,2026-05-01 12:33:00,login,mobile,2026-05-01,12
U00156,2026-04-29 20:00:00,login,unknown,2026-04-29,20
U00156,2026-04-23 06:03:00,page_view,mobile,2026-04-23,6
U00156,2026-04-25 04:05:00,login,mobile,2026-04-25,4
U00156,2026-04-25 16:05:00,session_start,unknown,2026-04-25,16
U00157,2026-02-24 05:46:00,login,mobile,2026-02-24,5
U00157,2026-02-26 05:38:00,login,web,2026-02-26,5
U00158,2026-03-30 18:28:00,page_view,mobile,2026-03-30,18
U00158,2026-03-30 15:05:00,login,unknown,2026-03-30,15
U00158,2026-04-01 05:30:00,session_start,unknown,2026-04-01,5
U00158,2026-04-03 19:47:00,session_start,mobile,2026-04-03,19
U00158,2026-04-08 15:01:00,logout,unknown,2026-04-08,15
U00158,2026-04-01 02:48:00,login,mobile,2026-04-01,2
U00158,2026-04-03 23:11:00,login,unknown,2026-04-03,23
U00158,2026-04-02 09:29:00,login,unknown,2026-04-02,9
U00159,2026-03-26 19:30:00,login,web,2026-03-26,19
U00159,2026-03-20 22:30:00,login,mobile,2026-03-20,22
U00159,2026-04-01 06:00:00,login,web,2026-04-01,6
U00159,2026-03-25 12:59:00,session_start,unknown,2026-03-25,12
U00159,2026-03-29 11:24:00,session_start,web,2026-03-29,11
U00159,2026-03-28 18:04:00,session_start,web,2026-03-28,18
U00159,2026-04-01 03:24:00,session_end,mobile,2026-04-01,3
U00159,2026-03-21 13:16:00,logout,web,2026-03-21,13
U00159,2026-03-26 22:31:00,page_view,web,2026-03-26,22
U00160,2026-04-26 01:41:00,session_start,unknown,2026-04-26,1
U00160,2026-04-26 07:15:00,session_start,web,2026-04-26,7
U00160,2026-04-29 11:40:00,page_view,web,2026-04-29,11
U00160,2026-04-26 21:41:00,login,web,2026-04-26,21
U00160,2026-04-24 14:43:00,login,web,2026-04-24,14
U00160,2026-04-18 19:37:00,page_view,mobile,2026-04-18,19
U00160,2026-04-15 03:49:00,login,unknown,2026-04-15,3
U00160,2026-04-21 22:37:00,login,mobile,2026-04-21,22
U00160,2026-04-29 13:10:00,logout,unknown,2026-04-29,13
U00161,2026-03-21 22:19:00,session_end,unknown,2026-03-21,22
U00161,2026-03-26 09:46:00,session_start,web,2026-03-26,9
U00161,2026-03-18 20:36:00,logout,web,2026-03-18,20
U00161,2026-03-30 04:17:00,page_view,mobile,2026-03-30,4
U00161,2026-03-31 23:25:00,page_view,web,2026-03-31,23
U00161,2026-03-17 05:52:00,session_start,web,2026-03-17,5
U00161,2026-03-18 02:49:00,page_view,unknown,2026-03-18,2
U00161,2026-03-25 13:41:00,login,unknown,2026-03-25,13
U00161,2026-03-19 05:23:00,login,mobile,2026-03-19,5
U00161,2026-03-20 15:11:00,session_end,web,2026-03-20,15
U00162,2026-02-26 18:52:00,login,mobile,2026-02-26,18
U00162,2026-02-22 01:47:00,login,mobile,2026-02-22,1
U00162,2026-02-23 13:28:00,page_view,web,2026-02-23,13
U00162,2026-03-04 20:10:00,login,web,2026-03-04,20
U00162,2026-02-20 12:07:00,login,web,2026-02-20,12
U00162,2026-02-24 00:37:00,login,unknown,2026-02-24,0
U00163,2026-02-21 21:48:00,login,web,2026-02-21,21
U00163,2026-02-14 08:48:00,login,web,2026-02-14,8
U00164,2026-03-20 06:33:00,logout,web,2026-03-20,6
U00164,2026-03-25 19:33:00,logout,web,2026-03-25,19
U00164,2026-04-02 15:30:00,logout,web,2026-04-02,15
U00164,2026-03-28 13:21:00,login,web,2026-03-28,13
U00164,2026-03-24 07:23:00,page_view,unknown,2026-03-24,7
U00164,2026-03-25 19:03:00,login,web,2026-03-25,19
U00164,2026-03-31 03:00:00,session_start,unknown,2026-03-31,3
U00164,2026-03-30 04:01:00,session_end,web,2026-03-30,4
U00165,2026-04-01 16:17:00,page_view,mobile,2026-04-01,16
U00165,2026-03-24 14:39:00,page_view,unknown,2026-03-24,14
U00165,2026-03-27 13:42:00,login,web,2026-03-27,13
U00165,2026-03-29 10:01:00,page_view,web,2026-03-29,10
U00165,2026-04-01 01:51:00,page_view,web,2026-04-01,1
U00165,2026-03-29 14:14:00,session_end,unknown,2026-03-29,14
U00165,2026-03-25 23:39:00,logout,web,2026-03-25,23
U00165,2026-03-24 13:59:00,session_start,web,2026-03-24,13
U00165,2026-03-30 12:18:00,session_end,mobile,2026-03-30,12
U00165,2026-03-30 04:55:00,session_end,web,2026-03-30,4
U00166,2026-05-31 15:50:00,login,web,2026-05-31,15
U00166,2026-06-11 21:35:00,logout,unknown,2026-06-11,21
U00166,2026-05-31 14:07:00,session_start,mobile,2026-05-31,14
U00167,2026-03-27 06:10:00,logout,web,2026-03-27,6
U00167,2026-03-25 13:45:00,login,mobile,2026-03-25,13
U00167,2026-04-07 10:57:00,session_start,web,2026-04-07,10
U00167,2026-03-27 23:16:00,page_view,unknown,2026-03-27,23
U00167,2026-04-07 21:07:00,page_view,mobile,2026-04-07,21
U00167,2026-04-07 17:40:00,page_view,unknown,2026-04-07,17
U00168,2026-04-25 22:21:00,logout,mobile,2026-04-25,22
U00168,2026-05-08 18:49:00,session_end,web,2026-05-08,18
U00168,2026-05-04 10:24:00,page_view,unknown,2026-05-04,10
U00168,2026-05-04 20:50:00,session_end,unknown,2026-05-04,20
U00168,2026-05-06 07:14:00,login,web,2026-05-06,7
U00169,2026-05-15 02:07:00,login,web,2026-05-15,2
U00169,2026-05-22 18:59:00,login,web,2026-05-22,18
U00169,2026-05-20 11:08:00,logout,web,2026-05-20,11
U00169,2026-05-17 18:47:00,login,web,2026-05-17,18
U00169,2026-05-11 18:34:00,login,unknown,2026-05-11,18
U00169,2026-05-17 10:49:00,login,mobile,2026-05-17,10
U00169,2026-05-19 21:38:00,session_end,mobile,2026-05-19,21
U00169,2026-05-12 12:00:00,session_end,unknown,2026-05-12,12
U00170,2026-01-27 04:52:00,login,mobile,2026-01-27,4
U00170,2026-01-29 21:29:00,login,web,2026-01-29,21
U00170,2026-01-24 23:42:00,logout,web,2026-01-24,23
U00170,2026-01-31 10:19:00,session_end,web,2026-01-31,10
U00170,2026-01-26 22:36:00,session_start,mobile,2026-01-26,22
U00170,2026-01-29 09:45:00,session_start,web,2026-01-29,9
U00170,2026-02-03 10:09:00,logout,mobile,2026-02-03,10
U00170,2026-02-04 23:59:00,logout,mobile,2026-02-04,23
U00170,2026-02-02 23:03:00,logout,mobile,2026-02-02,23
U00171,2026-04-09 15:46:00,session_start,web,2026-04-09,15
U00171,2026-04-09 21:58:00,logout,mobile,2026-04-09,21
U00171,2026-03-27 17:25:00,login,unknown,2026-03-27,17
U00171,2026-04-06 15:22:00,logout,unknown,2026-04-06,15
U00171,2026-04-02 02:33:00,page_view,web,2026-04-02,2
U00171,2026-03-31 22:59:00,login,unknown,2026-03-31,22
U00171,2026-03-28 04:20:00,logout,web,2026-03-28,4
U00171,2026-04-09 22:19:00,session_start,mobile,2026-04-09,22
U00171,2026-04-05 04:28:00,page_view,unknown,2026-04-05,4
U00172,2026-03-03 04:13:00,login,mobile,2026-03-03,4
U00173,2026-01-18 20:00:00,login,web,2026-01-18,20
U00173,2026-01-17 04:24:00,session_start,mobile,2026-01-17,4
U00173,2026-01-21 01:06:00,login,unknown,2026-01-21,1
U00173,2026-01-09 01:07:00,session_end,web,2026-01-09,1
U00173,2026-01-16 13:09:00,page_view,unknown,2026-01-16,13
U00173,2026-01-10 01:07:00,login,unknown,2026-01-10,1
U00173,2026-01-14 09:44:00,session_end,mobile,2026-01-14,9
U00174,2026-06-16 23:24:00,logout,web,2026-06-16,23
U00174,2026-06-18 14:55:00,logout,unknown,2026-06-18,14
U00174,2026-06-10 20:41:00,session_start,web,2026-06-10,20
U00174,2026-06-06 03:07:00,login,web,2026-06-06,3
U00174,2026-06-13 20:42:00,session_end,mobile,2026-06-13,20
U00174,2026-06-06 18:36:00,session_end,unknown,2026-06-06,18
U00174,2026-06-10 22:47:00,login,mobile,2026-06-10,22
U00175,2026-06-17 15:41:00,page_view,unknown,2026-06-17,15
U00175,2026-06-15 18:08:00,login,web,2026-06-15,18
U00175,2026-06-12 22:58:00,logout,mobile,2026-06-12,22
U00175,2026-06-17 22:01:00,session_start,unknown,2026-06-17,22
U00175,2026-06-12 16:53:00,session_end,web,2026-06-12,16
U00175,2026-06-23 06:42:00,login,mobile,2026-06-23,6
U00175,2026-06-24 19:44:00,login,web,2026-06-24,19
U00176,2026-04-17 14:51:00,login,web,2026-04-17,14
U00176,2026-04-09 04:36:00,login,mobile,2026-04-09,4
U00176,2026-04-10 17:16:00,logout,web,2026-04-10,17
U00176,2026-04-10 03:32:00,login,web,2026-04-10,3
U00176,2026-04-17 05:27:00,page_view,web,2026-04-17,5
U00176,2026-04-12 09:02:00,session_end,web,2026-04-12,9
U00176,2026-04-19 17:28:00,login,unknown,2026-04-19,17
U00176,2026-04-20 10:33:00,login,mobile,2026-04-20,10
U00176,2026-04-20 03:42:00,logout,web,2026-04-20,3
U00176,2026-04-12 01:12:00,login,web,2026-04-12,1
U00176,2026-04-22 06:08:00,session_end,mobile,2026-04-22,6
U00177,2026-02-16 11:17:00,login,unknown,2026-02-16,11
U00177,2026-02-08 17:16:00,login,unknown,2026-02-08,17
U00177,2026-02-17 05:25:00,session_start,web,2026-02-17,5
U00177,2026-02-11 21:27:00,page_view,mobile,2026-02-11,21
U00178,2026-02-05 06:04:00,page_view,web,2026-02-05,6
U00178,2026-02-07 22:41:00,login,web,2026-02-07,22
U00178,2026-02-06 21:41:00,logout,mobile,2026-02-06,21
U00178,2026-02-03 04:20:00,logout,unknown,2026-02-03,4
U00178,2026-02-03 00:38:00,login,web,2026-02-03,0
U00178,2026-02-01 03:34:00,login,unknown,2026-02-01,3
U00179,2026-02-16 10:40:00,login,web,2026-02-16,10
U00179,2026-03-01 10:49:00,login,mobile,2026-03-01,10
U00179,2026-02-28 07:17:00,login,web,2026-02-28,7
U00179,2026-02-21 07:24:00,login,web,2026-02-21,7
U00180,2026-05-01 16:46:00,login,unknown,2026-05-01,16
U00180,2026-04-30 16:22:00,page_view,web,2026-04-30,16
U00180,2026-05-07 08:38:00,login,web,2026-05-07,8
U00180,2026-05-01 10:48:00,session_start,mobile,2026-05-01,10
U00180,2026-05-04 23:43:00,logout,unknown,2026-05-04,23
U00180,2026-05-06 18:08:00,login,web,2026-05-06,18
U00180,2026-05-09 16:45:00,login,mobile,2026-05-09,16
U00180,2026-05-01 12:36:00,page_view,web,2026-05-01,12
U00181,2026-02-01 23:40:00,login,mobile,2026-02-01,23
U00181,2026-02-11 19:26:00,page_view,unknown,2026-02-11,19
U00181,2026-02-03 14:22:00,logout,unknown,2026-02-03,14
U00181,2026-02-09 09:17:00,session_start,mobile,2026-02-09,9
U00181,2026-02-05 20:54:00,login,web,2026-02-05,20
U00181,2026-02-07 10:54:00,login,web,2026-02-07,10
U00181,2026-02-02 23:15:00,login,mobile,2026-02-02,23
U00182,2026-05-08 01:05:00,page_view,web,2026-05-08,1
U00182,2026-05-07 15:51:00,logout,web,2026-05-07,15
U00182,2026-05-05 21:32:00,page_view,mobile,2026-05-05,21
U00182,2026-05-06 15:32:00,page_view,web,2026-05-06,15
U00182,2026-05-05 00:39:00,login,web,2026-05-05,0
U00183,2026-06-04 13:44:00,session_end,web,2026-06-04,13
U00183,2026-05-27 23:42:00,logout,web,2026-05-27,23
U00183,2026-06-02 14:10:00,page_view,mobile,2026-06-02,14
U00183,2026-05-26 02:23:00,logout,mobile,2026-05-26,2
U00184,2026-06-14 11:03:00,session_start,unknown,2026-06-14,11
U00184,2026-06-12 05:23:00,login,web,2026-06-12,5
U00184,2026-06-20 21:15:00,logout,web,2026-06-20,21
U00185,2026-04-24 09:30:00,login,web,2026-04-24,9
U00185,2026-04-23 00:47:00,page_view,unknown,2026-04-23,0
U00185,2026-04-23 09:59:00,page_view,web,2026-04-23,9
U00185,2026-05-04 14:57:00,session_end,unknown,2026-05-04,14
U00185,2026-04-20 11:00:00,session_end,unknown,2026-04-20,11
U00185,2026-04-25 09:22:00,login,web,2026-04-25,9
U00185,2026-04-25 23:11:00,session_start,web,2026-04-25,23
U00185,2026-04-20 03:27:00,session_start,mobile,2026-04-20,3
U00186,2026-05-03 16:32:00,login,unknown,2026-05-03,16
U00186,2026-05-03 15:00:00,login,web,2026-05-03,15
U00186,2026-05-05 15:25:00,login,web,2026-05-05,15
U00186,2026-05-07 13:57:00,login,web,2026-05-07,13
U00186,2026-05-03 14:42:00,logout,unknown,2026-05-03,14
U00186,2026-05-04 04:22:00,page_view,unknown,2026-05-04,4
U00187,2026-03-05 11:56:00,logout,mobile,2026-03-05,11
U00187,2026-03-06 06:18:00,login,mobile,2026-03-06,6
U00187,2026-03-11 13:47:00,login,web,2026-03-11,13
U00187,2026-03-07 21:12:00,session_start,web,2026-03-07,21
U00187,2026-03-06 13:31:00,session_end,unknown,2026-03-06,13
U00187,2026-03-17 21:45:00,login,web,2026-03-17,21
U00188,2026-05-26 12:32:00,page_view,unknown,2026-05-26,12
U00188,2026-05-16 03:06:00,logout,web,2026-05-16,3
U00188,2026-05-16 04:22:00,session_end,web,2026-05-16,4
U00188,2026-05-26 21:15:00,login,web,2026-05-26,21
U00188,2026-05-20 19:47:00,login,unknown,2026-05-20,19
U00188,2026-05-21 09:18:00,session_start,web,2026-05-21,9
U00188,2026-05-26 13:15:00,session_end,mobile,2026-05-26,13
U00188,2026-05-25 16:11:00,login,web,2026-05-25,16
U00189,2026-03-15 03:55:00,login,mobile,2026-03-15,3
U00190,2026-03-25 13:12:00,session_start,web,2026-03-25,13
U00191,2026-04-03 23:32:00,session_end,mobile,2026-04-03,23
U00191,2026-03-26 18:40:00,page_view,mobile,2026-03-26,18
U00191,2026-03-26 03:08:00,session_start,web,2026-03-26,3
U00191,2026-03-27 06:59:00,login,unknown,2026-03-27,6
U00192,2026-02-08 19:12:00,login,web,2026-02-08,19
U00192,2026-02-14 13:33:00,login,mobile,2026-02-14,13
U00192,2026-02-11 10:27:00,session_start,web,2026-02-11,10
U00192,2026-02-16 13:41:00,login,web,2026-02-16,13
U00192,2026-02-09 08:23:00,login,web,2026-02-09,8
U00192,2026-02-19 13:15:00,login,web,2026-02-19,13
U00193,2026-02-11 01:00:00,login,web,2026-02-11,1
U00193,2026-02-12 09:30:00,login,web,2026-02-12,9
U00193,2026-02-15 05:16:00,session_start,web,2026-02-15,5
U00193,2026-02-14 09:07:00,login,web,2026-02-14,9
U00194,2026-01-27 17:49:00,logout,mobile,2026-01-27,17
U00194,2026-01-22 11:47:00,logout,web,2026-01-22,11
U00194,2026-01-28 18:33:00,session_end,web,2026-01-28,18
U00194,2026-01-20 20:17:00,login,unknown,2026-01-20,20
U00194,2026-01-18 03:08:00,page_view,web,2026-01-18,3
U00194,2026-01-17 18:58:00,page_view,mobile,2026-01-17,18
U00194,2026-01-20 22:28:00,login,web,2026-01-20,22
U00195,2026-04-03 19:21:00,login,unknown,2026-04-03,19
U00195,2026-04-07 06:34:00,page_view,mobile,2026-04-07,6
U00195,2026-03-26 04:12:00,session_start,web,2026-03-26,4
U00195,2026-04-09 17:22:00,login,unknown,2026-04-09,17
U00195,2026-04-05 22:07:00,session_start,web,2026-04-05,22
U00195,2026-04-02 13:33:00,session_end,web,2026-04-02,13
U00195,2026-03-28 19:17:00,page_view,mobile,2026-03-28,19
U00195,2026-03-30 01:36:00,login,mobile,2026-03-30,1
U00196,2026-01-27 12:31:00,page_view,web,2026-01-27,12
U00196,2026-01-18 14:48:00,session_end,unknown,2026-01-18,14
U00196,2026-01-24 12:25:00,session_end,web,2026-01-24,12
U00196,2026-01-19 05:00:00,login,mobile,2026-01-19,5
U00196,2026-01-25 22:00:00,logout,unknown,2026-01-25,22
U00196,2026-01-24 22:46:00,session_end,web,2026-01-24,22
U00196,2026-01-20 07:18:00,page_view,web,2026-01-20,7
U00197,2026-04-18 03:10:00,login,web,2026-04-18,3
U00197,2026-04-18 07:18:00,login,mobile,2026-04-18,7
U00197,2026-04-24 08:59:00,login,web,2026-04-24,8
U00197,2026-04-23 01:41:00,login,mobile,2026-04-23,1
U00197,2026-04-18 03:00:00,page_view,web,2026-04-18,3
U00198,2026-01-16 19:23:00,login,web,2026-01-16,19
U00198,2026-01-17 17:16:00,page_view,mobile,2026-01-17,17
U00199,2026-01-08 19:18:00,login,web,2026-01-08,19
U00199,2026-01-12 00:52:00,login,mobile,2026-01-12,0
U00199,2026-01-13 08:11:00,login,web,2026-01-13,8
U00199,2026-01-10 21:55:00,logout,web,2026-01-10,21
U00199,2026-01-13 23:44:00,session_start,web,2026-01-13,23
U00199,2026-01-15 20:40:00,session_end,mobile,2026-01-15,20
U00199,2026-01-15 14:14:00,login,web,2026-01-15,14
U00199,2026-01-05 18:40:00,logout,unknown,2026-01-05,18
U00199,2026-01-04 14:14:00,page_view,unknown,2026-01-04,14
U00199,2026-01-07 04:57:00,session_start,web,2026-01-07,4
U00199,2026-01-09 05:29:00,login,mobile,2026-01-09,5
U00199,2026-01-05 18:31:00,page_view,mobile,2026-01-05,18
U00199,2026-01-12 09:01:00,login,mobile,2026-01-12,9
U00199,2026-01-16 05:52:00,session_start,mobile,2026-01-16,5
U00200,2026-04-19 04:04:00,session_start,mobile,2026-04-19,4
U00201,2026-05-27 20:25:00,login,mobile,2026-05-27,20
U00201,2026-05-31 00:38:00,login,unknown,2026-05-31,0
U00201,2026-05-26 00:07:00,logout,web,2026-05-26,0
U00201,2026-06-01 20:59:00,login,mobile,2026-06-01,20
U00202,2026-05-08 02:17:00,login,web,2026-05-08,2
U00202,2026-05-17 00:50:00,login,web,2026-05-17,0
U00202,2026-05-18 22:05:00,login,mobile,2026-05-18,22
U00202,2026-05-12 18:57:00,session_start,mobile,2026-05-12,18
U00202,2026-05-09 10:30:00,login,mobile,2026-05-09,10
U00202,2026-05-05 17:44:00,login,web,2026-05-05,17
U00202,2026-05-05 01:06:00,session_end,web,2026-05-05,1
U00202,2026-05-06 16:56:00,logout,unknown,2026-05-06,16
U00202,2026-05-07 00:58:00,login,web,2026-05-07,0
U00202,2026-05-08 13:24:00,login,web,2026-05-08,13
U00203,2026-05-02 09:14:00,page_view,unknown,2026-05-02,9
U00203,2026-05-02 22:52:00,login,unknown,2026-05-02,22
U00203,2026-04-24 03:14:00,login,web,2026-04-24,3
U00203,2026-04-27 02:39:00,login,web,2026-04-27,2
U00204,2026-04-15 02:57:00,login,mobile,2026-04-15,2
U00204,2026-04-12 13:33:00,login,mobile,2026-04-12,13
U00204,2026-04-20 13:09:00,page_view,web,2026-04-20,13
U00204,2026-04-19 09:22:00,login,web,2026-04-19,9
U00204,2026-04-24 15:42:00,login,web,2026-04-24,15
U00204,2026-04-22 22:51:00,login,web,2026-04-22,22
U00204,2026-04-23 04:49:00,page_view,mobile,2026-04-23,4
U00204,2026-04-15 04:24:00,session_start,unknown,2026-04-15,4
U00205,2026-04-27 02:07:00,session_end,unknown,2026-04-27,2
U00205,2026-04-25 08:09:00,login,web,2026-04-25,8
U00205,2026-04-16 05:49:00,session_start,web,2026-04-16,5
U00205,2026-04-19 15:27:00,session_start,unknown,2026-04-19,15
U00205,2026-04-23 20:21:00,login,mobile,2026-04-23,20
U00205,2026-04-20 13:35:00,session_start,unknown,2026-04-20,13
U00206,2026-05-08 17:52:00,login,unknown,2026-05-08,17
U00206,2026-05-01 18:45:00,session_start,mobile,2026-05-01,18
U00206,2026-05-11 02:15:00,login,web,2026-05-11,2
U00206,2026-05-03 00:23:00,session_end,unknown,2026-05-03,0
U00206,2026-05-02 03:03:00,login,web,2026-05-02,3
U00206,2026-05-13 04:18:00,session_start,mobile,2026-05-13,4
U00206,2026-05-13 17:59:00,session_start,mobile,2026-05-13,17
U00206,2026-05-03 07:03:00,page_view,mobile,2026-05-03,7
U00206,2026-05-01 22:45:00,login,unknown,2026-05-01,22
U00207,2026-01-18 00:44:00,session_start,web,2026-01-18,0
U00207,2026-01-07 22:06:00,page_view,web,2026-01-07,22
U00207,2026-01-14 19:55:00,login,web,2026-01-14,19
U00207,2026-01-09 11:09:00,login,mobile,2026-01-09,11
U00207,2026-01-08 00:36:00,logout,unknown,2026-01-08,0
U00207,2026-01-09 05:30:00,page_view,mobile,2026-01-09,5
U00207,2026-01-18 16:44:00,login,unknown,2026-01-18,16
U00208,2026-01-13 23:21:00,session_start,web,2026-01-13,23
U00208,2026-01-11 03:09:00,login,web,2026-01-11,3
U00208,2026-01-16 05:32:00,login,web,2026-01-16,5
U00209,2026-04-26 13:43:00,session_start,web,2026-04-26,13
U00209,2026-05-04 18:32:00,login,mobile,2026-05-04,18
U00210,2026-02-22 05:17:00,login,unknown,2026-02-22,5
U00210,2026-02-18 23:13:00,session_start,web,2026-02-18,23
U00210,2026-02-19 12:11:00,logout,web,2026-02-19,12
U00210,2026-03-01 22:29:00,session_start,web,2026-03-01,22
U00210,2026-02-26 20:25:00,logout,unknown,2026-02-26,20
U00210,2026-02-18 01:51:00,login,unknown,2026-02-18,1
U00210,2026-02-19 08:06:00,login,web,2026-02-19,8
U00210,2026-02-21 19:49:00,logout,web,2026-02-21,19
U00210,2026-02-16 07:18:00,login,web,2026-02-16,7
U00210,2026-02-17 06:38:00,login,web,2026-02-17,6
U00211,2026-03-28 17:12:00,page_view,web,2026-03-28,17
U00211,2026-03-28 08:05:00,session_end,web,2026-03-28,8
U00212,2026-04-03 15:02:00,login,web,2026-04-03,15
U00212,2026-03-26 09:00:00,login,web,2026-03-26,9
U00213,2026-04-24 16:12:00,login,unknown,2026-04-24,16
U00213,2026-04-29 11:08:00,page_view,web,2026-04-29,11
U00213,2026-04-23 13:57:00,page_view,web,2026-04-23,13
U00213,2026-04-26 04:01:00,session_end,unknown,2026-04-26,4
U00213,2026-04-25 18:55:00,logout,web,2026-04-25,18
U00214,2026-05-05 05:09:00,page_view,unknown,2026-05-05,5
U00214,2026-05-02 20:05:00,page_view,mobile,2026-05-02,20
U00214,2026-05-15 06:51:00,page_view,mobile,2026-05-15,6
U00214,2026-05-13 22:10:00,session_end,web,2026-05-13,22
U00214,2026-05-08 04:21:00,login,web,2026-05-08,4
U00214,2026-05-10 13:02:00,page_view,unknown,2026-05-10,13
U00214,2026-05-04 06:39:00,session_end,web,2026-05-04,6
U00214,2026-05-03 18:40:00,session_start,web,2026-05-03,18
U00214,2026-05-13 00:09:00,logout,web,2026-05-13,0
U00214,2026-05-09 02:31:00,login,unknown,2026-05-09,2
U00214,2026-05-06 05:59:00,login,mobile,2026-05-06,5
U00215,2026-05-20 08:36:00,login,web,2026-05-20,8
U00215,2026-05-20 02:11:00,page_view,unknown,2026-05-20,2
U00215,2026-05-23 15:16:00,logout,unknown,2026-05-23,15
U00215,2026-05-29 04:07:00,session_end,unknown,2026-05-29,4
U00215,2026-05-19 11:54:00,login,unknown,2026-05-19,11
U00215,2026-05-25 19:58:00,page_view,mobile,2026-05-25,19
U00215,2026-05-26 11:32:00,logout,web,2026-05-26,11
U00216,2026-06-21 02:43:00,session_start,unknown,2026-06-21,2
U00216,2026-06-20 21:02:00,session_end,web,2026-06-20,21
U00216,2026-06-27 07:44:00,logout,web,2026-06-27,7
U00216,2026-06-18 03:18:00,session_start,mobile,2026-06-18,3
U00216,2026-06-25 12:54:00,login,mobile,2026-06-25,12
U00217,2026-01-17 14:42:00,login,web,2026-01-17,14
U00217,2026-01-18 14:41:00,session_end,unknown,2026-01-18,14
U00217,2026-01-12 02:11:00,page_view,web,2026-01-12,2
U00217,2026-01-25 12:49:00,session_start,mobile,2026-01-25,12
U00218,2026-02-27 10:04:00,login,web,2026-02-27,10
U00218,2026-03-02 15:13:00,page_view,unknown,2026-03-02,15
U00218,2026-02-22 08:29:00,login,mobile,2026-02-22,8
U00218,2026-02-28 04:40:00,login,web,2026-02-28,4
U00219,2026-02-18 01:38:00,logout,unknown,2026-02-18,1
U00219,2026-02-09 11:50:00,session_start,unknown,2026-02-09,11
U00219,2026-02-12 01:13:00,logout,web,2026-02-12,1
U00219,2026-02-21 21:27:00,login,web,2026-02-21,21
U00220,2026-05-12 05:05:00,login,web,2026-05-12,5
U00220,2026-05-06 12:05:00,login,unknown,2026-05-06,12
U00220,2026-05-15 13:33:00,login,web,2026-05-15,13
U00220,2026-05-04 01:05:00,session_start,web,2026-05-04,1
U00220,2026-05-14 09:10:00,login,web,2026-05-14,9
U00220,2026-05-08 15:30:00,session_end,mobile,2026-05-08,15
U00220,2026-05-13 13:22:00,page_view,unknown,2026-05-13,13
U00220,2026-05-15 00:35:00,logout,mobile,2026-05-15,0
U00220,2026-05-03 23:42:00,session_end,mobile,2026-05-03,23
U00220,2026-05-07 21:52:00,page_view,web,2026-05-07,21
U00220,2026-05-02 04:57:00,session_start,mobile,2026-05-02,4
U00221,2026-06-01 10:07:00,logout,unknown,2026-06-01,10
U00221,2026-05-29 16:46:00,login,unknown,2026-05-29,16
U00221,2026-06-07 04:40:00,session_start,web,2026-06-07,4
U00221,2026-05-25 06:47:00,login,unknown,2026-05-25,6
U00221,2026-06-05 17:49:00,login,unknown,2026-06-05,17
U00221,2026-05-28 11:13:00,login,web,2026-05-28,11
U00221,2026-05-30 11:01:00,login,web,2026-05-30,11
U00222,2026-04-13 03:44:00,session_start,unknown,2026-04-13,3
U00222,2026-04-11 13:22:00,login,unknown,2026-04-11,13
U00222,2026-04-13 10:07:00,login,unknown,2026-04-13,10
U00222,2026-04-11 11:11:00,session_end,mobile,2026-04-11,11
U00222,2026-04-13 13:24:00,login,unknown,2026-04-13,13
U00222,2026-04-15 09:44:00,session_end,web,2026-04-15,9
U00223,2026-06-06 03:05:00,page_view,web,2026-06-06,3
U00223,2026-06-14 13:06:00,session_start,web,2026-06-14,13
U00223,2026-06-15 14:32:00,session_end,web,2026-06-15,14
U00224,2026-02-21 09:54:00,session_start,mobile,2026-02-21,9
U00224,2026-02-14 14:35:00,session_start,web,2026-02-14,14
U00224,2026-02-14 15:07:00,login,unknown,2026-02-14,15
U00224,2026-02-17 20:45:00,logout,unknown,2026-02-17,20
U00224,2026-02-11 11:50:00,login,web,2026-02-11,11
U00225,2026-06-02 21:16:00,login,unknown,2026-06-02,21
U00226,2026-06-07 07:00:00,session_start,web,2026-06-07,7
U00226,2026-05-28 00:09:00,logout,web,2026-05-28,0
U00226,2026-06-10 16:52:00,page_view,web,2026-06-10,16
U00226,2026-06-02 05:36:00,session_start,mobile,2026-06-02,5
U00226,2026-06-05 12:12:00,session_end,unknown,2026-06-05,12
U00226,2026-06-10 01:51:00,session_end,unknown,2026-06-10,1
U00226,2026-05-30 20:24:00,page_view,mobile,2026-05-30,20
U00226,2026-06-03 10:33:00,login,unknown,2026-06-03,10
U00226,2026-05-31 03:45:00,logout,mobile,2026-05-31,3
U00226,2026-06-05 03:40:00,session_end,unknown,2026-06-05,3
U00226,2026-06-10 20:58:00,login,mobile,2026-06-10,20
U00227,2026-04-17 06:05:00,login,web,2026-04-17,6
U00227,2026-04-18 00:40:00,logout,mobile,2026-04-18,0
U00227,2026-04-12 19:45:00,session_end,web,2026-04-12,19
U00227,2026-04-21 12:01:00,page_view,mobile,2026-04-21,12
U00227,2026-04-19 20:40:00,logout,web,2026-04-19,20
U00227,2026-04-14 07:41:00,login,web,2026-04-14,7
U00227,2026-04-15 17:53:00,login,unknown,2026-04-15,17
U00227,2026-04-24 08:42:00,login,web,2026-04-24,8
U00227,2026-04-13 04:40:00,login,web,2026-04-13,4
U00228,2026-01-21 14:59:00,session_end,web,2026-01-21,14
U00228,2026-01-21 04:18:00,login,mobile,2026-01-21,4
U00228,2026-01-21 02:31:00,logout,web,2026-01-21,2
U00229,2026-02-10 06:25:00,login,unknown,2026-02-10,6
U00229,2026-02-08 00:26:00,login,unknown,2026-02-08,0
U00229,2026-02-06 02:13:00,page_view,unknown,2026-02-06,2
U00229,2026-02-02 10:40:00,session_start,mobile,2026-02-02,10
U00230,2026-06-05 09:00:00,login,web,2026-06-05,9
U00230,2026-06-04 10:22:00,session_start,web,2026-06-04,10
U00230,2026-06-05 16:47:00,login,web,2026-06-05,16
U00230,2026-06-06 19:01:00,session_end,web,2026-06-06,19
U00230,2026-06-11 16:48:00,login,mobile,2026-06-11,16
U00230,2026-06-16 11:07:00,login,web,2026-06-16,11
U00230,2026-06-08 04:14:00,login,mobile,2026-06-08,4
U00230,2026-06-07 08:30:00,login,web,2026-06-07,8
U00230,2026-06-08 22:35:00,page_view,web,2026-06-08,22
U00231,2026-01-18 23:51:00,session_start,unknown,2026-01-18,23
U00231,2026-01-19 12:59:00,login,web,2026-01-19,12
U00231,2026-01-13 06:43:00,logout,web,2026-01-13,6
U00231,2026-01-17 03:37:00,logout,web,2026-01-17,3
U00231,2026-01-13 06:46:00,session_start,unknown,2026-01-13,6
U00231,2026-01-25 14:27:00,session_end,web,2026-01-25,14
U00231,2026-01-24 10:39:00,login,unknown,2026-01-24,10
U00232,2026-04-26 06:36:00,login,web,2026-04-26,6
U00232,2026-05-04 20:52:00,login,unknown,2026-05-04,20
U00232,2026-04-22 01:32:00,login,unknown,2026-04-22,1
U00233,2026-01-22 19:52:00,page_view,web,2026-01-22,19
U00234,2026-04-04 00:07:00,login,web,2026-04-04,0
U00234,2026-04-04 05:22:00,login,web,2026-04-04,5
U00234,2026-04-01 21:23:00,login,mobile,2026-04-01,21
U00234,2026-04-10 10:07:00,login,web,2026-04-10,10
U00234,2026-04-09 00:45:00,login,mobile,2026-04-09,0
U00234,2026-04-05 18:50:00,login,mobile,2026-04-05,18
U00235,2026-02-05 02:24:00,login,mobile,2026-02-05,2
U00235,2026-02-05 06:06:00,session_end,web,2026-02-05,6
U00235,2026-02-08 19:56:00,logout,web,2026-02-08,19
U00235,2026-02-06 20:26:00,page_view,unknown,2026-02-06,20
U00236,2026-02-14 10:12:00,login,web,2026-02-14,10
U00236,2026-02-21 15:31:00,login,web,2026-02-21,15
U00236,2026-02-15 03:07:00,session_start,mobile,2026-02-15,3
U00237,2026-05-23 10:37:00,session_start,mobile,2026-05-23,10
U00237,2026-05-23 00:18:00,login,web,2026-05-23,0
U00237,2026-05-28 14:18:00,login,unknown,2026-05-28,14
U00237,2026-05-14 17:58:00,session_end,web,2026-05-14,17
U00237,2026-05-19 20:01:00,login,unknown,2026-05-19,20
U00237,2026-05-15 13:46:00,login,web,2026-05-15,13
U00238,2026-05-23 11:25:00,login,web,2026-05-23,11
U00238,2026-05-25 19:03:00,session_start,web,2026-05-25,19
U00238,2026-05-29 14:31:00,logout,web,2026-05-29,14
U00238,2026-05-31 11:39:00,login,web,2026-05-31,11
U00238,2026-05-21 01:52:00,login,mobile,2026-05-21,1
U00238,2026-05-19 10:55:00,page_view,unknown,2026-05-19,10
U00238,2026-05-21 05:05:00,login,web,2026-05-21,5
U00238,2026-05-31 17:00:00,page_view,web,2026-05-31,17
U00238,2026-05-22 01:07:00,login,web,2026-05-22,1
U00239,2026-06-02 08:21:00,page_view,unknown,2026-06-02,8
U00239,2026-06-05 22:10:00,login,unknown,2026-06-05,22
U00239,2026-06-02 04:20:00,logout,mobile,2026-06-02,4
U00240,2026-03-16 18:56:00,logout,unknown,2026-03-16,18
U00240,2026-03-14 14:42:00,login,mobile,2026-03-14,14
U00240,2026-03-13 15:42:00,session_start,web,2026-03-13,15
U00240,2026-03-09 23:30:00,login,web,2026-03-09,23
U00240,2026-03-08 09:45:00,login,web,2026-03-08,9
U00240,2026-03-12 07:42:00,page_view,mobile,2026-03-12,7
U00240,2026-03-15 02:04:00,session_start,web,2026-03-15,2
U00240,2026-03-07 00:42:00,login,unknown,2026-03-07,0
U00240,2026-03-17 12:12:00,session_start,web,2026-03-17,12
U00240,2026-03-09 06:52:00,session_end,web,2026-03-09,6
U00241,2026-05-08 09:45:00,session_start,mobile,2026-05-08,9
U00241,2026-05-09 16:06:00,login,mobile,2026-05-09,16
U00241,2026-05-10 11:24:00,session_start,mobile,2026-05-10,11
U00241,2026-05-08 12:12:00,login,web,2026-05-08,12
U00242,2026-06-12 05:43:00,login,web,2026-06-12,5
U00242,2026-06-08 14:56:00,login,web,2026-06-08,14
U00242,2026-06-09 00:57:00,session_start,mobile,2026-06-09,0
U00242,2026-06-10 00:30:00,page_view,unknown,2026-06-10,0
U00242,2026-06-11 08:07:00,session_end,web,2026-06-11,8
U00242,2026-06-11 13:13:00,login,unknown,2026-06-11,13
U00242,2026-06-14 13:32:00,login,web,2026-06-14,13
U00242,2026-06-13 08:23:00,login,web,2026-06-13,8
U00242,2026-06-16 12:46:00,session_start,mobile,2026-06-16,12
U00242,2026-06-10 06:25:00,login,web,2026-06-10,6
U00243,2026-01-16 19:31:00,session_end,unknown,2026-01-16,19
U00243,2026-01-09 21:03:00,page_view,mobile,2026-01-09,21
U00243,2026-01-09 07:07:00,login,web,2026-01-09,7
U00243,2026-01-17 08:15:00,login,web,2026-01-17,8
U00244,2026-02-20 07:56:00,session_end,unknown,2026-02-20,7
U00244,2026-02-22 12:06:00,login,web,2026-02-22,12
U00244,2026-02-23 06:10:00,logout,mobile,2026-02-23,6
U00245,2026-04-06 20:18:00,page_view,web,2026-04-06,20
U00245,2026-04-12 00:06:00,login,unknown,2026-04-12,0
U00245,2026-04-12 09:54:00,page_view,mobile,2026-04-12,9
U00245,2026-04-03 10:43:00,login,mobile,2026-04-03,10
U00245,2026-04-03 10:57:00,session_start,mobile,2026-04-03,10
U00246,2026-03-13 21:30:00,session_start,web,2026-03-13,21
U00246,2026-03-13 05:16:00,login,mobile,2026-03-13,5
U00246,2026-03-23 00:38:00,login,unknown,2026-03-23,0
U00246,2026-03-22 00:31:00,logout,mobile,2026-03-22,0
U00246,2026-03-20 03:02:00,logout,web,2026-03-20,3
U00246,2026-03-22 21:18:00,logout,mobile,2026-03-22,21
U00246,2026-03-21 16:10:00,logout,mobile,2026-03-21,16
U00246,2026-03-25 03:06:00,login,web,2026-03-25,3
U00247,2026-05-30 15:47:00,login,web,2026-05-30,15
U00247,2026-06-02 15:16:00,login,unknown,2026-06-02,15
U00247,2026-05-23 11:19:00,page_view,web,2026-05-23,11
U00247,2026-06-06 16:49:00,page_view,unknown,2026-06-06,16
U00247,2026-05-24 08:43:00,session_end,web,2026-05-24,8
U00247,2026-05-25 13:54:00,login,mobile,2026-05-25,13
U00247,2026-05-28 15:01:00,login,unknown,2026-05-28,15
U00248,2026-01-27 06:47:00,login,mobile,2026-01-27,6
U00248,2026-02-05 12:40:00,login,web,2026-02-05,12
U00248,2026-02-05 20:43:00,session_end,unknown,2026-02-05,20
U00248,2026-02-05 16:11:00,login,web,2026-02-05,16
U00248,2026-02-05 10:25:00,session_end,unknown,2026-02-05,10
U00249,2026-04-19 09:12:00,login,web,2026-04-19,9
U00249,2026-04-28 19:07:00,session_start,unknown,2026-04-28,19
U00249,2026-04-24 11:18:00,login,web,2026-04-24,11
U00249,2026-04-22 21:09:00,session_start,mobile,2026-04-22,21
U00249,2026-04-23 09:39:00,session_end,mobile,2026-04-23,9
U00249,2026-04-19 15:18:00,login,web,2026-04-19,15
U00249,2026-04-15 14:02:00,login,web,2026-04-15,14
U00249,2026-04-28 18:07:00,login,unknown,2026-04-28,18
U00249,2026-04-19 00:27:00,login,web,2026-04-19,0
U00249,2026-04-15 08:08:00,login,web,2026-04-15,8
U00249,2026-04-27 16:42:00,logout,mobile,2026-04-27,16
U00250,2026-05-03 22:17:00,login,mobile,2026-05-03,22
U00250,2026-05-08 18:58:00,login,web,2026-05-08,18
U00250,2026-05-05 01:30:00,login,mobile,2026-05-05,1
U00250,2026-05-14 21:40:00,session_start,unknown,2026-05-14,21
U00250,2026-05-08 03:57:00,login,web,2026-05-08,3
U00250,2026-05-11 09:11:00,session_end,unknown,2026-05-11,9
U00250,2026-05-12 10:51:00,session_end,mobile,2026-05-12,10
U00251,2026-05-05 06:16:00,login,unknown,2026-05-05,6
U00251,2026-05-03 06:19:00,login,web,2026-05-03,6
U00251,2026-04-29 18:59:00,page_view,unknown,2026-04-29,18
U00251,2026-05-03 05:24:00,logout,unknown,2026-05-03,5
U00251,2026-04-26 04:33:00,session_start,web,2026-04-26,4
U00252,2026-03-25 21:45:00,login,unknown,2026-03-25,21
U00252,2026-03-22 13:29:00,session_start,unknown,2026-03-22,13
U00252,2026-03-24 00:58:00,session_end,web,2026-03-24,0
U00252,2026-03-29 13:05:00,logout,mobile,2026-03-29,13
U00252,2026-03-26 09:50:00,login,web,2026-03-26,9
U00252,2026-03-19 19:34:00,session_end,web,2026-03-19,19
U00252,2026-03-17 12:08:00,session_start,web,2026-03-17,12
U00252,2026-03-24 16:29:00,logout,web,2026-03-24,16
U00252,2026-03-18 01:17:00,logout,web,2026-03-18,1
U00253,2026-03-09 19:06:00,logout,web,2026-03-09,19
U00253,2026-03-13 15:44:00,login,web,2026-03-13,15
U00253,2026-03-05 23:37:00,page_view,web,2026-03-05,23
U00254,2026-04-16 06:33:00,login,unknown,2026-04-16,6
U00254,2026-04-07 07:57:00,page_view,mobile,2026-04-07,7
U00254,2026-04-09 20:19:00,page_view,web,2026-04-09,20
U00254,2026-04-17 15:39:00,page_view,mobile,2026-04-17,15
U00255,2026-05-17 02:00:00,login,web,2026-05-17,2
U00255,2026-05-24 03:15:00,login,web,2026-05-24,3
U00255,2026-05-23 00:53:00,session_end,unknown,2026-05-23,0
U00255,2026-05-22 01:59:00,login,web,2026-05-22,1
U00255,2026-05-22 15:11:00,logout,mobile,2026-05-22,15
U00255,2026-05-29 17:16:00,logout,unknown,2026-05-29,17
U00255,2026-05-29 21:39:00,login,unknown,2026-05-29,21
U00255,2026-05-18 20:01:00,login,mobile,2026-05-18,20
U00256,2026-04-08 23:42:00,login,mobile,2026-04-08,23
U00256,2026-04-03 23:44:00,session_end,mobile,2026-04-03,23
U00256,2026-04-02 15:18:00,login,web,2026-04-02,15
U00256,2026-04-04 15:23:00,page_view,web,2026-04-04,15
U00256,2026-04-01 12:44:00,logout,web,2026-04-01,12
U00257,2026-05-04 13:52:00,session_start,mobile,2026-05-04,13
U00257,2026-04-27 09:29:00,login,unknown,2026-04-27,9
U00257,2026-04-27 18:19:00,login,unknown,2026-04-27,18
U00257,2026-04-27 11:08:00,session_start,unknown,2026-04-27,11
U00257,2026-05-01 00:10:00,login,mobile,2026-05-01,0
U00257,2026-05-02 22:33:00,session_start,web,2026-05-02,22
U00258,2026-03-08 20:09:00,login,web,2026-03-08,20
U00258,2026-03-13 22:54:00,logout,mobile,2026-03-13,22
U00258,2026-03-10 21:19:00,session_start,web,2026-03-10,21
U00258,2026-03-20 20:30:00,session_start,unknown,2026-03-20,20
U00258,2026-03-15 21:11:00,session_end,web,2026-03-15,21
U00258,2026-03-08 22:20:00,session_end,web,2026-03-08,22
U00258,2026-03-15 19:53:00,session_start,web,2026-03-15,19
U00258,2026-03-06 00:54:00,page_view,mobile,2026-03-06,0
U00259,2026-02-22 03:42:00,login,unknown,2026-02-22,3
U00259,2026-03-05 21:30:00,login,mobile,2026-03-05,21
U00259,2026-03-03 23:50:00,login,web,2026-03-03,23
U00259,2026-03-05 05:46:00,session_start,unknown,2026-03-05,5
U00260,2026-06-01 02:03:00,session_end,web,2026-06-01,2
U00260,2026-05-19 01:54:00,page_view,web,2026-05-19,1
U00260,2026-05-25 11:38:00,page_view,web,2026-05-25,11
U00260,2026-06-01 05:20:00,login,unknown,2026-06-01,5
U00261,2026-03-03 04:40:00,session_end,mobile,2026-03-03,4
U00261,2026-02-28 08:31:00,session_start,web,2026-02-28,8
U00261,2026-02-28 06:47:00,login,unknown,2026-02-28,6
U00261,2026-03-10 16:51:00,logout,mobile,2026-03-10,16
U00262,2026-03-13 18:01:00,page_view,web,2026-03-13,18
U00262,2026-03-15 01:51:00,login,web,2026-03-15,1
U00262,2026-03-17 13:36:00,session_end,web,2026-03-17,13
U00262,2026-03-17 05:43:00,page_view,unknown,2026-03-17,5
U00262,2026-03-15 06:36:00,logout,unknown,2026-03-15,6
U00262,2026-03-20 11:22:00,session_end,mobile,2026-03-20,11
U00263,2026-06-14 02:28:00,session_start,unknown,2026-06-14,2
U00264,2026-03-04 02:36:00,login,mobile,2026-03-04,2
U00264,2026-03-03 16:19:00,login,web,2026-03-03,16
U00264,2026-02-26 07:03:00,session_end,web,2026-02-26,7
U00264,2026-02-19 07:52:00,login,web,2026-02-19,7
U00264,2026-02-25 22:22:00,login,mobile,2026-02-25,22
U00264,2026-02-23 02:34:00,session_end,mobile,2026-02-23,2
U00265,2026-04-16 16:59:00,session_end,web,2026-04-16,16
U00265,2026-04-09 19:03:00,session_end,web,2026-04-09,19
U00265,2026-04-12 15:59:00,login,web,2026-04-12,15
U00265,2026-04-03 10:26:00,login,mobile,2026-04-03,10
U00265,2026-04-08 01:08:00,login,web,2026-04-08,1
U00265,2026-04-17 21:58:00,login,mobile,2026-04-17,21
U00265,2026-04-10 02:51:00,session_end,web,2026-04-10,2
U00265,2026-04-08 02:26:00,session_end,web,2026-04-08,2
U00266,2026-01-18 17:30:00,login,web,2026-01-18,17
U00266,2026-01-15 01:06:00,login,unknown,2026-01-15,1
U00266,2026-01-12 07:41:00,login,unknown,2026-01-12,7
U00266,2026-01-11 09:50:00,logout,mobile,2026-01-11,9
U00266,2026-01-04 01:01:00,logout,mobile,2026-01-04,1
U00266,2026-01-12 19:55:00,session_start,web,2026-01-12,19
U00266,2026-01-12 15:03:00,session_start,unknown,2026-01-12,15
U00266,2026-01-15 04:27:00,page_view,unknown,2026-01-15,4
U00267,2026-03-20 04:07:00,session_start,web,2026-03-20,4
U00267,2026-03-26 19:57:00,login,web,2026-03-26,19
U00268,2026-05-25 10:27:00,login,mobile,2026-05-25,10
U00268,2026-05-25 02:37:00,login,mobile,2026-05-25,2
U00268,2026-05-28 23:48:00,logout,web,2026-05-28,23
U00268,2026-06-03 00:55:00,page_view,mobile,2026-06-03,0
U00268,2026-06-04 01:04:00,login,mobile,2026-06-04,1
U00268,2026-05-29 05:18:00,login,web,2026-05-29,5
U00268,2026-05-27 19:41:00,login,web,2026-05-27,19
U00269,2026-06-15 19:25:00,session_start,web,2026-06-15,19
U00269,2026-06-23 02:04:00,login,mobile,2026-06-23,2
U00269,2026-06-20 22:47:00,logout,web,2026-06-20,22
U00269,2026-06-27 07:28:00,page_view,web,2026-06-27,7
U00269,2026-06-18 17:18:00,logout,mobile,2026-06-18,17
U00269,2026-06-21 08:20:00,page_view,web,2026-06-21,8
U00269,2026-06-13 11:57:00,session_start,unknown,2026-06-13,11
U00269,2026-06-17 02:13:00,login,mobile,2026-06-17,2
U00269,2026-06-17 23:35:00,login,web,2026-06-17,23
U00269,2026-06-18 23:52:00,logout,mobile,2026-06-18,23
U00269,2026-06-13 07:44:00,session_start,unknown,2026-06-13,7
U00269,2026-06-14 00:31:00,logout,web,2026-06-14,0
U00269,2026-06-17 08:37:00,session_start,web,2026-06-17,8
U00269,2026-06-26 02:03:00,login,unknown,2026-06-26,2
U00269,2026-06-20 00:55:00,session_start,unknown,2026-06-20,0
U00270,2026-06-03 01:14:00,login,unknown,2026-06-03,1
U00270,2026-05-29 21:27:00,session_end,web,2026-05-29,21
U00271,2026-05-13 09:02:00,session_end,web,2026-05-13,9
U00271,2026-05-17 00:58:00,session_end,web,2026-05-17,0
U00271,2026-05-17 08:51:00,logout,mobile,2026-05-17,8
U00271,2026-05-15 00:21:00,page_view,unknown,2026-05-15,0
U00272,2026-01-27 13:50:00,page_view,web,2026-01-27,13
U00272,2026-01-26 03:35:00,session_start,web,2026-01-26,3
U00272,2026-01-27 17:29:00,session_start,web,2026-01-27,17
U00272,2026-01-16 12:29:00,page_view,mobile,2026-01-16,12
U00272,2026-01-16 00:17:00,logout,web,2026-01-16,0
U00272,2026-01-15 07:49:00,session_end,web,2026-01-15,7
U00272,2026-01-19 18:25:00,login,web,2026-01-19,18
U00272,2026-01-19 08:42:00,login,web,2026-01-19,8
U00272,2026-01-15 09:36:00,page_view,web,2026-01-15,9
U00272,2026-01-27 08:54:00,login,unknown,2026-01-27,8
U00272,2026-01-21 00:28:00,login,unknown,2026-01-21,0
U00272,2026-01-14 11:30:00,page_view,mobile,2026-01-14,11
U00272,2026-01-20 01:37:00,login,web,2026-01-20,1
U00272,2026-01-28 19:35:00,login,web,2026-01-28,19
U00272,2026-01-21 05:16:00,logout,web,2026-01-21,5
U00273,2026-02-03 15:08:00,login,mobile,2026-02-03,15
U00273,2026-02-01 19:41:00,login,mobile,2026-02-01,19
U00273,2026-01-31 20:02:00,login,unknown,2026-01-31,20
U00273,2026-02-08 10:02:00,session_end,mobile,2026-02-08,10
U00273,2026-01-30 22:16:00,login,web,2026-01-30,22
U00273,2026-02-09 11:34:00,page_view,web,2026-02-09,11
U00273,2026-02-08 07:22:00,login,web,2026-02-08,7
U00274,2026-01-27 14:07:00,session_end,web,2026-01-27,14
U00274,2026-01-22 06:20:00,session_end,web,2026-01-22,6
U00274,2026-02-01 21:26:00,login,unknown,2026-02-01,21
U00274,2026-02-02 09:09:00,login,web,2026-02-02,9
U00274,2026-01-28 11:21:00,session_start,web,2026-01-28,11
U00274,2026-01-26 09:39:00,login,mobile,2026-01-26,9
U00274,2026-01-24 01:18:00,login,web,2026-01-24,1
U00275,2026-01-15 19:13:00,logout,web,2026-01-15,19
U00275,2026-01-22 22:49:00,page_view,web,2026-01-22,22
U00275,2026-01-17 12:53:00,session_end,web,2026-01-17,12
U00275,2026-01-24 23:09:00,session_start,web,2026-01-24,23
U00276,2026-03-20 07:36:00,session_end,unknown,2026-03-20,7
U00276,2026-03-27 23:07:00,logout,web,2026-03-27,23
U00276,2026-03-28 15:42:00,session_end,unknown,2026-03-28,15
U00277,2026-02-05 08:12:00,logout,web,2026-02-05,8
U00277,2026-02-14 07:21:00,login,web,2026-02-14,7
U00277,2026-02-03 14:20:00,page_view,web,2026-02-03,14
U00277,2026-02-11 07:28:00,page_view,unknown,2026-02-11,7
U00277,2026-02-05 02:22:00,session_end,web,2026-02-05,2
U00277,2026-02-14 11:41:00,session_start,mobile,2026-02-14,11
U00277,2026-02-07 13:14:00,session_end,mobile,2026-02-07,13
U00277,2026-02-14 17:15:00,logout,unknown,2026-02-14,17
U00277,2026-02-10 18:42:00,login,web,2026-02-10,18
U00278,2026-06-17 09:21:00,login,web,2026-06-17,9
U00278,2026-06-06 13:26:00,session_end,mobile,2026-06-06,13
U00278,2026-06-14 15:40:00,logout,mobile,2026-06-14,15
U00278,2026-06-19 05:56:00,session_start,web,2026-06-19,5
U00278,2026-06-07 03:26:00,login,unknown,2026-06-07,3
U00278,2026-06-16 03:08:00,logout,web,2026-06-16,3
U00278,2026-06-18 13:01:00,page_view,mobile,2026-06-18,13
U00278,2026-06-06 04:32:00,logout,unknown,2026-06-06,4
U00279,2026-03-13 13:22:00,login,unknown,2026-03-13,13
U00279,2026-03-10 17:15:00,page_view,web,2026-03-10,17
U00280,2026-04-25 10:57:00,logout,web,2026-04-25,10
U00281,2026-03-29 19:39:00,login,web,2026-03-29,19
U00281,2026-03-21 23:58:00,login,unknown,2026-03-21,23
U00281,2026-04-03 13:40:00,session_start,unknown,2026-04-03,13
U00281,2026-03-24 15:44:00,login,mobile,2026-03-24,15
U00281,2026-03-31 18:58:00,logout,web,2026-03-31,18
U00281,2026-03-22 00:37:00,session_end,web,2026-03-22,0
U00281,2026-03-30 20:29:00,session_start,web,2026-03-30,20
U00281,2026-03-27 05:32:00,page_view,web,2026-03-27,5
U00281,2026-04-01 03:14:00,login,unknown,2026-04-01,3
U00281,2026-03-25 01:36:00,session_end,unknown,2026-03-25,1
U00282,2026-06-10 10:24:00,login,mobile,2026-06-10,10
U00282,2026-06-08 01:52:00,page_view,mobile,2026-06-08,1
U00282,2026-06-12 16:17:00,session_end,web,2026-06-12,16
U00282,2026-06-07 11:18:00,login,web,2026-06-07,11
U00282,2026-06-10 08:31:00,session_start,mobile,2026-06-10,8
U00282,2026-06-20 05:18:00,login,web,2026-06-20,5
U00282,2026-06-20 07:42:00,login,mobile,2026-06-20,7
U00282,2026-06-07 06:35:00,logout,mobile,2026-06-07,6
U00282,2026-06-06 19:57:00,login,mobile,2026-06-06,19
U00282,2026-06-06 15:53:00,logout,web,2026-06-06,15
U00282,2026-06-11 06:18:00,session_end,unknown,2026-06-11,6
U00282,2026-06-17 14:33:00,login,unknown,2026-06-17,14
U00282,2026-06-10 03:45:00,page_view,web,2026-06-10,3
U00282,2026-06-13 13:31:00,login,web,2026-06-13,13
U00282,2026-06-19 04:17:00,page_view,web,2026-06-19,4
U00282,2026-06-11 02:47:00,logout,mobile,2026-06-11,2
U00283,2026-03-06 02:20:00,login,web,2026-03-06,2
U00283,2026-02-27 14:40:00,page_view,web,2026-02-27,14
U00283,2026-03-06 22:20:00,login,unknown,2026-03-06,22
U00283,2026-02-24 22:50:00,session_end,web,2026-02-24,22
U00284,2026-01-24 17:42:00,logout,web,2026-01-24,17
U00284,2026-01-31 20:00:00,login,mobile,2026-01-31,20
U00284,2026-01-30 12:55:00,login,mobile,2026-01-30,12
U00284,2026-01-25 15:09:00,session_start,mobile,2026-01-25,15
U00284,2026-02-01 15:18:00,login,mobile,2026-02-01,15
U00284,2026-01-31 02:33:00,logout,mobile,2026-01-31,2
U00285,2026-02-14 13:04:00,session_start,mobile,2026-02-14,13
U00285,2026-02-25 05:02:00,session_start,web,2026-02-25,5
U00285,2026-02-23 12:40:00,session_end,mobile,2026-02-23,12
U00286,2026-01-11 11:30:00,session_end,mobile,2026-01-11,11
U00287,2026-06-16 09:53:00,login,web,2026-06-16,9
U00287,2026-06-12 15:31:00,logout,unknown,2026-06-12,15
U00287,2026-06-11 11:34:00,session_start,web,2026-06-11,11
U00287,2026-06-03 07:07:00,logout,web,2026-06-03,7
U00287,2026-06-08 14:20:00,login,unknown,2026-06-08,14
U00287,2026-06-03 05:29:00,login,web,2026-06-03,5
U00287,2026-06-07 22:25:00,page_view,mobile,2026-06-07,22
U00288,2026-01-21 15:53:00,logout,unknown,2026-01-21,15
U00288,2026-01-18 13:43:00,login,web,2026-01-18,13
U00288,2026-01-13 08:32:00,login,unknown,2026-01-13,8
U00288,2026-01-09 17:49:00,login,web,2026-01-09,17
U00288,2026-01-19 10:26:00,session_start,unknown,2026-01-19,10
U00288,2026-01-15 12:16:00,login,web,2026-01-15,12
U00288,2026-01-16 23:14:00,login,web,2026-01-16,23
U00288,2026-01-13 14:26:00,login,mobile,2026-01-13,14
U00289,2026-03-22 06:49:00,page_view,web,2026-03-22,6
U00289,2026-03-23 19:21:00,login,web,2026-03-23,19
U00289,2026-03-25 00:51:00,session_start,web,2026-03-25,0
U00289,2026-03-26 22:21:00,login,web,2026-03-26,22
U00289,2026-03-24 01:33:00,login,web,2026-03-24,1
U00290,2026-03-09 06:10:00,logout,unknown,2026-03-09,6
U00290,2026-03-14 22:14:00,login,mobile,2026-03-14,22
U00291,2026-06-14 11:21:00,session_start,mobile,2026-06-14,11
U00291,2026-06-08 23:15:00,login,web,2026-06-08,23
U00291,2026-06-13 00:48:00,session_end,web,2026-06-13,0
U00291,2026-06-08 12:50:00,session_start,web,2026-06-08,12
U00291,2026-06-02 09:19:00,login,mobile,2026-06-02,9
U00291,2026-06-10 22:15:00,login,web,2026-06-10,22
U00291,2026-06-11 03:52:00,logout,unknown,2026-06-11,3
U00291,2026-06-10 12:08:00,logout,web,2026-06-10,12
U00291,2026-06-13 02:04:00,login,unknown,2026-06-13,2
U00291,2026-05-31 00:47:00,logout,mobile,2026-05-31,0
U00292,2026-04-20 23:37:00,logout,unknown,2026-04-20,23
U00292,2026-04-22 19:54:00,login,web,2026-04-22,19
U00292,2026-04-25 16:47:00,login,web,2026-04-25,16
U00292,2026-04-23 14:12:00,login,web,2026-04-23,14
U00292,2026-04-29 18:30:00,session_start,web,2026-04-29,18
U00293,2026-06-21 02:14:00,session_start,web,2026-06-21,2
U00293,2026-06-22 09:58:00,page_view,mobile,2026-06-22,9
U00293,2026-06-21 00:31:00,page_view,unknown,2026-06-21,0
U00293,2026-06-20 17:45:00,login,unknown,2026-06-20,17
U00293,2026-06-18 18:01:00,session_start,mobile,2026-06-18,18
U00293,2026-06-22 11:30:00,session_end,web,2026-06-22,11
U00293,2026-06-25 09:21:00,login,web,2026-06-25,9
U00293,2026-06-16 17:10:00,login,unknown,2026-06-16,17
U00293,2026-06-24 07:05:00,login,unknown,2026-06-24,7
U00293,2026-06-24 15:33:00,page_view,mobile,2026-06-24,15
U00293,2026-06-15 15:16:00,session_start,web,2026-06-15,15
U00294,2026-02-17 10:53:00,login,web,2026-02-17,10
U00294,2026-02-11 22:36:00,session_end,unknown,2026-02-11,22
U00294,2026-02-19 00:17:00,page_view,mobile,2026-02-19,0
U00294,2026-02-18 17:50:00,session_start,unknown,2026-02-18,17
U00295,2026-02-17 20:15:00,login,unknown,2026-02-17,20
U00295,2026-02-23 15:32:00,session_end,web,2026-02-23,15
U00295,2026-02-26 03:27:00,page_view,web,2026-02-26,3
U00295,2026-02-18 04:48:00,login,mobile,2026-02-18,4
U00295,2026-02-20 23:07:00,login,mobile,2026-02-20,23
U00295,2026-02-19 03:02:00,session_start,unknown,2026-02-19,3
U00295,2026-02-14 20:51:00,session_end,unknown,2026-02-14,20
U00295,2026-02-14 23:55:00,session_end,unknown,2026-02-14,23
U00295,2026-02-18 00:18:00,login,unknown,2026-02-18,0
U00296,2026-05-30 23:59:00,page_view,web,2026-05-30,23
U00296,2026-06-03 10:39:00,login,mobile,2026-06-03,10
U00297,2026-05-02 09:33:00,page_view,mobile,2026-05-02,9
U00297,2026-05-12 19:45:00,login,web,2026-05-12,19
U00297,2026-05-07 14:13:00,login,mobile,2026-05-07,14
U00297,2026-05-02 16:45:00,logout,unknown,2026-05-02,16
U00297,2026-04-30 10:26:00,login,mobile,2026-04-30,10
U00298,2026-04-21 02:00:00,login,mobile,2026-04-21,2
U00298,2026-04-17 22:06:00,session_end,unknown,2026-04-17,22
U00298,2026-04-19 03:03:00,session_end,unknown,2026-04-19,3
U00298,2026-04-23 05:04:00,login,mobile,2026-04-23,5
U00298,2026-04-19 20:00:00,login,web,2026-04-19,20
U00299,2026-05-23 13:37:00,page_view,web,2026-05-23,13
U00299,2026-05-24 19:49:00,session_start,web,2026-05-24,19
U00299,2026-05-27 17:41:00,page_view,mobile,2026-05-27,17
U00299,2026-05-20 18:09:00,login,mobile,2026-05-20,18
U00299,2026-05-23 05:16:00,session_end,web,2026-05-23,5
U00299,2026-05-21 16:37:00,page_view,unknown,2026-05-21,16
U00300,2026-01-26 18:49:00,logout,web,2026-01-26,18
U00300,2026-02-02 23:55:00,session_end,unknown,2026-02-02,23
U00300,2026-01-24 05:00:00,logout,mobile,2026-01-24,5
U00300,2026-01-24 02:59:00,logout,mobile,2026-01-24,2
U00300,2026-01-23 05:30:00,logout,web,2026-01-23,5
U00300,2026-01-26 02:57:00,login,mobile,2026-01-26,2
U00301,2026-04-01 14:27:00,page_view,unknown,2026-04-01,14
U00302,2026-01-12 09:32:00,logout,web,2026-01-12,9
U00302,2026-01-10 17:25:00,session_start,unknown,2026-01-10,17
U00302,2026-01-18 15:22:00,login,web,2026-01-18,15
U00302,2026-01-15 02:56:00,session_end,mobile,2026-01-15,2
U00302,2026-01-09 20:53:00,login,mobile,2026-01-09,20
U00302,2026-01-20 13:35:00,session_start,unknown,2026-01-20,13
U00302,2026-01-18 08:43:00,login,unknown,2026-01-18,8
U00302,2026-01-17 11:11:00,login,web,2026-01-17,11
U00303,2026-06-13 14:49:00,page_view,web,2026-06-13,14
U00303,2026-06-11 13:13:00,session_end,mobile,2026-06-11,13
U00303,2026-06-06 11:11:00,page_view,web,2026-06-06,11
U00303,2026-06-03 14:23:00,session_end,mobile,2026-06-03,14
U00303,2026-05-31 18:19:00,login,web,2026-05-31,18
U00304,2026-06-11 11:58:00,login,web,2026-06-11,11
U00304,2026-06-06 08:02:00,page_view,web,2026-06-06,8
U00304,2026-06-07 15:25:00,login,web,2026-06-07,15
U00304,2026-06-01 20:03:00,session_end,web,2026-06-01,20
U00304,2026-06-10 22:59:00,session_start,unknown,2026-06-10,22
U00304,2026-06-04 05:30:00,page_view,web,2026-06-04,5
U00304,2026-05-28 11:01:00,session_end,mobile,2026-05-28,11
U00304,2026-06-08 23:11:00,logout,mobile,2026-06-08,23
U00304,2026-05-29 13:53:00,logout,web,2026-05-29,13
U00304,2026-05-28 14:40:00,page_view,web,2026-05-28,14
U00304,2026-06-02 03:54:00,session_end,web,2026-06-02,3
U00305,2026-05-26 06:41:00,session_end,web,2026-05-26,6
U00305,2026-05-18 21:54:00,login,mobile,2026-05-18,21
U00305,2026-05-27 18:46:00,login,web,2026-05-27,18
U00305,2026-05-23 12:26:00,logout,web,2026-05-23,12
U00305,2026-05-14 06:52:00,logout,mobile,2026-05-14,6
U00305,2026-05-24 08:05:00,login,unknown,2026-05-24,8
U00305,2026-05-13 08:38:00,login,unknown,2026-05-13,8
U00305,2026-05-15 20:47:00,logout,web,2026-05-15,20
U00306,2026-02-20 08:35:00,login,web,2026-02-20,8
U00306,2026-02-21 14:36:00,logout,web,2026-02-21,14
U00306,2026-02-25 14:05:00,login,web,2026-02-25,14
U00306,2026-02-18 23:05:00,login,web,2026-02-18,23
U00306,2026-02-25 20:01:00,logout,mobile,2026-02-25,20
U00307,2026-06-24 00:13:00,page_view,web,2026-06-24,0
U00307,2026-06-19 02:56:00,page_view,mobile,2026-06-19,2
U00307,2026-06-16 21:41:00,logout,mobile,2026-06-16,21
U00307,2026-06-23 23:08:00,login,web,2026-06-23,23
U00307,2026-06-18 22:18:00,login,web,2026-06-18,22
U00307,2026-06-14 18:20:00,session_start,mobile,2026-06-14,18
U00307,2026-06-25 06:17:00,login,mobile,2026-06-25,6
U00307,2026-06-16 08:44:00,session_start,web,2026-06-16,8
U00307,2026-06-13 15:22:00,session_end,web,2026-06-13,15
U00307,2026-06-17 20:33:00,session_start,mobile,2026-06-17,20
U00308,2026-03-31 18:24:00,login,mobile,2026-03-31,18
U00308,2026-04-11 13:22:00,page_view,web,2026-04-11,13
U00308,2026-04-03 10:44:00,session_end,web,2026-04-03,10
U00308,2026-04-01 16:49:00,login,web,2026-04-01,16
U00308,2026-04-03 14:16:00,login,web,2026-04-03,14
U00308,2026-04-08 21:40:00,login,unknown,2026-04-08,21
U00308,2026-04-02 14:37:00,login,web,2026-04-02,14
U00309,2026-04-02 12:42:00,session_end,web,2026-04-02,12
U00309,2026-03-29 22:06:00,page_view,web,2026-03-29,22
U00309,2026-04-06 00:10:00,session_start,unknown,2026-04-06,0
U00309,2026-03-29 10:41:00,login,mobile,2026-03-29,10
U00309,2026-04-07 11:19:00,login,unknown,2026-04-07,11
U00309,2026-04-01 05:48:00,login,unknown,2026-04-01,5
U00309,2026-04-05 19:29:00,session_end,unknown,2026-04-05,19
U00309,2026-04-04 12:30:00,logout,mobile,2026-04-04,12
U00309,2026-03-28 23:23:00,session_end,web,2026-03-28,23
U00310,2026-04-02 21:25:00,login,web,2026-04-02,21
U00310,2026-04-09 07:48:00,session_end,web,2026-04-09,7
U00310,2026-04-01 13:49:00,login,unknown,2026-04-01,13
U00310,2026-04-04 00:10:00,session_end,mobile,2026-04-04,0
U00310,2026-04-09 09:56:00,session_end,mobile,2026-04-09,9
U00310,2026-04-04 04:08:00,page_view,web,2026-04-04,4
U00310,2026-04-07 01:05:00,login,mobile,2026-04-07,1
U00311,2026-03-27 11:29:00,session_start,mobile,2026-03-27,11
U00311,2026-03-22 00:42:00,login,mobile,2026-03-22,0
U00311,2026-03-29 05:19:00,login,web,2026-03-29,5
U00311,2026-03-17 07:54:00,login,unknown,2026-03-17,7
U00311,2026-03-16 23:15:00,login,web,2026-03-16,23
U00311,2026-03-15 15:10:00,login,web,2026-03-15,15
U00311,2026-03-22 17:43:00,session_start,mobile,2026-03-22,17
U00311,2026-03-29 15:42:00,session_start,unknown,2026-03-29,15
U00312,2026-01-21 07:48:00,login,unknown,2026-01-21,7
U00312,2026-01-12 10:48:00,login,unknown,2026-01-12,10
U00312,2026-01-22 10:57:00,login,unknown,2026-01-22,10
U00312,2026-01-19 12:34:00,login,web,2026-01-19,12
U00312,2026-01-17 21:47:00,session_end,web,2026-01-17,21
U00312,2026-01-13 19:11:00,logout,mobile,2026-01-13,19
U00312,2026-01-15 11:21:00,session_end,web,2026-01-15,11
U00313,2026-03-15 19:48:00,session_start,web,2026-03-15,19
U00313,2026-03-16 07:08:00,session_start,mobile,2026-03-16,7
U00313,2026-03-06 06:19:00,session_start,web,2026-03-06,6
U00313,2026-03-11 12:41:00,login,unknown,2026-03-11,12
U00313,2026-03-08 09:19:00,session_start,unknown,2026-03-08,9
U00313,2026-03-06 08:26:00,login,mobile,2026-03-06,8
U00314,2026-04-20 21:33:00,logout,web,2026-04-20,21
U00314,2026-04-21 02:22:00,page_view,web,2026-04-21,2
U00314,2026-04-24 12:51:00,logout,web,2026-04-24,12
U00314,2026-04-16 10:08:00,session_end,unknown,2026-04-16,10
U00314,2026-04-24 14:00:00,session_start,unknown,2026-04-24,14
U00314,2026-04-20 01:19:00,session_start,web,2026-04-20,1
U00314,2026-04-25 20:07:00,session_end,unknown,2026-04-25,20
U00315,2026-05-27 11:49:00,session_start,web,2026-05-27,11
U00315,2026-06-01 17:23:00,login,mobile,2026-06-01,17
U00315,2026-05-25 17:48:00,session_start,web,2026-05-25,17
U00315,2026-05-21 00:21:00,page_view,web,2026-05-21,0
U00315,2026-05-22 16:52:00,session_end,unknown,2026-05-22,16
U00315,2026-05-25 01:29:00,login,web,2026-05-25,1
U00315,2026-05-20 15:29:00,login,web,2026-05-20,15
U00316,2026-01-28 19:43:00,login,web,2026-01-28,19
U00316,2026-01-20 10:43:00,login,web,2026-01-20,10
U00316,2026-01-22 08:11:00,login,web,2026-01-22,8
U00316,2026-01-20 00:28:00,login,web,2026-01-20,0
U00316,2026-01-24 01:38:00,login,web,2026-01-24,1
U00316,2026-01-25 01:34:00,page_view,unknown,2026-01-25,1
U00316,2026-01-17 05:05:00,session_end,web,2026-01-17,5
U00316,2026-01-16 23:09:00,page_view,unknown,2026-01-16,23
U00316,2026-01-20 08:22:00,session_start,mobile,2026-01-20,8
U00317,2026-06-23 23:52:00,session_end,unknown,2026-06-23,23
U00317,2026-06-09 02:20:00,login,web,2026-06-09,2
U00317,2026-06-11 19:46:00,page_view,web,2026-06-11,19
U00317,2026-06-15 16:46:00,login,web,2026-06-15,16
U00317,2026-06-23 20:47:00,login,unknown,2026-06-23,20
U00317,2026-06-15 00:11:00,page_view,web,2026-06-15,0
U00317,2026-06-20 20:47:00,login,unknown,2026-06-20,20
U00317,2026-06-10 06:36:00,login,web,2026-06-10,6
U00318,2026-01-23 16:34:00,logout,mobile,2026-01-23,16
U00318,2026-01-25 01:23:00,session_end,unknown,2026-01-25,1
U00318,2026-01-17 13:17:00,page_view,mobile,2026-01-17,13
U00318,2026-01-18 16:42:00,login,unknown,2026-01-18,16
U00319,2026-02-17 05:43:00,login,web,2026-02-17,5
U00319,2026-02-03 13:13:00,login,unknown,2026-02-03,13
U00319,2026-02-13 04:17:00,login,unknown,2026-02-13,4
U00319,2026-02-12 20:20:00,login,mobile,2026-02-12,20
U00320,2026-02-04 00:45:00,login,mobile,2026-02-04,0
U00320,2026-02-02 19:18:00,page_view,unknown,2026-02-02,19
U00320,2026-02-10 13:40:00,session_end,web,2026-02-10,13
U00320,2026-02-09 12:30:00,session_end,web,2026-02-09,12
U00320,2026-02-06 10:20:00,login,unknown,2026-02-06,10
U00320,2026-02-03 14:54:00,page_view,unknown,2026-02-03,14
U00320,2026-02-04 17:44:00,login,unknown,2026-02-04,17
U00320,2026-02-05 12:02:00,page_view,web,2026-02-05,12
U00320,2026-02-11 15:35:00,login,web,2026-02-11,15
U00320,2026-02-04 23:33:00,login,web,2026-02-04,23
U00321,2026-03-07 10:28:00,page_view,unknown,2026-03-07,10
U00321,2026-03-03 04:39:00,session_end,mobile,2026-03-03,4
U00322,2026-03-30 11:36:00,session_start,unknown,2026-03-30,11
U00322,2026-04-02 00:48:00,login,unknown,2026-04-02,0
U00322,2026-03-24 12:58:00,session_end,mobile,2026-03-24,12
U00322,2026-03-27 19:54:00,login,web,2026-03-27,19
U00322,2026-03-27 06:13:00,login,web,2026-03-27,6
U00322,2026-03-23 05:49:00,logout,unknown,2026-03-23,5
U00322,2026-03-29 13:22:00,logout,mobile,2026-03-29,13
U00323,2026-05-28 19:17:00,login,web,2026-05-28,19
U00323,2026-06-01 03:42:00,page_view,web,2026-06-01,3
U00323,2026-05-30 17:34:00,session_start,mobile,2026-05-30,17
U00323,2026-06-04 12:31:00,logout,unknown,2026-06-04,12
U00323,2026-05-26 14:10:00,logout,mobile,2026-05-26,14
U00323,2026-05-28 09:00:00,session_end,web,2026-05-28,9
U00323,2026-06-03 14:41:00,login,web,2026-06-03,14
U00323,2026-05-28 18:41:00,session_start,unknown,2026-05-28,18
U00324,2026-03-05 06:40:00,login,mobile,2026-03-05,6
U00324,2026-03-01 19:39:00,session_end,web,2026-03-01,19
U00324,2026-03-08 18:46:00,session_start,web,2026-03-08,18
U00324,2026-03-04 19:15:00,login,unknown,2026-03-04,19
U00324,2026-03-09 02:23:00,login,unknown,2026-03-09,2
U00324,2026-03-07 16:55:00,login,mobile,2026-03-07,16
U00324,2026-03-06 11:46:00,logout,mobile,2026-03-06,11
U00324,2026-03-01 15:59:00,page_view,mobile,2026-03-01,15
U00324,2026-03-04 04:18:00,login,web,2026-03-04,4
U00324,2026-03-02 18:29:00,session_start,mobile,2026-03-02,18
U00325,2026-06-25 19:28:00,login,mobile,2026-06-25,19
U00325,2026-06-22 16:41:00,login,web,2026-06-22,16
U00325,2026-06-28 05:15:00,session_start,web,2026-06-28,5
U00325,2026-06-15 23:02:00,page_view,unknown,2026-06-15,23
U00325,2026-06-28 16:30:00,logout,unknown,2026-06-28,16
U00325,2026-06-16 13:16:00,page_view,web,2026-06-16,13
U00325,2026-06-26 19:41:00,session_end,web,2026-06-26,19
U00325,2026-06-22 15:52:00,page_view,web,2026-06-22,15
U00325,2026-06-19 12:53:00,logout,web,2026-06-19,12
U00325,2026-06-20 12:45:00,session_end,unknown,2026-06-20,12
U00325,2026-06-21 03:06:00,login,web,2026-06-21,3
U00325,2026-06-27 18:48:00,logout,web,2026-06-27,18
U00326,2026-03-27 05:23:00,session_start,web,2026-03-27,5
U00326,2026-03-18 07:50:00,session_start,mobile,2026-03-18,7
U00327,2026-03-15 03:21:00,page_view,web,2026-03-15,3
U00327,2026-03-18 22:31:00,logout,mobile,2026-03-18,22
U00327,2026-03-23 08:21:00,login,unknown,2026-03-23,8
U00327,2026-03-16 14:44:00,login,web,2026-03-16,14
U00327,2026-03-20 01:48:00,login,mobile,2026-03-20,1
U00327,2026-03-19 09:01:00,login,web,2026-03-19,9
U00327,2026-03-20 11:45:00,login,web,2026-03-20,11
U00327,2026-03-22 05:36:00,page_view,web,2026-03-22,5
U00327,2026-03-18 22:28:00,page_view,web,2026-03-18,22
U00327,2026-03-13 23:51:00,page_view,mobile,2026-03-13,23
U00327,2026-03-13 19:18:00,logout,unknown,2026-03-13,19
U00328,2026-05-05 20:14:00,login,mobile,2026-05-05,20
U00328,2026-05-10 09:09:00,session_end,web,2026-05-10,9
U00328,2026-05-05 11:46:00,session_end,unknown,2026-05-05,11
U00328,2026-05-08 19:57:00,login,web,2026-05-08,19
U00328,2026-05-11 04:37:00,logout,web,2026-05-11,4
U00329,2026-05-30 11:24:00,logout,unknown,2026-05-30,11
U00329,2026-06-01 05:55:00,session_end,unknown,2026-06-01,5
U00329,2026-05-24 15:57:00,session_start,web,2026-05-24,15
U00329,2026-06-01 02:21:00,login,web,2026-06-01,2
U00329,2026-05-25 07:09:00,login,web,2026-05-25,7
U00330,2026-02-28 06:22:00,session_start,unknown,2026-02-28,6
U00330,2026-02-27 20:58:00,login,mobile,2026-02-27,20
U00330,2026-03-01 06:23:00,page_view,web,2026-03-01,6
U00330,2026-02-24 20:06:00,login,web,2026-02-24,20
U00330,2026-02-22 17:34:00,logout,web,2026-02-22,17
U00330,2026-03-02 01:28:00,session_end,mobile,2026-03-02,1
U00330,2026-02-21 08:51:00,page_view,mobile,2026-02-21,8
U00331,2026-01-29 20:54:00,login,mobile,2026-01-29,20
U00331,2026-01-29 22:29:00,login,web,2026-01-29,22
U00331,2026-01-27 08:35:00,login,web,2026-01-27,8
U00331,2026-01-29 06:46:00,logout,web,2026-01-29,6
U00331,2026-02-01 04:33:00,login,web,2026-02-01,4
U00331,2026-01-21 07:15:00,session_end,unknown,2026-01-21,7
U00331,2026-01-25 03:34:00,logout,web,2026-01-25,3
U00331,2026-01-23 20:04:00,login,unknown,2026-01-23,20
U00332,2026-03-30 14:05:00,session_start,mobile,2026-03-30,14
U00332,2026-03-30 17:37:00,login,unknown,2026-03-30,17
U00332,2026-04-02 18:00:00,session_end,unknown,2026-04-02,18
U00333,2026-01-14 03:46:00,session_start,mobile,2026-01-14,3
U00333,2026-01-10 20:39:00,logout,unknown,2026-01-10,20
U00333,2026-01-01 08:48:00,session_start,web,2026-01-01,8
U00333,2026-01-08 20:11:00,login,unknown,2026-01-08,20
U00333,2026-01-09 09:41:00,login,web,2026-01-09,9
U00333,2026-01-14 17:15:00,login,web,2026-01-14,17
U00334,2026-06-10 17:32:00,login,unknown,2026-06-10,17
U00334,2026-06-01 05:31:00,login,web,2026-06-01,5
U00334,2026-06-14 16:30:00,session_start,mobile,2026-06-14,16
U00334,2026-06-02 02:48:00,session_start,web,2026-06-02,2
U00334,2026-06-01 14:21:00,page_view,mobile,2026-06-01,14
U00334,2026-06-03 03:48:00,login,mobile,2026-06-03,3
U00334,2026-06-04 16:19:00,login,unknown,2026-06-04,16
U00334,2026-06-01 21:19:00,session_end,mobile,2026-06-01,21
U00334,2026-06-09 21:09:00,login,mobile,2026-06-09,21
U00334,2026-06-03 12:50:00,login,mobile,2026-06-03,12
U00335,2026-02-17 21:10:00,login,unknown,2026-02-17,21
U00335,2026-02-18 19:50:00,session_start,web,2026-02-18,19
U00335,2026-02-11 08:30:00,logout,web,2026-02-11,8
U00336,2026-05-09 04:19:00,login,web,2026-05-09,4
U00336,2026-05-17 23:20:00,session_start,web,2026-05-17,23
U00336,2026-05-10 18:25:00,logout,unknown,2026-05-10,18
U00336,2026-05-04 12:03:00,session_start,web,2026-05-04,12
U00336,2026-05-14 04:29:00,logout,web,2026-05-14,4
U00336,2026-05-04 22:12:00,login,web,2026-05-04,22
U00336,2026-05-08 11:01:00,login,unknown,2026-05-08,11
U00336,2026-05-16 12:20:00,session_end,mobile,2026-05-16,12
U00337,2026-06-01 06:39:00,session_end,unknown,2026-06-01,6
U00337,2026-06-02 08:06:00,login,mobile,2026-06-02,8
U00337,2026-05-22 10:46:00,session_start,unknown,2026-05-22,10
U00337,2026-05-20 21:24:00,page_view,unknown,2026-05-20,21
U00337,2026-05-23 08:38:00,session_end,unknown,2026-05-23,8
U00338,2026-03-24 03:03:00,page_view,web,2026-03-24,3
U00338,2026-03-28 17:23:00,session_start,web,2026-03-28,17
U00338,2026-03-25 15:08:00,page_view,web,2026-03-25,15
U00338,2026-03-29 23:26:00,logout,mobile,2026-03-29,23
U00338,2026-04-06 04:37:00,login,mobile,2026-04-06,4
U00338,2026-04-01 02:28:00,login,web,2026-04-01,2
U00339,2026-06-05 17:48:00,page_view,web,2026-06-05,17
U00339,2026-06-04 16:52:00,login,web,2026-06-04,16
U00339,2026-05-29 02:55:00,logout,web,2026-05-29,2
U00339,2026-06-09 11:57:00,logout,unknown,2026-06-09,11
U00339,2026-06-07 06:11:00,login,unknown,2026-06-07,6
U00339,2026-05-30 14:23:00,login,mobile,2026-05-30,14
U00339,2026-06-06 22:16:00,login,web,2026-06-06,22
U00339,2026-05-29 03:41:00,session_start,unknown,2026-05-29,3
U00339,2026-06-02 15:51:00,login,web,2026-06-02,15
U00340,2026-01-26 16:23:00,login,unknown,2026-01-26,16
U00340,2026-01-12 16:55:00,logout,web,2026-01-12,16
U00340,2026-01-24 17:31:00,login,web,2026-01-24,17
U00340,2026-01-22 02:47:00,login,web,2026-01-22,2
U00340,2026-01-20 03:34:00,login,web,2026-01-20,3
U00340,2026-01-21 14:39:00,page_view,mobile,2026-01-21,14
U00340,2026-01-24 02:49:00,page_view,unknown,2026-01-24,2
U00340,2026-01-25 08:29:00,session_start,mobile,2026-01-25,8
U00341,2026-04-18 10:04:00,login,web,2026-04-18,10
U00341,2026-04-15 16:49:00,page_view,unknown,2026-04-15,16
U00341,2026-04-22 00:25:00,session_end,web,2026-04-22,0
U00341,2026-04-08 19:53:00,session_start,web,2026-04-08,19
U00342,2026-06-16 07:20:00,session_start,mobile,2026-06-16,7
U00342,2026-06-20 07:37:00,page_view,web,2026-06-20,7
U00342,2026-06-24 14:41:00,page_view,mobile,2026-06-24,14
U00342,2026-06-28 18:59:00,login,mobile,2026-06-28,18
U00342,2026-06-19 04:13:00,login,mobile,2026-06-19,4
U00342,2026-06-17 00:34:00,session_end,web,2026-06-17,0
U00343,2026-01-22 04:34:00,login,web,2026-01-22,4
U00343,2026-01-15 10:59:00,login,mobile,2026-01-15,10
U00343,2026-01-13 09:10:00,session_start,web,2026-01-13,9
U00343,2026-01-13 06:49:00,login,web,2026-01-13,6
U00343,2026-01-12 14:07:00,logout,unknown,2026-01-12,14
U00343,2026-01-10 14:55:00,page_view,mobile,2026-01-10,14
U00343,2026-01-16 01:28:00,session_start,unknown,2026-01-16,1
U00344,2026-03-29 06:49:00,session_start,web,2026-03-29,6
U00344,2026-03-27 05:32:00,session_end,web,2026-03-27,5
U00344,2026-03-28 06:07:00,session_start,web,2026-03-28,6
U00344,2026-04-06 10:26:00,login,mobile,2026-04-06,10
U00345,2026-05-16 16:23:00,session_start,web,2026-05-16,16
U00345,2026-05-23 03:29:00,login,web,2026-05-23,3
U00345,2026-05-21 13:25:00,logout,web,2026-05-21,13
U00345,2026-05-20 11:19:00,logout,web,2026-05-20,11
U00345,2026-05-21 20:19:00,login,web,2026-05-21,20
U00345,2026-05-25 20:51:00,session_start,unknown,2026-05-25,20
U00346,2026-04-15 08:46:00,page_view,web,2026-04-15,8
U00346,2026-04-15 04:54:00,login,mobile,2026-04-15,4
U00346,2026-04-24 00:08:00,session_end,mobile,2026-04-24,0
U00346,2026-04-17 22:30:00,logout,web,2026-04-17,22
U00347,2026-01-20 19:51:00,login,web,2026-01-20,19
U00347,2026-01-25 19:26:00,logout,mobile,2026-01-25,19
U00347,2026-01-26 05:11:00,session_end,mobile,2026-01-26,5
U00348,2026-06-20 21:11:00,login,web,2026-06-20,21
U00348,2026-06-21 05:01:00,session_start,mobile,2026-06-21,5
U00348,2026-06-13 12:40:00,login,web,2026-06-13,12
U00348,2026-06-18 10:01:00,logout,web,2026-06-18,10
U00348,2026-06-14 00:56:00,session_start,web,2026-06-14,0
U00348,2026-06-20 04:58:00,session_start,web,2026-06-20,4
U00349,2026-04-03 12:48:00,session_end,mobile,2026-04-03,12
U00349,2026-03-28 03:00:00,login,mobile,2026-03-28,3
U00349,2026-03-27 13:04:00,login,unknown,2026-03-27,13
U00349,2026-04-02 13:54:00,session_end,unknown,2026-04-02,13
U00350,2026-04-10 19:51:00,page_view,web,2026-04-10,19
U00351,2026-05-09 15:30:00,login,mobile,2026-05-09,15
U00351,2026-05-10 21:34:00,login,web,2026-05-10,21
U00351,2026-05-12 15:47:00,logout,mobile,2026-05-12,15
U00351,2026-05-07 07:32:00,login,mobile,2026-05-07,7
U00351,2026-05-08 21:05:00,page_view,web,2026-05-08,21
U00351,2026-05-16 12:18:00,session_end,web,2026-05-16,12
U00351,2026-05-08 07:16:00,login,web,2026-05-08,7
U00352,2026-01-23 22:29:00,page_view,web,2026-01-23,22
U00352,2026-01-30 04:20:00,session_start,web,2026-01-30,4
U00352,2026-01-28 04:37:00,page_view,web,2026-01-28,4
U00352,2026-01-29 12:40:00,login,mobile,2026-01-29,12
U00353,2026-03-17 00:09:00,page_view,web,2026-03-17,0
U00353,2026-03-28 07:10:00,session_start,web,2026-03-28,7
U00353,2026-03-15 18:30:00,session_start,web,2026-03-15,18
U00353,2026-03-18 20:55:00,logout,unknown,2026-03-18,20
U00353,2026-03-22 06:29:00,session_end,web,2026-03-22,6
U00353,2026-03-23 14:07:00,page_view,web,2026-03-23,14
U00353,2026-03-25 16:59:00,login,web,2026-03-25,16
U00353,2026-03-29 05:16:00,login,unknown,2026-03-29,5
U00354,2026-05-04 17:29:00,page_view,web,2026-05-04,17
U00354,2026-05-02 10:48:00,session_end,web,2026-05-02,10
U00354,2026-04-23 11:27:00,page_view,web,2026-04-23,11
U00354,2026-04-30 04:06:00,login,unknown,2026-04-30,4
U00354,2026-05-05 03:07:00,session_end,web,2026-05-05,3
U00354,2026-04-24 11:19:00,session_start,unknown,2026-04-24,11
U00354,2026-04-30 02:55:00,session_end,mobile,2026-04-30,2
U00354,2026-04-28 16:12:00,login,mobile,2026-04-28,16
U00354,2026-05-04 00:12:00,page_view,web,2026-05-04,0
U00354,2026-04-30 19:49:00,login,web,2026-04-30,19
U00355,2026-02-07 17:23:00,session_end,mobile,2026-02-07,17
U00355,2026-02-06 16:10:00,login,mobile,2026-02-06,16
U00355,2026-01-27 21:10:00,page_view,mobile,2026-01-27,21
U00355,2026-02-08 22:09:00,session_end,unknown,2026-02-08,22
U00355,2026-02-08 06:17:00,login,unknown,2026-02-08,6
U00356,2026-01-12 12:57:00,session_end,unknown,2026-01-12,12
U00356,2026-01-22 15:29:00,login,mobile,2026-01-22,15
U00356,2026-01-19 09:00:00,login,web,2026-01-19,9
U00357,2026-01-26 17:42:00,login,mobile,2026-01-26,17
U00357,2026-01-29 23:39:00,session_end,web,2026-01-29,23
U00357,2026-01-15 13:08:00,login,unknown,2026-01-15,13
U00357,2026-01-28 05:48:00,logout,mobile,2026-01-28,5
U00357,2026-01-21 05:41:00,session_start,unknown,2026-01-21,5
U00357,2026-01-24 06:15:00,logout,web,2026-01-24,6
U00357,2026-01-16 07:17:00,login,unknown,2026-01-16,7
U00358,2026-04-22 23:47:00,session_end,mobile,2026-04-22,23
U00359,2026-04-19 14:09:00,page_view,web,2026-04-19,14
U00359,2026-04-28 10:00:00,page_view,web,2026-04-28,10
U00359,2026-04-24 09:33:00,login,unknown,2026-04-24,9
U00359,2026-04-19 21:28:00,login,web,2026-04-19,21
U00359,2026-04-24 23:39:00,session_start,mobile,2026-04-24,23
U00359,2026-04-17 23:21:00,login,web,2026-04-17,23
U00360,2026-02-22 08:07:00,page_view,unknown,2026-02-22,8
U00360,2026-02-22 18:10:00,page_view,unknown,2026-02-22,18
U00360,2026-02-28 09:14:00,session_end,web,2026-02-28,9
U00360,2026-02-17 23:38:00,session_end,web,2026-02-17,23
U00360,2026-02-19 21:31:00,logout,unknown,2026-02-19,21
U00360,2026-02-22 01:40:00,login,web,2026-02-22,1
U00360,2026-03-01 23:46:00,login,web,2026-03-01,23
U00360,2026-02-26 16:21:00,session_start,web,2026-02-26,16
U00361,2026-06-11 02:00:00,login,unknown,2026-06-11,2
U00361,2026-06-09 18:31:00,login,unknown,2026-06-09,18
U00361,2026-06-16 08:06:00,logout,unknown,2026-06-16,8
U00361,2026-06-14 19:53:00,session_end,unknown,2026-06-14,19
U00362,2026-05-17 16:55:00,page_view,unknown,2026-05-17,16
U00362,2026-05-08 19:06:00,session_end,web,2026-05-08,19
U00362,2026-05-17 03:07:00,logout,mobile,2026-05-17,3
U00362,2026-05-13 18:43:00,page_view,unknown,2026-05-13,18
U00362,2026-05-21 12:45:00,page_view,web,2026-05-21,12
U00362,2026-05-13 20:50:00,session_start,unknown,2026-05-13,20
U00362,2026-05-17 16:02:00,session_start,unknown,2026-05-17,16
U00362,2026-05-18 00:13:00,session_end,mobile,2026-05-18,0
U00363,2026-03-01 20:21:00,login,web,2026-03-01,20
U00363,2026-03-15 13:51:00,login,unknown,2026-03-15,13
U00363,2026-03-14 08:22:00,logout,web,2026-03-14,8
U00363,2026-03-06 07:17:00,session_start,web,2026-03-06,7
U00363,2026-03-06 14:44:00,page_view,web,2026-03-06,14
U00363,2026-03-13 05:13:00,session_end,web,2026-03-13,5
U00363,2026-03-12 12:48:00,login,mobile,2026-03-12,12
U00363,2026-03-14 15:54:00,login,web,2026-03-14,15
U00364,2026-03-12 19:34:00,page_view,mobile,2026-03-12,19
U00364,2026-03-12 09:06:00,page_view,web,2026-03-12,9
U00365,2026-01-13 12:20:00,session_end,unknown,2026-01-13,12
U00365,2026-01-13 05:48:00,session_start,mobile,2026-01-13,5
U00365,2026-01-07 22:31:00,login,web,2026-01-07,22
U00365,2026-01-15 14:57:00,login,mobile,2026-01-15,14
U00365,2026-01-05 10:01:00,login,mobile,2026-01-05,10
U00365,2026-01-12 09:58:00,session_end,web,2026-01-12,9
U00365,2026-01-15 17:34:00,login,unknown,2026-01-15,17
U00366,2026-02-19 22:04:00,login,web,2026-02-19,22
U00366,2026-02-11 22:38:00,page_view,unknown,2026-02-11,22
U00366,2026-02-23 08:09:00,page_view,web,2026-02-23,8
U00366,2026-02-18 11:25:00,login,unknown,2026-02-18,11
U00366,2026-02-11 23:52:00,logout,web,2026-02-11,23
U00366,2026-02-19 18:05:00,login,mobile,2026-02-19,18
U00367,2026-04-06 01:15:00,session_end,mobile,2026-04-06,1
U00367,2026-04-09 08:01:00,session_start,mobile,2026-04-09,8
U00367,2026-04-12 22:14:00,login,mobile,2026-04-12,22
U00367,2026-04-06 20:51:00,login,mobile,2026-04-06,20
U00367,2026-03-30 09:15:00,login,unknown,2026-03-30,9
U00368,2026-06-26 14:26:00,session_end,mobile,2026-06-26,14
U00368,2026-06-19 05:54:00,session_end,unknown,2026-06-19,5
U00368,2026-06-23 18:56:00,session_start,web,2026-06-23,18
U00368,2026-06-24 11:51:00,logout,web,2026-06-24,11
U00368,2026-06-19 11:23:00,login,web,2026-06-19,11
U00369,2026-03-14 11:04:00,page_view,mobile,2026-03-14,11
U00369,2026-03-11 22:15:00,logout,mobile,2026-03-11,22
U00369,2026-03-07 16:45:00,session_start,web,2026-03-07,16
U00369,2026-03-07 19:14:00,page_view,web,2026-03-07,19
U00369,2026-03-17 22:41:00,session_end,mobile,2026-03-17,22
U00369,2026-03-13 08:36:00,logout,web,2026-03-13,8
U00369,2026-03-13 19:28:00,session_start,unknown,2026-03-13,19
U00369,2026-03-07 05:01:00,session_end,unknown,2026-03-07,5
U00370,2026-04-17 20:03:00,login,unknown,2026-04-17,20
U00370,2026-04-22 22:09:00,login,web,2026-04-22,22
U00370,2026-04-10 23:17:00,session_end,web,2026-04-10,23
U00370,2026-04-23 23:01:00,page_view,unknown,2026-04-23,23
U00370,2026-04-15 22:48:00,login,unknown,2026-04-15,22
U00371,2026-03-05 21:28:00,login,web,2026-03-05,21
U00371,2026-03-07 07:36:00,logout,unknown,2026-03-07,7
U00371,2026-03-04 17:43:00,session_end,web,2026-03-04,17
U00371,2026-03-15 00:39:00,login,web,2026-03-15,0
U00371,2026-03-11 03:49:00,login,web,2026-03-11,3
U00372,2026-04-10 13:46:00,login,mobile,2026-04-10,13
U00372,2026-04-05 19:49:00,logout,mobile,2026-04-05,19
U00372,2026-04-15 05:01:00,page_view,unknown,2026-04-15,5
U00372,2026-04-13 03:21:00,login,web,2026-04-13,3
U00372,2026-04-08 18:44:00,page_view,unknown,2026-04-08,18
U00372,2026-04-14 13:24:00,page_view,unknown,2026-04-14,13
U00372,2026-04-04 10:11:00,login,web,2026-04-04,10
U00372,2026-04-07 05:45:00,session_start,web,2026-04-07,5
U00372,2026-04-09 02:11:00,login,unknown,2026-04-09,2
U00372,2026-04-05 07:22:00,page_view,web,2026-04-05,7
U00373,2026-03-22 14:48:00,login,web,2026-03-22,14
U00373,2026-03-17 19:03:00,session_end,web,2026-03-17,19
U00373,2026-03-27 11:06:00,login,web,2026-03-27,11
U00373,2026-03-25 00:00:00,login,unknown,2026-03-25,0
U00373,2026-03-21 00:51:00,session_end,web,2026-03-21,0
U00373,2026-03-30 02:11:00,login,unknown,2026-03-30,2
U00373,2026-03-19 17:13:00,login,web,2026-03-19,17
U00373,2026-03-30 21:58:00,login,web,2026-03-30,21
U00373,2026-03-26 05:57:00,session_start,mobile,2026-03-26,5
U00374,2026-04-20 04:52:00,logout,unknown,2026-04-20,4
U00374,2026-04-12 19:02:00,session_end,web,2026-04-12,19
U00374,2026-04-24 09:59:00,login,web,2026-04-24,9
U00375,2026-01-18 21:11:00,session_end,mobile,2026-01-18,21
U00375,2026-01-27 03:31:00,login,mobile,2026-01-27,3
U00375,2026-01-22 10:29:00,page_view,unknown,2026-01-22,10
U00375,2026-01-25 14:07:00,page_view,web,2026-01-25,14
U00376,2026-03-20 07:23:00,login,mobile,2026-03-20,7
U00376,2026-03-28 15:12:00,logout,unknown,2026-03-28,15
U00376,2026-03-15 11:03:00,session_start,web,2026-03-15,11
U00376,2026-03-28 16:05:00,page_view,web,2026-03-28,16
U00376,2026-03-29 16:36:00,session_end,unknown,2026-03-29,16
U00376,2026-03-27 17:41:00,login,web,2026-03-27,17
U00376,2026-03-20 04:28:00,logout,mobile,2026-03-20,4
U00376,2026-03-19 20:27:00,session_start,unknown,2026-03-19,20
U00377,2026-04-07 02:31:00,login,unknown,2026-04-07,2
U00377,2026-04-02 10:35:00,session_start,unknown,2026-04-02,10
U00377,2026-04-05 15:50:00,logout,web,2026-04-05,15
U00377,2026-04-13 21:44:00,login,web,2026-04-13,21
U00378,2026-06-11 02:19:00,session_end,mobile,2026-06-11,2
U00378,2026-06-18 10:47:00,login,web,2026-06-18,10
U00378,2026-06-08 09:24:00,login,web,2026-06-08,9
U00378,2026-06-16 01:52:00,logout,unknown,2026-06-16,1
U00379,2026-02-16 16:33:00,logout,mobile,2026-02-16,16
U00379,2026-02-13 11:43:00,page_view,web,2026-02-13,11
U00379,2026-02-19 06:06:00,session_start,mobile,2026-02-19,6
U00379,2026-02-19 07:45:00,login,web,2026-02-19,7
U00379,2026-02-16 06:31:00,login,web,2026-02-16,6
U00380,2026-06-10 12:13:00,page_view,web,2026-06-10,12
U00380,2026-06-24 09:00:00,login,web,2026-06-24,9
U00380,2026-06-12 12:52:00,login,web,2026-06-12,12
U00380,2026-06-24 12:02:00,login,mobile,2026-06-24,12
U00380,2026-06-19 07:39:00,page_view,web,2026-06-19,7
U00380,2026-06-24 13:43:00,session_end,web,2026-06-24,13
U00380,2026-06-13 20:47:00,login,unknown,2026-06-13,20
U00381,2026-04-01 00:26:00,logout,unknown,2026-04-01,0
U00382,2026-06-04 08:53:00,login,unknown,2026-06-04,8
U00382,2026-06-02 19:00:00,page_view,unknown,2026-06-02,19
U00382,2026-05-29 22:49:00,session_start,mobile,2026-05-29,22
U00382,2026-06-08 22:14:00,login,web,2026-06-08,22
U00382,2026-05-30 05:57:00,logout,unknown,2026-05-30,5
U00382,2026-05-30 05:34:00,login,mobile,2026-05-30,5
U00383,2026-02-04 08:43:00,page_view,unknown,2026-02-04,8
U00383,2026-01-28 17:18:00,login,web,2026-01-28,17
U00383,2026-01-25 03:25:00,logout,mobile,2026-01-25,3
U00383,2026-01-25 17:54:00,session_start,mobile,2026-01-25,17
U00383,2026-01-26 16:02:00,session_start,unknown,2026-01-26,16
U00383,2026-01-25 03:14:00,login,unknown,2026-01-25,3
U00383,2026-01-26 02:48:00,page_view,web,2026-01-26,2
U00383,2026-01-27 13:39:00,login,unknown,2026-01-27,13
U00384,2026-04-28 04:28:00,session_end,web,2026-04-28,4
U00385,2026-02-13 16:49:00,login,mobile,2026-02-13,16
U00385,2026-02-14 10:02:00,session_end,web,2026-02-14,10
U00385,2026-02-05 10:55:00,login,mobile,2026-02-05,10
U00385,2026-02-08 14:12:00,page_view,web,2026-02-08,14
U00386,2026-05-22 12:09:00,login,web,2026-05-22,12
U00386,2026-05-19 05:40:00,login,web,2026-05-19,5
U00386,2026-05-26 23:28:00,login,unknown,2026-05-26,23
U00386,2026-05-17 07:38:00,session_end,web,2026-05-17,7
U00386,2026-05-24 05:09:00,session_end,web,2026-05-24,5
U00387,2026-02-12 03:43:00,login,unknown,2026-02-12,3
U00387,2026-02-20 17:01:00,session_end,mobile,2026-02-20,17
U00387,2026-02-23 10:23:00,login,mobile,2026-02-23,10
U00387,2026-02-26 03:43:00,login,web,2026-02-26,3
U00388,2026-04-03 00:36:00,login,unknown,2026-04-03,0
U00388,2026-04-09 18:07:00,logout,mobile,2026-04-09,18
U00388,2026-04-09 20:02:00,session_end,web,2026-04-09,20
U00388,2026-03-28 20:52:00,session_start,unknown,2026-03-28,20
U00388,2026-04-01 21:39:00,session_start,unknown,2026-04-01,21
U00388,2026-04-11 23:15:00,page_view,unknown,2026-04-11,23
U00388,2026-04-06 08:22:00,page_view,unknown,2026-04-06,8
U00388,2026-04-04 04:29:00,session_end,web,2026-04-04,4
U00388,2026-03-31 04:18:00,page_view,mobile,2026-03-31,4
U00388,2026-04-03 08:56:00,login,web,2026-04-03,8
U00388,2026-04-08 00:27:00,logout,web,2026-04-08,0
U00388,2026-03-30 01:29:00,session_start,mobile,2026-03-30,1
U00388,2026-04-03 04:53:00,page_view,web,2026-04-03,4
U00389,2026-01-23 12:26:00,session_start,unknown,2026-01-23,12
U00389,2026-01-31 14:28:00,session_start,unknown,2026-01-31,14
U00389,2026-01-25 10:20:00,page_view,unknown,2026-01-25,10
U00389,2026-01-22 23:33:00,login,mobile,2026-01-22,23
U00389,2026-01-23 22:12:00,session_end,mobile,2026-01-23,22
U00389,2026-02-02 23:42:00,logout,web,2026-02-02,23
U00389,2026-02-03 14:35:00,logout,unknown,2026-02-03,14
U00390,2026-04-17 20:19:00,login,unknown,2026-04-17,20
U00390,2026-04-14 15:06:00,session_end,unknown,2026-04-14,15
U00390,2026-04-16 19:26:00,login,mobile,2026-04-16,19
U00391,2026-01-27 10:35:00,login,unknown,2026-01-27,10
U00391,2026-02-07 16:27:00,login,unknown,2026-02-07,16
U00391,2026-01-24 22:13:00,session_start,mobile,2026-01-24,22
U00391,2026-01-28 23:43:00,session_end,mobile,2026-01-28,23
U00391,2026-02-03 12:36:00,logout,mobile,2026-02-03,12
U00391,2026-01-26 13:20:00,session_start,mobile,2026-01-26,13
U00391,2026-02-06 23:08:00,logout,unknown,2026-02-06,23
U00391,2026-01-29 19:59:00,logout,web,2026-01-29,19
U00391,2026-02-03 03:50:00,login,web,2026-02-03,3
U00391,2026-01-24 00:58:00,logout,web,2026-01-24,0
U00391,2026-01-29 02:20:00,login,mobile,2026-01-29,2
U00392,2026-03-20 04:13:00,login,web,2026-03-20,4
U00392,2026-03-14 19:58:00,login,unknown,2026-03-14,19
U00392,2026-03-16 10:45:00,login,web,2026-03-16,10
U00392,2026-03-13 03:51:00,session_end,mobile,2026-03-13,3
U00392,2026-03-23 04:10:00,session_start,web,2026-03-23,4
U00392,2026-03-17 19:26:00,login,unknown,2026-03-17,19
U00392,2026-03-20 08:44:00,logout,mobile,2026-03-20,8
U00393,2026-04-28 21:09:00,session_start,web,2026-04-28,21
U00393,2026-05-09 01:08:00,session_start,unknown,2026-05-09,1
U00393,2026-05-03 15:10:00,logout,web,2026-05-03,15
U00393,2026-05-06 22:52:00,login,unknown,2026-05-06,22
U00393,2026-05-06 18:11:00,session_start,web,2026-05-06,18
U00393,2026-05-04 21:36:00,login,web,2026-05-04,21
U00393,2026-04-28 11:04:00,login,mobile,2026-04-28,11
U00393,2026-05-06 09:43:00,session_start,mobile,2026-05-06,9
U00393,2026-04-28 21:12:00,page_view,web,2026-04-28,21
U00393,2026-05-01 22:50:00,logout,web,2026-05-01,22
U00393,2026-05-02 19:51:00,session_start,web,2026-05-02,19
U00393,2026-05-06 18:26:00,login,web,2026-05-06,18
U00393,2026-05-10 08:12:00,session_end,web,2026-05-10,8
U00394,2026-06-07 00:31:00,login,mobile,2026-06-07,0
U00394,2026-05-30 20:15:00,page_view,web,2026-05-30,20
U00394,2026-06-03 14:27:00,login,web,2026-06-03,14
U00394,2026-06-03 23:48:00,page_view,unknown,2026-06-03,23
U00395,2026-02-07 02:21:00,session_end,web,2026-02-07,2
U00395,2026-01-30 19:00:00,page_view,web,2026-01-30,19
U00395,2026-02-01 12:12:00,session_start,unknown,2026-02-01,12
U00396,2026-05-07 01:44:00,page_view,web,2026-05-07,1
U00396,2026-05-12 12:21:00,login,unknown,2026-05-12,12
U00396,2026-05-07 22:21:00,login,web,2026-05-07,22
U00396,2026-05-12 08:35:00,login,unknown,2026-05-12,8
U00397,2026-05-28 08:05:00,session_start,web,2026-05-28,8
U00397,2026-06-05 21:58:00,login,web,2026-06-05,21
U00397,2026-05-24 04:51:00,logout,web,2026-05-24,4
U00397,2026-05-27 02:11:00,login,web,2026-05-27,2
U00398,2026-06-17 18:51:00,login,web,2026-06-17,18
U00398,2026-06-28 02:00:00,page_view,web,2026-06-28,2
U00398,2026-06-26 10:55:00,session_end,web,2026-06-26,10
U00398,2026-06-17 18:40:00,logout,unknown,2026-06-17,18
U00398,2026-06-25 10:50:00,page_view,web,2026-06-25,10
U00399,2026-05-08 03:03:00,page_view,mobile,2026-05-08,3
U00399,2026-05-02 23:59:00,login,mobile,2026-05-02,23
U00399,2026-04-30 22:05:00,login,unknown,2026-04-30,22
U00399,2026-05-11 21:14:00,login,web,2026-05-11,21
U00399,2026-05-10 02:24:00,login,mobile,2026-05-10,2
U00399,2026-05-06 06:45:00,session_start,mobile,2026-05-06,6
U00399,2026-05-06 09:46:00,page_view,web,2026-05-06,9
U00399,2026-05-06 05:32:00,login,web,2026-05-06,5
U00399,2026-05-01 06:16:00,login,mobile,2026-05-01,6
U00400,2026-06-27 03:44:00,logout,web,2026-06-27,3
U00400,2026-06-19 05:54:00,login,mobile,2026-06-19,5
U00400,2026-06-18 12:40:00,logout,web,2026-06-18,12
U00400,2026-06-25 13:32:00,page_view,web,2026-06-25,13
U00400,2026-06-19 13:16:00,logout,web,2026-06-19,13
U00400,2026-06-27 07:33:00,login,web,2026-06-27,7
U00401,2026-02-09 05:04:00,login,web,2026-02-09,5
U00401,2026-02-12 11:57:00,page_view,web,2026-02-12,11
U00401,2026-02-14 13:05:00,page_view,unknown,2026-02-14,13
U00401,2026-02-05 23:43:00,login,web,2026-02-05,23
U00401,2026-02-14 11:44:00,page_view,web,2026-02-14,11
U00401,2026-02-14 08:46:00,logout,web,2026-02-14,8
U00401,2026-02-12 11:47:00,logout,unknown,2026-02-12,11
U00401,2026-02-10 15:19:00,logout,unknown,2026-02-10,15
U00401,2026-02-10 17:47:00,login,mobile,2026-02-10,17
U00401,2026-02-14 05:02:00,page_view,web,2026-02-14,5
U00401,2026-02-11 14:56:00,session_start,web,2026-02-11,14
U00401,2026-02-19 12:29:00,logout,unknown,2026-02-19,12
U00401,2026-02-12 04:09:00,page_view,unknown,2026-02-12,4
U00401,2026-02-11 00:55:00,login,web,2026-02-11,0
U00402,2026-05-13 20:09:00,session_start,web,2026-05-13,20
U00402,2026-05-07 13:50:00,logout,mobile,2026-05-07,13
U00402,2026-05-09 18:11:00,login,web,2026-05-09,18
U00402,2026-05-07 12:30:00,login,web,2026-05-07,12
U00402,2026-05-12 06:01:00,session_start,unknown,2026-05-12,6
U00402,2026-05-09 09:53:00,logout,web,2026-05-09,9
U00402,2026-05-10 06:31:00,session_end,unknown,2026-05-10,6
U00402,2026-05-13 13:54:00,login,unknown,2026-05-13,13
U00402,2026-05-17 01:22:00,login,web,2026-05-17,1
U00402,2026-05-12 22:30:00,session_end,web,2026-05-12,22
U00403,2026-03-04 07:33:00,session_start,mobile,2026-03-04,7
U00404,2026-04-16 15:00:00,login,mobile,2026-04-16,15
U00404,2026-04-15 20:19:00,page_view,unknown,2026-04-15,20
U00404,2026-04-19 03:38:00,login,web,2026-04-19,3
U00404,2026-04-15 23:23:00,logout,mobile,2026-04-15,23
U00404,2026-04-15 18:30:00,login,web,2026-04-15,18
U00404,2026-04-17 11:26:00,login,mobile,2026-04-17,11
U00405,2026-05-24 22:14:00,logout,web,2026-05-24,22
U00406,2026-04-27 15:50:00,login,web,2026-04-27,15
U00406,2026-04-26 10:44:00,login,mobile,2026-04-26,10
U00406,2026-04-22 20:36:00,login,mobile,2026-04-22,20
U00406,2026-04-30 07:31:00,session_end,unknown,2026-04-30,7
U00406,2026-05-01 00:20:00,session_end,web,2026-05-01,0
U00407,2026-06-13 04:39:00,login,web,2026-06-13,4
U00407,2026-06-15 15:29:00,session_end,web,2026-06-15,15
U00407,2026-06-08 14:24:00,logout,mobile,2026-06-08,14
U00407,2026-06-19 08:45:00,login,web,2026-06-19,8
U00407,2026-06-20 01:30:00,login,mobile,2026-06-20,1
U00408,2026-01-19 00:20:00,login,unknown,2026-01-19,0
U00408,2026-01-17 04:50:00,login,web,2026-01-17,4
U00408,2026-01-16 10:38:00,session_end,mobile,2026-01-16,10
U00408,2026-01-22 20:12:00,session_end,web,2026-01-22,20
U00409,2026-04-28 23:03:00,page_view,mobile,2026-04-28,23
U00409,2026-05-02 16:18:00,login,unknown,2026-05-02,16
U00409,2026-04-30 22:52:00,logout,web,2026-04-30,22
U00409,2026-04-28 08:13:00,login,web,2026-04-28,8
U00409,2026-04-24 00:41:00,page_view,unknown,2026-04-24,0
U00409,2026-04-25 11:29:00,logout,mobile,2026-04-25,11
U00409,2026-05-01 20:24:00,session_end,mobile,2026-05-01,20
U00409,2026-05-03 14:48:00,login,web,2026-05-03,14
U00409,2026-05-08 08:29:00,login,mobile,2026-05-08,8
U00409,2026-05-05 19:29:00,login,mobile,2026-05-05,19
U00409,2026-05-03 04:20:00,login,web,2026-05-03,4
U00410,2026-04-03 10:35:00,session_start,web,2026-04-03,10
U00410,2026-04-05 10:53:00,page_view,unknown,2026-04-05,10
U00410,2026-04-11 00:40:00,session_start,web,2026-04-11,0
U00411,2026-05-26 05:20:00,session_end,web,2026-05-26,5
U00411,2026-05-30 09:20:00,session_end,web,2026-05-30,9
U00411,2026-06-03 16:03:00,page_view,mobile,2026-06-03,16
U00411,2026-05-27 02:59:00,login,mobile,2026-05-27,2
U00411,2026-05-22 03:33:00,login,mobile,2026-05-22,3
U00411,2026-05-21 11:22:00,login,web,2026-05-21,11
U00412,2026-01-22 10:48:00,login,unknown,2026-01-22,10
U00413,2026-02-24 17:03:00,session_end,unknown,2026-02-24,17
U00413,2026-02-28 12:44:00,login,web,2026-02-28,12
U00413,2026-03-03 06:28:00,login,web,2026-03-03,6
U00413,2026-03-02 08:14:00,login,web,2026-03-02,8
U00414,2026-02-03 21:35:00,login,web,2026-02-03,21
U00414,2026-02-03 22:14:00,session_start,web,2026-02-03,22
U00414,2026-01-24 07:48:00,login,mobile,2026-01-24,7
U00414,2026-02-06 04:32:00,login,web,2026-02-06,4
U00414,2026-01-30 20:42:00,session_start,web,2026-01-30,20
U00414,2026-02-01 09:31:00,login,unknown,2026-02-01,9
U00415,2026-01-14 02:02:00,login,web,2026-01-14,2
U00415,2026-01-09 07:37:00,session_start,web,2026-01-09,7
U00415,2026-01-11 22:05:00,session_end,web,2026-01-11,22
U00415,2026-01-14 05:25:00,login,mobile,2026-01-14,5
U00415,2026-01-14 00:58:00,page_view,web,2026-01-14,0
U00416,2026-02-06 17:23:00,session_end,unknown,2026-02-06,17
U00416,2026-02-04 06:48:00,session_end,web,2026-02-04,6
U00417,2026-01-23 06:20:00,login,unknown,2026-01-23,6
U00417,2026-01-19 20:18:00,session_start,web,2026-01-19,20
U00417,2026-01-25 19:41:00,page_view,unknown,2026-01-25,19
U00417,2026-01-21 05:07:00,login,unknown,2026-01-21,5
U00417,2026-01-30 03:47:00,logout,mobile,2026-01-30,3
U00417,2026-01-21 18:47:00,page_view,web,2026-01-21,18
U00417,2026-01-31 22:43:00,login,web,2026-01-31,22
U00417,2026-01-23 14:03:00,page_view,mobile,2026-01-23,14
U00418,2026-06-09 08:13:00,session_end,web,2026-06-09,8
U00418,2026-06-04 00:13:00,logout,mobile,2026-06-04,0
U00418,2026-06-13 10:13:00,session_start,unknown,2026-06-13,10
U00418,2026-06-11 10:29:00,session_start,mobile,2026-06-11,10
U00418,2026-06-14 15:30:00,session_end,web,2026-06-14,15
U00418,2026-06-12 21:54:00,login,web,2026-06-12,21
U00418,2026-06-09 03:56:00,login,web,2026-06-09,3
U00418,2026-06-09 01:54:00,login,web,2026-06-09,1
U00418,2026-06-14 00:19:00,session_start,unknown,2026-06-14,0
U00418,2026-06-11 18:10:00,login,web,2026-06-11,18
U00418,2026-06-05 06:41:00,login,unknown,2026-06-05,6
U00419,2026-04-06 11:04:00,login,unknown,2026-04-06,11
U00419,2026-04-05 00:19:00,logout,web,2026-04-05,0
U00419,2026-04-09 03:19:00,login,web,2026-04-09,3
U00419,2026-04-02 06:07:00,page_view,web,2026-04-02,6
U00419,2026-04-09 15:11:00,login,web,2026-04-09,15
U00419,2026-03-27 23:15:00,session_start,web,2026-03-27,23
U00419,2026-03-30 00:44:00,session_end,unknown,2026-03-30,0
U00420,2026-03-13 23:44:00,login,mobile,2026-03-13,23
U00420,2026-03-13 12:43:00,session_start,web,2026-03-13,12
U00420,2026-03-12 15:27:00,logout,unknown,2026-03-12,15
U00420,2026-03-18 05:00:00,session_end,web,2026-03-18,5
U00421,2026-03-16 02:49:00,login,web,2026-03-16,2
U00421,2026-03-17 15:12:00,logout,web,2026-03-17,15
U00421,2026-03-06 21:17:00,logout,mobile,2026-03-06,21
U00422,2026-01-10 22:28:00,logout,web,2026-01-10,22
U00423,2026-04-12 01:55:00,session_end,unknown,2026-04-12,1
U00423,2026-04-10 22:31:00,logout,mobile,2026-04-10,22
U00423,2026-04-13 23:03:00,login,web,2026-04-13,23
U00423,2026-04-03 19:23:00,session_start,unknown,2026-04-03,19
U00423,2026-04-10 05:23:00,page_view,web,2026-04-10,5
U00423,2026-04-13 17:34:00,login,web,2026-04-13,17
U00423,2026-04-13 20:22:00,session_start,mobile,2026-04-13,20
U00424,2026-04-02 12:23:00,session_start,web,2026-04-02,12
U00424,2026-04-05 09:09:00,logout,unknown,2026-04-05,9
U00424,2026-04-03 17:26:00,login,unknown,2026-04-03,17
U00424,2026-03-25 19:16:00,login,web,2026-03-25,19
U00424,2026-04-07 11:41:00,session_start,unknown,2026-04-07,11
U00424,2026-04-05 17:55:00,page_view,mobile,2026-04-05,17
U00424,2026-04-07 01:21:00,session_end,mobile,2026-04-07,1
U00424,2026-04-02 10:34:00,page_view,mobile,2026-04-02,10
U00424,2026-04-06 18:08:00,logout,mobile,2026-04-06,18
U00424,2026-04-06 22:25:00,login,unknown,2026-04-06,22
U00424,2026-04-07 03:32:00,session_end,web,2026-04-07,3
U00424,2026-04-01 03:36:00,login,web,2026-04-01,3
U00425,2026-01-28 17:42:00,login,mobile,2026-01-28,17
U00425,2026-01-24 22:50:00,login,unknown,2026-01-24,22
U00425,2026-01-15 10:46:00,logout,web,2026-01-15,10
U00425,2026-01-22 12:33:00,page_view,unknown,2026-01-22,12
U00426,2026-05-18 18:22:00,page_view,unknown,2026-05-18,18
U00426,2026-05-26 03:14:00,page_view,unknown,2026-05-26,3
U00426,2026-05-17 22:57:00,logout,mobile,2026-05-17,22
U00426,2026-05-26 00:57:00,logout,web,2026-05-26,0
U00426,2026-05-22 04:58:00,login,web,2026-05-22,4
U00426,2026-05-18 12:19:00,logout,mobile,2026-05-18,12
U00427,2026-01-25 20:06:00,logout,mobile,2026-01-25,20
U00427,2026-01-17 00:01:00,login,web,2026-01-17,0
U00427,2026-01-20 05:52:00,logout,web,2026-01-20,5
U00427,2026-01-18 08:28:00,login,unknown,2026-01-18,8
U00427,2026-01-22 21:25:00,login,web,2026-01-22,21
U00427,2026-01-22 12:23:00,login,web,2026-01-22,12
U00427,2026-01-23 19:37:00,session_start,web,2026-01-23,19
U00428,2026-05-22 15:02:00,session_start,web,2026-05-22,15
U00428,2026-05-17 00:16:00,page_view,unknown,2026-05-17,0
U00428,2026-05-25 12:48:00,session_end,web,2026-05-25,12
U00428,2026-05-18 22:37:00,session_end,web,2026-05-18,22
U00428,2026-05-22 15:01:00,session_start,web,2026-05-22,15
U00428,2026-05-19 02:30:00,login,web,2026-05-19,2
U00429,2026-04-27 07:46:00,logout,web,2026-04-27,7
U00429,2026-05-03 12:47:00,login,mobile,2026-05-03,12
U00429,2026-05-05 15:02:00,login,web,2026-05-05,15
U00429,2026-05-04 22:54:00,session_start,mobile,2026-05-04,22
U00429,2026-05-05 13:06:00,login,mobile,2026-05-05,13
U00429,2026-05-05 21:49:00,login,unknown,2026-05-05,21
U00429,2026-04-27 16:11:00,session_start,web,2026-04-27,16
U00429,2026-05-07 18:24:00,logout,web,2026-05-07,18
U00429,2026-04-30 18:07:00,page_view,unknown,2026-04-30,18
U00429,2026-04-28 14:18:00,logout,mobile,2026-04-28,14
U00430,2026-01-12 09:38:00,login,unknown,2026-01-12,9
U00430,2026-01-13 21:09:00,logout,web,2026-01-13,21
U00430,2026-01-15 15:31:00,login,web,2026-01-15,15
U00430,2026-01-18 23:51:00,page_view,mobile,2026-01-18,23
U00430,2026-01-24 12:02:00,login,mobile,2026-01-24,12
U00431,2026-03-22 10:55:00,page_view,unknown,2026-03-22,10
U00431,2026-03-22 22:28:00,logout,web,2026-03-22,22
U00431,2026-03-20 05:08:00,login,web,2026-03-20,5
U00431,2026-03-26 15:23:00,logout,unknown,2026-03-26,15
U00431,2026-03-19 22:33:00,page_view,web,2026-03-19,22
U00431,2026-03-29 17:06:00,session_start,unknown,2026-03-29,17
U00432,2026-01-08 08:27:00,session_end,unknown,2026-01-08,8
U00432,2026-01-09 02:05:00,login,web,2026-01-09,2
U00432,2026-01-15 12:32:00,login,mobile,2026-01-15,12
U00432,2026-01-09 00:10:00,login,mobile,2026-01-09,0
U00432,2026-01-18 06:28:00,page_view,web,2026-01-18,6
U00432,2026-01-16 08:30:00,login,mobile,2026-01-16,8
U00432,2026-01-17 13:07:00,session_end,web,2026-01-17,13
U00433,2026-04-16 06:09:00,login,mobile,2026-04-16,6
U00433,2026-04-24 22:25:00,login,web,2026-04-24,22
U00433,2026-04-13 16:50:00,login,web,2026-04-13,16
U00433,2026-04-21 21:17:00,session_end,web,2026-04-21,21
U00433,2026-04-17 04:20:00,login,unknown,2026-04-17,4
U00433,2026-04-25 06:12:00,page_view,unknown,2026-04-25,6
U00433,2026-04-20 15:13:00,login,mobile,2026-04-20,15
U00434,2026-05-12 17:40:00,page_view,web,2026-05-12,17
U00434,2026-05-08 21:08:00,logout,mobile,2026-05-08,21
U00434,2026-05-19 02:30:00,session_end,web,2026-05-19,2
U00435,2026-01-28 05:15:00,page_view,unknown,2026-01-28,5
U00435,2026-02-01 20:23:00,login,web,2026-02-01,20
U00435,2026-01-25 01:48:00,session_start,web,2026-01-25,1
U00435,2026-02-01 10:49:00,session_start,web,2026-02-01,10
U00435,2026-01-22 21:46:00,login,unknown,2026-01-22,21
U00435,2026-01-26 19:53:00,logout,mobile,2026-01-26,19
U00435,2026-01-30 04:30:00,session_end,unknown,2026-01-30,4
U00435,2026-01-29 20:10:00,login,web,2026-01-29,20
U00435,2026-01-26 02:27:00,session_end,web,2026-01-26,2
U00436,2026-02-13 02:35:00,login,mobile,2026-02-13,2
U00436,2026-02-19 20:02:00,login,web,2026-02-19,20
U00436,2026-02-13 08:29:00,page_view,web,2026-02-13,8
U00436,2026-02-11 17:38:00,login,web,2026-02-11,17
U00437,2026-03-25 15:32:00,session_start,unknown,2026-03-25,15
U00437,2026-03-24 22:37:00,page_view,mobile,2026-03-24,22
U00437,2026-03-19 10:05:00,page_view,unknown,2026-03-19,10
U00437,2026-03-17 17:33:00,session_end,web,2026-03-17,17
U00437,2026-03-16 20:17:00,login,web,2026-03-16,20
U00437,2026-03-21 16:14:00,login,web,2026-03-21,16
U00437,2026-03-26 07:36:00,login,web,2026-03-26,7
U00437,2026-03-16 06:52:00,login,unknown,2026-03-16,6
U00437,2026-03-16 08:38:00,session_start,mobile,2026-03-16,8
U00437,2026-03-24 19:56:00,logout,mobile,2026-03-24,19
U00438,2026-06-11 22:18:00,login,web,2026-06-11,22
U00438,2026-06-10 17:35:00,login,mobile,2026-06-10,17
U00438,2026-06-11 14:37:00,session_end,mobile,2026-06-11,14
U00439,2026-03-26 23:46:00,login,mobile,2026-03-26,23
U00439,2026-03-28 19:50:00,page_view,web,2026-03-28,19
U00439,2026-03-27 20:51:00,session_start,web,2026-03-27,20
U00439,2026-03-28 12:30:00,page_view,web,2026-03-28,12
U00439,2026-04-08 18:29:00,session_end,web,2026-04-08,18
U00439,2026-03-27 08:38:00,login,web,2026-03-27,8
U00440,2026-05-17 12:52:00,session_end,unknown,2026-05-17,12
U00440,2026-05-16 02:12:00,logout,web,2026-05-16,2
U00440,2026-05-30 15:29:00,session_end,web,2026-05-30,15
U00440,2026-05-24 18:26:00,login,web,2026-05-24,18
U00440,2026-05-16 13:40:00,session_start,web,2026-05-16,13
U00440,2026-05-23 13:24:00,login,web,2026-05-23,13
U00440,2026-05-18 05:07:00,login,web,2026-05-18,5
U00440,2026-05-16 02:17:00,login,web,2026-05-16,2
U00441,2026-06-06 03:59:00,page_view,unknown,2026-06-06,3
U00442,2026-02-02 01:57:00,page_view,web,2026-02-02,1
U00442,2026-01-30 03:21:00,session_end,web,2026-01-30,3
U00442,2026-02-03 13:15:00,login,mobile,2026-02-03,13
U00443,2026-05-31 19:36:00,logout,web,2026-05-31,19
U00443,2026-06-05 17:22:00,logout,mobile,2026-06-05,17
U00443,2026-05-24 00:35:00,session_end,web,2026-05-24,0
U00443,2026-06-03 07:10:00,logout,unknown,2026-06-03,7
U00443,2026-05-25 17:39:00,login,mobile,2026-05-25,17
U00443,2026-05-23 18:47:00,session_end,web,2026-05-23,18
U00443,2026-06-03 15:07:00,login,mobile,2026-06-03,15
U00443,2026-06-04 13:14:00,login,unknown,2026-06-04,13
U00443,2026-05-31 05:57:00,login,mobile,2026-05-31,5
U00443,2026-05-26 03:00:00,login,web,2026-05-26,3
U00443,2026-05-28 18:55:00,session_end,unknown,2026-05-28,18
U00443,2026-05-29 06:14:00,login,web,2026-05-29,6
U00444,2026-05-02 22:28:00,session_start,mobile,2026-05-02,22
U00444,2026-05-07 12:54:00,session_end,unknown,2026-05-07,12
U00444,2026-04-26 17:48:00,login,mobile,2026-04-26,17
U00444,2026-05-10 21:31:00,session_start,web,2026-05-10,21
U00444,2026-05-01 00:31:00,session_end,unknown,2026-05-01,0
U00444,2026-05-09 14:38:00,login,web,2026-05-09,14
U00444,2026-04-28 22:04:00,session_end,unknown,2026-04-28,22
U00445,2026-03-30 12:13:00,login,web,2026-03-30,12
U00445,2026-04-02 12:17:00,login,web,2026-04-02,12
U00445,2026-04-11 07:24:00,session_end,unknown,2026-04-11,7
U00445,2026-03-28 21:59:00,session_end,mobile,2026-03-28,21
U00445,2026-04-07 22:04:00,session_start,web,2026-04-07,22
U00446,2026-04-23 18:22:00,login,unknown,2026-04-23,18
U00446,2026-04-17 15:27:00,page_view,unknown,2026-04-17,15
U00446,2026-05-01 13:05:00,session_start,web,2026-05-01,13
U00446,2026-04-22 07:17:00,login,web,2026-04-22,7
U00446,2026-04-24 05:10:00,login,mobile,2026-04-24,5
U00446,2026-04-30 01:24:00,login,web,2026-04-30,1
U00446,2026-04-29 07:05:00,page_view,mobile,2026-04-29,7
U00446,2026-04-18 19:44:00,session_end,web,2026-04-18,19
U00446,2026-04-21 02:33:00,login,unknown,2026-04-21,2
U00446,2026-04-19 09:09:00,logout,unknown,2026-04-19,9
U00447,2026-03-26 05:14:00,session_start,web,2026-03-26,5
U00447,2026-03-24 16:04:00,login,web,2026-03-24,16
U00447,2026-03-31 01:36:00,page_view,mobile,2026-03-31,1
U00447,2026-03-26 17:30:00,session_start,mobile,2026-03-26,17
U00447,2026-03-25 00:51:00,login,web,2026-03-25,0
U00448,2026-03-08 03:17:00,logout,mobile,2026-03-08,3
U00448,2026-03-15 03:49:00,session_start,web,2026-03-15,3
U00448,2026-03-18 05:09:00,session_end,mobile,2026-03-18,5
U00448,2026-03-10 00:20:00,logout,mobile,2026-03-10,0
U00448,2026-03-19 08:32:00,logout,web,2026-03-19,8
U00448,2026-03-15 16:57:00,login,unknown,2026-03-15,16
U00448,2026-03-09 05:03:00,session_start,mobile,2026-03-09,5
U00448,2026-03-20 04:15:00,logout,web,2026-03-20,4
U00448,2026-03-16 08:29:00,login,unknown,2026-03-16,8
U00449,2026-05-04 22:07:00,page_view,mobile,2026-05-04,22
U00449,2026-05-04 20:38:00,logout,web,2026-05-04,20
U00449,2026-05-03 12:08:00,login,web,2026-05-03,12
U00449,2026-05-09 16:51:00,session_start,unknown,2026-05-09,16
U00450,2026-02-01 17:46:00,session_start,unknown,2026-02-01,17
U00450,2026-02-03 16:22:00,logout,unknown,2026-02-03,16
U00450,2026-02-05 08:33:00,session_start,mobile,2026-02-05,8
U00450,2026-02-01 15:08:00,logout,web,2026-02-01,15
U00450,2026-01-27 02:38:00,login,web,2026-01-27,2
U00451,2026-04-07 19:57:00,session_start,unknown,2026-04-07,19
U00451,2026-04-12 09:23:00,login,web,2026-04-12,9
U00451,2026-04-13 06:48:00,login,mobile,2026-04-13,6
U00451,2026-04-12 20:48:00,login,unknown,2026-04-12,20
U00452,2026-01-29 18:50:00,logout,mobile,2026-01-29,18
U00452,2026-01-26 09:25:00,login,mobile,2026-01-26,9
U00452,2026-01-16 07:57:00,session_start,web,2026-01-16,7
U00452,2026-01-23 12:29:00,page_view,unknown,2026-01-23,12
U00452,2026-01-21 06:29:00,login,unknown,2026-01-21,6
U00452,2026-01-16 07:09:00,page_view,web,2026-01-16,7
U00453,2026-03-30 11:03:00,login,unknown,2026-03-30,11
U00453,2026-04-09 12:56:00,page_view,unknown,2026-04-09,12
U00453,2026-03-27 19:18:00,login,unknown,2026-03-27,19
U00453,2026-03-26 15:04:00,login,web,2026-03-26,15
U00453,2026-03-29 09:59:00,session_end,mobile,2026-03-29,9
U00453,2026-03-26 03:09:00,page_view,web,2026-03-26,3
U00453,2026-03-26 00:32:00,login,web,2026-03-26,0
U00454,2026-04-16 14:25:00,login,unknown,2026-04-16,14
U00454,2026-04-21 19:20:00,login,web,2026-04-21,19
U00454,2026-04-16 16:37:00,login,unknown,2026-04-16,16
U00455,2026-01-26 15:27:00,logout,web,2026-01-26,15
U00455,2026-01-24 17:46:00,page_view,web,2026-01-24,17
U00455,2026-01-16 12:21:00,page_view,unknown,2026-01-16,12
U00455,2026-01-25 23:40:00,login,mobile,2026-01-25,23
U00455,2026-01-16 06:05:00,session_end,unknown,2026-01-16,6
U00455,2026-01-18 12:14:00,login,web,2026-01-18,12
U00455,2026-01-18 00:08:00,login,unknown,2026-01-18,0
U00456,2026-04-10 06:26:00,logout,mobile,2026-04-10,6
U00456,2026-04-07 17:36:00,login,mobile,2026-04-07,17
U00456,2026-04-01 02:10:00,logout,web,2026-04-01,2
U00456,2026-04-05 23:30:00,logout,web,2026-04-05,23
U00456,2026-04-04 14:58:00,login,unknown,2026-04-04,14
U00456,2026-04-02 02:42:00,session_start,web,2026-04-02,2
U00457,2026-05-19 23:23:00,logout,unknown,2026-05-19,23
U00457,2026-05-14 18:35:00,session_end,web,2026-05-14,18
U00457,2026-05-20 21:20:00,session_end,mobile,2026-05-20,21
U00457,2026-05-20 21:53:00,page_view,web,2026-05-20,21
U00458,2026-05-16 19:49:00,login,mobile,2026-05-16,19
U00458,2026-05-17 00:27:00,session_start,web,2026-05-17,0
U00458,2026-05-09 16:19:00,session_start,unknown,2026-05-09,16
U00458,2026-05-04 18:19:00,logout,web,2026-05-04,18
U00459,2026-04-01 04:35:00,login,mobile,2026-04-01,4
U00459,2026-04-14 07:29:00,login,web,2026-04-14,7
U00459,2026-04-11 17:32:00,login,unknown,2026-04-11,17
U00459,2026-04-11 12:26:00,session_end,web,2026-04-11,12
U00460,2026-03-17 02:15:00,login,unknown,2026-03-17,2
U00460,2026-03-27 21:04:00,logout,web,2026-03-27,21
U00461,2026-05-04 01:27:00,session_start,unknown,2026-05-04,1
U00461,2026-04-22 13:30:00,login,web,2026-04-22,13
U00461,2026-04-25 03:19:00,login,unknown,2026-04-25,3
U00461,2026-05-04 15:59:00,session_start,mobile,2026-05-04,15
U00461,2026-04-26 13:54:00,login,web,2026-04-26,13
U00461,2026-04-23 19:51:00,login,web,2026-04-23,19
U00461,2026-04-22 19:20:00,session_end,unknown,2026-04-22,19
U00461,2026-05-03 02:06:00,login,web,2026-05-03,2
U00461,2026-05-02 23:00:00,login,unknown,2026-05-02,23
U00462,2026-06-21 02:59:00,logout,mobile,2026-06-21,2
U00462,2026-06-14 00:30:00,login,web,2026-06-14,0
U00462,2026-06-16 09:53:00,login,web,2026-06-16,9
U00462,2026-06-24 18:05:00,login,mobile,2026-06-24,18
U00462,2026-06-28 09:21:00,login,web,2026-06-28,9
U00462,2026-06-23 02:02:00,session_end,web,2026-06-23,2
U00462,2026-06-27 06:50:00,login,unknown,2026-06-27,6
U00462,2026-06-27 15:06:00,login,web,2026-06-27,15
U00462,2026-06-23 16:04:00,logout,web,2026-06-23,16
U00462,2026-06-16 02:29:00,session_end,web,2026-06-16,2
U00463,2026-03-12 20:49:00,page_view,web,2026-03-12,20
U00463,2026-03-17 19:14:00,page_view,web,2026-03-17,19
U00463,2026-03-10 12:54:00,login,mobile,2026-03-10,12
U00464,2026-04-01 15:51:00,session_start,web,2026-04-01,15
U00464,2026-03-29 09:18:00,page_view,unknown,2026-03-29,9
U00464,2026-03-27 07:50:00,logout,web,2026-03-27,7
U00464,2026-03-31 10:13:00,login,unknown,2026-03-31,10
U00464,2026-03-23 22:09:00,login,web,2026-03-23,22
U00464,2026-03-21 18:56:00,login,mobile,2026-03-21,18
U00464,2026-03-22 14:08:00,login,web,2026-03-22,14
U00464,2026-03-25 10:44:00,login,mobile,2026-03-25,10
U00464,2026-04-01 15:27:00,session_start,web,2026-04-01,15
U00464,2026-04-04 20:42:00,page_view,web,2026-04-04,20
U00465,2026-03-02 22:13:00,session_start,web,2026-03-02,22
U00465,2026-02-21 05:25:00,login,web,2026-02-21,5
U00465,2026-02-17 01:02:00,logout,web,2026-02-17,1
U00465,2026-02-22 05:52:00,session_start,unknown,2026-02-22,5
U00465,2026-02-26 12:50:00,page_view,web,2026-02-26,12
U00465,2026-02-23 04:52:00,login,unknown,2026-02-23,4
U00465,2026-02-26 10:58:00,logout,mobile,2026-02-26,10
U00465,2026-02-16 05:16:00,session_start,web,2026-02-16,5
U00466,2026-01-25 10:09:00,login,mobile,2026-01-25,10
U00466,2026-01-21 16:38:00,session_start,web,2026-01-21,16
U00466,2026-02-01 06:46:00,login,unknown,2026-02-01,6
U00466,2026-01-18 00:40:00,login,web,2026-01-18,0
U00466,2026-01-30 19:23:00,login,web,2026-01-30,19
U00467,2026-06-13 15:49:00,logout,mobile,2026-06-13,15
U00467,2026-06-15 04:21:00,page_view,web,2026-06-15,4
U00467,2026-06-20 12:56:00,session_end,mobile,2026-06-20,12
U00467,2026-06-18 23:51:00,login,unknown,2026-06-18,23
U00467,2026-06-23 18:35:00,login,unknown,2026-06-23,18
U00467,2026-06-12 09:21:00,login,unknown,2026-06-12,9
U00467,2026-06-21 20:50:00,login,unknown,2026-06-21,20
U00468,2026-03-10 13:59:00,session_start,mobile,2026-03-10,13
U00468,2026-03-11 10:53:00,session_end,mobile,2026-03-11,10
U00468,2026-03-04 08:19:00,page_view,web,2026-03-04,8
U00468,2026-03-10 07:42:00,session_end,web,2026-03-10,7
U00468,2026-03-03 08:00:00,session_end,mobile,2026-03-03,8
U00468,2026-02-25 07:52:00,session_start,mobile,2026-02-25,7
U00468,2026-03-03 00:27:00,login,web,2026-03-03,0
U00469,2026-05-09 08:34:00,logout,unknown,2026-05-09,8
U00469,2026-04-27 16:55:00,page_view,web,2026-04-27,16
U00469,2026-05-09 19:42:00,login,unknown,2026-05-09,19
U00469,2026-05-06 06:34:00,page_view,web,2026-05-06,6
U00469,2026-05-09 03:54:00,login,unknown,2026-05-09,3
U00470,2026-04-13 23:21:00,login,mobile,2026-04-13,23
U00470,2026-04-05 21:27:00,login,web,2026-04-05,21
U00470,2026-04-15 07:30:00,login,web,2026-04-15,7
U00470,2026-04-07 23:46:00,login,mobile,2026-04-07,23
U00471,2026-04-04 09:42:00,login,unknown,2026-04-04,9
U00471,2026-03-27 13:13:00,page_view,mobile,2026-03-27,13
U00471,2026-03-30 03:48:00,login,web,2026-03-30,3
U00471,2026-04-02 22:35:00,page_view,web,2026-04-02,22
U00471,2026-03-26 04:55:00,login,web,2026-03-26,4
U00471,2026-03-28 02:49:00,logout,web,2026-03-28,2
U00471,2026-03-27 03:48:00,session_start,web,2026-03-27,3
U00471,2026-03-26 16:49:00,logout,unknown,2026-03-26,16
U00471,2026-04-02 03:30:00,page_view,web,2026-04-02,3
U00472,2026-02-03 02:22:00,logout,web,2026-02-03,2
U00472,2026-01-27 05:24:00,logout,mobile,2026-01-27,5
U00472,2026-01-30 08:46:00,login,web,2026-01-30,8
U00472,2026-01-23 05:09:00,login,mobile,2026-01-23,5
U00472,2026-01-30 22:34:00,login,unknown,2026-01-30,22
U00473,2026-06-22 20:22:00,login,web,2026-06-22,20
U00473,2026-06-21 12:50:00,logout,unknown,2026-06-21,12
U00473,2026-06-09 16:49:00,logout,unknown,2026-06-09,16
U00473,2026-06-11 05:12:00,session_end,unknown,2026-06-11,5
U00473,2026-06-20 18:47:00,page_view,web,2026-06-20,18
U00474,2026-03-22 07:53:00,page_view,unknown,2026-03-22,7
U00474,2026-03-19 14:24:00,login,web,2026-03-19,14
U00475,2026-04-22 01:02:00,session_start,mobile,2026-04-22,1
U00475,2026-04-19 18:22:00,login,web,2026-04-19,18
U00475,2026-04-29 10:26:00,page_view,web,2026-04-29,10
U00475,2026-04-24 14:05:00,login,web,2026-04-24,14
U00475,2026-04-28 16:35:00,logout,web,2026-04-28,16
U00476,2026-05-03 04:30:00,session_start,web,2026-05-03,4
U00476,2026-04-25 19:51:00,login,web,2026-04-25,19
U00476,2026-04-27 09:34:00,logout,unknown,2026-04-27,9
U00476,2026-04-28 01:54:00,login,web,2026-04-28,1
U00476,2026-04-28 21:08:00,page_view,web,2026-04-28,21
U00476,2026-05-07 12:09:00,login,web,2026-05-07,12
U00476,2026-05-07 13:04:00,session_end,web,2026-05-07,13
U00476,2026-04-25 15:19:00,page_view,web,2026-04-25,15
U00476,2026-04-30 00:01:00,login,web,2026-04-30,0
U00476,2026-04-26 22:05:00,logout,mobile,2026-04-26,22
U00476,2026-05-08 16:38:00,session_end,web,2026-05-08,16
U00476,2026-04-29 03:06:00,login,web,2026-04-29,3
U00476,2026-04-29 03:11:00,session_end,mobile,2026-04-29,3
U00476,2026-05-03 02:14:00,login,web,2026-05-03,2
U00477,2026-05-16 17:48:00,session_end,web,2026-05-16,17
U00477,2026-05-24 22:35:00,session_end,web,2026-05-24,22
U00478,2026-02-12 17:42:00,login,web,2026-02-12,17
U00479,2026-06-15 12:48:00,login,web,2026-06-15,12
U00479,2026-06-15 13:05:00,page_view,web,2026-06-15,13
U00479,2026-06-05 23:03:00,login,web,2026-06-05,23
U00480,2026-03-21 18:00:00,login,unknown,2026-03-21,18
U00480,2026-03-20 15:51:00,login,unknown,2026-03-20,15
U00480,2026-03-28 03:16:00,login,mobile,2026-03-28,3
U00480,2026-03-21 10:10:00,login,web,2026-03-21,10
U00480,2026-03-30 00:30:00,login,mobile,2026-03-30,0
U00480,2026-03-22 23:52:00,logout,mobile,2026-03-22,23
U00481,2026-04-18 00:43:00,session_end,web,2026-04-18,0
U00481,2026-04-21 23:49:00,logout,mobile,2026-04-21,23
U00481,2026-04-19 17:15:00,login,unknown,2026-04-19,17
U00481,2026-04-15 19:42:00,session_start,mobile,2026-04-15,19
U00482,2026-01-15 16:18:00,login,mobile,2026-01-15,16
U00482,2026-01-08 18:26:00,session_end,web,2026-01-08,18
U00482,2026-01-06 07:39:00,logout,web,2026-01-06,7
U00482,2026-01-13 13:16:00,page_view,unknown,2026-01-13,13
U00482,2026-01-02 03:25:00,session_end,mobile,2026-01-02,3
U00483,2026-02-16 08:44:00,login,mobile,2026-02-16,8
U00483,2026-02-18 20:37:00,login,mobile,2026-02-18,20
U00483,2026-02-07 22:02:00,login,mobile,2026-02-07,22
U00483,2026-02-16 01:46:00,login,unknown,2026-02-16,1
U00483,2026-02-07 06:17:00,login,web,2026-02-07,6
U00483,2026-02-15 06:45:00,login,web,2026-02-15,6
U00483,2026-02-11 03:21:00,login,unknown,2026-02-11,3
U00484,2026-02-02 04:46:00,page_view,web,2026-02-02,4
U00484,2026-02-13 11:20:00,session_start,unknown,2026-02-13,11
U00484,2026-02-10 16:43:00,login,unknown,2026-02-10,16
U00484,2026-02-10 06:54:00,page_view,mobile,2026-02-10,6
U00484,2026-02-03 12:22:00,login,mobile,2026-02-03,12
U00484,2026-02-07 15:17:00,session_start,web,2026-02-07,15
U00484,2026-02-04 00:27:00,session_start,mobile,2026-02-04,0
U00484,2026-01-31 01:47:00,session_start,web,2026-01-31,1
U00484,2026-02-03 13:07:00,login,mobile,2026-02-03,13
U00484,2026-02-04 08:11:00,session_start,web,2026-02-04,8
U00484,2026-02-07 16:04:00,session_end,unknown,2026-02-07,16
U00484,2026-02-05 09:41:00,login,unknown,2026-02-05,9
U00485,2026-02-17 22:55:00,login,unknown,2026-02-17,22
U00485,2026-02-20 08:10:00,session_start,mobile,2026-02-20,8
U00485,2026-02-21 04:01:00,logout,mobile,2026-02-21,4
U00485,2026-02-24 15:24:00,login,mobile,2026-02-24,15
U00485,2026-02-15 08:46:00,login,web,2026-02-15,8
U00485,2026-02-25 03:17:00,logout,web,2026-02-25,3
U00486,2026-05-28 12:01:00,login,web,2026-05-28,12
U00486,2026-05-20 09:16:00,logout,mobile,2026-05-20,9
U00486,2026-05-29 21:59:00,session_end,mobile,2026-05-29,21
U00486,2026-05-27 15:33:00,login,mobile,2026-05-27,15
U00486,2026-05-17 10:49:00,page_view,unknown,2026-05-17,10
U00486,2026-05-26 10:00:00,session_start,mobile,2026-05-26,10
U00487,2026-05-11 03:46:00,login,unknown,2026-05-11,3
U00487,2026-05-13 22:51:00,login,mobile,2026-05-13,22
U00487,2026-05-19 12:42:00,logout,web,2026-05-19,12
U00488,2026-04-02 12:30:00,session_end,mobile,2026-04-02,12
U00488,2026-04-15 07:20:00,login,web,2026-04-15,7
U00488,2026-04-06 15:48:00,login,web,2026-04-06,15
U00488,2026-04-08 07:27:00,session_end,web,2026-04-08,7
U00488,2026-04-12 02:06:00,session_end,mobile,2026-04-12,2
U00488,2026-04-04 13:55:00,login,mobile,2026-04-04,13
U00488,2026-04-08 13:34:00,page_view,web,2026-04-08,13
U00489,2026-04-23 21:35:00,session_start,mobile,2026-04-23,21
U00489,2026-04-25 23:13:00,login,web,2026-04-25,23
U00489,2026-04-23 01:16:00,login,unknown,2026-04-23,1
U00489,2026-04-23 08:41:00,session_end,unknown,2026-04-23,8
U00489,2026-05-06 06:05:00,login,mobile,2026-05-06,6
U00489,2026-05-01 03:05:00,logout,web,2026-05-01,3
U00489,2026-05-04 19:34:00,page_view,mobile,2026-05-04,19
U00490,2026-01-20 15:44:00,login,mobile,2026-01-20,15
U00490,2026-01-30 22:46:00,login,unknown,2026-01-30,22
U00490,2026-02-02 06:50:00,session_start,web,2026-02-02,6
U00490,2026-01-21 02:32:00,session_end,mobile,2026-01-21,2
U00490,2026-02-03 18:17:00,login,unknown,2026-02-03,18
U00490,2026-01-31 11:59:00,login,unknown,2026-01-31,11
U00490,2026-01-28 22:10:00,login,web,2026-01-28,22
U00490,2026-01-30 18:01:00,page_view,web,2026-01-30,18
U00491,2026-04-23 05:52:00,login,mobile,2026-04-23,5
U00491,2026-05-01 01:46:00,login,mobile,2026-05-01,1
U00491,2026-05-03 06:12:00,login,web,2026-05-03,6
U00491,2026-04-27 01:42:00,session_start,mobile,2026-04-27,1
U00491,2026-04-29 04:02:00,login,mobile,2026-04-29,4
U00491,2026-04-25 20:48:00,logout,web,2026-04-25,20
U00491,2026-05-03 21:27:00,login,web,2026-05-03,21
U00491,2026-05-03 05:30:00,session_start,web,2026-05-03,5
U00491,2026-04-22 11:02:00,session_end,mobile,2026-04-22,11
U00492,2026-06-23 13:06:00,login,mobile,2026-06-23,13
U00492,2026-06-16 02:09:00,session_start,web,2026-06-16,2
U00492,2026-06-19 07:44:00,logout,mobile,2026-06-19,7
U00493,2026-04-18 22:33:00,page_view,web,2026-04-18,22
U00493,2026-04-28 14:10:00,logout,mobile,2026-04-28,14
U00493,2026-04-21 13:11:00,session_end,unknown,2026-04-21,13
U00493,2026-04-18 10:16:00,session_end,mobile,2026-04-18,10
U00493,2026-04-28 23:51:00,logout,web,2026-04-28,23
U00493,2026-04-17 12:18:00,session_start,unknown,2026-04-17,12
U00493,2026-04-28 02:55:00,session_end,web,2026-04-28,2
U00494,2026-02-25 22:08:00,login,mobile,2026-02-25,22
U00494,2026-02-24 22:34:00,logout,web,2026-02-24,22
U00494,2026-02-21 15:25:00,page_view,mobile,2026-02-21,15
U00494,2026-02-13 16:11:00,session_end,mobile,2026-02-13,16
U00494,2026-02-25 04:15:00,login,web,2026-02-25,4
U00494,2026-02-16 17:35:00,login,web,2026-02-16,17
U00494,2026-02-21 17:05:00,login,web,2026-02-21,17
U00494,2026-02-18 17:08:00,logout,mobile,2026-02-18,17
U00494,2026-02-13 13:31:00,logout,mobile,2026-02-13,13
U00494,2026-02-15 07:44:00,page_view,web,2026-02-15,7
U00495,2026-04-11 04:39:00,session_start,web,2026-04-11,4
U00495,2026-04-09 23:40:00,session_end,web,2026-04-09,23
U00495,2026-04-14 10:29:00,login,web,2026-04-14,10
U00495,2026-04-16 10:01:00,login,web,2026-04-16,10
U00495,2026-04-15 00:49:00,page_view,web,2026-04-15,0
U00495,2026-04-16 23:01:00,login,web,2026-04-16,23
U00495,2026-04-05 23:51:00,page_view,web,2026-04-05,23
U00495,2026-04-04 22:12:00,session_start,web,2026-04-04,22
U00495,2026-04-10 17:41:00,login,web,2026-04-10,17
U00495,2026-04-15 20:47:00,session_end,web,2026-04-15,20
U00496,2026-02-08 04:22:00,login,unknown,2026-02-08,4
U00496,2026-02-07 03:50:00,session_end,web,2026-02-07,3
U00496,2026-02-09 09:16:00,login,web,2026-02-09,9
U00496,2026-02-05 04:38:00,page_view,unknown,2026-02-05,4
U00496,2026-02-01 15:33:00,logout,web,2026-02-01,15
U00496,2026-01-30 05:52:00,logout,web,2026-01-30,5
U00496,2026-02-05 19:50:00,login,web,2026-02-05,19
U00496,2026-02-03 15:02:00,session_end,unknown,2026-02-03,15
U00497,2026-06-07 00:02:00,session_end,web,2026-06-07,0
U00497,2026-05-31 21:16:00,login,unknown,2026-05-31,21
U00497,2026-06-05 20:21:00,login,web,2026-06-05,20
U00497,2026-06-11 16:17:00,session_end,mobile,2026-06-11,16
U00497,2026-06-06 12:36:00,login,mobile,2026-06-06,12
U00497,2026-06-06 04:51:00,login,mobile,2026-06-06,4
U00497,2026-06-05 11:42:00,login,web,2026-06-05,11
U00497,2026-06-04 05:50:00,session_end,unknown,2026-06-04,5
U00497,2026-06-11 01:35:00,page_view,web,2026-06-11,1
U00497,2026-06-10 15:03:00,session_start,mobile,2026-06-10,15
U00498,2026-01-24 13:38:00,logout,unknown,2026-01-24,13
U00498,2026-01-30 11:50:00,login,mobile,2026-01-30,11
U00498,2026-01-23 02:03:00,login,web,2026-01-23,2
U00498,2026-02-04 03:55:00,session_start,web,2026-02-04,3
U00498,2026-02-03 16:07:00,session_end,web,2026-02-03,16
U00498,2026-01-25 20:46:00,login,mobile,2026-01-25,20
U00498,2026-01-29 15:31:00,login,mobile,2026-01-29,15
U00498,2026-01-27 22:48:00,login,web,2026-01-27,22
U00499,2026-04-03 08:15:00,login,web,2026-04-03,8
U00499,2026-03-30 22:25:00,session_end,web,2026-03-30,22
U00499,2026-04-08 05:33:00,session_end,web,2026-04-08,5
U00499,2026-04-03 09:10:00,login,mobile,2026-04-03,9
U00499,2026-04-11 13:48:00,page_view,mobile,2026-04-11,13
U00499,2026-04-02 23:46:00,logout,unknown,2026-04-02,23
U00499,2026-03-31 03:19:00,logout,web,2026-03-31,3
U00499,2026-03-29 14:55:00,login,unknown,2026-03-29,14
U00499,2026-04-01 20:24:00,login,web,2026-04-01,20
U00500,2026-02-01 11:48:00,login,web,2026-02-01,11
U00500,2026-01-22 12:50:00,login,web,2026-01-22,12
U00500,2026-01-25 17:43:00,login,web,2026-01-25,17
U00500,2026-01-23 23:01:00,page_view,web,2026-01-23,23
U00500,2026-01-27 12:19:00,session_start,web,2026-01-27,12
U00500,2026-02-02 09:32:00,session_end,web,2026-02-02,9
U00500,2026-02-01 07:46:00,login,web,2026-02-01,7
U00500,2026-01-23 17:44:00,session_end,mobile,2026-01-23,17
U00500,2026-02-02 08:21:00,page_view,mobile,2026-02-02,8
U00500,2026-01-27 19:53:00,page_view,web,2026-01-27,19
U00500,2026-01-30 22:21:00,login,web,2026-01-30,22
U00500,2026-01-30 20:03:00,logout,web,2026-01-30,20
U00501,2026-02-02 06:58:00,login,mobile,2026-02-02,6
U00501,2026-02-11 11:12:00,logout,web,2026-02-11,11
U00501,2026-02-08 10:56:00,page_view,web,2026-02-08,10
U00501,2026-02-05 23:14:00,logout,mobile,2026-02-05,23
U00501,2026-02-11 03:05:00,login,unknown,2026-02-11,3
U00501,2026-02-07 14:46:00,logout,web,2026-02-07,14
U00501,2026-02-07 01:38:00,login,mobile,2026-02-07,1
U00502,2026-04-09 02:40:00,page_view,mobile,2026-04-09,2
U00502,2026-04-07 06:08:00,session_start,web,2026-04-07,6
U00502,2026-04-03 01:56:00,session_start,web,2026-04-03,1
U00503,2026-06-26 02:05:00,logout,unknown,2026-06-26,2
U00503,2026-06-27 10:24:00,login,unknown,2026-06-27,10
U00503,2026-06-23 13:49:00,session_end,web,2026-06-23,13
U00503,2026-06-15 05:13:00,logout,web,2026-06-15,5
U00504,2026-02-19 00:37:00,login,web,2026-02-19,0
U00504,2026-02-19 13:07:00,session_end,mobile,2026-02-19,13
U00504,2026-02-20 19:33:00,login,mobile,2026-02-20,19
U00504,2026-02-18 12:21:00,session_start,unknown,2026-02-18,12
U00505,2026-06-08 23:18:00,logout,web,2026-06-08,23
U00505,2026-06-15 13:58:00,login,mobile,2026-06-15,13
U00505,2026-06-10 11:39:00,logout,web,2026-06-10,11
U00505,2026-06-06 01:04:00,login,web,2026-06-06,1
U00505,2026-06-16 03:55:00,session_end,web,2026-06-16,3
U00505,2026-06-05 17:18:00,login,mobile,2026-06-05,17
U00505,2026-06-10 16:30:00,login,web,2026-06-10,16
U00506,2026-02-24 04:48:00,session_start,mobile,2026-02-24,4
U00506,2026-02-17 23:10:00,login,mobile,2026-02-17,23
U00506,2026-02-16 07:28:00,login,web,2026-02-16,7
U00506,2026-02-20 13:04:00,login,web,2026-02-20,13
U00506,2026-03-01 01:44:00,page_view,web,2026-03-01,1
U00506,2026-02-17 16:34:00,session_start,web,2026-02-17,16
U00507,2026-05-12 11:40:00,login,web,2026-05-12,11
U00507,2026-05-02 15:59:00,session_start,unknown,2026-05-02,15
U00507,2026-05-05 23:02:00,session_end,web,2026-05-05,23
U00507,2026-04-30 23:08:00,session_start,web,2026-04-30,23
U00508,2026-04-25 06:55:00,login,mobile,2026-04-25,6
U00508,2026-04-30 12:25:00,session_end,web,2026-04-30,12
U00508,2026-05-08 00:24:00,login,unknown,2026-05-08,0
U00508,2026-04-26 10:47:00,login,web,2026-04-26,10
U00508,2026-04-27 06:16:00,login,web,2026-04-27,6
U00508,2026-04-25 13:32:00,session_end,mobile,2026-04-25,13
U00509,2026-06-20 18:06:00,session_start,unknown,2026-06-20,18
U00509,2026-06-20 17:41:00,login,mobile,2026-06-20,17
U00509,2026-06-22 08:18:00,page_view,web,2026-06-22,8
U00509,2026-06-15 07:19:00,session_end,web,2026-06-15,7
U00509,2026-06-26 16:28:00,logout,mobile,2026-06-26,16
U00509,2026-06-19 09:15:00,session_start,mobile,2026-06-19,9
U00509,2026-06-20 01:13:00,login,web,2026-06-20,1
U00510,2026-06-19 23:07:00,login,web,2026-06-19,23
U00510,2026-06-20 11:28:00,page_view,web,2026-06-20,11
U00510,2026-06-19 01:32:00,login,web,2026-06-19,1
U00510,2026-06-22 09:18:00,session_end,mobile,2026-06-22,9
U00510,2026-06-24 00:45:00,session_start,web,2026-06-24,0
U00510,2026-06-19 05:25:00,logout,unknown,2026-06-19,5
U00510,2026-06-22 19:36:00,logout,unknown,2026-06-22,19
U00510,2026-06-23 21:18:00,logout,unknown,2026-06-23,21
U00510,2026-06-11 16:18:00,login,web,2026-06-11,16
U00510,2026-06-19 12:40:00,session_end,mobile,2026-06-19,12
U00511,2026-04-25 10:36:00,login,web,2026-04-25,10
U00511,2026-04-23 16:56:00,login,mobile,2026-04-23,16
U00511,2026-04-25 06:06:00,login,mobile,2026-04-25,6
U00511,2026-04-27 04:49:00,session_start,unknown,2026-04-27,4
U00511,2026-05-02 17:03:00,session_start,web,2026-05-02,17
U00511,2026-05-01 15:09:00,session_start,web,2026-05-01,15
U00511,2026-04-30 13:57:00,login,unknown,2026-04-30,13
U00511,2026-04-25 23:13:00,login,mobile,2026-04-25,23
U00511,2026-05-01 19:14:00,login,web,2026-05-01,19
U00511,2026-05-03 07:57:00,session_end,mobile,2026-05-03,7
U00511,2026-05-03 17:48:00,login,web,2026-05-03,17
U00511,2026-05-06 00:57:00,login,unknown,2026-05-06,0
U00512,2026-06-25 21:07:00,login,unknown,2026-06-25,21
U00512,2026-06-16 00:35:00,logout,mobile,2026-06-16,0
U00512,2026-06-17 18:48:00,login,mobile,2026-06-17,18
U00512,2026-06-17 21:17:00,login,unknown,2026-06-17,21
U00513,2026-01-24 12:22:00,session_start,web,2026-01-24,12
U00513,2026-01-29 06:00:00,session_end,unknown,2026-01-29,6
U00513,2026-01-27 13:06:00,page_view,mobile,2026-01-27,13
U00513,2026-01-27 06:51:00,session_end,web,2026-01-27,6
U00513,2026-01-24 10:59:00,logout,web,2026-01-24,10
U00514,2026-01-23 06:49:00,login,unknown,2026-01-23,6
U00514,2026-01-27 04:15:00,session_end,web,2026-01-27,4
U00514,2026-02-01 16:17:00,page_view,web,2026-02-01,16
U00514,2026-02-01 00:53:00,login,unknown,2026-02-01,0
U00514,2026-01-31 07:00:00,login,unknown,2026-01-31,7
U00515,2026-01-19 12:58:00,session_start,web,2026-01-19,12
U00515,2026-01-10 03:53:00,logout,unknown,2026-01-10,3
U00515,2026-01-18 06:04:00,login,mobile,2026-01-18,6
U00515,2026-01-23 19:21:00,logout,web,2026-01-23,19
U00515,2026-01-10 02:24:00,session_end,web,2026-01-10,2
U00515,2026-01-19 20:17:00,login,web,2026-01-19,20
U00515,2026-01-20 19:04:00,logout,web,2026-01-20,19
U00516,2026-03-15 14:26:00,logout,mobile,2026-03-15,14
U00516,2026-03-28 20:33:00,login,unknown,2026-03-28,20
U00517,2026-02-03 13:40:00,login,web,2026-02-03,13
U00517,2026-02-04 11:14:00,page_view,web,2026-02-04,11
U00517,2026-01-28 00:57:00,session_start,unknown,2026-01-28,0
U00517,2026-01-31 19:18:00,session_start,mobile,2026-01-31,19
U00517,2026-01-24 22:28:00,login,unknown,2026-01-24,22
U00517,2026-02-05 13:42:00,login,mobile,2026-02-05,13
U00518,2026-04-14 00:35:00,logout,web,2026-04-14,0
U00518,2026-04-20 15:46:00,page_view,unknown,2026-04-20,15
U00518,2026-04-23 12:59:00,login,mobile,2026-04-23,12
U00518,2026-04-18 22:59:00,session_end,web,2026-04-18,22
U00518,2026-04-21 08:01:00,session_start,web,2026-04-21,8
U00518,2026-04-10 06:12:00,login,unknown,2026-04-10,6
U00518,2026-04-12 02:59:00,login,web,2026-04-12,2
U00519,2026-01-16 22:59:00,login,mobile,2026-01-16,22
U00519,2026-01-16 12:06:00,session_start,web,2026-01-16,12
U00519,2026-01-18 00:13:00,logout,mobile,2026-01-18,0
U00519,2026-01-21 03:05:00,session_end,mobile,2026-01-21,3
U00519,2026-01-11 12:07:00,login,unknown,2026-01-11,12
U00519,2026-01-14 16:42:00,login,mobile,2026-01-14,16
U00519,2026-01-18 15:34:00,session_end,web,2026-01-18,15
U00519,2026-01-17 03:12:00,login,unknown,2026-01-17,3
U00519,2026-01-12 21:34:00,login,web,2026-01-12,21
U00520,2026-06-20 18:03:00,page_view,mobile,2026-06-20,18
U00520,2026-06-29 18:20:00,login,mobile,2026-06-29,18
U00520,2026-06-29 12:18:00,session_end,web,2026-06-29,12
U00520,2026-06-29 03:27:00,login,web,2026-06-29,3
U00520,2026-06-16 07:28:00,login,web,2026-06-16,7
U00521,2026-06-17 03:25:00,session_start,web,2026-06-17,3
U00521,2026-06-18 04:57:00,session_start,unknown,2026-06-18,4
U00521,2026-06-14 16:10:00,login,web,2026-06-14,16
U00522,2026-02-08 05:40:00,login,unknown,2026-02-08,5
U00522,2026-02-22 18:34:00,logout,mobile,2026-02-22,18
U00522,2026-02-09 20:12:00,login,unknown,2026-02-09,20
U00522,2026-02-10 18:34:00,login,unknown,2026-02-10,18
U00522,2026-02-20 23:43:00,session_end,unknown,2026-02-20,23
U00522,2026-02-11 13:55:00,logout,mobile,2026-02-11,13
U00523,2026-04-11 17:15:00,login,mobile,2026-04-11,17
U00523,2026-04-06 21:20:00,session_start,web,2026-04-06,21
U00523,2026-04-03 07:36:00,logout,unknown,2026-04-03,7
U00523,2026-04-09 00:31:00,logout,unknown,2026-04-09,0
U00523,2026-04-04 21:59:00,login,unknown,2026-04-04,21
U00524,2026-05-17 22:03:00,session_start,unknown,2026-05-17,22
U00524,2026-05-13 12:33:00,logout,mobile,2026-05-13,12
U00524,2026-05-23 00:23:00,logout,web,2026-05-23,0
U00524,2026-05-16 17:09:00,login,mobile,2026-05-16,17
U00524,2026-05-12 07:40:00,login,web,2026-05-12,7
U00524,2026-05-20 05:05:00,session_start,web,2026-05-20,5
U00524,2026-05-10 10:34:00,session_start,web,2026-05-10,10
U00525,2026-01-21 08:25:00,session_end,mobile,2026-01-21,8
U00525,2026-01-22 02:33:00,page_view,mobile,2026-01-22,2
U00526,2026-04-24 18:08:00,login,unknown,2026-04-24,18
U00526,2026-04-30 19:02:00,session_end,web,2026-04-30,19
U00526,2026-04-26 13:39:00,session_end,web,2026-04-26,13
U00526,2026-05-05 17:55:00,login,mobile,2026-05-05,17
U00526,2026-04-25 01:54:00,login,web,2026-04-25,1
U00527,2026-05-23 22:46:00,login,unknown,2026-05-23,22
U00527,2026-05-25 19:45:00,page_view,web,2026-05-25,19
U00527,2026-05-22 09:41:00,login,web,2026-05-22,9
U00527,2026-05-28 19:21:00,logout,web,2026-05-28,19
U00527,2026-05-24 02:18:00,login,unknown,2026-05-24,2
U00527,2026-05-24 17:32:00,session_start,web,2026-05-24,17
U00527,2026-05-25 20:28:00,login,web,2026-05-25,20
U00527,2026-05-28 05:15:00,session_end,unknown,2026-05-28,5
U00527,2026-05-21 12:30:00,login,mobile,2026-05-21,12
U00527,2026-05-14 19:28:00,login,unknown,2026-05-14,19
U00528,2026-04-18 02:39:00,login,unknown,2026-04-18,2
U00528,2026-04-13 19:34:00,session_start,unknown,2026-04-13,19
U00529,2026-04-23 04:54:00,session_end,unknown,2026-04-23,4
U00529,2026-04-23 15:45:00,logout,mobile,2026-04-23,15
U00529,2026-04-28 04:20:00,session_end,mobile,2026-04-28,4
U00529,2026-04-22 23:02:00,logout,web,2026-04-22,23
U00529,2026-04-25 16:00:00,session_start,mobile,2026-04-25,16
U00529,2026-04-25 20:50:00,login,web,2026-04-25,20
U00529,2026-04-15 22:17:00,login,web,2026-04-15,22
U00529,2026-04-27 12:24:00,page_view,web,2026-04-27,12
U00529,2026-04-25 14:36:00,login,web,2026-04-25,14
U00529,2026-04-25 03:10:00,login,mobile,2026-04-25,3
U00529,2026-04-27 23:21:00,logout,web,2026-04-27,23
U00529,2026-04-19 08:11:00,session_end,unknown,2026-04-19,8
U00529,2026-04-22 18:25:00,login,mobile,2026-04-22,18
U00529,2026-04-20 19:18:00,login,mobile,2026-04-20,19
U00529,2026-04-25 04:43:00,session_end,web,2026-04-25,4
U00530,2026-06-15 12:53:00,logout,mobile,2026-06-15,12
U00530,2026-06-16 06:34:00,session_end,web,2026-06-16,6
U00530,2026-06-08 12:10:00,login,web,2026-06-08,12
U00530,2026-06-13 21:58:00,login,mobile,2026-06-13,21
U00530,2026-06-11 10:46:00,session_start,mobile,2026-06-11,10
U00530,2026-06-17 10:24:00,login,mobile,2026-06-17,10
U00531,2026-06-21 18:14:00,logout,mobile,2026-06-21,18
U00531,2026-06-20 16:38:00,logout,web,2026-06-20,16
U00531,2026-06-16 07:55:00,session_end,web,2026-06-16,7
U00532,2026-04-03 22:25:00,login,web,2026-04-03,22
U00532,2026-03-26 20:31:00,session_end,web,2026-03-26,20
U00532,2026-04-01 17:20:00,login,web,2026-04-01,17
U00532,2026-04-07 15:49:00,page_view,web,2026-04-07,15
U00532,2026-04-08 08:14:00,login,mobile,2026-04-08,8
U00532,2026-03-30 20:39:00,login,web,2026-03-30,20
U00532,2026-04-09 03:58:00,session_start,unknown,2026-04-09,3
U00533,2026-04-11 01:12:00,session_end,web,2026-04-11,1
U00533,2026-04-18 07:17:00,logout,web,2026-04-18,7
U00533,2026-04-10 11:13:00,session_start,web,2026-04-10,11
U00533,2026-04-10 10:18:00,session_start,web,2026-04-10,10
U00533,2026-04-14 10:12:00,login,mobile,2026-04-14,10
U00533,2026-04-20 05:23:00,session_end,mobile,2026-04-20,5
U00533,2026-04-22 13:30:00,page_view,web,2026-04-22,13
U00534,2026-06-07 13:28:00,logout,web,2026-06-07,13
U00534,2026-06-04 00:39:00,login,mobile,2026-06-04,0
U00534,2026-06-15 20:51:00,login,web,2026-06-15,20
U00534,2026-06-16 02:02:00,logout,web,2026-06-16,2
U00534,2026-06-06 14:24:00,session_end,web,2026-06-06,14
U00534,2026-06-15 18:33:00,session_start,web,2026-06-15,18
U00534,2026-06-13 23:53:00,login,unknown,2026-06-13,23
U00535,2026-01-21 08:23:00,login,mobile,2026-01-21,8
U00535,2026-02-03 16:33:00,session_end,web,2026-02-03,16
U00535,2026-01-27 05:56:00,login,web,2026-01-27,5
U00535,2026-01-29 13:26:00,login,web,2026-01-29,13
U00536,2026-04-13 18:32:00,session_start,unknown,2026-04-13,18
U00537,2026-04-19 14:17:00,login,mobile,2026-04-19,14
U00537,2026-04-13 15:45:00,login,web,2026-04-13,15
U00538,2026-02-02 21:17:00,session_end,web,2026-02-02,21
U00539,2026-04-18 18:27:00,login,web,2026-04-18,18
U00539,2026-04-19 22:53:00,session_end,web,2026-04-19,22
U00539,2026-04-09 16:08:00,login,web,2026-04-09,16
U00539,2026-04-08 22:27:00,login,web,2026-04-08,22
U00539,2026-04-09 00:56:00,login,web,2026-04-09,0
U00540,2026-05-17 09:23:00,page_view,mobile,2026-05-17,9
U00540,2026-05-24 20:56:00,login,web,2026-05-24,20
U00540,2026-05-18 04:41:00,logout,web,2026-05-18,4
U00540,2026-05-27 10:55:00,login,web,2026-05-27,10
U00540,2026-05-18 00:20:00,login,unknown,2026-05-18,0
U00541,2026-05-11 16:13:00,page_view,unknown,2026-05-11,16
U00541,2026-05-19 23:11:00,page_view,web,2026-05-19,23
U00541,2026-05-15 09:18:00,logout,unknown,2026-05-15,9
U00541,2026-05-17 18:39:00,page_view,unknown,2026-05-17,18
U00541,2026-05-13 15:54:00,page_view,mobile,2026-05-13,15
U00541,2026-05-17 14:57:00,page_view,unknown,2026-05-17,14
U00541,2026-05-22 09:41:00,session_start,mobile,2026-05-22,9
U00542,2026-04-14 00:08:00,login,mobile,2026-04-14,0
U00542,2026-04-17 11:18:00,login,web,2026-04-17,11
U00542,2026-04-11 06:51:00,logout,mobile,2026-04-11,6
U00542,2026-04-14 17:51:00,logout,web,2026-04-14,17
U00542,2026-04-14 04:12:00,logout,web,2026-04-14,4
U00543,2026-03-31 06:38:00,login,web,2026-03-31,6
U00543,2026-04-08 09:39:00,login,web,2026-04-08,9
U00543,2026-04-04 23:00:00,login,mobile,2026-04-04,23
U00544,2026-03-05 08:31:00,login,mobile,2026-03-05,8
U00544,2026-03-10 17:29:00,login,web,2026-03-10,17
U00544,2026-03-07 05:49:00,session_start,unknown,2026-03-07,5
U00544,2026-03-07 22:05:00,page_view,unknown,2026-03-07,22
U00545,2026-01-22 05:57:00,login,unknown,2026-01-22,5
U00545,2026-01-27 10:16:00,page_view,web,2026-01-27,10
U00545,2026-01-28 20:17:00,session_start,mobile,2026-01-28,20
U00545,2026-01-26 04:55:00,session_end,web,2026-01-26,4
U00545,2026-01-25 04:39:00,login,unknown,2026-01-25,4
U00545,2026-01-26 21:35:00,login,web,2026-01-26,21
U00545,2026-01-26 01:35:00,logout,mobile,2026-01-26,1
U00546,2026-05-21 14:07:00,page_view,unknown,2026-05-21,14
U00546,2026-05-12 02:29:00,page_view,mobile,2026-05-12,2
U00546,2026-05-13 14:50:00,page_view,mobile,2026-05-13,14
U00546,2026-05-24 18:41:00,session_end,mobile,2026-05-24,18
U00546,2026-05-23 00:20:00,login,mobile,2026-05-23,0
U00546,2026-05-12 18:36:00,session_end,mobile,2026-05-12,18
U00547,2026-01-21 13:56:00,login,web,2026-01-21,13
U00547,2026-01-21 13:51:00,login,web,2026-01-21,13
U00547,2026-01-20 09:15:00,session_end,mobile,2026-01-20,9
U00547,2026-01-13 05:20:00,page_view,web,2026-01-13,5
U00547,2026-01-21 07:50:00,session_end,mobile,2026-01-21,7
U00547,2026-01-15 17:19:00,login,unknown,2026-01-15,17
U00547,2026-01-11 15:46:00,page_view,unknown,2026-01-11,15
U00547,2026-01-21 23:56:00,session_start,mobile,2026-01-21,23
U00547,2026-01-12 12:18:00,login,web,2026-01-12,12
U00547,2026-01-19 10:16:00,logout,web,2026-01-19,10
U00548,2026-02-12 15:39:00,page_view,web,2026-02-12,15
U00548,2026-02-05 14:38:00,logout,unknown,2026-02-05,14
U00548,2026-02-03 05:36:00,login,unknown,2026-02-03,5
U00548,2026-02-04 05:03:00,login,mobile,2026-02-04,5
U00548,2026-02-13 19:29:00,logout,unknown,2026-02-13,19
U00548,2026-02-14 03:13:00,session_start,web,2026-02-14,3
U00548,2026-02-05 18:35:00,session_end,mobile,2026-02-05,18
U00548,2026-02-05 04:01:00,logout,web,2026-02-05,4
U00549,2026-02-11 11:25:00,page_view,web,2026-02-11,11
U00549,2026-02-17 06:11:00,login,web,2026-02-17,6
U00549,2026-02-13 17:31:00,session_end,unknown,2026-02-13,17
U00549,2026-02-17 16:32:00,logout,unknown,2026-02-17,16
U00549,2026-02-14 21:13:00,page_view,web,2026-02-14,21
U00549,2026-02-19 16:22:00,login,mobile,2026-02-19,16
U00550,2026-02-22 17:25:00,login,web,2026-02-22,17
U00550,2026-02-15 00:17:00,login,mobile,2026-02-15,0
U00550,2026-02-26 12:41:00,login,web,2026-02-26,12
U00550,2026-02-13 14:04:00,login,mobile,2026-02-13,14
U00550,2026-02-15 23:36:00,logout,web,2026-02-15,23
U00550,2026-02-12 04:41:00,session_end,mobile,2026-02-12,4
U00550,2026-02-24 23:37:00,page_view,web,2026-02-24,23
U00550,2026-02-22 00:05:00,login,mobile,2026-02-22,0
U00550,2026-02-19 08:41:00,logout,mobile,2026-02-19,8
U00550,2026-02-12 19:52:00,login,web,2026-02-12,19
U00550,2026-02-21 13:30:00,login,mobile,2026-02-21,13
U00551,2026-04-26 18:31:00,login,web,2026-04-26,18
U00551,2026-04-18 12:03:00,page_view,mobile,2026-04-18,12
U00551,2026-04-27 04:07:00,login,mobile,2026-04-27,4
U00551,2026-04-17 21:59:00,page_view,unknown,2026-04-17,21
U00551,2026-04-22 14:48:00,page_view,mobile,2026-04-22,14
U00551,2026-04-16 03:38:00,logout,web,2026-04-16,3
U00552,2026-03-03 03:24:00,session_start,web,2026-03-03,3
U00552,2026-03-04 05:02:00,login,web,2026-03-04,5
U00552,2026-03-09 04:46:00,login,unknown,2026-03-09,4
U00552,2026-03-16 07:12:00,session_end,mobile,2026-03-16,7
U00552,2026-03-02 09:36:00,login,unknown,2026-03-02,9
U00552,2026-03-08 10:13:00,session_end,web,2026-03-08,10
U00553,2026-03-24 05:29:00,page_view,web,2026-03-24,5
U00553,2026-03-26 16:06:00,login,web,2026-03-26,16
U00553,2026-03-16 03:05:00,login,web,2026-03-16,3
U00554,2026-03-13 17:43:00,session_start,mobile,2026-03-13,17
U00554,2026-03-15 10:55:00,login,web,2026-03-15,10
U00554,2026-03-03 04:38:00,login,unknown,2026-03-03,4
U00554,2026-03-03 00:53:00,logout,mobile,2026-03-03,0
U00554,2026-03-12 11:22:00,page_view,unknown,2026-03-12,11
U00554,2026-03-14 02:51:00,page_view,web,2026-03-14,2
U00554,2026-03-13 06:45:00,page_view,web,2026-03-13,6
U00554,2026-03-03 22:37:00,session_start,web,2026-03-03,22
U00554,2026-03-13 03:14:00,session_start,web,2026-03-13,3
U00554,2026-03-03 08:12:00,session_start,web,2026-03-03,8
U00554,2026-03-09 10:34:00,login,unknown,2026-03-09,10
U00555,2026-05-05 04:13:00,logout,web,2026-05-05,4
U00555,2026-05-05 02:56:00,page_view,mobile,2026-05-05,2
U00555,2026-05-01 04:30:00,login,unknown,2026-05-01,4
U00555,2026-05-02 11:39:00,login,unknown,2026-05-02,11
U00555,2026-05-04 17:31:00,login,web,2026-05-04,17
U00555,2026-05-03 19:39:00,login,unknown,2026-05-03,19
U00555,2026-05-12 23:05:00,session_start,unknown,2026-05-12,23
U00555,2026-05-14 18:01:00,session_start,mobile,2026-05-14,18
U00555,2026-05-03 04:55:00,login,web,2026-05-03,4
U00556,2026-04-28 10:16:00,logout,mobile,2026-04-28,10
U00556,2026-05-06 21:40:00,page_view,web,2026-05-06,21
U00556,2026-04-26 22:45:00,logout,web,2026-04-26,22
U00556,2026-04-23 07:03:00,login,web,2026-04-23,7
U00556,2026-05-02 11:58:00,session_start,unknown,2026-05-02,11
U00556,2026-05-02 20:28:00,login,unknown,2026-05-02,20
U00557,2026-04-22 09:39:00,login,web,2026-04-22,9
U00557,2026-04-15 18:43:00,logout,web,2026-04-15,18
U00557,2026-04-13 09:27:00,logout,mobile,2026-04-13,9
U00557,2026-04-11 08:30:00,logout,web,2026-04-11,8
U00558,2026-04-20 08:29:00,session_start,web,2026-04-20,8
U00558,2026-04-19 01:35:00,login,web,2026-04-19,1
U00558,2026-04-30 16:07:00,login,mobile,2026-04-30,16
U00558,2026-04-18 23:50:00,session_start,mobile,2026-04-18,23
U00559,2026-06-05 14:25:00,login,web,2026-06-05,14
U00559,2026-06-11 05:27:00,session_end,web,2026-06-11,5
U00559,2026-06-12 00:33:00,login,web,2026-06-12,0
U00559,2026-06-11 03:09:00,session_end,web,2026-06-11,3
U00559,2026-06-17 23:06:00,login,web,2026-06-17,23
U00559,2026-06-11 02:12:00,session_end,web,2026-06-11,2
U00559,2026-06-10 14:06:00,login,web,2026-06-10,14
U00560,2026-01-21 22:14:00,login,web,2026-01-21,22
U00560,2026-01-14 09:23:00,session_end,web,2026-01-14,9
U00561,2026-04-13 09:12:00,logout,unknown,2026-04-13,9
U00561,2026-04-08 03:45:00,login,web,2026-04-08,3
U00561,2026-04-06 18:27:00,login,web,2026-04-06,18
U00562,2026-02-09 16:43:00,login,unknown,2026-02-09,16
U00562,2026-02-07 22:27:00,session_end,web,2026-02-07,22
U00562,2026-02-08 00:13:00,login,web,2026-02-08,0
U00563,2026-02-16 06:42:00,logout,mobile,2026-02-16,6
U00563,2026-02-20 12:10:00,logout,unknown,2026-02-20,12
U00563,2026-02-25 08:53:00,session_start,unknown,2026-02-25,8
U00563,2026-02-17 04:05:00,login,web,2026-02-17,4
U00563,2026-02-19 07:53:00,login,unknown,2026-02-19,7
U00563,2026-02-11 01:03:00,login,unknown,2026-02-11,1
U00563,2026-02-17 13:06:00,login,web,2026-02-17,13
U00564,2026-05-22 18:01:00,logout,web,2026-05-22,18
U00564,2026-05-24 03:03:00,session_start,unknown,2026-05-24,3
U00564,2026-05-22 14:07:00,login,web,2026-05-22,14
U00565,2026-01-24 23:41:00,login,mobile,2026-01-24,23
U00565,2026-02-01 17:04:00,logout,web,2026-02-01,17
U00565,2026-02-02 00:20:00,login,web,2026-02-02,0
U00565,2026-01-29 05:02:00,login,web,2026-01-29,5
U00565,2026-02-05 18:19:00,page_view,unknown,2026-02-05,18
U00565,2026-02-07 12:50:00,session_end,unknown,2026-02-07,12
U00566,2026-01-17 07:41:00,login,mobile,2026-01-17,7
U00566,2026-01-14 18:28:00,page_view,web,2026-01-14,18
U00566,2026-01-20 13:24:00,session_end,web,2026-01-20,13
U00566,2026-01-08 13:58:00,session_start,web,2026-01-08,13
U00566,2026-01-09 06:31:00,login,web,2026-01-09,6
U00566,2026-01-14 15:36:00,login,mobile,2026-01-14,15
U00566,2026-01-10 05:48:00,login,unknown,2026-01-10,5
U00566,2026-01-09 06:47:00,page_view,web,2026-01-09,6
U00567,2026-04-21 18:58:00,login,unknown,2026-04-21,18
U00567,2026-04-24 00:04:00,page_view,web,2026-04-24,0
U00568,2026-04-11 13:54:00,page_view,mobile,2026-04-11,13
U00568,2026-04-09 06:29:00,login,unknown,2026-04-09,6
U00568,2026-04-22 17:54:00,login,web,2026-04-22,17
U00568,2026-04-10 13:03:00,logout,mobile,2026-04-10,13
U00568,2026-04-19 21:42:00,login,web,2026-04-19,21
U00568,2026-04-10 17:51:00,login,mobile,2026-04-10,17
U00569,2026-03-04 21:44:00,logout,unknown,2026-03-04,21
U00569,2026-03-13 04:57:00,login,web,2026-03-13,4
U00569,2026-03-06 00:46:00,logout,web,2026-03-06,0
U00569,2026-03-13 21:32:00,login,web,2026-03-13,21
U00569,2026-03-07 12:57:00,login,web,2026-03-07,12
U00569,2026-03-07 04:10:00,logout,web,2026-03-07,4
U00570,2026-06-23 11:33:00,session_end,mobile,2026-06-23,11
U00570,2026-06-25 14:32:00,login,unknown,2026-06-25,14
U00570,2026-06-30 00:34:00,login,web,2026-06-30,0
U00570,2026-06-28 00:16:00,session_end,web,2026-06-28,0
U00571,2026-01-16 15:20:00,session_start,web,2026-01-16,15
U00571,2026-01-23 05:53:00,login,unknown,2026-01-23,5
U00571,2026-01-19 02:19:00,session_end,unknown,2026-01-19,2
U00571,2026-01-11 20:42:00,login,mobile,2026-01-11,20
U00571,2026-01-18 15:43:00,logout,web,2026-01-18,15
U00572,2026-02-17 05:38:00,page_view,unknown,2026-02-17,5
U00572,2026-02-13 16:09:00,session_start,unknown,2026-02-13,16
U00572,2026-02-14 21:59:00,logout,unknown,2026-02-14,21
U00572,2026-02-15 20:03:00,login,web,2026-02-15,20
U00572,2026-02-14 11:14:00,page_view,web,2026-02-14,11
U00572,2026-02-09 02:50:00,session_end,unknown,2026-02-09,2
U00572,2026-02-06 11:27:00,login,unknown,2026-02-06,11
U00572,2026-02-19 17:41:00,login,mobile,2026-02-19,17
U00572,2026-02-12 09:43:00,logout,mobile,2026-02-12,9
U00572,2026-02-10 23:24:00,login,web,2026-02-10,23
U00573,2026-06-19 14:37:00,logout,unknown,2026-06-19,14
U00573,2026-06-09 09:40:00,login,unknown,2026-06-09,9
U00574,2026-01-16 20:18:00,logout,unknown,2026-01-16,20
U00574,2026-01-11 17:15:00,page_view,web,2026-01-11,17
U00574,2026-01-19 19:27:00,login,web,2026-01-19,19
U00574,2026-01-12 16:19:00,login,web,2026-01-12,16
U00574,2026-01-12 00:09:00,session_end,web,2026-01-12,0
U00574,2026-01-06 12:09:00,login,web,2026-01-06,12
U00574,2026-01-14 07:52:00,page_view,unknown,2026-01-14,7
U00574,2026-01-09 17:34:00,login,web,2026-01-09,17
U00574,2026-01-13 18:50:00,logout,mobile,2026-01-13,18
U00574,2026-01-09 17:25:00,session_end,mobile,2026-01-09,17
U00575,2026-05-30 01:56:00,session_start,mobile,2026-05-30,1
U00575,2026-05-25 12:30:00,login,unknown,2026-05-25,12
U00575,2026-05-30 18:04:00,session_start,web,2026-05-30,18
U00575,2026-05-30 02:05:00,login,web,2026-05-30,2
U00575,2026-05-24 03:37:00,logout,mobile,2026-05-24,3
U00575,2026-05-26 21:48:00,session_end,mobile,2026-05-26,21
U00575,2026-06-03 06:45:00,session_start,web,2026-06-03,6
U00575,2026-05-24 06:30:00,page_view,unknown,2026-05-24,6
U00575,2026-06-04 00:21:00,login,mobile,2026-06-04,0
U00575,2026-05-21 08:20:00,session_end,web,2026-05-21,8
U00575,2026-05-27 10:49:00,logout,web,2026-05-27,10
U00575,2026-06-04 05:23:00,login,web,2026-06-04,5
U00576,2026-04-26 04:16:00,login,web,2026-04-26,4
U00576,2026-04-25 10:41:00,login,mobile,2026-04-25,10
U00576,2026-04-30 09:17:00,login,unknown,2026-04-30,9
U00577,2026-03-08 02:30:00,logout,unknown,2026-03-08,2
U00577,2026-03-16 23:04:00,logout,mobile,2026-03-16,23
U00577,2026-03-13 08:38:00,session_end,web,2026-03-13,8
U00577,2026-03-10 17:58:00,page_view,web,2026-03-10,17
U00578,2026-01-26 12:29:00,logout,mobile,2026-01-26,12
U00578,2026-01-14 08:05:00,session_start,web,2026-01-14,8
U00578,2026-01-19 16:54:00,login,mobile,2026-01-19,16
U00578,2026-01-26 10:39:00,login,unknown,2026-01-26,10
U00578,2026-01-23 12:16:00,session_end,unknown,2026-01-23,12
U00578,2026-01-22 21:34:00,session_end,mobile,2026-01-22,21
U00578,2026-01-24 18:25:00,page_view,unknown,2026-01-24,18
U00578,2026-01-17 16:24:00,session_end,web,2026-01-17,16
U00579,2026-06-24 02:20:00,login,web,2026-06-24,2
U00579,2026-06-18 21:03:00,login,web,2026-06-18,21
U00579,2026-06-22 04:46:00,session_end,mobile,2026-06-22,4
U00580,2026-01-29 21:49:00,session_start,web,2026-01-29,21
U00580,2026-02-01 22:59:00,session_start,web,2026-02-01,22
U00580,2026-02-03 03:04:00,session_start,web,2026-02-03,3
U00580,2026-02-04 21:46:00,login,mobile,2026-02-04,21
U00580,2026-02-11 19:34:00,logout,unknown,2026-02-11,19
U00580,2026-02-01 13:20:00,login,unknown,2026-02-01,13
U00580,2026-02-09 20:08:00,login,web,2026-02-09,20
U00581,2026-05-23 11:38:00,login,unknown,2026-05-23,11
U00581,2026-05-25 00:03:00,login,web,2026-05-25,0
U00582,2026-05-24 04:19:00,session_end,web,2026-05-24,4
U00582,2026-05-14 01:18:00,session_start,unknown,2026-05-14,1
U00582,2026-05-22 08:50:00,page_view,unknown,2026-05-22,8
U00582,2026-05-18 15:26:00,login,web,2026-05-18,15
U00582,2026-05-24 13:16:00,login,web,2026-05-24,13
U00582,2026-05-25 09:20:00,session_start,web,2026-05-25,9
U00582,2026-05-19 14:21:00,session_end,web,2026-05-19,14
U00583,2026-02-15 14:50:00,login,web,2026-02-15,14
U00583,2026-02-09 06:50:00,session_end,web,2026-02-09,6
U00583,2026-02-12 04:15:00,logout,web,2026-02-12,4
U00583,2026-02-10 12:56:00,session_start,mobile,2026-02-10,12
U00583,2026-02-19 20:11:00,logout,unknown,2026-02-19,20
U00584,2026-01-06 22:18:00,login,web,2026-01-06,22
U00584,2026-01-07 20:21:00,session_end,web,2026-01-07,20
U00584,2026-01-04 01:00:00,page_view,unknown,2026-01-04,1
U00584,2026-01-03 05:07:00,login,mobile,2026-01-03,5
U00584,2026-01-05 05:48:00,logout,unknown,2026-01-05,5
U00584,2026-01-07 15:44:00,page_view,unknown,2026-01-07,15
U00584,2026-01-05 12:08:00,logout,web,2026-01-05,12
U00584,2026-01-10 02:24:00,login,web,2026-01-10,2
U00584,2026-01-02 05:17:00,page_view,web,2026-01-02,5
U00584,2026-01-02 11:58:00,logout,web,2026-01-02,11
U00584,2026-01-09 16:40:00,session_start,web,2026-01-09,16
U00584,2026-01-01 17:00:00,login,unknown,2026-01-01,17
U00584,2026-01-10 16:25:00,session_start,unknown,2026-01-10,16
U00584,2026-01-09 04:12:00,logout,web,2026-01-09,4
U00584,2026-01-03 18:38:00,login,unknown,2026-01-03,18
U00584,2026-01-15 00:59:00,logout,web,2026-01-15,0
U00585,2026-06-03 04:45:00,session_start,web,2026-06-03,4
U00585,2026-06-09 05:40:00,logout,unknown,2026-06-09,5
U00585,2026-05-28 04:46:00,login,mobile,2026-05-28,4
U00585,2026-05-27 06:33:00,login,mobile,2026-05-27,6
U00585,2026-06-07 15:21:00,login,unknown,2026-06-07,15
U00585,2026-06-01 22:37:00,page_view,unknown,2026-06-01,22
U00586,2026-02-04 17:03:00,session_start,web,2026-02-04,17
U00586,2026-02-04 20:10:00,login,web,2026-02-04,20
U00586,2026-01-30 05:19:00,login,web,2026-01-30,5
U00586,2026-02-01 17:44:00,logout,mobile,2026-02-01,17
U00586,2026-01-30 10:56:00,login,web,2026-01-30,10
U00587,2026-01-30 08:03:00,login,unknown,2026-01-30,8
U00587,2026-01-22 09:41:00,login,web,2026-01-22,9
U00587,2026-01-28 14:21:00,page_view,mobile,2026-01-28,14
U00587,2026-01-31 06:54:00,login,web,2026-01-31,6
U00587,2026-01-20 06:09:00,page_view,unknown,2026-01-20,6
U00587,2026-01-22 17:39:00,logout,unknown,2026-01-22,17
U00588,2026-05-20 19:46:00,logout,web,2026-05-20,19
U00588,2026-05-17 14:57:00,logout,unknown,2026-05-17,14
U00588,2026-05-22 06:15:00,page_view,web,2026-05-22,6
U00588,2026-05-20 20:43:00,page_view,mobile,2026-05-20,20
U00588,2026-05-17 05:01:00,login,unknown,2026-05-17,5
U00588,2026-05-20 05:52:00,login,unknown,2026-05-20,5
U00588,2026-05-15 22:00:00,page_view,web,2026-05-15,22
U00589,2026-04-22 02:38:00,logout,unknown,2026-04-22,2
U00589,2026-04-13 01:16:00,login,mobile,2026-04-13,1
U00589,2026-04-10 12:38:00,logout,mobile,2026-04-10,12
U00589,2026-04-15 23:34:00,session_end,mobile,2026-04-15,23
U00589,2026-04-14 19:57:00,login,web,2026-04-14,19
U00589,2026-04-23 07:56:00,login,web,2026-04-23,7
U00589,2026-04-10 22:50:00,page_view,web,2026-04-10,22
U00590,2026-06-20 02:45:00,logout,unknown,2026-06-20,2
U00590,2026-06-19 15:32:00,login,web,2026-06-19,15
U00591,2026-03-19 13:22:00,login,web,2026-03-19,13
U00591,2026-03-10 08:58:00,page_view,web,2026-03-10,8
U00591,2026-03-10 08:27:00,login,mobile,2026-03-10,8
U00591,2026-03-19 17:56:00,login,web,2026-03-19,17
U00591,2026-03-13 19:39:00,login,unknown,2026-03-13,19
U00591,2026-03-17 17:06:00,login,web,2026-03-17,17
U00591,2026-03-09 20:38:00,login,mobile,2026-03-09,20
U00591,2026-03-14 14:32:00,session_end,web,2026-03-14,14
U00591,2026-03-19 17:47:00,session_start,unknown,2026-03-19,17
U00591,2026-03-15 16:32:00,logout,mobile,2026-03-15,16
U00591,2026-03-20 22:38:00,login,web,2026-03-20,22
U00591,2026-03-11 15:37:00,page_view,mobile,2026-03-11,15
U00591,2026-03-19 15:06:00,login,unknown,2026-03-19,15
U00591,2026-03-16 04:16:00,session_start,mobile,2026-03-16,4
U00591,2026-03-06 02:55:00,page_view,unknown,2026-03-06,2
U00592,2026-01-29 08:11:00,login,mobile,2026-01-29,8
U00592,2026-02-01 06:53:00,session_end,mobile,2026-02-01,6
U00592,2026-01-27 14:10:00,session_end,mobile,2026-01-27,14
U00593,2026-06-01 18:50:00,login,mobile,2026-06-01,18
U00593,2026-05-30 20:42:00,session_end,unknown,2026-05-30,20
U00593,2026-05-29 12:58:00,logout,mobile,2026-05-29,12
U00593,2026-06-12 18:13:00,login,web,2026-06-12,18
U00593,2026-06-09 18:35:00,login,mobile,2026-06-09,18
U00593,2026-05-31 03:02:00,logout,web,2026-05-31,3
U00593,2026-05-29 05:14:00,login,web,2026-05-29,5
U00594,2026-01-12 02:44:00,session_end,unknown,2026-01-12,2
U00594,2026-01-19 13:24:00,login,web,2026-01-19,13
U00594,2026-01-26 00:32:00,logout,unknown,2026-01-26,0
U00594,2026-01-23 12:07:00,login,web,2026-01-23,12
U00594,2026-01-25 09:12:00,login,unknown,2026-01-25,9
U00594,2026-01-24 02:18:00,login,mobile,2026-01-24,2
U00594,2026-01-26 17:18:00,login,mobile,2026-01-26,17
U00594,2026-01-22 02:37:00,session_end,web,2026-01-22,2
U00594,2026-01-24 15:17:00,session_start,mobile,2026-01-24,15
U00594,2026-01-15 10:19:00,session_start,web,2026-01-15,10
U00594,2026-01-25 21:50:00,login,web,2026-01-25,21
U00594,2026-01-12 06:46:00,logout,web,2026-01-12,6
U00594,2026-01-19 12:58:00,login,web,2026-01-19,12
U00594,2026-01-17 08:21:00,page_view,unknown,2026-01-17,8
U00594,2026-01-19 02:21:00,login,web,2026-01-19,2
U00594,2026-01-18 13:57:00,page_view,unknown,2026-01-18,13
U00594,2026-01-18 08:05:00,login,web,2026-01-18,8
U00594,2026-01-26 20:25:00,login,web,2026-01-26,20
U00595,2026-04-10 02:45:00,login,mobile,2026-04-10,2
U00595,2026-04-01 00:51:00,session_start,web,2026-04-01,0
U00595,2026-03-29 12:39:00,logout,web,2026-03-29,12
U00595,2026-04-09 19:30:00,login,web,2026-04-09,19
U00595,2026-04-02 17:48:00,login,unknown,2026-04-02,17
U00595,2026-04-03 17:12:00,login,mobile,2026-04-03,17
U00595,2026-04-03 17:46:00,session_end,unknown,2026-04-03,17
U00596,2026-05-05 12:38:00,session_start,web,2026-05-05,12
U00596,2026-05-11 07:34:00,session_start,web,2026-05-11,7
U00596,2026-05-10 16:43:00,page_view,unknown,2026-05-10,16
U00596,2026-05-15 19:04:00,login,web,2026-05-15,19
U00596,2026-05-08 18:27:00,login,web,2026-05-08,18
U00596,2026-05-10 02:36:00,session_start,unknown,2026-05-10,2
U00596,2026-05-03 22:38:00,login,mobile,2026-05-03,22
U00597,2026-01-17 02:08:00,session_start,web,2026-01-17,2
U00597,2026-01-24 20:33:00,session_end,mobile,2026-01-24,20
U00597,2026-01-23 00:19:00,login,web,2026-01-23,0
U00597,2026-01-29 18:23:00,login,web,2026-01-29,18
U00597,2026-01-29 14:23:00,login,web,2026-01-29,14
U00598,2026-01-11 14:31:00,session_start,web,2026-01-11,14
U00598,2026-01-21 02:42:00,page_view,mobile,2026-01-21,2
U00599,2026-01-19 09:24:00,session_end,mobile,2026-01-19,9
U00599,2026-01-24 02:06:00,session_end,mobile,2026-01-24,2
U00599,2026-01-16 02:38:00,page_view,unknown,2026-01-16,2
U00599,2026-01-14 13:17:00,login,mobile,2026-01-14,13
U00599,2026-01-14 19:30:00,login,web,2026-01-14,19
U00599,2026-01-19 01:51:00,page_view,web,2026-01-19,1
U00599,2026-01-23 23:23:00,login,mobile,2026-01-23,23
U00600,2026-03-22 17:22:00,page_view,web,2026-03-22,17
U00600,2026-03-26 15:53:00,logout,web,2026-03-26,15
U00600,2026-03-26 13:49:00,session_end,mobile,2026-03-26,13
U00600,2026-03-21 18:09:00,login,web,2026-03-21,18
U00600,2026-03-28 00:45:00,session_end,web,2026-03-28,0
U00600,2026-04-01 01:04:00,page_view,unknown,2026-04-01,1
U00600,2026-03-24 22:57:00,login,unknown,2026-03-24,22
U00600,2026-03-25 01:29:00,login,mobile,2026-03-25,1
U00601,2026-05-15 04:17:00,logout,unknown,2026-05-15,4
U00601,2026-05-04 16:10:00,session_end,web,2026-05-04,16
U00601,2026-05-16 23:56:00,logout,web,2026-05-16,23
U00602,2026-06-15 01:05:00,session_start,mobile,2026-06-15,1
U00602,2026-06-17 22:16:00,page_view,unknown,2026-06-17,22
U00602,2026-06-18 02:08:00,session_start,web,2026-06-18,2
U00602,2026-06-21 17:59:00,logout,web,2026-06-21,17
U00603,2026-01-13 15:04:00,login,web,2026-01-13,15
U00603,2026-01-21 20:44:00,logout,web,2026-01-21,20
U00603,2026-01-14 03:36:00,login,web,2026-01-14,3
U00603,2026-01-22 05:54:00,session_start,web,2026-01-22,5
U00603,2026-01-26 21:05:00,login,mobile,2026-01-26,21
U00603,2026-01-19 02:47:00,login,web,2026-01-19,2
U00603,2026-01-16 14:03:00,logout,mobile,2026-01-16,14
U00603,2026-01-16 01:02:00,session_start,web,2026-01-16,1
U00603,2026-01-25 13:37:00,login,web,2026-01-25,13
U00604,2026-02-01 15:16:00,page_view,web,2026-02-01,15
U00604,2026-02-15 16:36:00,logout,web,2026-02-15,16
U00605,2026-05-01 22:20:00,page_view,web,2026-05-01,22
U00605,2026-04-26 20:09:00,logout,unknown,2026-04-26,20
U00605,2026-04-29 18:35:00,session_end,mobile,2026-04-29,18
U00606,2026-05-21 13:22:00,login,web,2026-05-21,13
U00606,2026-05-12 15:49:00,login,unknown,2026-05-12,15
U00607,2026-05-26 23:05:00,session_end,mobile,2026-05-26,23
U00607,2026-05-20 06:51:00,login,web,2026-05-20,6
U00607,2026-05-16 23:49:00,login,web,2026-05-16,23
U00607,2026-05-17 10:02:00,login,web,2026-05-17,10
U00607,2026-05-25 17:42:00,session_end,unknown,2026-05-25,17
U00608,2026-04-22 21:11:00,login,unknown,2026-04-22,21
U00608,2026-05-03 09:13:00,logout,web,2026-05-03,9
U00608,2026-04-26 08:33:00,logout,mobile,2026-04-26,8
U00608,2026-04-24 04:26:00,session_end,web,2026-04-24,4
U00608,2026-04-25 08:34:00,session_start,web,2026-04-25,8
U00608,2026-04-30 13:28:00,login,mobile,2026-04-30,13
U00608,2026-04-30 08:57:00,login,mobile,2026-04-30,8
U00609,2026-02-24 09:11:00,login,mobile,2026-02-24,9
U00609,2026-02-22 20:54:00,login,unknown,2026-02-22,20
U00609,2026-03-02 04:34:00,login,web,2026-03-02,4
U00609,2026-02-21 01:28:00,logout,unknown,2026-02-21,1
U00609,2026-03-02 08:45:00,login,unknown,2026-03-02,8
U00609,2026-02-21 14:39:00,login,web,2026-02-21,14
U00609,2026-02-17 11:25:00,login,mobile,2026-02-17,11
U00610,2026-04-02 05:46:00,logout,web,2026-04-02,5
U00610,2026-04-02 01:34:00,login,web,2026-04-02,1
U00610,2026-03-25 01:31:00,page_view,web,2026-03-25,1
U00610,2026-04-04 00:42:00,session_end,web,2026-04-04,0
U00610,2026-04-07 07:06:00,login,web,2026-04-07,7
U00610,2026-03-31 16:24:00,login,web,2026-03-31,16
U00610,2026-03-26 10:51:00,login,unknown,2026-03-26,10
U00610,2026-04-03 12:03:00,page_view,mobile,2026-04-03,12
U00610,2026-03-26 20:01:00,session_start,web,2026-03-26,20
U00610,2026-04-07 07:20:00,logout,web,2026-04-07,7
U00611,2026-04-05 02:43:00,login,web,2026-04-05,2
U00611,2026-04-08 02:42:00,login,mobile,2026-04-08,2
U00611,2026-04-01 10:50:00,logout,web,2026-04-01,10
U00611,2026-04-07 01:00:00,login,unknown,2026-04-07,1
U00611,2026-04-06 22:58:00,login,web,2026-04-06,22
U00612,2026-03-25 03:21:00,login,mobile,2026-03-25,3
U00612,2026-04-03 11:51:00,page_view,web,2026-04-03,11
U00612,2026-03-27 20:56:00,session_end,web,2026-03-27,20
U00612,2026-03-20 14:18:00,login,unknown,2026-03-20,14
U00612,2026-03-21 14:45:00,login,mobile,2026-03-21,14
U00612,2026-03-27 19:35:00,login,web,2026-03-27,19
U00612,2026-03-31 23:37:00,page_view,web,2026-03-31,23
U00612,2026-03-30 00:58:00,login,web,2026-03-30,0
U00613,2026-02-12 00:25:00,login,mobile,2026-02-12,0
U00613,2026-02-16 23:00:00,login,web,2026-02-16,23
U00613,2026-02-12 08:22:00,login,web,2026-02-12,8
U00613,2026-02-26 06:27:00,login,web,2026-02-26,6
U00613,2026-02-13 02:34:00,login,web,2026-02-13,2
U00614,2026-04-03 20:21:00,session_end,mobile,2026-04-03,20
U00614,2026-04-08 11:22:00,logout,mobile,2026-04-08,11
U00614,2026-04-14 11:43:00,session_end,web,2026-04-14,11
U00614,2026-04-02 01:23:00,session_start,web,2026-04-02,1
U00614,2026-03-31 01:26:00,session_start,web,2026-03-31,1
U00614,2026-04-10 00:25:00,session_end,unknown,2026-04-10,0
U00614,2026-04-14 17:03:00,login,unknown,2026-04-14,17
U00614,2026-04-11 14:30:00,login,web,2026-04-11,14
U00614,2026-04-12 22:57:00,login,unknown,2026-04-12,22
U00614,2026-04-08 08:44:00,page_view,mobile,2026-04-08,8
U00614,2026-04-11 06:42:00,login,web,2026-04-11,6
U00615,2026-06-11 18:44:00,login,mobile,2026-06-11,18
U00615,2026-06-07 00:25:00,session_start,unknown,2026-06-07,0
U00615,2026-06-13 05:21:00,login,web,2026-06-13,5
U00615,2026-06-10 05:40:00,login,web,2026-06-10,5
U00616,2026-06-14 15:13:00,session_start,web,2026-06-14,15
U00616,2026-06-17 04:57:00,session_start,mobile,2026-06-17,4
U00616,2026-06-17 03:29:00,session_end,web,2026-06-17,3
U00616,2026-06-15 18:03:00,page_view,mobile,2026-06-15,18
U00616,2026-06-23 18:44:00,logout,mobile,2026-06-23,18
U00616,2026-06-16 07:19:00,login,web,2026-06-16,7
U00616,2026-06-14 00:47:00,logout,web,2026-06-14,0
U00616,2026-06-22 01:41:00,session_start,web,2026-06-22,1
U00616,2026-06-18 07:00:00,page_view,unknown,2026-06-18,7
U00617,2026-06-21 08:15:00,login,mobile,2026-06-21,8
U00617,2026-06-27 03:05:00,session_start,unknown,2026-06-27,3
U00617,2026-06-20 07:50:00,login,web,2026-06-20,7
U00617,2026-06-17 21:21:00,session_start,web,2026-06-17,21
U00617,2026-06-25 18:35:00,logout,unknown,2026-06-25,18
U00617,2026-06-18 18:55:00,login,web,2026-06-18,18
U00618,2026-02-12 18:47:00,session_end,unknown,2026-02-12,18
U00619,2026-04-27 05:25:00,login,mobile,2026-04-27,5
U00619,2026-05-06 07:26:00,page_view,mobile,2026-05-06,7
U00619,2026-05-05 00:56:00,page_view,mobile,2026-05-05,0
U00619,2026-04-30 11:22:00,session_end,mobile,2026-04-30,11
U00619,2026-04-24 08:29:00,session_start,web,2026-04-24,8
U00619,2026-05-04 19:08:00,login,unknown,2026-05-04,19
U00619,2026-04-24 02:51:00,login,mobile,2026-04-24,2
U00619,2026-04-26 22:48:00,session_end,web,2026-04-26,22
U00619,2026-04-25 06:27:00,page_view,mobile,2026-04-25,6
U00619,2026-04-24 20:50:00,session_end,mobile,2026-04-24,20
U00619,2026-04-24 11:58:00,session_end,web,2026-04-24,11
U00619,2026-05-01 18:58:00,session_start,web,2026-05-01,18
U00620,2026-01-28 11:36:00,login,unknown,2026-01-28,11
U00620,2026-01-19 03:32:00,session_start,mobile,2026-01-19,3
U00621,2026-04-12 11:21:00,session_end,web,2026-04-12,11
U00621,2026-04-15 18:56:00,login,unknown,2026-04-15,18
U00621,2026-04-15 15:10:00,page_view,web,2026-04-15,15
U00621,2026-04-10 17:33:00,login,web,2026-04-10,17
U00621,2026-04-16 10:58:00,login,unknown,2026-04-16,10
U00621,2026-04-12 22:38:00,logout,mobile,2026-04-12,22
U00621,2026-04-05 17:24:00,session_end,mobile,2026-04-05,17
U00622,2026-01-17 18:30:00,login,web,2026-01-17,18
U00622,2026-01-14 09:55:00,login,web,2026-01-14,9
U00622,2026-01-17 04:10:00,page_view,unknown,2026-01-17,4
U00622,2026-01-11 00:03:00,login,mobile,2026-01-11,0
U00622,2026-01-18 09:34:00,login,mobile,2026-01-18,9
U00622,2026-01-11 21:09:00,login,web,2026-01-11,21
U00623,2026-04-27 08:17:00,session_start,web,2026-04-27,8
U00623,2026-05-06 06:46:00,login,web,2026-05-06,6
U00623,2026-04-27 13:23:00,session_end,mobile,2026-04-27,13
U00623,2026-05-07 00:43:00,login,web,2026-05-07,0
U00624,2026-01-22 01:40:00,login,web,2026-01-22,1
U00624,2026-01-24 22:44:00,login,mobile,2026-01-24,22
U00624,2026-02-02 04:08:00,page_view,unknown,2026-02-02,4
U00625,2026-05-23 11:54:00,login,web,2026-05-23,11
U00625,2026-05-19 11:45:00,login,web,2026-05-19,11
U00625,2026-05-30 04:32:00,login,unknown,2026-05-30,4
U00625,2026-05-21 01:26:00,login,unknown,2026-05-21,1
U00625,2026-05-19 00:43:00,logout,web,2026-05-19,0
U00625,2026-05-21 22:50:00,session_end,mobile,2026-05-21,22
U00625,2026-05-30 14:29:00,session_start,web,2026-05-30,14
U00625,2026-05-22 18:06:00,session_end,mobile,2026-05-22,18
U00625,2026-05-18 02:43:00,login,mobile,2026-05-18,2
U00625,2026-05-25 02:26:00,page_view,web,2026-05-25,2
U00626,2026-03-29 09:24:00,logout,web,2026-03-29,9
U00626,2026-04-04 05:37:00,page_view,mobile,2026-04-04,5
U00626,2026-03-23 00:16:00,login,web,2026-03-23,0
U00626,2026-03-23 19:24:00,session_start,mobile,2026-03-23,19
U00626,2026-03-24 18:05:00,logout,mobile,2026-03-24,18
U00626,2026-03-23 13:31:00,login,web,2026-03-23,13
U00627,2026-02-04 12:35:00,login,unknown,2026-02-04,12
U00627,2026-02-12 12:29:00,logout,web,2026-02-12,12
U00627,2026-02-05 07:44:00,session_start,mobile,2026-02-05,7
U00627,2026-01-31 18:32:00,logout,unknown,2026-01-31,18
U00628,2026-05-13 11:03:00,login,web,2026-05-13,11
U00628,2026-05-20 08:19:00,page_view,web,2026-05-20,8
U00628,2026-05-15 13:25:00,login,web,2026-05-15,13
U00628,2026-05-17 06:45:00,login,unknown,2026-05-17,6
U00628,2026-05-13 00:19:00,page_view,unknown,2026-05-13,0
U00628,2026-05-10 14:12:00,login,mobile,2026-05-10,14
U00628,2026-05-14 04:27:00,logout,web,2026-05-14,4
U00628,2026-05-09 09:09:00,login,mobile,2026-05-09,9
U00628,2026-05-20 13:42:00,login,web,2026-05-20,13
U00628,2026-05-18 17:44:00,login,web,2026-05-18,17
U00629,2026-02-10 04:06:00,page_view,web,2026-02-10,4
U00629,2026-02-08 23:31:00,session_end,web,2026-02-08,23
U00629,2026-02-11 19:59:00,session_start,mobile,2026-02-11,19
U00629,2026-02-10 07:46:00,login,web,2026-02-10,7
U00629,2026-02-10 19:36:00,page_view,unknown,2026-02-10,19
U00629,2026-02-04 07:12:00,session_end,web,2026-02-04,7
U00630,2026-05-07 07:56:00,login,web,2026-05-07,7
U00630,2026-05-02 05:56:00,login,web,2026-05-02,5
U00630,2026-04-30 17:15:00,login,mobile,2026-04-30,17
U00630,2026-04-29 06:52:00,login,mobile,2026-04-29,6
U00631,2026-03-16 02:45:00,logout,web,2026-03-16,2
U00631,2026-03-28 21:33:00,session_start,unknown,2026-03-28,21
U00631,2026-03-15 11:46:00,login,web,2026-03-15,11
U00631,2026-03-28 14:49:00,page_view,unknown,2026-03-28,14
U00631,2026-03-29 22:36:00,page_view,web,2026-03-29,22
U00632,2026-02-28 10:50:00,session_start,unknown,2026-02-28,10
U00632,2026-03-02 22:57:00,page_view,web,2026-03-02,22
U00633,2026-05-07 20:21:00,login,web,2026-05-07,20
U00633,2026-04-29 13:23:00,session_end,unknown,2026-04-29,13
U00634,2026-05-07 08:25:00,session_start,unknown,2026-05-07,8
U00634,2026-05-06 02:27:00,login,web,2026-05-06,2
U00634,2026-04-26 02:11:00,login,web,2026-04-26,2
U00634,2026-04-29 00:34:00,page_view,web,2026-04-29,0
U00634,2026-05-03 10:59:00,logout,web,2026-05-03,10
U00634,2026-05-02 02:52:00,login,mobile,2026-05-02,2
U00634,2026-05-06 12:38:00,login,web,2026-05-06,12
U00635,2026-04-04 11:36:00,session_start,unknown,2026-04-04,11
U00636,2026-01-21 14:11:00,login,mobile,2026-01-21,14
U00636,2026-01-17 14:55:00,login,mobile,2026-01-17,14
U00636,2026-01-20 11:49:00,page_view,web,2026-01-20,11
U00636,2026-01-21 05:24:00,login,web,2026-01-21,5
U00636,2026-01-17 21:16:00,page_view,mobile,2026-01-17,21
U00636,2026-01-20 05:26:00,logout,web,2026-01-20,5
U00636,2026-01-21 10:56:00,login,mobile,2026-01-21,10
U00636,2026-01-28 01:28:00,session_end,unknown,2026-01-28,1
U00637,2026-03-19 21:49:00,session_start,mobile,2026-03-19,21
U00637,2026-03-17 21:57:00,login,web,2026-03-17,21
U00637,2026-03-24 20:43:00,page_view,web,2026-03-24,20
U00637,2026-03-23 16:52:00,login,mobile,2026-03-23,16
U00637,2026-03-18 03:05:00,login,unknown,2026-03-18,3
U00637,2026-03-17 17:17:00,login,mobile,2026-03-17,17
U00637,2026-03-19 11:52:00,page_view,web,2026-03-19,11
U00638,2026-06-24 05:27:00,session_end,unknown,2026-06-24,5
U00638,2026-06-17 08:54:00,page_view,unknown,2026-06-17,8
U00638,2026-06-13 03:31:00,login,mobile,2026-06-13,3
U00638,2026-06-26 20:59:00,logout,web,2026-06-26,20
U00638,2026-06-24 16:26:00,logout,web,2026-06-24,16
U00639,2026-03-13 23:52:00,login,mobile,2026-03-13,23
U00640,2026-02-19 14:29:00,session_start,mobile,2026-02-19,14
U00640,2026-02-14 13:25:00,page_view,web,2026-02-14,13
U00640,2026-02-11 06:12:00,session_start,web,2026-02-11,6
U00640,2026-02-06 08:58:00,login,web,2026-02-06,8
U00640,2026-02-19 20:44:00,login,mobile,2026-02-19,20
U00640,2026-02-18 14:59:00,session_end,web,2026-02-18,14
U00640,2026-02-05 11:20:00,page_view,web,2026-02-05,11
U00640,2026-02-05 00:58:00,login,unknown,2026-02-05,0
U00640,2026-02-18 21:11:00,page_view,mobile,2026-02-18,21
U00640,2026-02-06 09:11:00,login,unknown,2026-02-06,9
U00640,2026-02-15 06:07:00,session_start,web,2026-02-15,6
U00640,2026-02-14 09:14:00,session_end,web,2026-02-14,9
U00640,2026-02-17 06:48:00,session_start,web,2026-02-17,6
U00641,2026-04-10 05:58:00,login,mobile,2026-04-10,5
U00641,2026-04-04 06:24:00,session_end,web,2026-04-04,6
U00641,2026-04-08 22:09:00,session_end,unknown,2026-04-08,22
U00641,2026-04-05 23:01:00,session_end,mobile,2026-04-05,23
U00641,2026-04-12 23:40:00,logout,unknown,2026-04-12,23
U00641,2026-04-15 07:22:00,login,web,2026-04-15,7
U00641,2026-04-12 11:52:00,logout,mobile,2026-04-12,11
U00642,2026-05-14 07:09:00,login,mobile,2026-05-14,7
U00642,2026-05-10 22:49:00,logout,unknown,2026-05-10,22
U00642,2026-05-03 22:39:00,login,mobile,2026-05-03,22
U00642,2026-04-30 09:23:00,logout,unknown,2026-04-30,9
U00642,2026-05-11 22:53:00,logout,mobile,2026-05-11,22
U00643,2026-06-18 11:14:00,login,mobile,2026-06-18,11
U00643,2026-06-12 13:05:00,session_end,web,2026-06-12,13
U00643,2026-06-06 15:25:00,login,web,2026-06-06,15
U00643,2026-06-14 14:02:00,session_end,mobile,2026-06-14,14
U00643,2026-06-12 19:31:00,logout,web,2026-06-12,19
U00643,2026-06-18 16:51:00,login,mobile,2026-06-18,16
U00643,2026-06-12 01:06:00,login,unknown,2026-06-12,1
U00644,2026-04-13 04:25:00,login,web,2026-04-13,4
U00644,2026-04-22 17:14:00,session_end,mobile,2026-04-22,17
U00644,2026-04-23 02:54:00,session_start,unknown,2026-04-23,2
U00644,2026-04-26 22:48:00,login,web,2026-04-26,22
U00644,2026-04-24 12:30:00,login,web,2026-04-24,12
U00644,2026-04-19 08:08:00,login,mobile,2026-04-19,8
U00644,2026-04-15 22:09:00,login,mobile,2026-04-15,22
U00644,2026-04-26 22:32:00,login,web,2026-04-26,22
U00644,2026-04-24 19:18:00,login,mobile,2026-04-24,19
U00645,2026-05-08 17:42:00,logout,mobile,2026-05-08,17
U00645,2026-05-14 21:43:00,page_view,mobile,2026-05-14,21
U00645,2026-05-05 23:22:00,session_start,web,2026-05-05,23
U00645,2026-05-09 05:52:00,session_end,web,2026-05-09,5
U00645,2026-05-06 11:41:00,login,unknown,2026-05-06,11
U00645,2026-05-06 20:50:00,page_view,unknown,2026-05-06,20
U00645,2026-05-16 07:04:00,logout,web,2026-05-16,7
U00646,2026-06-05 01:17:00,session_start,unknown,2026-06-05,1
U00646,2026-06-01 03:52:00,login,web,2026-06-01,3
U00646,2026-06-04 21:20:00,login,web,2026-06-04,21
U00647,2026-04-04 03:41:00,session_end,web,2026-04-04,3
U00647,2026-03-25 00:56:00,page_view,web,2026-03-25,0
U00647,2026-03-26 12:11:00,session_start,web,2026-03-26,12
U00647,2026-03-31 09:42:00,session_start,mobile,2026-03-31,9
U00647,2026-04-01 23:30:00,page_view,web,2026-04-01,23
U00647,2026-03-29 02:20:00,page_view,web,2026-03-29,2
U00647,2026-04-04 15:02:00,login,web,2026-04-04,15
U00647,2026-03-27 18:04:00,logout,mobile,2026-03-27,18
U00647,2026-04-06 20:42:00,login,web,2026-04-06,20
U00647,2026-03-24 13:46:00,login,web,2026-03-24,13
U00647,2026-03-24 18:49:00,page_view,web,2026-03-24,18
U00648,2026-05-05 13:17:00,login,web,2026-05-05,13
U00648,2026-05-09 23:24:00,session_end,mobile,2026-05-09,23
U00648,2026-05-09 10:28:00,session_end,unknown,2026-05-09,10
U00648,2026-05-05 05:03:00,session_start,web,2026-05-05,5
U00648,2026-05-12 04:01:00,login,mobile,2026-05-12,4
U00648,2026-05-06 05:42:00,login,web,2026-05-06,5
U00648,2026-05-09 20:31:00,login,mobile,2026-05-09,20
U00648,2026-05-11 21:05:00,login,web,2026-05-11,21
U00648,2026-05-01 06:36:00,login,unknown,2026-05-01,6
U00648,2026-05-14 19:25:00,session_start,unknown,2026-05-14,19
U00649,2026-04-05 01:36:00,session_end,unknown,2026-04-05,1
U00650,2026-06-16 02:10:00,session_start,unknown,2026-06-16,2
U00650,2026-06-27 15:14:00,login,mobile,2026-06-27,15
U00650,2026-06-15 14:41:00,session_start,web,2026-06-15,14
U00650,2026-06-20 10:44:00,session_end,unknown,2026-06-20,10
U00650,2026-06-23 17:26:00,login,mobile,2026-06-23,17
U00651,2026-05-04 20:59:00,login,web,2026-05-04,20
U00651,2026-04-24 03:38:00,login,unknown,2026-04-24,3
U00651,2026-04-26 09:12:00,login,web,2026-04-26,9
U00651,2026-04-23 07:07:00,login,web,2026-04-23,7
U00652,2026-02-03 03:37:00,login,web,2026-02-03,3
U00652,2026-02-14 00:49:00,login,unknown,2026-02-14,0
U00652,2026-02-13 12:17:00,login,unknown,2026-02-13,12
U00652,2026-02-13 09:30:00,login,web,2026-02-13,9
U00653,2026-03-19 04:26:00,session_end,unknown,2026-03-19,4
U00653,2026-03-25 09:19:00,session_end,unknown,2026-03-25,9
U00654,2026-03-31 12:19:00,session_end,unknown,2026-03-31,12
U00654,2026-04-02 14:59:00,login,web,2026-04-02,14
U00654,2026-03-30 06:24:00,login,unknown,2026-03-30,6
U00654,2026-04-04 01:16:00,logout,web,2026-04-04,1
U00654,2026-03-24 00:26:00,login,web,2026-03-24,0
U00654,2026-03-29 22:14:00,session_start,mobile,2026-03-29,22
U00654,2026-03-24 18:47:00,session_start,web,2026-03-24,18
U00654,2026-04-02 13:39:00,login,unknown,2026-04-02,13
U00654,2026-03-31 02:07:00,page_view,web,2026-03-31,2
U00654,2026-03-26 18:44:00,session_start,mobile,2026-03-26,18
U00655,2026-05-18 06:03:00,page_view,web,2026-05-18,6
U00656,2026-03-01 14:46:00,login,mobile,2026-03-01,14
U00656,2026-02-25 11:07:00,login,mobile,2026-02-25,11
U00656,2026-02-27 13:43:00,login,unknown,2026-02-27,13
U00656,2026-02-24 07:05:00,logout,web,2026-02-24,7
U00656,2026-03-01 09:58:00,session_end,web,2026-03-01,9
U00656,2026-03-01 12:22:00,login,unknown,2026-03-01,12
U00656,2026-03-02 13:15:00,login,web,2026-03-02,13
U00656,2026-03-04 08:55:00,login,mobile,2026-03-04,8
U00656,2026-02-24 22:16:00,logout,web,2026-02-24,22
U00657,2026-03-24 09:39:00,login,unknown,2026-03-24,9
U00657,2026-03-21 19:37:00,login,mobile,2026-03-21,19
U00658,2026-06-20 22:54:00,login,web,2026-06-20,22
U00658,2026-06-16 14:18:00,login,web,2026-06-16,14
U00658,2026-06-21 13:16:00,login,mobile,2026-06-21,13
U00658,2026-06-09 07:03:00,session_end,web,2026-06-09,7
U00658,2026-06-15 13:08:00,session_end,unknown,2026-06-15,13
U00658,2026-06-18 06:36:00,page_view,web,2026-06-18,6
U00658,2026-06-08 07:10:00,login,web,2026-06-08,7
U00659,2026-05-23 18:28:00,login,web,2026-05-23,18
U00659,2026-05-20 05:07:00,logout,unknown,2026-05-20,5
U00659,2026-05-21 01:30:00,login,web,2026-05-21,1
U00660,2026-06-15 16:22:00,login,web,2026-06-15,16
U00660,2026-06-11 22:50:00,session_start,web,2026-06-11,22
U00660,2026-06-06 15:51:00,session_end,mobile,2026-06-06,15
U00660,2026-06-14 04:02:00,login,web,2026-06-14,4
U00660,2026-06-01 09:17:00,session_end,unknown,2026-06-01,9
U00660,2026-06-14 09:24:00,login,mobile,2026-06-14,9
U00661,2026-06-20 19:14:00,session_end,web,2026-06-20,19
U00662,2026-04-10 00:09:00,page_view,web,2026-04-10,0
U00662,2026-03-29 04:49:00,login,mobile,2026-03-29,4
U00662,2026-04-08 14:21:00,logout,unknown,2026-04-08,14
U00662,2026-04-10 11:33:00,page_view,unknown,2026-04-10,11
U00662,2026-03-31 10:37:00,login,unknown,2026-03-31,10
U00662,2026-03-28 17:27:00,logout,web,2026-03-28,17
U00662,2026-04-11 18:39:00,login,web,2026-04-11,18
U00662,2026-04-01 22:23:00,session_end,web,2026-04-01,22
U00663,2026-01-24 08:44:00,login,unknown,2026-01-24,8
U00663,2026-01-27 07:05:00,login,mobile,2026-01-27,7
U00663,2026-02-04 17:35:00,login,web,2026-02-04,17
U00663,2026-02-04 06:18:00,login,mobile,2026-02-04,6
U00664,2026-03-22 13:10:00,page_view,mobile,2026-03-22,13
U00664,2026-03-09 07:12:00,login,unknown,2026-03-09,7
U00664,2026-03-13 05:16:00,session_start,mobile,2026-03-13,5
U00664,2026-03-19 03:01:00,login,mobile,2026-03-19,3
U00664,2026-03-19 14:45:00,session_end,unknown,2026-03-19,14
U00664,2026-03-17 23:44:00,page_view,unknown,2026-03-17,23
U00664,2026-03-21 17:53:00,login,web,2026-03-21,17
U00664,2026-03-17 20:20:00,page_view,mobile,2026-03-17,20
U00664,2026-03-18 08:24:00,logout,web,2026-03-18,8
U00665,2026-05-29 20:05:00,page_view,unknown,2026-05-29,20
U00665,2026-06-03 09:04:00,session_start,web,2026-06-03,9
U00665,2026-05-30 01:19:00,login,web,2026-05-30,1
U00665,2026-05-27 04:14:00,session_end,web,2026-05-27,4
U00665,2026-05-27 05:10:00,logout,web,2026-05-27,5
U00665,2026-06-02 12:21:00,login,unknown,2026-06-02,12
U00665,2026-06-08 10:46:00,logout,mobile,2026-06-08,10
U00666,2026-06-16 06:08:00,session_end,mobile,2026-06-16,6
U00667,2026-06-19 07:00:00,login,web,2026-06-19,7
U00667,2026-06-12 10:25:00,session_end,web,2026-06-12,10
U00667,2026-06-13 06:56:00,login,mobile,2026-06-13,6
U00667,2026-06-10 07:12:00,login,unknown,2026-06-10,7
U00667,2026-06-17 14:04:00,page_view,web,2026-06-17,14
U00667,2026-06-20 13:50:00,session_start,web,2026-06-20,13
U00667,2026-06-24 00:28:00,logout,unknown,2026-06-24,0
U00667,2026-06-12 15:39:00,session_end,web,2026-06-12,15
U00667,2026-06-22 10:15:00,page_view,web,2026-06-22,10
U00668,2026-06-16 08:41:00,login,mobile,2026-06-16,8
U00668,2026-06-14 02:57:00,login,mobile,2026-06-14,2
U00668,2026-06-25 18:35:00,logout,web,2026-06-25,18
U00668,2026-06-27 15:10:00,login,web,2026-06-27,15
U00668,2026-06-17 08:45:00,logout,mobile,2026-06-17,8
U00669,2026-04-14 04:34:00,login,unknown,2026-04-14,4
U00669,2026-04-15 18:51:00,page_view,web,2026-04-15,18
U00669,2026-04-15 14:45:00,login,mobile,2026-04-15,14
U00669,2026-04-24 04:18:00,login,web,2026-04-24,4
U00669,2026-04-14 14:52:00,page_view,unknown,2026-04-14,14
U00669,2026-04-28 08:42:00,session_end,unknown,2026-04-28,8
U00669,2026-04-25 03:53:00,session_start,unknown,2026-04-25,3
U00670,2026-01-24 08:26:00,login,mobile,2026-01-24,8
U00670,2026-02-02 08:03:00,session_start,web,2026-02-02,8
U00670,2026-01-29 17:14:00,session_end,unknown,2026-01-29,17
U00670,2026-01-21 21:30:00,page_view,mobile,2026-01-21,21
U00671,2026-02-15 16:55:00,login,mobile,2026-02-15,16
U00671,2026-02-12 10:38:00,login,web,2026-02-12,10
U00671,2026-02-16 12:48:00,session_end,web,2026-02-16,12
U00671,2026-02-21 08:58:00,session_end,mobile,2026-02-21,8
U00671,2026-02-13 15:15:00,page_view,mobile,2026-02-13,15
U00671,2026-02-17 18:49:00,login,mobile,2026-02-17,18
U00671,2026-02-11 04:05:00,login,web,2026-02-11,4
U00671,2026-02-11 16:29:00,session_end,web,2026-02-11,16
U00671,2026-02-13 22:22:00,page_view,unknown,2026-02-13,22
U00671,2026-02-22 23:39:00,login,web,2026-02-22,23
U00671,2026-02-17 01:55:00,logout,unknown,2026-02-17,1
U00671,2026-02-14 22:02:00,logout,mobile,2026-02-14,22
U00672,2026-05-08 04:22:00,login,web,2026-05-08,4
U00672,2026-05-10 11:11:00,session_end,web,2026-05-10,11
U00672,2026-05-10 03:31:00,login,mobile,2026-05-10,3
U00672,2026-05-01 04:57:00,session_start,unknown,2026-05-01,4
U00672,2026-05-10 08:15:00,login,unknown,2026-05-10,8
U00672,2026-05-01 05:01:00,login,web,2026-05-01,5
U00672,2026-05-01 04:07:00,session_start,mobile,2026-05-01,4
U00672,2026-05-05 21:20:00,page_view,web,2026-05-05,21
U00672,2026-05-08 20:24:00,logout,mobile,2026-05-08,20
U00672,2026-05-13 06:47:00,page_view,web,2026-05-13,6
U00672,2026-05-10 17:52:00,login,mobile,2026-05-10,17
U00673,2026-06-09 09:19:00,session_start,web,2026-06-09,9
U00673,2026-06-09 16:53:00,session_end,unknown,2026-06-09,16
U00673,2026-06-13 19:37:00,login,web,2026-06-13,19
U00673,2026-06-09 14:01:00,logout,mobile,2026-06-09,14
U00674,2026-03-23 11:39:00,page_view,unknown,2026-03-23,11
U00674,2026-04-04 16:43:00,login,web,2026-04-04,16
U00674,2026-04-01 10:12:00,logout,unknown,2026-04-01,10
U00674,2026-03-30 08:39:00,page_view,mobile,2026-03-30,8
U00674,2026-03-29 13:40:00,page_view,mobile,2026-03-29,13
U00674,2026-03-25 19:47:00,login,unknown,2026-03-25,19
U00675,2026-04-16 08:11:00,session_start,unknown,2026-04-16,8
U00675,2026-04-20 10:50:00,login,mobile,2026-04-20,10
U00675,2026-04-27 11:36:00,login,web,2026-04-27,11
U00675,2026-04-19 02:56:00,session_start,web,2026-04-19,2
U00676,2026-05-20 02:09:00,logout,mobile,2026-05-20,2
U00676,2026-05-12 20:23:00,session_end,mobile,2026-05-12,20
U00676,2026-05-14 18:18:00,login,web,2026-05-14,18
U00676,2026-05-17 13:13:00,login,mobile,2026-05-17,13
U00676,2026-05-21 10:20:00,logout,unknown,2026-05-21,10
U00676,2026-05-15 13:15:00,session_start,mobile,2026-05-15,13
U00676,2026-05-22 13:11:00,logout,web,2026-05-22,13
U00676,2026-05-22 05:02:00,session_start,unknown,2026-05-22,5
U00676,2026-05-13 10:42:00,login,web,2026-05-13,10
U00676,2026-05-22 21:35:00,login,web,2026-05-22,21
U00677,2026-03-26 06:46:00,login,mobile,2026-03-26,6
U00677,2026-04-02 17:48:00,logout,web,2026-04-02,17
U00677,2026-03-23 08:36:00,session_end,mobile,2026-03-23,8
U00677,2026-04-03 05:04:00,logout,web,2026-04-03,5
U00677,2026-03-25 04:06:00,logout,mobile,2026-03-25,4
U00677,2026-04-04 02:23:00,page_view,web,2026-04-04,2
U00677,2026-03-31 21:58:00,login,web,2026-03-31,21
U00677,2026-03-31 04:55:00,session_start,unknown,2026-03-31,4
U00677,2026-03-31 15:25:00,login,web,2026-03-31,15
U00677,2026-03-24 18:07:00,session_end,web,2026-03-24,18
U00677,2026-03-27 17:34:00,login,unknown,2026-03-27,17
U00678,2026-03-14 09:48:00,login,web,2026-03-14,9
U00678,2026-03-10 12:11:00,session_end,unknown,2026-03-10,12
U00678,2026-03-17 20:33:00,session_start,mobile,2026-03-17,20
U00678,2026-03-23 10:33:00,login,unknown,2026-03-23,10
U00679,2026-02-04 12:18:00,logout,unknown,2026-02-04,12
U00679,2026-02-05 09:49:00,page_view,web,2026-02-05,9
U00679,2026-02-03 13:46:00,login,mobile,2026-02-03,13
U00680,2026-04-13 21:11:00,login,mobile,2026-04-13,21
U00680,2026-04-20 13:51:00,login,mobile,2026-04-20,13
U00680,2026-04-10 06:11:00,login,web,2026-04-10,6
U00680,2026-04-20 02:02:00,login,mobile,2026-04-20,2
U00680,2026-04-18 08:34:00,login,web,2026-04-18,8
U00680,2026-04-13 23:31:00,session_end,web,2026-04-13,23
U00680,2026-04-10 15:55:00,session_end,unknown,2026-04-10,15
U00680,2026-04-11 13:37:00,session_end,web,2026-04-11,13
U00680,2026-04-18 22:33:00,login,mobile,2026-04-18,22
U00681,2026-02-18 22:12:00,login,web,2026-02-18,22
U00681,2026-02-10 07:56:00,session_start,unknown,2026-02-10,7
U00681,2026-02-16 00:47:00,page_view,mobile,2026-02-16,0
U00681,2026-02-21 00:03:00,login,web,2026-02-21,0
U00681,2026-02-24 06:47:00,login,web,2026-02-24,6
U00681,2026-02-13 17:25:00,login,web,2026-02-13,17
U00682,2026-02-18 10:40:00,login,web,2026-02-18,10
U00683,2026-05-24 05:17:00,login,mobile,2026-05-24,5
U00683,2026-05-20 22:00:00,login,mobile,2026-05-20,22
U00683,2026-05-26 13:53:00,logout,mobile,2026-05-26,13
U00683,2026-05-22 18:49:00,session_end,web,2026-05-22,18
U00683,2026-05-12 14:25:00,session_end,unknown,2026-05-12,14
U00684,2026-05-10 14:48:00,session_start,mobile,2026-05-10,14
U00684,2026-05-21 07:11:00,logout,mobile,2026-05-21,7
U00684,2026-05-22 16:39:00,session_start,mobile,2026-05-22,16
U00684,2026-05-11 15:26:00,page_view,web,2026-05-11,15
U00684,2026-05-16 10:40:00,login,unknown,2026-05-16,10
U00684,2026-05-10 12:29:00,login,mobile,2026-05-10,12
U00684,2026-05-14 17:19:00,logout,web,2026-05-14,17
U00684,2026-05-08 02:12:00,login,mobile,2026-05-08,2
U00684,2026-05-11 07:45:00,session_end,mobile,2026-05-11,7
U00685,2026-04-12 21:34:00,logout,mobile,2026-04-12,21
U00685,2026-04-16 05:29:00,page_view,web,2026-04-16,5
U00685,2026-04-19 15:20:00,page_view,web,2026-04-19,15
U00686,2026-03-03 15:31:00,session_start,web,2026-03-03,15
U00686,2026-03-07 01:27:00,logout,web,2026-03-07,1
U00686,2026-03-10 18:10:00,login,web,2026-03-10,18
U00686,2026-03-10 20:52:00,login,mobile,2026-03-10,20
U00687,2026-01-25 02:39:00,login,unknown,2026-01-25,2
U00687,2026-01-22 14:26:00,login,unknown,2026-01-22,14
U00688,2026-06-16 16:44:00,login,web,2026-06-16,16
U00688,2026-06-11 13:37:00,logout,mobile,2026-06-11,13
U00688,2026-06-10 22:19:00,login,unknown,2026-06-10,22
U00688,2026-06-04 23:43:00,login,mobile,2026-06-04,23
U00688,2026-06-13 12:24:00,login,unknown,2026-06-13,12
U00688,2026-06-10 12:48:00,login,web,2026-06-10,12
U00689,2026-05-10 03:08:00,login,unknown,2026-05-10,3
U00689,2026-05-04 09:39:00,session_end,mobile,2026-05-04,9
U00689,2026-05-06 10:14:00,session_end,web,2026-05-06,10
U00689,2026-05-11 13:40:00,page_view,web,2026-05-11,13
U00689,2026-05-13 14:47:00,login,mobile,2026-05-13,14
U00689,2026-05-10 19:01:00,session_start,web,2026-05-10,19
U00690,2026-02-07 15:09:00,logout,unknown,2026-02-07,15
U00690,2026-02-03 18:19:00,login,unknown,2026-02-03,18
U00690,2026-02-06 19:25:00,session_start,web,2026-02-06,19
U00690,2026-02-05 00:35:00,logout,unknown,2026-02-05,0
U00690,2026-02-01 21:43:00,session_start,web,2026-02-01,21
U00691,2026-03-17 11:43:00,session_end,web,2026-03-17,11
U00691,2026-03-15 08:04:00,session_end,mobile,2026-03-15,8
U00692,2026-04-16 19:51:00,session_end,web,2026-04-16,19
U00692,2026-04-05 13:29:00,login,web,2026-04-05,13
U00692,2026-04-17 14:33:00,page_view,web,2026-04-17,14
U00693,2026-01-17 12:46:00,session_end,web,2026-01-17,12
U00693,2026-01-20 09:49:00,session_end,web,2026-01-20,9
U00693,2026-01-18 09:20:00,login,mobile,2026-01-18,9
U00693,2026-01-24 20:32:00,logout,unknown,2026-01-24,20
U00693,2026-01-28 00:20:00,login,web,2026-01-28,0
U00693,2026-01-27 01:10:00,session_start,mobile,2026-01-27,1
U00693,2026-01-21 01:25:00,session_start,web,2026-01-21,1
U00693,2026-01-22 19:57:00,login,web,2026-01-22,19
U00693,2026-01-27 17:11:00,login,web,2026-01-27,17
U00693,2026-01-19 16:06:00,logout,mobile,2026-01-19,16
U00693,2026-01-14 17:56:00,session_end,mobile,2026-01-14,17
U00694,2026-03-04 21:51:00,login,web,2026-03-04,21
U00694,2026-02-26 09:42:00,logout,mobile,2026-02-26,9
U00694,2026-02-28 19:47:00,session_start,web,2026-02-28,19
U00694,2026-03-04 23:06:00,session_end,web,2026-03-04,23
U00694,2026-02-25 07:00:00,login,unknown,2026-02-25,7
U00694,2026-03-03 11:58:00,login,web,2026-03-03,11
U00695,2026-01-19 06:02:00,page_view,web,2026-01-19,6
U00695,2026-01-30 12:48:00,page_view,unknown,2026-01-30,12
U00695,2026-01-20 18:56:00,logout,web,2026-01-20,18
U00695,2026-01-29 06:01:00,login,unknown,2026-01-29,6
U00695,2026-01-23 03:35:00,login,mobile,2026-01-23,3
U00695,2026-02-01 14:34:00,page_view,web,2026-02-01,14
U00696,2026-05-27 14:36:00,login,unknown,2026-05-27,14
U00696,2026-06-04 23:58:00,login,web,2026-06-04,23
U00696,2026-05-29 15:10:00,session_start,web,2026-05-29,15
U00697,2026-01-31 03:40:00,logout,mobile,2026-01-31,3
U00697,2026-02-06 11:56:00,page_view,web,2026-02-06,11
U00697,2026-01-31 07:17:00,login,web,2026-01-31,7
U00698,2026-04-15 04:38:00,session_end,web,2026-04-15,4
U00698,2026-04-17 15:17:00,page_view,web,2026-04-17,15
U00698,2026-04-17 17:57:00,session_start,web,2026-04-17,17
U00698,2026-04-13 09:02:00,session_start,mobile,2026-04-13,9
U00699,2026-06-04 04:07:00,login,web,2026-06-04,4
U00699,2026-06-01 19:27:00,logout,unknown,2026-06-01,19
U00699,2026-05-25 10:59:00,session_start,mobile,2026-05-25,10
U00699,2026-05-25 05:07:00,session_end,web,2026-05-25,5
U00700,2026-06-09 07:13:00,page_view,web,2026-06-09,7
U00700,2026-06-11 00:16:00,session_start,web,2026-06-11,0
U00700,2026-06-11 12:19:00,session_end,web,2026-06-11,12
U00700,2026-06-14 10:23:00,session_end,mobile,2026-06-14,10
U00700,2026-06-13 13:20:00,login,web,2026-06-13,13
U00700,2026-06-17 07:34:00,login,web,2026-06-17,7
U00700,2026-06-04 15:53:00,login,mobile,2026-06-04,15
U00701,2026-01-15 10:46:00,login,mobile,2026-01-15,10
U00701,2026-01-12 05:44:00,logout,web,2026-01-12,5
U00701,2026-01-11 23:15:00,session_start,mobile,2026-01-11,23
U00701,2026-01-21 05:05:00,logout,web,2026-01-21,5
U00701,2026-01-25 22:49:00,session_start,mobile,2026-01-25,22
U00701,2026-01-25 20:09:00,page_view,unknown,2026-01-25,20
U00701,2026-01-18 05:27:00,logout,web,2026-01-18,5
U00702,2026-02-13 20:34:00,page_view,mobile,2026-02-13,20
U00702,2026-02-14 11:35:00,login,web,2026-02-14,11
U00702,2026-02-13 10:10:00,login,web,2026-02-13,10
U00703,2026-05-04 21:53:00,login,mobile,2026-05-04,21
U00703,2026-05-13 10:06:00,session_start,web,2026-05-13,10
U00703,2026-05-10 10:31:00,login,web,2026-05-10,10
U00703,2026-05-09 02:03:00,login,web,2026-05-09,2
U00703,2026-05-10 20:03:00,login,web,2026-05-10,20
U00703,2026-05-11 02:16:00,session_start,unknown,2026-05-11,2
U00703,2026-05-06 08:30:00,login,web,2026-05-06,8
U00703,2026-05-12 06:22:00,logout,mobile,2026-05-12,6
U00704,2026-02-12 14:55:00,session_end,web,2026-02-12,14
U00704,2026-02-09 14:07:00,login,web,2026-02-09,14
U00704,2026-02-19 18:29:00,login,web,2026-02-19,18
U00704,2026-02-12 19:13:00,login,web,2026-02-12,19
U00704,2026-02-11 15:32:00,session_end,web,2026-02-11,15
U00704,2026-02-11 06:07:00,session_end,mobile,2026-02-11,6
U00704,2026-02-14 02:55:00,logout,web,2026-02-14,2
U00704,2026-02-19 06:15:00,logout,mobile,2026-02-19,6
U00704,2026-02-14 01:32:00,session_start,mobile,2026-02-14,1
U00704,2026-02-20 17:04:00,login,mobile,2026-02-20,17
U00705,2026-02-12 17:30:00,login,web,2026-02-12,17
U00705,2026-02-09 17:27:00,login,web,2026-02-09,17
U00705,2026-02-15 02:20:00,login,web,2026-02-15,2
U00705,2026-02-12 22:19:00,session_start,web,2026-02-12,22
U00705,2026-02-18 21:13:00,login,mobile,2026-02-18,21
U00705,2026-02-12 16:03:00,login,web,2026-02-12,16
U00705,2026-02-10 13:43:00,session_start,mobile,2026-02-10,13
U00705,2026-02-09 08:55:00,session_start,unknown,2026-02-09,8
U00706,2026-03-24 23:30:00,session_start,unknown,2026-03-24,23
U00706,2026-04-06 05:37:00,logout,unknown,2026-04-06,5
U00707,2026-06-16 02:19:00,login,mobile,2026-06-16,2
U00707,2026-06-20 12:08:00,session_end,web,2026-06-20,12
U00707,2026-06-21 12:40:00,logout,unknown,2026-06-21,12
U00707,2026-06-11 10:03:00,session_end,web,2026-06-11,10
U00707,2026-06-18 01:07:00,login,web,2026-06-18,1
U00707,2026-06-14 07:36:00,login,mobile,2026-06-14,7
U00708,2026-06-14 21:45:00,login,mobile,2026-06-14,21
U00708,2026-06-02 22:05:00,session_end,unknown,2026-06-02,22
U00708,2026-06-11 16:18:00,login,mobile,2026-06-11,16
U00708,2026-06-11 09:24:00,login,web,2026-06-11,9
U00708,2026-06-10 21:39:00,page_view,unknown,2026-06-10,21
U00708,2026-06-10 11:28:00,login,web,2026-06-10,11
U00708,2026-06-14 15:21:00,page_view,web,2026-06-14,15
U00708,2026-06-13 16:08:00,session_end,web,2026-06-13,16
U00708,2026-06-14 18:03:00,login,mobile,2026-06-14,18
U00708,2026-06-02 14:47:00,session_end,unknown,2026-06-02,14
U00708,2026-06-12 17:38:00,page_view,web,2026-06-12,17
U00709,2026-05-30 04:19:00,session_end,mobile,2026-05-30,4
U00709,2026-05-27 19:58:00,logout,unknown,2026-05-27,19
U00709,2026-05-31 02:29:00,login,web,2026-05-31,2
U00709,2026-05-29 18:33:00,login,web,2026-05-29,18
U00709,2026-05-31 10:51:00,login,web,2026-05-31,10
U00709,2026-05-29 06:27:00,session_start,mobile,2026-05-29,6
U00709,2026-05-25 12:33:00,login,web,2026-05-25,12
U00709,2026-05-19 23:13:00,page_view,web,2026-05-19,23
U00709,2026-05-20 16:32:00,login,unknown,2026-05-20,16
U00709,2026-05-30 17:07:00,logout,web,2026-05-30,17
U00710,2026-03-27 07:39:00,session_start,web,2026-03-27,7
U00710,2026-03-22 10:36:00,login,web,2026-03-22,10
U00710,2026-03-29 19:42:00,logout,mobile,2026-03-29,19
U00710,2026-03-31 03:28:00,session_start,web,2026-03-31,3
U00710,2026-03-23 10:09:00,session_end,unknown,2026-03-23,10
U00710,2026-04-01 13:37:00,login,mobile,2026-04-01,13
U00710,2026-03-31 11:05:00,page_view,web,2026-03-31,11
U00710,2026-03-29 16:34:00,logout,web,2026-03-29,16
U00710,2026-03-30 23:29:00,page_view,web,2026-03-30,23
U00710,2026-03-30 21:20:00,login,mobile,2026-03-30,21
U00710,2026-03-28 12:01:00,page_view,web,2026-03-28,12
U00710,2026-03-19 18:15:00,logout,web,2026-03-19,18
U00710,2026-03-18 07:54:00,session_end,mobile,2026-03-18,7
U00711,2026-04-08 18:30:00,login,mobile,2026-04-08,18
U00711,2026-04-05 10:22:00,login,mobile,2026-04-05,10
U00711,2026-04-06 13:02:00,session_end,web,2026-04-06,13
U00711,2026-04-06 16:20:00,logout,web,2026-04-06,16
U00711,2026-04-08 16:45:00,login,web,2026-04-08,16
U00711,2026-03-30 10:03:00,login,web,2026-03-30,10
U00711,2026-03-29 22:29:00,login,unknown,2026-03-29,22
U00711,2026-03-27 10:59:00,page_view,unknown,2026-03-27,10
U00711,2026-03-29 12:48:00,session_start,mobile,2026-03-29,12
U00712,2026-06-13 14:05:00,login,web,2026-06-13,14
U00712,2026-06-07 23:38:00,session_start,mobile,2026-06-07,23
U00712,2026-06-02 11:15:00,logout,web,2026-06-02,11
U00712,2026-06-10 00:40:00,login,web,2026-06-10,0
U00713,2026-06-24 13:05:00,login,web,2026-06-24,13
U00713,2026-06-18 21:15:00,login,web,2026-06-18,21
U00713,2026-06-24 12:52:00,session_start,mobile,2026-06-24,12
U00713,2026-06-20 15:36:00,login,web,2026-06-20,15
U00713,2026-06-16 03:06:00,session_start,web,2026-06-16,3
U00713,2026-06-14 12:43:00,session_end,web,2026-06-14,12
U00714,2026-05-12 04:53:00,session_end,mobile,2026-05-12,4
U00714,2026-05-09 15:11:00,session_start,web,2026-05-09,15
U00714,2026-05-15 05:34:00,session_end,unknown,2026-05-15,5
U00714,2026-05-14 20:24:00,session_start,web,2026-05-14,20
U00714,2026-05-07 07:18:00,login,web,2026-05-07,7
U00714,2026-05-08 08:16:00,login,unknown,2026-05-08,8
U00714,2026-05-03 01:57:00,login,unknown,2026-05-03,1
U00714,2026-05-07 20:57:00,login,web,2026-05-07,20
U00715,2026-06-06 20:58:00,login,unknown,2026-06-06,20
U00715,2026-06-11 08:02:00,login,web,2026-06-11,8
U00716,2026-05-30 06:42:00,session_end,web,2026-05-30,6
U00716,2026-06-01 15:13:00,login,web,2026-06-01,15
U00717,2026-05-17 15:26:00,login,unknown,2026-05-17,15
U00717,2026-05-17 16:55:00,login,web,2026-05-17,16
U00717,2026-05-25 08:43:00,login,unknown,2026-05-25,8
U00717,2026-05-16 16:48:00,session_end,mobile,2026-05-16,16
U00718,2026-04-17 10:50:00,login,web,2026-04-17,10
U00718,2026-04-17 13:36:00,logout,web,2026-04-17,13
U00718,2026-04-14 15:25:00,login,web,2026-04-14,15
U00718,2026-04-17 05:11:00,session_end,web,2026-04-17,5
U00718,2026-04-17 16:29:00,logout,web,2026-04-17,16
U00718,2026-04-21 10:48:00,login,web,2026-04-21,10
U00718,2026-04-21 22:15:00,logout,web,2026-04-21,22
U00719,2026-03-12 23:57:00,session_start,mobile,2026-03-12,23
U00719,2026-03-17 15:07:00,session_start,web,2026-03-17,15
U00719,2026-03-18 06:01:00,page_view,unknown,2026-03-18,6
U00719,2026-03-16 17:35:00,login,web,2026-03-16,17
U00720,2026-02-10 12:53:00,logout,web,2026-02-10,12
U00720,2026-02-10 23:49:00,logout,web,2026-02-10,23
U00720,2026-02-01 09:13:00,session_end,web,2026-02-01,9
U00720,2026-02-06 15:13:00,session_end,unknown,2026-02-06,15
U00720,2026-02-05 20:47:00,login,mobile,2026-02-05,20
U00720,2026-02-09 07:13:00,session_start,web,2026-02-09,7
U00720,2026-02-10 15:28:00,login,web,2026-02-10,15
U00720,2026-01-30 07:45:00,login,web,2026-01-30,7
U00720,2026-02-07 03:22:00,login,unknown,2026-02-07,3
U00721,2026-04-23 05:34:00,login,unknown,2026-04-23,5
U00721,2026-04-25 11:16:00,logout,mobile,2026-04-25,11
U00721,2026-04-23 08:04:00,page_view,mobile,2026-04-23,8
U00721,2026-05-06 07:57:00,login,web,2026-05-06,7
U00721,2026-05-04 20:22:00,session_start,unknown,2026-05-04,20
U00721,2026-04-25 00:17:00,logout,web,2026-04-25,0
U00721,2026-04-24 00:03:00,page_view,unknown,2026-04-24,0
U00721,2026-05-04 18:53:00,page_view,web,2026-05-04,18
U00722,2026-04-17 18:13:00,login,web,2026-04-17,18
U00722,2026-04-21 07:53:00,session_end,web,2026-04-21,7
U00722,2026-04-16 19:30:00,page_view,web,2026-04-16,19
U00722,2026-04-17 20:59:00,login,mobile,2026-04-17,20
U00722,2026-04-28 08:34:00,session_start,web,2026-04-28,8
U00722,2026-04-25 23:47:00,session_end,unknown,2026-04-25,23
U00723,2026-04-18 23:24:00,login,unknown,2026-04-18,23
U00723,2026-04-19 05:11:00,login,web,2026-04-19,5
U00724,2026-05-08 09:50:00,login,mobile,2026-05-08,9
U00724,2026-05-05 00:16:00,logout,mobile,2026-05-05,0
U00724,2026-05-03 13:06:00,login,web,2026-05-03,13
U00724,2026-05-01 06:19:00,session_start,unknown,2026-05-01,6
U00724,2026-05-02 22:24:00,login,web,2026-05-02,22
U00724,2026-05-08 00:09:00,session_end,unknown,2026-05-08,0
U00724,2026-05-08 22:41:00,login,web,2026-05-08,22
U00725,2026-01-30 04:49:00,login,web,2026-01-30,4
U00725,2026-01-25 10:49:00,logout,mobile,2026-01-25,10
U00725,2026-01-22 13:46:00,login,web,2026-01-22,13
U00725,2026-01-25 11:12:00,session_start,web,2026-01-25,11
U00725,2026-01-16 10:29:00,session_start,web,2026-01-16,10
U00725,2026-01-16 01:06:00,session_start,mobile,2026-01-16,1
U00725,2026-01-18 10:51:00,session_end,web,2026-01-18,10
U00725,2026-01-16 14:13:00,session_end,unknown,2026-01-16,14
U00725,2026-01-17 06:48:00,logout,web,2026-01-17,6
U00725,2026-01-26 14:10:00,login,web,2026-01-26,14
U00725,2026-01-17 06:34:00,logout,unknown,2026-01-17,6
U00725,2026-01-25 01:47:00,session_end,unknown,2026-01-25,1
U00725,2026-01-30 02:41:00,session_start,unknown,2026-01-30,2
U00726,2026-02-25 05:07:00,login,web,2026-02-25,5
U00726,2026-02-28 22:49:00,login,unknown,2026-02-28,22
U00726,2026-03-07 03:31:00,login,mobile,2026-03-07,3
U00726,2026-03-03 02:30:00,logout,web,2026-03-03,2
U00726,2026-03-02 08:19:00,login,unknown,2026-03-02,8
U00726,2026-02-23 04:52:00,login,web,2026-02-23,4
U00726,2026-02-27 04:11:00,login,mobile,2026-02-27,4
U00726,2026-02-24 20:25:00,login,mobile,2026-02-24,20
U00726,2026-02-28 05:13:00,session_end,web,2026-02-28,5
U00727,2026-05-27 02:09:00,page_view,web,2026-05-27,2
U00727,2026-05-24 08:19:00,page_view,unknown,2026-05-24,8
U00727,2026-05-27 15:56:00,login,unknown,2026-05-27,15
U00727,2026-05-24 00:13:00,page_view,mobile,2026-05-24,0
U00727,2026-05-21 20:40:00,login,web,2026-05-21,20
U00727,2026-05-16 07:59:00,login,unknown,2026-05-16,7
U00727,2026-05-21 02:41:00,session_start,web,2026-05-21,2
U00727,2026-05-26 17:01:00,page_view,mobile,2026-05-26,17
U00727,2026-05-19 11:52:00,page_view,web,2026-05-19,11
U00727,2026-05-24 17:22:00,login,unknown,2026-05-24,17
U00727,2026-05-15 04:06:00,login,web,2026-05-15,4
U00728,2026-02-19 17:37:00,logout,web,2026-02-19,17
U00728,2026-02-16 13:34:00,session_start,web,2026-02-16,13
U00728,2026-02-25 19:51:00,session_end,unknown,2026-02-25,19
U00728,2026-02-18 15:35:00,session_start,unknown,2026-02-18,15
U00728,2026-02-16 06:29:00,session_start,web,2026-02-16,6
U00728,2026-02-28 00:32:00,session_end,web,2026-02-28,0
U00729,2026-05-24 14:16:00,login,mobile,2026-05-24,14
U00729,2026-05-27 21:35:00,login,web,2026-05-27,21
U00729,2026-05-29 01:31:00,login,mobile,2026-05-29,1
U00729,2026-05-21 13:19:00,login,web,2026-05-21,13
U00729,2026-05-26 18:47:00,page_view,mobile,2026-05-26,18
U00729,2026-05-26 19:46:00,page_view,mobile,2026-05-26,19
U00729,2026-06-02 06:50:00,login,mobile,2026-06-02,6
U00729,2026-05-24 17:17:00,session_end,unknown,2026-05-24,17
U00729,2026-05-24 14:02:00,session_end,mobile,2026-05-24,14
U00729,2026-05-21 07:36:00,session_end,unknown,2026-05-21,7
U00730,2026-06-11 08:27:00,login,mobile,2026-06-11,8
U00730,2026-06-17 00:10:00,login,mobile,2026-06-17,0
U00730,2026-06-09 23:46:00,session_start,mobile,2026-06-09,23
U00730,2026-06-19 00:22:00,login,web,2026-06-19,0
U00730,2026-06-20 06:48:00,login,web,2026-06-20,6
U00730,2026-06-06 00:01:00,session_end,unknown,2026-06-06,0
U00730,2026-06-09 09:47:00,page_view,unknown,2026-06-09,9
U00730,2026-06-13 07:37:00,login,web,2026-06-13,7
U00730,2026-06-06 16:33:00,session_end,web,2026-06-06,16
U00730,2026-06-07 08:07:00,session_start,web,2026-06-07,8
U00731,2026-03-05 18:54:00,logout,web,2026-03-05,18
U00731,2026-03-11 18:48:00,page_view,mobile,2026-03-11,18
U00731,2026-03-18 07:08:00,page_view,unknown,2026-03-18,7
U00731,2026-03-08 14:47:00,logout,unknown,2026-03-08,14
U00731,2026-03-16 22:39:00,login,unknown,2026-03-16,22
U00731,2026-03-05 17:50:00,page_view,web,2026-03-05,17
U00732,2026-03-03 17:53:00,login,unknown,2026-03-03,17
U00732,2026-03-06 08:24:00,login,web,2026-03-06,8
U00732,2026-02-27 00:58:00,session_end,web,2026-02-27,0
U00732,2026-03-09 07:15:00,session_start,web,2026-03-09,7
U00732,2026-03-13 03:46:00,logout,mobile,2026-03-13,3
U00732,2026-03-06 02:59:00,login,web,2026-03-06,2
U00732,2026-03-04 02:42:00,session_end,web,2026-03-04,2
U00732,2026-03-10 08:21:00,session_end,mobile,2026-03-10,8
U00732,2026-03-11 18:51:00,login,mobile,2026-03-11,18
U00732,2026-02-27 06:40:00,login,web,2026-02-27,6
U00732,2026-02-28 11:13:00,login,mobile,2026-02-28,11
U00732,2026-03-03 13:26:00,login,unknown,2026-03-03,13
U00732,2026-03-04 12:36:00,session_end,web,2026-03-04,12
U00733,2026-05-10 18:56:00,page_view,web,2026-05-10,18
U00733,2026-05-19 12:27:00,session_start,mobile,2026-05-19,12
U00733,2026-05-17 01:06:00,login,mobile,2026-05-17,1
U00733,2026-05-10 20:46:00,login,mobile,2026-05-10,20
U00733,2026-05-17 17:58:00,login,mobile,2026-05-17,17
U00733,2026-05-20 04:41:00,login,unknown,2026-05-20,4
U00734,2026-04-09 09:00:00,login,unknown,2026-04-09,9
U00734,2026-04-02 01:33:00,login,web,2026-04-02,1
U00734,2026-04-07 08:44:00,login,mobile,2026-04-07,8
U00735,2026-03-19 07:50:00,login,mobile,2026-03-19,7
U00735,2026-03-18 09:10:00,login,web,2026-03-18,9
U00735,2026-03-19 00:00:00,login,web,2026-03-19,0
U00735,2026-03-14 19:06:00,logout,mobile,2026-03-14,19
U00735,2026-03-20 22:21:00,login,web,2026-03-20,22
U00735,2026-03-22 13:04:00,page_view,mobile,2026-03-22,13
U00735,2026-03-24 20:20:00,login,web,2026-03-24,20
U00735,2026-03-16 21:55:00,session_start,web,2026-03-16,21
U00735,2026-03-26 01:03:00,session_start,mobile,2026-03-26,1
U00735,2026-03-15 01:16:00,session_start,unknown,2026-03-15,1
U00735,2026-03-12 01:05:00,login,mobile,2026-03-12,1
U00736,2026-06-04 04:29:00,login,web,2026-06-04,4
U00736,2026-05-28 23:56:00,page_view,mobile,2026-05-28,23
U00737,2026-04-11 04:36:00,page_view,unknown,2026-04-11,4
U00737,2026-04-09 11:05:00,login,web,2026-04-09,11
U00737,2026-04-18 08:34:00,page_view,web,2026-04-18,8
U00737,2026-04-08 15:47:00,session_start,unknown,2026-04-08,15
U00738,2026-02-19 10:14:00,logout,web,2026-02-19,10
U00738,2026-02-11 12:46:00,login,web,2026-02-11,12
U00738,2026-02-17 05:57:00,login,unknown,2026-02-17,5
U00738,2026-02-13 07:54:00,page_view,web,2026-02-13,7
U00738,2026-02-13 00:06:00,session_end,web,2026-02-13,0
U00738,2026-02-12 07:00:00,login,unknown,2026-02-12,7
U00738,2026-02-18 23:51:00,page_view,mobile,2026-02-18,23
U00738,2026-02-18 09:31:00,logout,mobile,2026-02-18,9
U00738,2026-02-11 07:22:00,session_end,unknown,2026-02-11,7
U00738,2026-02-08 15:26:00,session_end,mobile,2026-02-08,15
U00739,2026-03-17 10:48:00,login,mobile,2026-03-17,10
U00739,2026-03-28 14:42:00,login,unknown,2026-03-28,14
U00739,2026-03-22 00:32:00,session_start,unknown,2026-03-22,0
U00740,2026-04-10 12:59:00,login,unknown,2026-04-10,12
U00740,2026-04-01 04:17:00,login,unknown,2026-04-01,4
U00741,2026-03-21 13:54:00,session_end,unknown,2026-03-21,13
U00741,2026-03-15 08:50:00,session_end,web,2026-03-15,8
U00741,2026-03-14 14:53:00,login,mobile,2026-03-14,14
U00742,2026-03-02 01:40:00,login,web,2026-03-02,1
U00742,2026-02-21 01:26:00,login,web,2026-02-21,1
U00742,2026-03-01 18:30:00,login,mobile,2026-03-01,18
U00742,2026-02-23 07:20:00,logout,web,2026-02-23,7
U00742,2026-03-05 06:19:00,login,web,2026-03-05,6
U00742,2026-03-04 13:56:00,page_view,unknown,2026-03-04,13
U00742,2026-03-01 04:07:00,login,web,2026-03-01,4
U00742,2026-02-26 20:27:00,logout,web,2026-02-26,20
U00742,2026-03-02 23:48:00,login,mobile,2026-03-02,23
U00742,2026-02-26 08:36:00,logout,mobile,2026-02-26,8
U00743,2026-05-24 12:42:00,page_view,web,2026-05-24,12
U00743,2026-06-05 09:41:00,logout,web,2026-06-05,9
U00743,2026-06-05 03:06:00,page_view,unknown,2026-06-05,3
U00743,2026-06-05 06:34:00,session_end,web,2026-06-05,6
U00743,2026-06-01 04:29:00,login,web,2026-06-01,4
U00743,2026-06-06 21:27:00,login,web,2026-06-06,21
U00744,2026-02-08 10:43:00,session_end,web,2026-02-08,10
U00744,2026-02-13 16:51:00,login,web,2026-02-13,16
U00744,2026-02-13 16:17:00,session_end,unknown,2026-02-13,16
U00744,2026-02-13 00:25:00,session_start,web,2026-02-13,0
U00744,2026-02-18 00:22:00,logout,web,2026-02-18,0
U00744,2026-02-18 03:02:00,login,web,2026-02-18,3
U00745,2026-03-05 11:19:00,login,web,2026-03-05,11
U00745,2026-03-04 23:11:00,login,web,2026-03-04,23
U00745,2026-03-04 22:25:00,login,web,2026-03-04,22
U00745,2026-03-12 23:33:00,session_start,web,2026-03-12,23
U00745,2026-03-16 07:31:00,login,web,2026-03-16,7
U00746,2026-05-27 23:41:00,logout,unknown,2026-05-27,23
U00746,2026-05-16 01:12:00,login,web,2026-05-16,1
U00746,2026-05-27 06:06:00,session_end,unknown,2026-05-27,6
U00746,2026-05-24 18:39:00,session_end,web,2026-05-24,18
U00747,2026-03-02 02:51:00,login,web,2026-03-02,2
U00747,2026-03-01 06:19:00,session_start,web,2026-03-01,6
U00747,2026-03-04 03:48:00,page_view,unknown,2026-03-04,3
U00747,2026-03-12 03:37:00,logout,unknown,2026-03-12,3
U00747,2026-03-13 20:35:00,session_start,web,2026-03-13,20
U00747,2026-03-13 23:06:00,page_view,unknown,2026-03-13,23
U00747,2026-03-15 04:48:00,login,web,2026-03-15,4
U00748,2026-04-06 16:16:00,login,web,2026-04-06,16
U00748,2026-04-08 20:29:00,logout,web,2026-04-08,20
U00748,2026-04-08 11:58:00,login,web,2026-04-08,11
U00749,2026-02-06 06:28:00,login,mobile,2026-02-06,6
U00749,2026-02-10 16:10:00,page_view,web,2026-02-10,16
U00749,2026-02-05 15:59:00,login,unknown,2026-02-05,15
U00749,2026-02-13 23:00:00,session_start,mobile,2026-02-13,23
U00749,2026-02-17 14:38:00,logout,web,2026-02-17,14
U00750,2026-04-26 07:29:00,login,unknown,2026-04-26,7
U00751,2026-05-04 13:01:00,session_end,web,2026-05-04,13
U00751,2026-05-15 19:30:00,logout,mobile,2026-05-15,19
U00751,2026-05-05 06:43:00,session_end,unknown,2026-05-05,6
U00751,2026-05-07 15:31:00,logout,web,2026-05-07,15
U00751,2026-05-11 06:31:00,login,mobile,2026-05-11,6
U00751,2026-05-03 14:56:00,session_start,web,2026-05-03,14
U00751,2026-05-17 00:11:00,logout,web,2026-05-17,0
U00751,2026-05-11 00:43:00,page_view,web,2026-05-11,0
U00752,2026-03-27 11:29:00,logout,web,2026-03-27,11
U00752,2026-03-15 05:41:00,login,web,2026-03-15,5
U00752,2026-03-18 04:13:00,session_start,mobile,2026-03-18,4
U00753,2026-01-25 03:25:00,session_end,web,2026-01-25,3
U00753,2026-02-04 12:38:00,page_view,unknown,2026-02-04,12
U00753,2026-01-31 11:54:00,session_start,web,2026-01-31,11
U00753,2026-01-29 21:30:00,login,unknown,2026-01-29,21
U00753,2026-02-04 14:43:00,page_view,web,2026-02-04,14
U00753,2026-01-24 13:39:00,page_view,web,2026-01-24,13
U00753,2026-01-26 18:54:00,login,mobile,2026-01-26,18
U00753,2026-01-24 10:03:00,page_view,web,2026-01-24,10
U00753,2026-02-05 13:57:00,login,mobile,2026-02-05,13
U00753,2026-01-29 02:00:00,session_start,web,2026-01-29,2
U00754,2026-03-04 06:23:00,login,web,2026-03-04,6
U00754,2026-03-15 05:18:00,logout,mobile,2026-03-15,5
U00754,2026-03-12 23:44:00,login,mobile,2026-03-12,23
U00754,2026-03-10 04:18:00,session_end,web,2026-03-10,4
U00754,2026-03-09 02:14:00,login,web,2026-03-09,2
U00754,2026-03-05 03:47:00,session_start,web,2026-03-05,3
U00755,2026-02-27 00:20:00,logout,mobile,2026-02-27,0
U00755,2026-02-14 04:06:00,login,web,2026-02-14,4
U00755,2026-02-20 15:46:00,login,unknown,2026-02-20,15
U00756,2026-04-23 09:25:00,page_view,mobile,2026-04-23,9
U00756,2026-04-15 21:55:00,session_end,web,2026-04-15,21
U00757,2026-03-19 09:35:00,login,web,2026-03-19,9
U00757,2026-03-16 10:01:00,logout,web,2026-03-16,10
U00757,2026-03-30 08:58:00,session_start,unknown,2026-03-30,8
U00757,2026-03-20 04:31:00,session_end,unknown,2026-03-20,4
U00757,2026-03-29 03:20:00,session_start,mobile,2026-03-29,3
U00757,2026-03-24 10:20:00,page_view,web,2026-03-24,10
U00757,2026-03-18 17:49:00,login,unknown,2026-03-18,17
U00758,2026-04-01 15:21:00,logout,web,2026-04-01,15
U00758,2026-03-20 07:37:00,login,unknown,2026-03-20,7
U00758,2026-03-26 03:21:00,login,web,2026-03-26,3
U00758,2026-03-20 12:54:00,page_view,web,2026-03-20,12
U00758,2026-03-30 21:51:00,session_end,unknown,2026-03-30,21
U00758,2026-03-20 07:46:00,session_start,web,2026-03-20,7
U00758,2026-03-20 09:50:00,login,unknown,2026-03-20,9
U00759,2026-04-08 23:53:00,login,web,2026-04-08,23
U00759,2026-04-02 14:29:00,login,web,2026-04-02,14
U00759,2026-04-01 02:28:00,login,web,2026-04-01,2
U00759,2026-04-03 06:03:00,logout,unknown,2026-04-03,6
U00759,2026-03-28 11:24:00,logout,web,2026-03-28,11
U00760,2026-06-26 20:30:00,session_end,mobile,2026-06-26,20
U00761,2026-05-14 21:46:00,login,mobile,2026-05-14,21
U00761,2026-05-08 15:20:00,login,mobile,2026-05-08,15
U00761,2026-05-15 00:49:00,login,unknown,2026-05-15,0
U00761,2026-05-11 02:53:00,login,web,2026-05-11,2
U00761,2026-05-18 14:42:00,login,unknown,2026-05-18,14
U00761,2026-05-07 05:36:00,login,web,2026-05-07,5
U00761,2026-05-11 12:43:00,session_end,unknown,2026-05-11,12
U00761,2026-05-09 14:11:00,session_end,web,2026-05-09,14
U00761,2026-05-07 14:26:00,session_start,web,2026-05-07,14
U00762,2026-05-02 00:28:00,page_view,unknown,2026-05-02,0
U00762,2026-05-10 06:09:00,session_start,web,2026-05-10,6
U00762,2026-05-13 22:13:00,login,mobile,2026-05-13,22
U00762,2026-05-11 17:58:00,session_start,unknown,2026-05-11,17
U00763,2026-02-04 22:08:00,login,mobile,2026-02-04,22
U00763,2026-02-01 16:27:00,page_view,unknown,2026-02-01,16
U00763,2026-02-07 01:26:00,page_view,web,2026-02-07,1
U00763,2026-02-10 08:33:00,session_end,unknown,2026-02-10,8
U00764,2026-05-07 21:14:00,login,web,2026-05-07,21
U00764,2026-05-09 10:49:00,login,mobile,2026-05-09,10
U00764,2026-05-02 00:22:00,logout,web,2026-05-02,0
U00764,2026-05-08 16:53:00,session_end,mobile,2026-05-08,16
U00764,2026-05-05 06:36:00,session_start,web,2026-05-05,6
U00764,2026-05-12 10:38:00,logout,unknown,2026-05-12,10
U00765,2026-02-23 08:49:00,login,web,2026-02-23,8
U00765,2026-02-20 21:41:00,page_view,web,2026-02-20,21
U00765,2026-02-23 14:03:00,page_view,unknown,2026-02-23,14
U00765,2026-02-25 19:56:00,session_start,unknown,2026-02-25,19
U00765,2026-02-28 10:22:00,login,mobile,2026-02-28,10
U00765,2026-02-23 02:37:00,page_view,web,2026-02-23,2
U00766,2026-03-31 16:16:00,login,mobile,2026-03-31,16
U00766,2026-04-04 06:55:00,session_start,mobile,2026-04-04,6
U00766,2026-04-04 23:13:00,login,web,2026-04-04,23
U00766,2026-04-08 05:11:00,page_view,mobile,2026-04-08,5
U00766,2026-04-04 03:06:00,logout,web,2026-04-04,3
U00766,2026-04-10 14:53:00,login,unknown,2026-04-10,14
U00766,2026-04-03 19:07:00,session_start,web,2026-04-03,19
U00766,2026-04-03 05:03:00,logout,web,2026-04-03,5
U00766,2026-03-30 19:56:00,session_end,web,2026-03-30,19
U00766,2026-03-29 09:17:00,logout,unknown,2026-03-29,9
U00766,2026-04-06 17:14:00,login,web,2026-04-06,17
U00767,2026-02-21 03:53:00,session_start,web,2026-02-21,3
U00767,2026-02-22 18:54:00,logout,mobile,2026-02-22,18
U00767,2026-02-21 00:57:00,login,unknown,2026-02-21,0
U00767,2026-02-28 17:00:00,login,web,2026-02-28,17
U00767,2026-02-21 21:25:00,login,unknown,2026-02-21,21
U00767,2026-03-04 02:03:00,session_start,web,2026-03-04,2
U00767,2026-03-04 02:28:00,session_start,web,2026-03-04,2
U00767,2026-03-05 06:51:00,login,unknown,2026-03-05,6
U00767,2026-03-05 06:28:00,logout,web,2026-03-05,6
U00767,2026-03-05 10:43:00,login,web,2026-03-05,10
U00768,2026-06-17 18:12:00,login,mobile,2026-06-17,18
U00768,2026-06-19 14:11:00,login,web,2026-06-19,14
U00768,2026-06-19 18:14:00,logout,web,2026-06-19,18
U00768,2026-06-26 14:10:00,session_end,web,2026-06-26,14
U00768,2026-06-25 14:27:00,login,web,2026-06-25,14
U00768,2026-06-21 07:36:00,login,unknown,2026-06-21,7
U00768,2026-06-25 10:16:00,login,mobile,2026-06-25,10
U00768,2026-06-27 11:39:00,page_view,web,2026-06-27,11
U00768,2026-06-14 22:38:00,login,mobile,2026-06-14,22
U00768,2026-06-15 14:44:00,login,unknown,2026-06-15,14
U00769,2026-03-27 17:55:00,login,mobile,2026-03-27,17
U00769,2026-04-08 18:07:00,logout,unknown,2026-04-08,18
U00769,2026-03-28 11:41:00,login,web,2026-03-28,11
U00769,2026-04-06 18:52:00,session_start,web,2026-04-06,18
U00769,2026-03-27 13:45:00,session_start,unknown,2026-03-27,13
U00769,2026-03-31 20:21:00,logout,mobile,2026-03-31,20
U00769,2026-04-01 05:35:00,page_view,web,2026-04-01,5
U00769,2026-03-30 06:37:00,session_start,web,2026-03-30,6
U00769,2026-04-03 23:40:00,session_end,web,2026-04-03,23
U00770,2026-01-25 14:46:00,login,unknown,2026-01-25,14
U00770,2026-01-29 00:26:00,page_view,unknown,2026-01-29,0
U00770,2026-01-30 13:54:00,logout,web,2026-01-30,13
U00770,2026-01-27 01:34:00,login,web,2026-01-27,1
U00770,2026-02-03 05:38:00,login,mobile,2026-02-03,5
U00770,2026-01-27 02:57:00,login,web,2026-01-27,2
U00770,2026-02-08 07:39:00,login,web,2026-02-08,7
U00771,2026-05-07 17:36:00,login,mobile,2026-05-07,17
U00771,2026-05-05 05:22:00,login,mobile,2026-05-05,5
U00771,2026-05-06 05:00:00,login,mobile,2026-05-06,5
U00771,2026-05-08 02:02:00,login,web,2026-05-08,2
U00772,2026-01-16 20:51:00,login,web,2026-01-16,20
U00772,2026-01-15 01:07:00,session_end,mobile,2026-01-15,1
U00772,2026-01-07 09:21:00,logout,web,2026-01-07,9
U00772,2026-01-05 12:37:00,session_end,web,2026-01-05,12
U00772,2026-01-13 06:39:00,login,mobile,2026-01-13,6
U00772,2026-01-05 05:18:00,logout,mobile,2026-01-05,5
U00772,2026-01-08 05:37:00,session_start,mobile,2026-01-08,5
U00773,2026-03-02 17:01:00,login,mobile,2026-03-02,17
U00773,2026-03-03 04:53:00,logout,web,2026-03-03,4
U00774,2026-04-07 08:05:00,login,web,2026-04-07,8
U00774,2026-04-02 10:48:00,session_end,unknown,2026-04-02,10
U00774,2026-03-31 19:38:00,session_end,mobile,2026-03-31,19
U00774,2026-03-26 03:09:00,login,unknown,2026-03-26,3
U00775,2026-01-09 06:04:00,session_start,unknown,2026-01-09,6
U00775,2026-01-07 18:23:00,login,mobile,2026-01-07,18
U00775,2026-01-04 00:24:00,login,web,2026-01-04,0
U00775,2026-01-13 02:36:00,login,unknown,2026-01-13,2
U00775,2026-01-08 19:50:00,login,mobile,2026-01-08,19
U00775,2026-01-05 12:28:00,login,mobile,2026-01-05,12
U00775,2026-01-04 15:23:00,login,unknown,2026-01-04,15
U00776,2026-03-04 13:54:00,login,unknown,2026-03-04,13
U00776,2026-03-07 04:42:00,logout,unknown,2026-03-07,4
U00776,2026-03-06 12:06:00,login,web,2026-03-06,12
U00777,2026-02-14 19:27:00,login,unknown,2026-02-14,19
U00777,2026-02-12 07:01:00,login,mobile,2026-02-12,7
U00778,2026-02-20 23:56:00,session_end,web,2026-02-20,23
U00778,2026-02-15 04:17:00,login,mobile,2026-02-15,4
U00778,2026-02-12 22:06:00,login,web,2026-02-12,22
U00778,2026-02-21 07:55:00,login,web,2026-02-21,7
U00778,2026-02-10 10:06:00,login,mobile,2026-02-10,10
U00778,2026-02-21 04:06:00,session_end,web,2026-02-21,4
U00779,2026-05-13 07:42:00,logout,web,2026-05-13,7
U00779,2026-05-17 14:31:00,session_end,unknown,2026-05-17,14
U00779,2026-05-19 04:16:00,session_start,mobile,2026-05-19,4
U00780,2026-06-18 22:47:00,login,mobile,2026-06-18,22
U00780,2026-06-15 02:32:00,session_end,mobile,2026-06-15,2
U00780,2026-06-24 08:40:00,logout,web,2026-06-24,8
U00780,2026-06-24 17:50:00,login,mobile,2026-06-24,17
U00780,2026-06-24 00:19:00,logout,unknown,2026-06-24,0
U00780,2026-06-20 01:27:00,session_start,unknown,2026-06-20,1
U00780,2026-06-26 18:12:00,login,mobile,2026-06-26,18
U00780,2026-06-25 05:37:00,session_end,unknown,2026-06-25,5
U00781,2026-03-03 03:22:00,logout,web,2026-03-03,3
U00781,2026-02-28 10:29:00,page_view,web,2026-02-28,10
U00781,2026-03-04 08:03:00,session_end,web,2026-03-04,8
U00781,2026-03-08 16:50:00,logout,web,2026-03-08,16
U00781,2026-03-09 16:33:00,login,mobile,2026-03-09,16
U00781,2026-03-10 10:44:00,session_start,unknown,2026-03-10,10
U00781,2026-02-28 12:50:00,login,web,2026-02-28,12
U00781,2026-03-09 16:17:00,session_start,unknown,2026-03-09,16
U00782,2026-02-11 21:37:00,logout,mobile,2026-02-11,21
U00782,2026-02-14 09:59:00,login,web,2026-02-14,9
U00782,2026-02-20 11:05:00,logout,unknown,2026-02-20,11
U00782,2026-02-11 17:10:00,login,mobile,2026-02-11,17
U00783,2026-06-18 11:00:00,logout,web,2026-06-18,11
U00783,2026-06-13 05:22:00,page_view,unknown,2026-06-13,5
U00783,2026-06-07 09:28:00,login,unknown,2026-06-07,9
U00783,2026-06-08 18:48:00,login,mobile,2026-06-08,18
U00783,2026-06-15 00:05:00,logout,mobile,2026-06-15,0
U00784,2026-06-02 05:15:00,login,web,2026-06-02,5
U00784,2026-05-25 18:36:00,login,web,2026-05-25,18
U00784,2026-06-02 00:38:00,page_view,unknown,2026-06-02,0
U00784,2026-05-27 05:53:00,page_view,unknown,2026-05-27,5
U00784,2026-05-21 04:26:00,session_start,web,2026-05-21,4
U00784,2026-05-25 10:52:00,logout,web,2026-05-25,10
U00784,2026-05-30 11:27:00,login,mobile,2026-05-30,11
U00784,2026-05-22 15:53:00,login,web,2026-05-22,15
U00785,2026-03-05 22:14:00,session_end,web,2026-03-05,22
U00785,2026-03-05 23:48:00,login,mobile,2026-03-05,23
U00785,2026-03-08 11:48:00,login,mobile,2026-03-08,11
U00785,2026-03-07 05:19:00,logout,unknown,2026-03-07,5
U00786,2026-01-22 02:37:00,login,unknown,2026-01-22,2
U00786,2026-02-03 00:44:00,login,unknown,2026-02-03,0
U00786,2026-01-21 16:09:00,session_start,unknown,2026-01-21,16
U00786,2026-01-31 01:20:00,session_start,web,2026-01-31,1
U00786,2026-01-27 03:59:00,page_view,unknown,2026-01-27,3
U00786,2026-02-03 01:30:00,session_start,mobile,2026-02-03,1
U00786,2026-01-27 09:13:00,page_view,web,2026-01-27,9
U00787,2026-04-03 00:36:00,login,mobile,2026-04-03,0
U00787,2026-04-10 05:12:00,login,unknown,2026-04-10,5
U00787,2026-04-04 14:52:00,session_start,mobile,2026-04-04,14
U00787,2026-04-16 07:43:00,login,mobile,2026-04-16,7
U00787,2026-04-16 06:50:00,session_start,web,2026-04-16,6
U00787,2026-04-03 20:59:00,logout,web,2026-04-03,20
U00787,2026-04-07 22:05:00,session_start,web,2026-04-07,22
U00787,2026-04-05 06:45:00,login,unknown,2026-04-05,6
U00787,2026-04-08 08:57:00,logout,web,2026-04-08,8
U00787,2026-04-04 23:12:00,session_start,mobile,2026-04-04,23
U00787,2026-04-10 15:42:00,session_start,web,2026-04-10,15
U00787,2026-04-10 13:57:00,logout,web,2026-04-10,13
U00787,2026-04-09 22:13:00,logout,web,2026-04-09,22
U00788,2026-01-25 09:11:00,session_end,web,2026-01-25,9
U00788,2026-01-29 08:56:00,session_start,web,2026-01-29,8
U00788,2026-01-23 10:54:00,login,web,2026-01-23,10
U00788,2026-01-24 17:28:00,login,web,2026-01-24,17
U00788,2026-01-29 15:39:00,session_end,mobile,2026-01-29,15
U00788,2026-01-18 09:44:00,login,web,2026-01-18,9
U00788,2026-01-30 05:18:00,session_end,mobile,2026-01-30,5
U00789,2026-02-28 09:17:00,logout,web,2026-02-28,9
U00789,2026-02-22 15:10:00,login,web,2026-02-22,15
U00789,2026-02-26 13:49:00,login,mobile,2026-02-26,13
U00789,2026-03-01 12:36:00,login,unknown,2026-03-01,12
U00789,2026-03-02 00:10:00,login,web,2026-03-02,0
U00790,2026-02-20 17:23:00,page_view,mobile,2026-02-20,17
U00790,2026-02-14 04:26:00,session_end,web,2026-02-14,4
U00790,2026-02-12 22:29:00,login,mobile,2026-02-12,22
U00790,2026-02-16 13:46:00,page_view,web,2026-02-16,13
U00790,2026-02-09 20:00:00,login,web,2026-02-09,20
U00791,2026-05-17 16:55:00,login,web,2026-05-17,16
U00791,2026-05-21 23:17:00,login,web,2026-05-21,23
U00791,2026-05-20 23:17:00,login,web,2026-05-20,23
U00791,2026-05-26 18:38:00,login,web,2026-05-26,18
U00791,2026-05-23 07:30:00,session_end,web,2026-05-23,7
U00791,2026-05-18 21:27:00,login,web,2026-05-18,21
U00791,2026-05-21 20:40:00,session_start,web,2026-05-21,20
U00791,2026-05-18 07:29:00,session_end,web,2026-05-18,7
U00791,2026-05-18 06:29:00,login,unknown,2026-05-18,6
U00792,2026-03-05 12:05:00,session_end,unknown,2026-03-05,12
U00792,2026-03-07 20:54:00,login,unknown,2026-03-07,20
U00792,2026-02-26 13:54:00,session_start,mobile,2026-02-26,13
U00792,2026-03-04 12:48:00,login,unknown,2026-03-04,12
U00792,2026-03-02 02:23:00,page_view,web,2026-03-02,2
U00792,2026-03-08 22:05:00,session_end,web,2026-03-08,22
U00792,2026-03-07 16:47:00,session_end,web,2026-03-07,16
U00793,2026-05-06 04:28:00,session_start,mobile,2026-05-06,4
U00793,2026-05-15 03:00:00,logout,web,2026-05-15,3
U00793,2026-05-11 01:44:00,session_start,unknown,2026-05-11,1
U00793,2026-05-06 09:15:00,login,unknown,2026-05-06,9
U00794,2026-05-07 13:02:00,login,web,2026-05-07,13
U00795,2026-05-15 22:15:00,session_start,web,2026-05-15,22
U00795,2026-05-26 13:37:00,session_end,mobile,2026-05-26,13
U00795,2026-05-15 00:25:00,session_start,unknown,2026-05-15,0
U00795,2026-05-22 06:01:00,logout,unknown,2026-05-22,6
U00796,2026-06-01 22:50:00,login,mobile,2026-06-01,22
U00796,2026-05-27 23:11:00,session_start,unknown,2026-05-27,23
U00796,2026-06-08 15:58:00,session_end,web,2026-06-08,15
U00796,2026-06-06 02:39:00,login,unknown,2026-06-06,2
U00796,2026-06-02 20:32:00,session_start,web,2026-06-02,20
U00796,2026-05-28 16:48:00,login,web,2026-05-28,16
U00796,2026-05-31 15:48:00,login,unknown,2026-05-31,15
U00796,2026-05-28 09:43:00,logout,mobile,2026-05-28,9
U00797,2026-03-31 16:44:00,session_end,unknown,2026-03-31,16
U00797,2026-03-26 00:47:00,logout,web,2026-03-26,0
U00797,2026-04-01 20:20:00,logout,web,2026-04-01,20
U00798,2026-04-25 21:40:00,login,mobile,2026-04-25,21
U00798,2026-04-14 03:44:00,session_start,web,2026-04-14,3
U00798,2026-04-16 20:54:00,session_end,unknown,2026-04-16,20
U00798,2026-04-24 22:48:00,login,unknown,2026-04-24,22
U00798,2026-04-22 23:28:00,login,unknown,2026-04-22,23
U00798,2026-04-18 06:11:00,logout,web,2026-04-18,6
U00798,2026-04-24 02:25:00,logout,mobile,2026-04-24,2
U00798,2026-04-21 21:57:00,login,unknown,2026-04-21,21
U00798,2026-04-15 18:37:00,login,web,2026-04-15,18
U00798,2026-04-22 18:52:00,session_end,mobile,2026-04-22,18
U00799,2026-03-04 03:35:00,login,unknown,2026-03-04,3
U00799,2026-03-08 10:56:00,logout,mobile,2026-03-08,10
U00800,2026-05-01 07:29:00,login,unknown,2026-05-01,7
U00800,2026-04-30 00:34:00,session_start,web,2026-04-30,0
U00800,2026-04-28 08:10:00,session_start,web,2026-04-28,8
U00800,2026-04-21 00:13:00,page_view,mobile,2026-04-21,0
U00800,2026-05-03 02:43:00,logout,mobile,2026-05-03,2
U00801,2026-01-22 09:43:00,page_view,web,2026-01-22,9
U00802,2026-05-02 09:22:00,logout,unknown,2026-05-02,9
U00802,2026-05-08 00:24:00,session_end,mobile,2026-05-08,0
U00802,2026-05-02 19:21:00,logout,unknown,2026-05-02,19
U00802,2026-05-04 00:23:00,login,mobile,2026-05-04,0
U00802,2026-05-05 07:35:00,session_end,web,2026-05-05,7
U00803,2026-04-25 07:51:00,login,mobile,2026-04-25,7
U00803,2026-04-27 22:43:00,logout,web,2026-04-27,22
U00803,2026-04-22 23:34:00,login,unknown,2026-04-22,23
U00803,2026-04-22 16:55:00,login,unknown,2026-04-22,16
U00803,2026-04-25 12:41:00,login,mobile,2026-04-25,12
U00803,2026-04-25 03:21:00,page_view,web,2026-04-25,3
U00803,2026-04-16 12:41:00,logout,web,2026-04-16,12
U00803,2026-04-29 18:58:00,page_view,mobile,2026-04-29,18
U00803,2026-04-29 20:32:00,login,web,2026-04-29,20
U00803,2026-04-15 06:28:00,logout,web,2026-04-15,6
U00804,2026-04-07 15:03:00,session_end,mobile,2026-04-07,15
U00804,2026-04-12 20:19:00,login,unknown,2026-04-12,20
U00804,2026-04-20 01:13:00,login,web,2026-04-20,1
U00804,2026-04-14 20:57:00,logout,web,2026-04-14,20
U00804,2026-04-13 05:25:00,login,mobile,2026-04-13,5
U00805,2026-04-16 13:35:00,login,web,2026-04-16,13
U00805,2026-04-20 09:53:00,session_end,web,2026-04-20,9
U00805,2026-04-19 00:42:00,logout,web,2026-04-19,0
U00806,2026-02-11 04:33:00,session_end,web,2026-02-11,4
U00806,2026-02-13 05:41:00,page_view,unknown,2026-02-13,5
U00806,2026-02-14 08:05:00,login,unknown,2026-02-14,8
U00806,2026-02-12 00:27:00,session_end,web,2026-02-12,0
U00806,2026-02-15 19:56:00,session_start,web,2026-02-15,19
U00806,2026-02-06 15:25:00,session_start,mobile,2026-02-06,15
U00806,2026-02-04 17:02:00,session_end,mobile,2026-02-04,17
U00806,2026-02-17 00:15:00,session_end,web,2026-02-17,0
U00807,2026-02-07 01:40:00,logout,mobile,2026-02-07,1
U00807,2026-02-14 13:12:00,page_view,web,2026-02-14,13
U00807,2026-02-04 08:13:00,login,unknown,2026-02-04,8
U00807,2026-02-10 20:11:00,page_view,web,2026-02-10,20
U00807,2026-02-05 16:43:00,logout,unknown,2026-02-05,16
U00808,2026-05-30 00:05:00,login,web,2026-05-30,0
U00808,2026-05-27 23:18:00,logout,mobile,2026-05-27,23
U00808,2026-05-20 05:42:00,login,mobile,2026-05-20,5
U00808,2026-05-22 19:01:00,session_end,web,2026-05-22,19
U00808,2026-05-30 04:14:00,session_start,web,2026-05-30,4
U00808,2026-05-19 00:11:00,session_end,web,2026-05-19,0
U00808,2026-05-25 14:25:00,logout,web,2026-05-25,14
U00808,2026-05-19 19:24:00,page_view,unknown,2026-05-19,19
U00808,2026-05-16 04:58:00,logout,web,2026-05-16,4
U00809,2026-03-02 12:20:00,login,web,2026-03-02,12
U00809,2026-02-27 11:22:00,login,unknown,2026-02-27,11
U00809,2026-03-03 16:48:00,login,unknown,2026-03-03,16
U00809,2026-03-11 11:49:00,login,web,2026-03-11,11
U00809,2026-03-02 12:52:00,page_view,web,2026-03-02,12
U00809,2026-03-12 16:34:00,login,web,2026-03-12,16
U00809,2026-03-04 22:36:00,session_start,unknown,2026-03-04,22
U00809,2026-03-02 16:23:00,login,unknown,2026-03-02,16
U00809,2026-03-05 04:12:00,login,mobile,2026-03-05,4
U00809,2026-03-05 01:24:00,session_start,unknown,2026-03-05,1
U00809,2026-03-08 19:33:00,session_start,web,2026-03-08,19
U00809,2026-03-08 02:08:00,login,web,2026-03-08,2
U00809,2026-03-08 15:58:00,logout,mobile,2026-03-08,15
U00810,2026-05-01 23:03:00,login,mobile,2026-05-01,23
U00810,2026-05-08 16:24:00,login,mobile,2026-05-08,16
U00810,2026-05-05 18:39:00,login,web,2026-05-05,18
U00810,2026-05-05 13:25:00,login,unknown,2026-05-05,13
U00810,2026-05-13 18:37:00,session_start,mobile,2026-05-13,18
U00811,2026-04-22 11:24:00,session_end,mobile,2026-04-22,11
U00811,2026-04-28 23:38:00,logout,mobile,2026-04-28,23
U00811,2026-04-22 10:48:00,session_end,unknown,2026-04-22,10
U00811,2026-05-02 12:35:00,session_end,unknown,2026-05-02,12
U00811,2026-04-30 15:28:00,session_end,mobile,2026-04-30,15
U00811,2026-04-24 13:00:00,login,web,2026-04-24,13
U00811,2026-04-22 08:33:00,login,web,2026-04-22,8
U00811,2026-04-27 08:57:00,session_end,mobile,2026-04-27,8
U00812,2026-03-01 10:12:00,session_end,mobile,2026-03-01,10
U00812,2026-03-12 19:05:00,login,mobile,2026-03-12,19
U00812,2026-03-06 00:01:00,login,web,2026-03-06,0
U00812,2026-03-04 09:03:00,page_view,unknown,2026-03-04,9
U00812,2026-03-14 12:09:00,logout,web,2026-03-14,12
U00812,2026-03-12 09:47:00,page_view,mobile,2026-03-12,9
U00812,2026-03-13 01:55:00,login,web,2026-03-13,1
U00812,2026-03-03 09:07:00,login,mobile,2026-03-03,9
U00812,2026-03-08 18:31:00,login,mobile,2026-03-08,18
U00812,2026-03-14 20:53:00,session_end,unknown,2026-03-14,20
U00813,2026-04-01 01:37:00,session_end,unknown,2026-04-01,1
U00813,2026-04-09 10:53:00,page_view,unknown,2026-04-09,10
U00813,2026-04-03 05:47:00,logout,mobile,2026-04-03,5
U00814,2026-02-22 00:21:00,session_end,mobile,2026-02-22,0
U00814,2026-02-18 16:11:00,login,web,2026-02-18,16
U00814,2026-03-03 07:01:00,session_end,unknown,2026-03-03,7
U00814,2026-02-24 13:38:00,logout,web,2026-02-24,13
U00814,2026-02-27 08:35:00,session_end,unknown,2026-02-27,8
U00814,2026-02-20 18:52:00,logout,web,2026-02-20,18
U00815,2026-01-19 11:25:00,session_end,mobile,2026-01-19,11
U00815,2026-01-23 00:05:00,session_start,web,2026-01-23,0
U00815,2026-01-12 20:59:00,login,unknown,2026-01-12,20
U00815,2026-01-18 13:26:00,login,unknown,2026-01-18,13
U00815,2026-01-18 10:30:00,login,web,2026-01-18,10
U00815,2026-01-22 00:19:00,login,web,2026-01-22,0
U00815,2026-01-16 08:07:00,page_view,mobile,2026-01-16,8
U00815,2026-01-14 07:04:00,page_view,mobile,2026-01-14,7
U00815,2026-01-16 21:39:00,login,unknown,2026-01-16,21
U00815,2026-01-10 00:03:00,session_start,unknown,2026-01-10,0
U00815,2026-01-16 06:41:00,login,web,2026-01-16,6
U00815,2026-01-16 11:03:00,login,unknown,2026-01-16,11
U00815,2026-01-10 18:48:00,page_view,mobile,2026-01-10,18
U00815,2026-01-09 04:44:00,login,web,2026-01-09,4
U00815,2026-01-18 06:33:00,session_start,mobile,2026-01-18,6
U00816,2026-01-08 14:02:00,login,web,2026-01-08,14
U00816,2026-01-16 05:51:00,login,web,2026-01-16,5
U00816,2026-01-09 14:18:00,session_end,web,2026-01-09,14
U00817,2026-01-30 08:31:00,session_start,web,2026-01-30,8
U00817,2026-01-25 23:34:00,session_start,mobile,2026-01-25,23
U00817,2026-01-30 07:20:00,login,web,2026-01-30,7
U00817,2026-01-29 15:26:00,login,web,2026-01-29,15
U00817,2026-01-30 19:04:00,logout,unknown,2026-01-30,19
U00817,2026-01-28 01:58:00,page_view,web,2026-01-28,1
U00817,2026-01-19 15:44:00,login,mobile,2026-01-19,15
U00817,2026-01-31 17:37:00,login,web,2026-01-31,17
U00818,2026-04-29 11:24:00,login,web,2026-04-29,11
U00818,2026-04-25 19:52:00,login,web,2026-04-25,19
U00818,2026-05-03 00:22:00,login,web,2026-05-03,0
U00818,2026-05-06 23:51:00,login,web,2026-05-06,23
U00818,2026-05-09 14:16:00,login,unknown,2026-05-09,14
U00818,2026-05-05 11:15:00,session_end,web,2026-05-05,11
U00819,2026-01-27 12:03:00,page_view,unknown,2026-01-27,12
U00819,2026-01-26 15:00:00,login,web,2026-01-26,15
U00819,2026-01-13 18:15:00,logout,web,2026-01-13,18
U00819,2026-01-24 09:20:00,login,web,2026-01-24,9
U00819,2026-01-21 08:01:00,logout,mobile,2026-01-21,8
U00819,2026-01-22 22:34:00,login,mobile,2026-01-22,22
U00819,2026-01-14 17:01:00,page_view,mobile,2026-01-14,17
U00819,2026-01-22 12:25:00,logout,mobile,2026-01-22,12
U00819,2026-01-25 23:46:00,login,mobile,2026-01-25,23
U00819,2026-01-21 11:58:00,logout,unknown,2026-01-21,11
U00820,2026-01-22 08:40:00,page_view,web,2026-01-22,8
U00820,2026-01-22 14:34:00,session_end,web,2026-01-22,14
U00820,2026-01-14 12:20:00,login,web,2026-01-14,12
U00820,2026-01-13 12:18:00,page_view,unknown,2026-01-13,12
U00820,2026-01-23 19:13:00,logout,mobile,2026-01-23,19
U00821,2026-03-12 07:21:00,page_view,unknown,2026-03-12,7
U00821,2026-03-03 06:03:00,login,unknown,2026-03-03,6
U00821,2026-03-05 08:54:00,login,web,2026-03-05,8
U00821,2026-03-13 13:31:00,login,unknown,2026-03-13,13
U00821,2026-03-01 19:10:00,login,web,2026-03-01,19
U00822,2026-01-24 22:39:00,login,web,2026-01-24,22
U00823,2026-03-14 07:05:00,login,mobile,2026-03-14,7
U00823,2026-03-11 04:51:00,session_start,unknown,2026-03-11,4
U00824,2026-03-24 03:21:00,session_end,web,2026-03-24,3
U00825,2026-04-01 10:35:00,login,web,2026-04-01,10
U00825,2026-03-26 12:15:00,login,web,2026-03-26,12
U00825,2026-03-25 19:41:00,session_start,web,2026-03-25,19
U00825,2026-03-28 14:51:00,page_view,mobile,2026-03-28,14
U00826,2026-05-16 00:20:00,login,unknown,2026-05-16,0
U00826,2026-05-24 00:30:00,session_start,web,2026-05-24,0
U00826,2026-05-19 22:17:00,login,unknown,2026-05-19,22
U00826,2026-05-25 22:50:00,login,mobile,2026-05-25,22
U00826,2026-05-28 20:57:00,login,web,2026-05-28,20
U00826,2026-05-21 02:18:00,session_start,web,2026-05-21,2
U00826,2026-05-27 19:36:00,login,mobile,2026-05-27,19
U00826,2026-05-23 08:26:00,logout,unknown,2026-05-23,8
U00826,2026-05-26 12:26:00,login,unknown,2026-05-26,12
U00826,2026-05-16 07:20:00,page_view,unknown,2026-05-16,7
U00827,2026-03-26 00:23:00,login,web,2026-03-26,0
U00827,2026-03-14 23:24:00,login,web,2026-03-14,23
U00827,2026-03-12 04:23:00,session_start,unknown,2026-03-12,4
U00827,2026-03-12 06:58:00,session_start,unknown,2026-03-12,6
U00827,2026-03-12 10:59:00,logout,web,2026-03-12,10
U00827,2026-03-18 07:02:00,session_start,unknown,2026-03-18,7
U00827,2026-03-15 13:53:00,login,web,2026-03-15,13
U00827,2026-03-12 04:46:00,session_end,web,2026-03-12,4
U00827,2026-03-22 20:27:00,login,web,2026-03-22,20
U00827,2026-03-21 17:37:00,login,web,2026-03-21,17
U00828,2026-06-14 06:37:00,login,web,2026-06-14,6
U00828,2026-06-03 01:51:00,page_view,mobile,2026-06-03,1
U00828,2026-06-11 00:09:00,login,mobile,2026-06-11,0
U00828,2026-06-01 19:16:00,login,mobile,2026-06-01,19
U00828,2026-06-12 06:49:00,session_start,web,2026-06-12,6
U00828,2026-06-10 14:44:00,session_end,web,2026-06-10,14
U00828,2026-06-04 03:36:00,page_view,mobile,2026-06-04,3
U00828,2026-06-07 01:03:00,session_end,unknown,2026-06-07,1
U00829,2026-06-10 04:55:00,session_start,web,2026-06-10,4
U00829,2026-06-24 15:59:00,login,web,2026-06-24,15
U00829,2026-06-14 08:40:00,session_end,mobile,2026-06-14,8
U00829,2026-06-10 10:18:00,page_view,web,2026-06-10,10
U00829,2026-06-21 09:59:00,login,mobile,2026-06-21,9
U00829,2026-06-18 02:07:00,session_end,web,2026-06-18,2
U00829,2026-06-20 17:07:00,page_view,unknown,2026-06-20,17
U00829,2026-06-15 20:22:00,session_end,mobile,2026-06-15,20
U00830,2026-05-27 09:48:00,login,unknown,2026-05-27,9
U00830,2026-05-29 05:55:00,login,web,2026-05-29,5
U00830,2026-05-25 03:31:00,session_end,unknown,2026-05-25,3
U00830,2026-05-23 10:44:00,session_start,unknown,2026-05-23,10
U00830,2026-05-23 07:51:00,session_start,web,2026-05-23,7
U00830,2026-06-04 13:53:00,login,web,2026-06-04,13
U00830,2026-05-31 13:01:00,session_start,web,2026-05-31,13
U00831,2026-06-18 14:55:00,page_view,mobile,2026-06-18,14
U00831,2026-06-26 13:57:00,session_start,web,2026-06-26,13
U00831,2026-06-16 06:22:00,logout,web,2026-06-16,6
U00831,2026-06-19 16:23:00,login,web,2026-06-19,16
U00831,2026-06-19 06:43:00,login,web,2026-06-19,6
U00831,2026-06-21 07:43:00,page_view,web,2026-06-21,7
U00831,2026-06-20 15:51:00,login,web,2026-06-20,15
U00832,2026-05-21 01:22:00,session_end,unknown,2026-05-21,1
U00832,2026-05-24 01:23:00,login,mobile,2026-05-24,1
U00832,2026-05-19 09:04:00,login,mobile,2026-05-19,9
U00833,2026-04-24 10:19:00,session_start,web,2026-04-24,10
U00833,2026-04-15 22:24:00,login,web,2026-04-15,22
U00833,2026-04-18 03:43:00,logout,web,2026-04-18,3
U00833,2026-04-26 14:37:00,login,web,2026-04-26,14
U00834,2026-04-18 14:07:00,session_end,web,2026-04-18,14
U00834,2026-04-19 20:59:00,session_end,unknown,2026-04-19,20
U00834,2026-04-13 23:59:00,login,unknown,2026-04-13,23
U00834,2026-04-16 06:27:00,login,unknown,2026-04-16,6
U00834,2026-04-21 03:35:00,login,mobile,2026-04-21,3
U00835,2026-05-16 10:45:00,session_end,unknown,2026-05-16,10
U00835,2026-05-06 20:42:00,session_end,unknown,2026-05-06,20
U00835,2026-05-08 17:00:00,login,unknown,2026-05-08,17
U00835,2026-05-02 05:15:00,page_view,unknown,2026-05-02,5
U00835,2026-05-15 15:51:00,page_view,web,2026-05-15,15
U00836,2026-03-26 08:15:00,logout,web,2026-03-26,8
U00836,2026-03-30 20:06:00,session_end,mobile,2026-03-30,20
U00836,2026-03-20 00:38:00,login,unknown,2026-03-20,0
U00836,2026-03-25 07:13:00,login,mobile,2026-03-25,7
U00836,2026-03-29 22:38:00,page_view,unknown,2026-03-29,22
U00836,2026-03-21 21:08:00,login,unknown,2026-03-21,21
U00836,2026-03-22 08:02:00,login,mobile,2026-03-22,8
U00836,2026-03-23 07:48:00,login,unknown,2026-03-23,7
U00836,2026-04-01 14:24:00,session_end,mobile,2026-04-01,14
U00836,2026-03-22 05:28:00,session_start,mobile,2026-03-22,5
U00836,2026-03-27 22:10:00,login,web,2026-03-27,22
U00837,2026-05-09 04:02:00,login,mobile,2026-05-09,4
U00837,2026-05-09 05:01:00,session_end,web,2026-05-09,5
U00837,2026-05-03 22:00:00,login,unknown,2026-05-03,22
U00837,2026-05-08 06:14:00,logout,mobile,2026-05-08,6
U00837,2026-05-07 08:18:00,login,mobile,2026-05-07,8
U00837,2026-05-03 15:42:00,login,mobile,2026-05-03,15
U00837,2026-05-13 19:00:00,logout,unknown,2026-05-13,19
U00837,2026-05-04 10:55:00,login,web,2026-05-04,10
U00838,2026-04-29 08:44:00,login,mobile,2026-04-29,8
U00838,2026-04-30 12:03:00,session_start,web,2026-04-30,12
U00838,2026-04-22 18:44:00,session_end,web,2026-04-22,18
U00838,2026-04-19 17:14:00,login,web,2026-04-19,17
U00838,2026-04-16 22:53:00,session_start,web,2026-04-16,22
U00838,2026-04-19 06:43:00,login,mobile,2026-04-19,6
U00838,2026-04-28 13:40:00,page_view,mobile,2026-04-28,13
U00838,2026-04-30 04:31:00,session_start,unknown,2026-04-30,4
U00839,2026-05-23 06:13:00,login,unknown,2026-05-23,6
U00839,2026-05-30 23:32:00,page_view,web,2026-05-30,23
U00840,2026-03-13 12:59:00,login,unknown,2026-03-13,12
U00840,2026-03-07 14:00:00,login,web,2026-03-07,14
U00840,2026-03-07 07:24:00,logout,web,2026-03-07,7
U00840,2026-03-12 19:20:00,login,web,2026-03-12,19
U00840,2026-03-09 20:18:00,login,web,2026-03-09,20
U00841,2026-05-06 15:50:00,page_view,web,2026-05-06,15
U00841,2026-05-07 01:08:00,session_start,web,2026-05-07,1
U00841,2026-04-26 21:41:00,logout,unknown,2026-04-26,21
U00841,2026-05-03 11:32:00,login,unknown,2026-05-03,11
U00841,2026-05-03 13:08:00,login,web,2026-05-03,13
U00841,2026-05-09 13:53:00,login,web,2026-05-09,13
U00842,2026-05-31 01:15:00,page_view,unknown,2026-05-31,1
U00842,2026-05-21 16:42:00,login,unknown,2026-05-21,16
U00842,2026-06-01 08:26:00,page_view,web,2026-06-01,8
U00842,2026-05-22 18:28:00,login,web,2026-05-22,18
U00842,2026-05-27 15:41:00,session_end,mobile,2026-05-27,15
U00842,2026-05-19 16:59:00,login,unknown,2026-05-19,16
U00842,2026-05-29 18:53:00,session_end,web,2026-05-29,18
U00843,2026-03-23 19:50:00,login,web,2026-03-23,19
U00843,2026-03-19 22:32:00,session_start,web,2026-03-19,22
U00843,2026-03-19 23:39:00,login,web,2026-03-19,23
U00843,2026-03-10 09:38:00,page_view,mobile,2026-03-10,9
U00843,2026-03-12 13:49:00,logout,unknown,2026-03-12,13
U00843,2026-03-14 06:08:00,login,mobile,2026-03-14,6
U00843,2026-03-19 08:57:00,session_start,web,2026-03-19,8
U00843,2026-03-12 03:10:00,page_view,web,2026-03-12,3
U00843,2026-03-20 03:21:00,session_end,web,2026-03-20,3
U00843,2026-03-18 10:14:00,login,web,2026-03-18,10
U00843,2026-03-10 22:04:00,login,unknown,2026-03-10,22
U00843,2026-03-16 23:44:00,login,mobile,2026-03-16,23
U00843,2026-03-24 06:52:00,session_end,web,2026-03-24,6
U00843,2026-03-17 09:11:00,logout,mobile,2026-03-17,9
U00843,2026-03-15 12:45:00,session_start,unknown,2026-03-15,12
U00844,2026-06-05 16:49:00,session_end,mobile,2026-06-05,16
U00844,2026-06-18 04:13:00,session_start,unknown,2026-06-18,4
U00844,2026-06-04 10:42:00,session_end,web,2026-06-04,10
U00844,2026-06-05 12:33:00,login,unknown,2026-06-05,12
U00844,2026-06-15 02:46:00,login,web,2026-06-15,2
U00844,2026-06-13 20:23:00,session_start,web,2026-06-13,20
U00844,2026-06-11 23:36:00,session_end,web,2026-06-11,23
U00844,2026-06-10 00:48:00,page_view,web,2026-06-10,0
U00845,2026-01-27 13:43:00,session_start,web,2026-01-27,13
U00845,2026-01-28 12:12:00,page_view,mobile,2026-01-28,12
U00845,2026-01-19 19:54:00,session_start,mobile,2026-01-19,19
U00845,2026-01-22 12:51:00,login,web,2026-01-22,12
U00846,2026-06-06 17:03:00,session_end,mobile,2026-06-06,17
U00846,2026-05-30 02:24:00,session_start,mobile,2026-05-30,2
U00846,2026-05-24 03:26:00,login,web,2026-05-24,3
U00846,2026-06-07 10:46:00,session_start,unknown,2026-06-07,10
U00846,2026-05-28 10:31:00,page_view,unknown,2026-05-28,10
U00846,2026-05-29 10:48:00,logout,web,2026-05-29,10
U00846,2026-06-07 15:22:00,login,mobile,2026-06-07,15
U00846,2026-05-28 15:27:00,login,web,2026-05-28,15
U00847,2026-03-27 01:24:00,session_end,unknown,2026-03-27,1
U00847,2026-04-01 16:50:00,logout,unknown,2026-04-01,16
U00847,2026-04-08 16:54:00,login,web,2026-04-08,16
U00848,2026-03-06 01:22:00,login,unknown,2026-03-06,1
U00848,2026-03-02 11:16:00,login,web,2026-03-02,11
U00848,2026-02-26 05:57:00,login,web,2026-02-26,5
U00848,2026-02-28 02:49:00,session_end,unknown,2026-02-28,2
U00848,2026-03-10 09:00:00,login,mobile,2026-03-10,9
U00848,2026-02-27 16:26:00,session_end,unknown,2026-02-27,16
U00848,2026-02-24 16:49:00,login,web,2026-02-24,16
U00848,2026-03-09 15:55:00,login,web,2026-03-09,15
U00848,2026-03-03 00:15:00,session_start,mobile,2026-03-03,0
U00849,2026-01-31 19:19:00,logout,web,2026-01-31,19
U00849,2026-02-02 06:32:00,page_view,unknown,2026-02-02,6
U00849,2026-01-31 05:02:00,logout,web,2026-01-31,5
U00849,2026-02-11 01:34:00,session_end,mobile,2026-02-11,1
U00849,2026-01-31 19:49:00,logout,web,2026-01-31,19
U00849,2026-02-11 02:13:00,login,web,2026-02-11,2
U00849,2026-02-09 13:40:00,login,unknown,2026-02-09,13
U00850,2026-03-13 15:55:00,logout,unknown,2026-03-13,15
U00850,2026-03-06 08:21:00,login,web,2026-03-06,8
U00850,2026-03-05 06:23:00,session_start,web,2026-03-05,6
U00850,2026-03-12 00:19:00,login,web,2026-03-12,0
U00850,2026-03-11 06:22:00,logout,unknown,2026-03-11,6
U00851,2026-03-06 22:31:00,login,web,2026-03-06,22
U00851,2026-03-03 10:31:00,page_view,mobile,2026-03-03,10
U00851,2026-03-03 08:43:00,login,web,2026-03-03,8
U00851,2026-03-03 20:48:00,session_end,web,2026-03-03,20
U00851,2026-02-24 21:27:00,login,mobile,2026-02-24,21
U00852,2026-04-04 19:16:00,login,mobile,2026-04-04,19
U00852,2026-04-03 01:51:00,login,web,2026-04-03,1
U00852,2026-03-29 16:38:00,logout,mobile,2026-03-29,16
U00852,2026-03-29 16:17:00,session_end,web,2026-03-29,16
U00852,2026-03-31 06:54:00,login,mobile,2026-03-31,6
U00852,2026-03-24 07:06:00,session_end,unknown,2026-03-24,7
U00853,2026-05-10 14:30:00,login,unknown,2026-05-10,14
U00853,2026-05-07 11:39:00,login,web,2026-05-07,11
U00853,2026-05-10 09:04:00,session_end,unknown,2026-05-10,9
U00853,2026-05-11 08:58:00,page_view,mobile,2026-05-11,8
U00853,2026-05-03 00:32:00,session_end,mobile,2026-05-03,0
U00853,2026-05-13 19:20:00,logout,unknown,2026-05-13,19
U00853,2026-05-11 16:51:00,login,web,2026-05-11,16
U00854,2026-04-11 13:10:00,login,mobile,2026-04-11,13
U00854,2026-04-04 13:01:00,page_view,web,2026-04-04,13
U00854,2026-04-13 17:24:00,page_view,web,2026-04-13,17
U00854,2026-04-04 14:26:00,logout,unknown,2026-04-04,14
U00854,2026-04-06 16:13:00,login,unknown,2026-04-06,16
U00854,2026-04-05 22:00:00,session_start,unknown,2026-04-05,22
U00854,2026-04-04 18:13:00,page_view,web,2026-04-04,18
U00855,2026-04-08 02:51:00,session_end,web,2026-04-08,2
U00855,2026-04-10 17:32:00,login,web,2026-04-10,17
U00855,2026-04-15 04:56:00,session_start,web,2026-04-15,4
U00855,2026-04-16 10:36:00,login,unknown,2026-04-16,10
U00855,2026-04-12 17:37:00,logout,web,2026-04-12,17
U00856,2026-02-09 13:59:00,login,mobile,2026-02-09,13
U00856,2026-01-28 14:46:00,login,mobile,2026-01-28,14
U00856,2026-02-05 15:07:00,session_start,web,2026-02-05,15
U00856,2026-01-28 05:14:00,session_start,web,2026-01-28,5
U00856,2026-01-26 22:52:00,logout,unknown,2026-01-26,22
U00856,2026-01-31 08:55:00,logout,unknown,2026-01-31,8
U00857,2026-03-23 21:56:00,session_end,web,2026-03-23,21
U00857,2026-04-04 14:28:00,session_end,web,2026-04-04,14
U00857,2026-04-03 08:04:00,page_view,unknown,2026-04-03,8
U00857,2026-03-29 15:20:00,login,mobile,2026-03-29,15
U00857,2026-04-01 16:04:00,logout,web,2026-04-01,16
U00857,2026-04-05 14:47:00,login,unknown,2026-04-05,14
U00857,2026-03-31 02:22:00,session_end,web,2026-03-31,2
U00857,2026-03-28 15:38:00,login,web,2026-03-28,15
U00857,2026-03-28 16:38:00,logout,unknown,2026-03-28,16
U00858,2026-03-24 12:52:00,session_end,mobile,2026-03-24,12
U00858,2026-03-30 08:35:00,session_end,unknown,2026-03-30,8
U00858,2026-03-28 06:33:00,login,mobile,2026-03-28,6
U00858,2026-03-22 21:30:00,session_start,web,2026-03-22,21
U00858,2026-03-24 07:37:00,session_start,web,2026-03-24,7
U00858,2026-03-24 03:59:00,page_view,web,2026-03-24,3
U00858,2026-04-01 10:47:00,login,web,2026-04-01,10
U00859,2026-02-28 18:41:00,logout,unknown,2026-02-28,18
U00859,2026-03-11 20:50:00,logout,web,2026-03-11,20
U00859,2026-03-06 04:52:00,logout,web,2026-03-06,4
U00859,2026-03-08 15:00:00,session_start,unknown,2026-03-08,15
U00859,2026-03-09 19:02:00,logout,web,2026-03-09,19
U00859,2026-02-26 14:37:00,login,mobile,2026-02-26,14
U00859,2026-03-05 04:37:00,session_end,mobile,2026-03-05,4
U00859,2026-03-04 17:38:00,login,mobile,2026-03-04,17
U00859,2026-03-02 22:32:00,page_view,unknown,2026-03-02,22
U00859,2026-03-08 09:38:00,session_start,web,2026-03-08,9
U00859,2026-03-01 22:20:00,login,unknown,2026-03-01,22
U00859,2026-03-05 10:29:00,session_end,unknown,2026-03-05,10
U00859,2026-03-11 16:50:00,page_view,mobile,2026-03-11,16
U00860,2026-01-08 10:22:00,page_view,unknown,2026-01-08,10
U00860,2026-01-05 15:28:00,login,web,2026-01-05,15
U00860,2026-01-17 05:53:00,logout,mobile,2026-01-17,5
U00860,2026-01-06 10:21:00,login,web,2026-01-06,10
U00860,2026-01-15 10:28:00,page_view,web,2026-01-15,10
U00860,2026-01-10 04:41:00,login,unknown,2026-01-10,4
U00860,2026-01-14 19:43:00,page_view,mobile,2026-01-14,19
U00860,2026-01-13 08:45:00,logout,web,2026-01-13,8
U00860,2026-01-09 01:19:00,login,mobile,2026-01-09,1
U00860,2026-01-06 02:19:00,login,web,2026-01-06,2
U00861,2026-06-12 15:03:00,page_view,web,2026-06-12,15
U00861,2026-06-10 04:59:00,login,web,2026-06-10,4
U00861,2026-06-11 01:12:00,session_start,unknown,2026-06-11,1
U00861,2026-05-30 10:40:00,logout,unknown,2026-05-30,10
U00861,2026-06-11 17:38:00,login,web,2026-06-11,17
U00861,2026-06-07 20:28:00,logout,unknown,2026-06-07,20
U00861,2026-06-07 14:34:00,login,mobile,2026-06-07,14
U00861,2026-06-01 20:19:00,logout,web,2026-06-01,20
U00862,2026-03-22 13:32:00,login,web,2026-03-22,13
U00862,2026-03-23 15:36:00,logout,web,2026-03-23,15
U00862,2026-03-17 07:52:00,logout,unknown,2026-03-17,7
U00862,2026-03-28 13:19:00,logout,web,2026-03-28,13
U00862,2026-03-18 13:13:00,login,web,2026-03-18,13
U00862,2026-03-24 06:48:00,session_start,mobile,2026-03-24,6
U00862,2026-03-30 03:22:00,session_end,unknown,2026-03-30,3
U00863,2026-03-05 14:45:00,login,mobile,2026-03-05,14
U00863,2026-03-10 14:14:00,login,unknown,2026-03-10,14
U00864,2026-05-16 23:13:00,page_view,web,2026-05-16,23
U00864,2026-05-10 18:53:00,login,web,2026-05-10,18
U00864,2026-05-16 11:58:00,page_view,web,2026-05-16,11
U00864,2026-05-18 05:52:00,login,mobile,2026-05-18,5
U00864,2026-05-10 09:05:00,session_start,web,2026-05-10,9
U00865,2026-03-29 17:22:00,page_view,web,2026-03-29,17
U00865,2026-04-05 07:37:00,session_start,unknown,2026-04-05,7
U00865,2026-03-28 14:58:00,login,web,2026-03-28,14
U00865,2026-04-01 12:54:00,session_start,web,2026-04-01,12
U00865,2026-04-03 05:46:00,login,web,2026-04-03,5
U00865,2026-04-08 20:36:00,login,web,2026-04-08,20
U00865,2026-04-07 02:58:00,page_view,unknown,2026-04-07,2
U00865,2026-04-01 23:59:00,session_end,web,2026-04-01,23
U00865,2026-04-03 02:28:00,login,web,2026-04-03,2
U00865,2026-03-28 05:57:00,login,web,2026-03-28,5
U00865,2026-04-05 21:06:00,session_start,web,2026-04-05,21
U00865,2026-04-07 09:57:00,login,mobile,2026-04-07,9
U00865,2026-04-09 09:53:00,login,unknown,2026-04-09,9
U00865,2026-04-03 22:56:00,login,web,2026-04-03,22
U00865,2026-04-10 17:13:00,page_view,unknown,2026-04-10,17
U00865,2026-04-09 14:18:00,login,mobile,2026-04-09,14
U00865,2026-04-06 23:55:00,login,unknown,2026-04-06,23
U00865,2026-04-01 21:40:00,login,mobile,2026-04-01,21
U00865,2026-04-09 00:51:00,login,unknown,2026-04-09,0
U00866,2026-06-27 20:22:00,page_view,web,2026-06-27,20
U00866,2026-06-23 23:41:00,session_end,unknown,2026-06-23,23
U00866,2026-06-25 05:07:00,session_end,mobile,2026-06-25,5
U00866,2026-06-20 12:28:00,session_start,web,2026-06-20,12
U00867,2026-02-22 23:24:00,session_start,unknown,2026-02-22,23
U00867,2026-02-19 02:00:00,login,web,2026-02-19,2
U00867,2026-02-24 12:58:00,login,web,2026-02-24,12
U00867,2026-02-15 01:08:00,logout,mobile,2026-02-15,1
U00867,2026-02-15 21:44:00,login,web,2026-02-15,21
U00867,2026-02-22 18:34:00,login,web,2026-02-22,18
U00867,2026-02-27 06:46:00,session_start,unknown,2026-02-27,6
U00867,2026-02-21 07:57:00,session_start,unknown,2026-02-21,7
U00867,2026-02-18 19:47:00,login,web,2026-02-18,19
U00867,2026-02-20 14:39:00,login,web,2026-02-20,14
U00867,2026-02-15 20:19:00,login,unknown,2026-02-15,20
U00867,2026-02-14 08:18:00,login,mobile,2026-02-14,8
U00867,2026-02-16 07:49:00,logout,web,2026-02-16,7
U00867,2026-02-14 14:19:00,logout,unknown,2026-02-14,14
U00867,2026-02-27 11:27:00,login,mobile,2026-02-27,11
U00867,2026-02-26 12:52:00,login,web,2026-02-26,12
U00867,2026-02-21 12:15:00,session_start,mobile,2026-02-21,12
U00867,2026-02-19 06:04:00,session_end,web,2026-02-19,6
U00868,2026-02-16 20:24:00,session_end,web,2026-02-16,20
U00869,2026-02-22 18:48:00,login,mobile,2026-02-22,18
U00869,2026-02-24 21:28:00,session_start,web,2026-02-24,21
U00869,2026-03-01 02:19:00,session_end,web,2026-03-01,2
U00869,2026-02-17 06:59:00,logout,web,2026-02-17,6
U00869,2026-02-17 05:47:00,logout,web,2026-02-17,5
U00869,2026-02-22 02:46:00,page_view,mobile,2026-02-22,2
U00869,2026-03-02 08:49:00,login,web,2026-03-02,8
U00869,2026-03-03 17:25:00,session_start,mobile,2026-03-03,17
U00869,2026-02-19 17:58:00,session_end,mobile,2026-02-19,17
U00869,2026-02-26 00:19:00,session_start,mobile,2026-02-26,0
U00869,2026-02-20 02:16:00,login,web,2026-02-20,2
U00869,2026-02-23 23:47:00,page_view,web,2026-02-23,23
U00869,2026-02-22 21:30:00,login,mobile,2026-02-22,21
U00870,2026-05-17 11:05:00,login,web,2026-05-17,11
U00870,2026-05-26 18:29:00,session_end,unknown,2026-05-26,18
U00870,2026-05-24 10:13:00,login,mobile,2026-05-24,10
U00870,2026-05-28 22:00:00,login,web,2026-05-28,22
U00870,2026-05-24 10:18:00,login,unknown,2026-05-24,10
U00871,2026-01-09 20:27:00,session_start,web,2026-01-09,20
U00871,2026-01-10 06:03:00,page_view,web,2026-01-10,6
U00871,2026-01-10 01:03:00,login,unknown,2026-01-10,1
U00871,2026-01-05 02:19:00,login,web,2026-01-05,2
U00872,2026-01-23 02:04:00,login,mobile,2026-01-23,2
U00872,2026-01-24 15:34:00,session_start,mobile,2026-01-24,15
U00872,2026-01-28 03:51:00,login,unknown,2026-01-28,3
U00872,2026-01-30 17:04:00,session_end,unknown,2026-01-30,17
U00873,2026-02-26 01:39:00,page_view,unknown,2026-02-26,1
U00873,2026-03-07 16:20:00,session_start,web,2026-03-07,16
U00873,2026-02-27 10:48:00,session_start,web,2026-02-27,10
U00873,2026-03-03 20:35:00,page_view,web,2026-03-03,20
U00873,2026-02-27 13:52:00,session_end,mobile,2026-02-27,13
U00873,2026-02-28 23:04:00,login,web,2026-02-28,23
U00874,2026-04-08 22:47:00,login,web,2026-04-08,22
U00874,2026-04-12 01:03:00,login,mobile,2026-04-12,1
U00874,2026-04-06 05:32:00,session_start,web,2026-04-06,5
U00874,2026-04-16 22:21:00,page_view,web,2026-04-16,22
U00875,2026-06-23 10:58:00,logout,mobile,2026-06-23,10
U00875,2026-06-15 09:47:00,login,web,2026-06-15,9
U00875,2026-06-17 04:01:00,session_start,unknown,2026-06-17,4
U00876,2026-05-11 01:06:00,login,web,2026-05-11,1
U00876,2026-05-08 10:47:00,session_end,mobile,2026-05-08,10
U00876,2026-05-04 03:55:00,session_start,unknown,2026-05-04,3
U00876,2026-05-18 07:13:00,logout,mobile,2026-05-18,7
U00876,2026-05-06 04:54:00,login,web,2026-05-06,4
U00876,2026-05-04 01:20:00,login,mobile,2026-05-04,1
U00876,2026-05-06 21:11:00,login,web,2026-05-06,21
U00876,2026-05-10 04:41:00,login,web,2026-05-10,4
U00876,2026-05-14 23:39:00,logout,web,2026-05-14,23
U00876,2026-05-17 02:07:00,logout,mobile,2026-05-17,2
U00876,2026-05-08 17:19:00,login,mobile,2026-05-08,17
U00876,2026-05-13 03:12:00,login,mobile,2026-05-13,3
U00877,2026-01-10 05:33:00,session_start,web,2026-01-10,5
U00877,2026-01-17 06:10:00,login,web,2026-01-17,6
U00877,2026-01-10 13:43:00,login,web,2026-01-10,13
U00877,2026-01-07 06:19:00,login,unknown,2026-01-07,6
U00877,2026-01-09 09:39:00,session_start,unknown,2026-01-09,9
U00877,2026-01-17 00:11:00,login,unknown,2026-01-17,0
U00878,2026-05-28 06:17:00,login,web,2026-05-28,6
U00878,2026-06-02 18:22:00,login,unknown,2026-06-02,18
U00878,2026-06-03 14:40:00,page_view,unknown,2026-06-03,14
U00879,2026-01-15 07:17:00,page_view,web,2026-01-15,7
U00879,2026-01-07 19:30:00,logout,mobile,2026-01-07,19
U00879,2026-01-10 12:53:00,logout,web,2026-01-10,12
U00879,2026-01-10 22:11:00,session_start,unknown,2026-01-10,22
U00879,2026-01-10 10:36:00,logout,web,2026-01-10,10
U00880,2026-05-22 15:48:00,session_start,mobile,2026-05-22,15
U00880,2026-05-23 07:55:00,page_view,web,2026-05-23,7
U00880,2026-05-27 13:26:00,login,web,2026-05-27,13
U00880,2026-05-22 15:50:00,login,mobile,2026-05-22,15
U00880,2026-05-21 12:54:00,session_end,web,2026-05-21,12
U00881,2026-05-11 09:56:00,session_start,web,2026-05-11,9
U00881,2026-05-23 12:27:00,page_view,web,2026-05-23,12
U00881,2026-05-19 07:21:00,login,unknown,2026-05-19,7
U00881,2026-05-11 20:56:00,logout,web,2026-05-11,20
U00881,2026-05-20 07:09:00,login,mobile,2026-05-20,7
U00881,2026-05-23 22:48:00,session_start,unknown,2026-05-23,22
U00881,2026-05-23 18:09:00,login,web,2026-05-23,18
U00881,2026-05-14 15:05:00,login,unknown,2026-05-14,15
U00881,2026-05-22 20:44:00,session_start,mobile,2026-05-22,20
U00882,2026-02-26 20:35:00,login,web,2026-02-26,20
U00882,2026-02-19 06:42:00,login,unknown,2026-02-19,6
U00882,2026-02-23 10:32:00,page_view,unknown,2026-02-23,10
U00882,2026-02-18 21:36:00,login,unknown,2026-02-18,21
U00882,2026-02-27 03:25:00,page_view,mobile,2026-02-27,3
U00882,2026-02-19 18:30:00,session_end,mobile,2026-02-19,18
U00883,2026-02-17 19:48:00,logout,web,2026-02-17,19
U00883,2026-02-14 03:22:00,logout,mobile,2026-02-14,3
U00883,2026-02-18 16:05:00,login,unknown,2026-02-18,16
U00883,2026-02-22 16:41:00,login,unknown,2026-02-22,16
U00883,2026-02-09 00:15:00,login,unknown,2026-02-09,0
U00883,2026-02-20 06:30:00,login,unknown,2026-02-20,6
U00884,2026-06-08 15:44:00,login,web,2026-06-08,15
U00884,2026-06-09 08:34:00,session_end,unknown,2026-06-09,8
U00885,2026-03-23 15:35:00,page_view,web,2026-03-23,15
U00885,2026-03-18 04:24:00,page_view,web,2026-03-18,4
U00885,2026-03-19 06:07:00,login,web,2026-03-19,6
U00885,2026-03-14 12:50:00,login,web,2026-03-14,12
U00885,2026-03-22 14:25:00,login,web,2026-03-22,14
U00885,2026-03-20 08:53:00,login,mobile,2026-03-20,8
U00885,2026-03-16 22:18:00,login,unknown,2026-03-16,22
U00886,2026-04-09 06:38:00,login,unknown,2026-04-09,6
U00886,2026-04-08 23:59:00,session_end,web,2026-04-08,23
U00886,2026-04-06 06:25:00,logout,web,2026-04-06,6
U00886,2026-04-14 21:05:00,page_view,web,2026-04-14,21
U00886,2026-04-08 20:26:00,page_view,unknown,2026-04-08,20
U00886,2026-04-17 09:36:00,session_start,web,2026-04-17,9
U00886,2026-04-15 13:28:00,page_view,web,2026-04-15,13
U00886,2026-04-12 21:56:00,session_end,mobile,2026-04-12,21
U00886,2026-04-09 10:14:00,session_end,web,2026-04-09,10
U00886,2026-04-06 03:24:00,login,mobile,2026-04-06,3
U00886,2026-04-11 18:01:00,login,unknown,2026-04-11,18
U00886,2026-04-18 22:15:00,session_end,web,2026-04-18,22
U00886,2026-04-17 18:02:00,logout,web,2026-04-17,18
U00886,2026-04-09 07:14:00,login,web,2026-04-09,7
U00887,2026-05-28 15:58:00,page_view,unknown,2026-05-28,15
U00887,2026-06-07 15:42:00,logout,mobile,2026-06-07,15
U00887,2026-06-04 08:34:00,logout,web,2026-06-04,8
U00887,2026-05-29 01:52:00,session_end,web,2026-05-29,1
U00887,2026-05-26 23:03:00,login,unknown,2026-05-26,23
U00888,2026-03-25 19:13:00,login,web,2026-03-25,19
U00888,2026-03-22 17:05:00,login,unknown,2026-03-22,17
U00888,2026-03-18 09:37:00,page_view,web,2026-03-18,9
U00888,2026-03-30 00:03:00,logout,web,2026-03-30,0
U00888,2026-03-28 05:57:00,login,mobile,2026-03-28,5
U00888,2026-03-26 17:53:00,session_start,unknown,2026-03-26,17
U00888,2026-04-01 03:25:00,session_end,web,2026-04-01,3
U00888,2026-03-29 02:56:00,session_end,web,2026-03-29,2
U00888,2026-03-21 09:09:00,login,mobile,2026-03-21,9
U00888,2026-03-22 16:57:00,page_view,web,2026-03-22,16
U00888,2026-03-22 17:16:00,login,web,2026-03-22,17
U00888,2026-03-21 10:12:00,login,unknown,2026-03-21,10
U00889,2026-01-24 22:30:00,session_end,web,2026-01-24,22
U00889,2026-01-31 18:06:00,login,unknown,2026-01-31,18
U00890,2026-04-07 02:20:00,logout,unknown,2026-04-07,2
U00890,2026-04-08 22:56:00,login,unknown,2026-04-08,22
U00890,2026-04-08 06:56:00,login,web,2026-04-08,6
U00890,2026-04-16 21:19:00,logout,web,2026-04-16,21
U00890,2026-04-09 09:57:00,session_start,web,2026-04-09,9
U00890,2026-04-09 16:35:00,logout,web,2026-04-09,16
U00890,2026-04-11 02:07:00,login,unknown,2026-04-11,2
U00891,2026-01-28 20:19:00,login,mobile,2026-01-28,20
U00891,2026-01-29 15:59:00,page_view,web,2026-01-29,15
U00891,2026-01-27 19:13:00,session_start,unknown,2026-01-27,19
U00891,2026-01-28 16:23:00,session_start,unknown,2026-01-28,16
U00891,2026-01-19 13:12:00,session_end,web,2026-01-19,13
U00892,2026-01-25 17:50:00,login,web,2026-01-25,17
U00892,2026-02-05 20:31:00,login,web,2026-02-05,20
U00892,2026-02-01 12:07:00,logout,web,2026-02-01,12
U00892,2026-01-24 07:41:00,login,web,2026-01-24,7
U00892,2026-01-27 09:56:00,login,web,2026-01-27,9
U00892,2026-02-02 07:05:00,login,mobile,2026-02-02,7
U00892,2026-01-27 01:26:00,session_end,unknown,2026-01-27,1
U00892,2026-02-01 05:24:00,login,unknown,2026-02-01,5
U00893,2026-06-02 08:52:00,login,web,2026-06-02,8
U00893,2026-05-27 10:11:00,logout,unknown,2026-05-27,10
U00893,2026-06-05 09:57:00,login,web,2026-06-05,9
U00893,2026-05-27 20:23:00,login,unknown,2026-05-27,20
U00893,2026-06-05 02:59:00,page_view,unknown,2026-06-05,2
U00893,2026-06-03 17:38:00,page_view,web,2026-06-03,17
U00893,2026-06-02 16:58:00,login,unknown,2026-06-02,16
U00894,2026-01-17 19:18:00,session_end,mobile,2026-01-17,19
U00894,2026-01-11 00:23:00,login,web,2026-01-11,0
U00894,2026-01-17 14:22:00,page_view,unknown,2026-01-17,14
U00894,2026-01-14 11:23:00,logout,web,2026-01-14,11
U00895,2026-06-09 04:54:00,login,unknown,2026-06-09,4
U00895,2026-06-05 23:05:00,session_start,mobile,2026-06-05,23
U00895,2026-06-01 12:08:00,logout,web,2026-06-01,12
U00895,2026-06-01 11:01:00,login,unknown,2026-06-01,11
U00895,2026-06-08 00:30:00,login,web,2026-06-08,0
U00895,2026-05-27 09:54:00,page_view,web,2026-05-27,9
U00895,2026-05-27 07:00:00,logout,unknown,2026-05-27,7
U00895,2026-06-03 20:26:00,logout,mobile,2026-06-03,20
U00895,2026-05-30 01:50:00,page_view,unknown,2026-05-30,1
U00895,2026-06-07 03:56:00,login,web,2026-06-07,3
U00895,2026-06-05 13:26:00,session_end,web,2026-06-05,13
U00896,2026-01-22 08:51:00,logout,web,2026-01-22,8
U00896,2026-01-19 04:34:00,login,web,2026-01-19,4
U00897,2026-03-20 13:10:00,login,web,2026-03-20,13
U00897,2026-03-14 11:55:00,logout,mobile,2026-03-14,11
U00897,2026-03-15 07:09:00,session_end,mobile,2026-03-15,7
U00897,2026-03-15 05:35:00,login,web,2026-03-15,5
U00897,2026-03-13 17:17:00,session_start,web,2026-03-13,17
U00897,2026-03-26 04:33:00,login,web,2026-03-26,4
U00897,2026-03-22 18:38:00,login,web,2026-03-22,18
U00897,2026-03-13 08:05:00,login,web,2026-03-13,8
U00897,2026-03-20 19:51:00,login,mobile,2026-03-20,19
U00898,2026-02-20 03:45:00,login,mobile,2026-02-20,3
U00898,2026-02-20 21:01:00,logout,web,2026-02-20,21
U00898,2026-02-18 10:49:00,session_start,mobile,2026-02-18,10
U00898,2026-02-17 20:33:00,session_end,mobile,2026-02-17,20
U00898,2026-03-01 00:50:00,session_start,web,2026-03-01,0
U00899,2026-06-01 20:44:00,page_view,web,2026-06-01,20
U00899,2026-06-07 17:02:00,session_end,unknown,2026-06-07,17
U00899,2026-06-08 07:01:00,login,web,2026-06-08,7
U00899,2026-06-13 02:01:00,login,web,2026-06-13,2
U00899,2026-06-09 09:58:00,logout,web,2026-06-09,9
U00899,2026-06-03 09:04:00,session_end,web,2026-06-03,9
U00899,2026-06-13 04:50:00,logout,web,2026-06-13,4
U00899,2026-06-14 20:16:00,login,unknown,2026-06-14,20
U00899,2026-06-08 13:51:00,session_start,web,2026-06-08,13
U00899,2026-06-11 20:08:00,session_end,web,2026-06-11,20
U00899,2026-06-02 02:41:00,session_end,mobile,2026-06-02,2
U00899,2026-05-31 12:14:00,logout,web,2026-05-31,12
U00899,2026-06-07 17:41:00,page_view,web,2026-06-07,17
U00899,2026-06-10 07:29:00,session_end,web,2026-06-10,7
U00900,2026-01-30 04:06:00,login,unknown,2026-01-30,4
U00900,2026-01-24 07:52:00,page_view,unknown,2026-01-24,7
U00900,2026-01-29 18:00:00,login,web,2026-01-29,18
U00900,2026-01-28 10:22:00,session_start,web,2026-01-28,10
U00900,2026-01-29 18:19:00,page_view,web,2026-01-29,18
U00900,2026-01-28 08:11:00,session_end,web,2026-01-28,8
U00900,2026-02-02 13:38:00,session_start,web,2026-02-02,13
U00901,2026-03-14 09:22:00,login,unknown,2026-03-14,9
U00901,2026-03-03 12:04:00,page_view,web,2026-03-03,12
U00902,2026-04-01 10:26:00,session_start,mobile,2026-04-01,10
U00902,2026-03-29 14:48:00,login,web,2026-03-29,14
U00902,2026-04-02 01:05:00,session_start,web,2026-04-02,1
U00902,2026-03-28 14:26:00,login,mobile,2026-03-28,14
U00902,2026-04-01 21:35:00,login,web,2026-04-01,21
U00902,2026-04-04 17:03:00,login,web,2026-04-04,17
U00903,2026-02-08 20:01:00,session_end,web,2026-02-08,20
U00903,2026-02-08 15:46:00,session_start,mobile,2026-02-08,15
U00903,2026-02-15 19:54:00,session_start,web,2026-02-15,19
U00903,2026-02-09 09:29:00,logout,unknown,2026-02-09,9
U00904,2026-02-03 05:20:00,logout,web,2026-02-03,5
U00904,2026-01-29 09:43:00,login,mobile,2026-01-29,9
U00904,2026-02-01 04:57:00,login,mobile,2026-02-01,4
U00904,2026-01-24 09:32:00,login,web,2026-01-24,9
U00904,2026-01-25 02:29:00,page_view,mobile,2026-01-25,2
U00904,2026-01-25 03:46:00,login,web,2026-01-25,3
U00905,2026-01-17 12:38:00,login,web,2026-01-17,12
U00905,2026-01-22 10:20:00,session_start,web,2026-01-22,10
U00905,2026-01-27 18:59:00,login,unknown,2026-01-27,18
U00905,2026-01-16 15:36:00,logout,unknown,2026-01-16,15
U00906,2026-01-20 05:17:00,login,web,2026-01-20,5
U00906,2026-01-27 01:15:00,logout,mobile,2026-01-27,1
U00906,2026-01-23 21:09:00,session_end,web,2026-01-23,21
U00906,2026-01-30 19:18:00,login,mobile,2026-01-30,19
U00906,2026-02-03 07:54:00,login,web,2026-02-03,7
U00906,2026-01-30 17:58:00,logout,mobile,2026-01-30,17
U00907,2026-06-15 12:14:00,login,web,2026-06-15,12
U00907,2026-06-07 04:38:00,session_start,unknown,2026-06-07,4
U00907,2026-06-09 22:39:00,session_end,web,2026-06-09,22
U00907,2026-06-14 05:06:00,session_start,web,2026-06-14,5
U00907,2026-06-09 19:08:00,logout,mobile,2026-06-09,19
U00908,2026-01-08 09:05:00,session_start,unknown,2026-01-08,9
U00908,2026-01-16 05:57:00,login,web,2026-01-16,5
U00908,2026-01-18 07:37:00,login,unknown,2026-01-18,7
U00908,2026-01-14 19:13:00,session_start,web,2026-01-14,19
U00908,2026-01-14 07:08:00,logout,web,2026-01-14,7
U00909,2026-05-18 01:13:00,login,mobile,2026-05-18,1
U00909,2026-05-15 05:32:00,login,web,2026-05-15,5
U00909,2026-05-14 11:00:00,login,mobile,2026-05-14,11
U00909,2026-05-06 13:06:00,page_view,web,2026-05-06,13
U00909,2026-05-07 18:15:00,page_view,mobile,2026-05-07,18
U00910,2026-04-10 11:39:00,login,unknown,2026-04-10,11
U00910,2026-04-16 15:05:00,session_end,web,2026-04-16,15
U00911,2026-05-30 01:41:00,login,mobile,2026-05-30,1
U00911,2026-06-10 18:41:00,login,unknown,2026-06-10,18
U00912,2026-01-23 12:09:00,login,web,2026-01-23,12
U00912,2026-01-28 22:45:00,page_view,web,2026-01-28,22
U00912,2026-02-02 15:04:00,session_end,web,2026-02-02,15
U00912,2026-01-27 19:19:00,login,unknown,2026-01-27,19
U00913,2026-03-14 19:51:00,login,mobile,2026-03-14,19
U00914,2026-01-22 09:50:00,logout,web,2026-01-22,9
U00914,2026-02-02 06:08:00,page_view,mobile,2026-02-02,6
U00914,2026-01-23 12:41:00,page_view,unknown,2026-01-23,12
U00914,2026-01-29 17:49:00,login,web,2026-01-29,17
U00914,2026-01-27 12:18:00,session_start,web,2026-01-27,12
U00914,2026-02-04 07:28:00,login,web,2026-02-04,7
U00914,2026-01-31 09:48:00,login,mobile,2026-01-31,9
U00914,2026-02-01 19:44:00,login,web,2026-02-01,19
U00915,2026-04-18 14:31:00,session_start,unknown,2026-04-18,14
U00915,2026-04-19 13:21:00,login,web,2026-04-19,13
U00915,2026-04-10 21:30:00,page_view,unknown,2026-04-10,21
U00915,2026-04-09 04:01:00,logout,mobile,2026-04-09,4
U00915,2026-04-16 02:52:00,page_view,web,2026-04-16,2
U00915,2026-04-15 17:03:00,session_start,web,2026-04-15,17
U00915,2026-04-20 23:39:00,login,mobile,2026-04-20,23
U00916,2026-02-11 07:04:00,page_view,web,2026-02-11,7
U00916,2026-02-15 15:40:00,session_end,unknown,2026-02-15,15
U00916,2026-02-09 12:40:00,logout,unknown,2026-02-09,12
U00916,2026-02-19 13:13:00,login,mobile,2026-02-19,13
U00916,2026-02-11 04:12:00,page_view,unknown,2026-02-11,4
U00916,2026-02-10 17:22:00,session_end,mobile,2026-02-10,17
U00916,2026-02-10 04:24:00,logout,web,2026-02-10,4
U00917,2026-04-02 16:23:00,session_start,mobile,2026-04-02,16
U00917,2026-04-06 15:05:00,login,web,2026-04-06,15
U00917,2026-04-05 04:38:00,login,mobile,2026-04-05,4
U00917,2026-03-23 01:01:00,page_view,mobile,2026-03-23,1
U00917,2026-03-30 10:49:00,login,mobile,2026-03-30,10
U00917,2026-04-05 07:44:00,page_view,web,2026-04-05,7
U00918,2026-01-27 04:16:00,session_start,web,2026-01-27,4
U00918,2026-02-02 21:40:00,session_end,unknown,2026-02-02,21
U00918,2026-01-30 19:13:00,login,unknown,2026-01-30,19
U00918,2026-02-05 17:45:00,login,web,2026-02-05,17
U00918,2026-01-31 21:35:00,login,unknown,2026-01-31,21
U00919,2026-04-30 10:36:00,login,web,2026-04-30,10
U00919,2026-05-08 06:58:00,session_end,mobile,2026-05-08,6
U00919,2026-04-24 03:06:00,logout,web,2026-04-24,3
U00919,2026-05-04 00:52:00,session_start,web,2026-05-04,0
U00919,2026-04-26 22:27:00,session_start,web,2026-04-26,22
U00919,2026-04-26 13:28:00,logout,mobile,2026-04-26,13
U00919,2026-05-07 11:04:00,logout,mobile,2026-05-07,11
U00919,2026-05-01 05:17:00,login,web,2026-05-01,5
U00920,2026-02-06 07:31:00,logout,web,2026-02-06,7
U00920,2026-02-13 12:20:00,logout,unknown,2026-02-13,12
U00920,2026-02-12 15:26:00,login,unknown,2026-02-12,15
U00920,2026-02-11 09:37:00,session_start,mobile,2026-02-11,9
U00920,2026-02-05 08:52:00,logout,web,2026-02-05,8
U00920,2026-02-14 11:53:00,login,web,2026-02-14,11
U00920,2026-02-07 13:40:00,login,web,2026-02-07,13
U00920,2026-02-03 13:37:00,login,unknown,2026-02-03,13
U00920,2026-02-08 12:34:00,login,web,2026-02-08,12
U00921,2026-04-27 21:03:00,logout,unknown,2026-04-27,21
U00921,2026-05-07 04:48:00,session_start,unknown,2026-05-07,4
U00921,2026-05-06 15:11:00,session_end,mobile,2026-05-06,15
U00921,2026-05-06 10:44:00,login,unknown,2026-05-06,10
U00921,2026-05-04 06:16:00,page_view,web,2026-05-04,6
U00921,2026-05-08 04:04:00,login,web,2026-05-08,4
U00921,2026-04-29 13:55:00,logout,web,2026-04-29,13
U00921,2026-05-09 00:11:00,login,mobile,2026-05-09,0
U00921,2026-04-29 15:29:00,session_end,web,2026-04-29,15
U00921,2026-04-29 11:31:00,page_view,unknown,2026-04-29,11
U00921,2026-05-08 04:23:00,login,web,2026-05-08,4
U00921,2026-05-06 20:03:00,session_start,web,2026-05-06,20
U00921,2026-04-28 07:41:00,session_end,mobile,2026-04-28,7
U00921,2026-04-26 09:28:00,session_end,mobile,2026-04-26,9
U00921,2026-05-07 07:12:00,session_start,mobile,2026-05-07,7
U00921,2026-05-06 01:59:00,session_end,web,2026-05-06,1
U00921,2026-04-30 02:45:00,session_start,unknown,2026-04-30,2
U00922,2026-04-21 23:28:00,login,unknown,2026-04-21,23
U00922,2026-04-18 13:40:00,login,mobile,2026-04-18,13
U00922,2026-04-28 16:27:00,login,web,2026-04-28,16
U00922,2026-04-16 02:08:00,logout,mobile,2026-04-16,2
U00922,2026-04-15 01:57:00,page_view,web,2026-04-15,1
U00922,2026-04-23 08:08:00,session_start,web,2026-04-23,8
U00922,2026-04-27 17:13:00,login,mobile,2026-04-27,17
U00922,2026-04-21 14:43:00,session_end,unknown,2026-04-21,14
U00922,2026-04-15 16:10:00,page_view,unknown,2026-04-15,16
U00923,2026-04-08 23:47:00,page_view,web,2026-04-08,23
U00923,2026-04-12 06:24:00,login,web,2026-04-12,6
U00923,2026-04-11 21:16:00,session_end,web,2026-04-11,21
U00923,2026-04-15 13:56:00,session_end,mobile,2026-04-15,13
U00923,2026-04-01 17:23:00,session_start,web,2026-04-01,17
U00923,2026-04-10 22:53:00,login,web,2026-04-10,22
U00923,2026-04-14 06:09:00,login,web,2026-04-14,6
U00923,2026-04-13 02:58:00,session_end,mobile,2026-04-13,2
U00923,2026-04-06 01:52:00,page_view,web,2026-04-06,1
U00923,2026-04-02 03:57:00,login,web,2026-04-02,3
U00923,2026-04-07 03:30:00,login,web,2026-04-07,3
U00924,2026-06-11 01:13:00,session_end,web,2026-06-11,1
U00924,2026-06-07 08:40:00,login,web,2026-06-07,8
U00925,2026-01-08 01:17:00,login,web,2026-01-08,1
U00926,2026-04-15 12:24:00,session_end,web,2026-04-15,12
U00926,2026-04-11 21:13:00,logout,web,2026-04-11,21
U00926,2026-04-13 16:40:00,page_view,web,2026-04-13,16
U00926,2026-04-14 16:41:00,login,unknown,2026-04-14,16
U00926,2026-04-14 14:20:00,login,web,2026-04-14,14
U00927,2026-03-07 01:39:00,page_view,web,2026-03-07,1
U00927,2026-03-05 12:33:00,login,unknown,2026-03-05,12
U00927,2026-03-08 14:07:00,session_start,unknown,2026-03-08,14
U00927,2026-03-12 08:02:00,login,web,2026-03-12,8
U00927,2026-03-06 14:50:00,page_view,web,2026-03-06,14
U00927,2026-03-10 19:33:00,page_view,mobile,2026-03-10,19
U00927,2026-03-11 22:06:00,session_start,web,2026-03-11,22
U00927,2026-03-05 11:33:00,session_start,unknown,2026-03-05,11
U00928,2026-04-20 16:27:00,login,web,2026-04-20,16
U00928,2026-04-17 18:30:00,logout,unknown,2026-04-17,18
U00928,2026-04-15 11:37:00,page_view,mobile,2026-04-15,11
U00929,2026-03-20 06:10:00,session_start,web,2026-03-20,6
U00929,2026-03-17 01:46:00,login,web,2026-03-17,1
U00929,2026-03-15 17:13:00,login,mobile,2026-03-15,17
U00929,2026-03-14 11:41:00,session_end,web,2026-03-14,11
U00929,2026-03-19 11:27:00,login,unknown,2026-03-19,11
U00929,2026-03-21 04:34:00,login,mobile,2026-03-21,4
U00930,2026-05-12 07:15:00,session_end,mobile,2026-05-12,7
U00930,2026-05-11 05:24:00,session_start,mobile,2026-05-11,5
U00930,2026-05-08 14:57:00,logout,unknown,2026-05-08,14
U00930,2026-05-12 17:02:00,login,web,2026-05-12,17
U00931,2026-02-20 08:59:00,session_start,unknown,2026-02-20,8
U00931,2026-02-20 15:38:00,logout,mobile,2026-02-20,15
U00931,2026-02-12 06:00:00,login,web,2026-02-12,6
U00932,2026-04-21 05:57:00,logout,unknown,2026-04-21,5
U00932,2026-04-20 15:48:00,session_start,unknown,2026-04-20,15
U00932,2026-04-27 17:51:00,page_view,mobile,2026-04-27,17
U00932,2026-04-22 10:04:00,page_view,web,2026-04-22,10
U00932,2026-04-30 23:45:00,login,mobile,2026-04-30,23
U00932,2026-04-23 04:55:00,session_end,web,2026-04-23,4
U00932,2026-04-22 13:06:00,login,web,2026-04-22,13
U00932,2026-04-30 17:29:00,logout,mobile,2026-04-30,17
U00932,2026-05-02 00:34:00,session_end,unknown,2026-05-02,0
U00932,2026-04-20 23:53:00,login,unknown,2026-04-20,23
U00933,2026-04-15 07:35:00,logout,mobile,2026-04-15,7
U00933,2026-04-10 15:30:00,session_start,web,2026-04-10,15
U00933,2026-04-04 16:18:00,login,web,2026-04-04,16
U00933,2026-04-05 22:46:00,session_start,unknown,2026-04-05,22
U00933,2026-04-06 00:49:00,session_end,web,2026-04-06,0
U00933,2026-04-03 14:58:00,login,mobile,2026-04-03,14
U00933,2026-04-04 01:52:00,login,web,2026-04-04,1
U00933,2026-04-05 06:18:00,page_view,web,2026-04-05,6
U00934,2026-06-17 06:56:00,page_view,web,2026-06-17,6
U00934,2026-06-15 23:42:00,session_start,unknown,2026-06-15,23
U00935,2026-02-27 03:48:00,session_end,unknown,2026-02-27,3
U00935,2026-03-06 03:43:00,session_end,unknown,2026-03-06,3
U00935,2026-02-21 12:23:00,page_view,unknown,2026-02-21,12
U00935,2026-02-25 12:25:00,logout,unknown,2026-02-25,12
U00935,2026-02-26 09:02:00,session_end,unknown,2026-02-26,9
U00936,2026-02-12 07:12:00,login,web,2026-02-12,7
U00936,2026-02-04 00:39:00,page_view,web,2026-02-04,0
U00936,2026-02-06 05:59:00,logout,web,2026-02-06,5
U00937,2026-04-14 21:24:00,page_view,web,2026-04-14,21
U00937,2026-04-15 14:39:00,login,mobile,2026-04-15,14
U00937,2026-04-14 02:37:00,login,web,2026-04-14,2
U00937,2026-04-15 19:45:00,login,unknown,2026-04-15,19
U00938,2026-04-08 11:44:00,login,unknown,2026-04-08,11
U00938,2026-04-18 07:26:00,login,web,2026-04-18,7
U00938,2026-04-13 15:50:00,page_view,web,2026-04-13,15
U00938,2026-04-09 10:02:00,page_view,web,2026-04-09,10
U00939,2026-03-27 02:25:00,page_view,mobile,2026-03-27,2
U00939,2026-04-02 00:01:00,session_end,web,2026-04-02,0
U00939,2026-03-29 12:22:00,session_end,mobile,2026-03-29,12
U00939,2026-04-06 08:54:00,session_start,web,2026-04-06,8
U00939,2026-04-05 14:55:00,session_end,mobile,2026-04-05,14
U00939,2026-03-30 10:18:00,session_end,mobile,2026-03-30,10
U00939,2026-04-01 15:57:00,login,mobile,2026-04-01,15
U00939,2026-03-28 09:36:00,session_start,unknown,2026-03-28,9
U00939,2026-04-05 02:52:00,login,unknown,2026-04-05,2
U00940,2026-02-07 22:32:00,session_start,unknown,2026-02-07,22
U00940,2026-02-17 09:43:00,logout,mobile,2026-02-17,9
U00940,2026-02-16 04:01:00,login,web,2026-02-16,4
U00940,2026-02-11 22:08:00,logout,unknown,2026-02-11,22
U00940,2026-02-10 11:09:00,logout,mobile,2026-02-10,11
U00940,2026-02-08 12:34:00,login,web,2026-02-08,12
U00941,2026-03-06 18:57:00,login,unknown,2026-03-06,18
U00941,2026-03-03 04:18:00,login,web,2026-03-03,4
U00941,2026-03-05 01:44:00,page_view,mobile,2026-03-05,1
U00941,2026-02-21 17:25:00,page_view,web,2026-02-21,17
U00941,2026-02-22 09:42:00,page_view,unknown,2026-02-22,9
U00941,2026-03-05 00:20:00,login,web,2026-03-05,0
U00942,2026-02-23 10:17:00,login,mobile,2026-02-23,10
U00942,2026-02-22 03:25:00,page_view,mobile,2026-02-22,3
U00942,2026-02-26 01:56:00,page_view,mobile,2026-02-26,1
U00942,2026-02-18 10:57:00,session_start,mobile,2026-02-18,10
U00942,2026-02-21 19:45:00,logout,mobile,2026-02-21,19
U00942,2026-02-27 00:05:00,login,web,2026-02-27,0
U00942,2026-02-26 01:37:00,login,mobile,2026-02-26,1
U00942,2026-02-16 17:28:00,session_end,web,2026-02-16,17
U00942,2026-02-26 00:51:00,login,web,2026-02-26,0
U00942,2026-02-17 16:41:00,login,web,2026-02-17,16
U00943,2026-03-27 08:04:00,login,mobile,2026-03-27,8
U00943,2026-03-25 21:03:00,session_end,mobile,2026-03-25,21
U00943,2026-03-16 08:45:00,login,unknown,2026-03-16,8
U00943,2026-03-22 13:05:00,login,unknown,2026-03-22,13
U00943,2026-03-22 05:34:00,page_view,web,2026-03-22,5
U00944,2026-06-05 02:08:00,login,unknown,2026-06-05,2
U00944,2026-06-05 02:22:00,logout,web,2026-06-05,2
U00944,2026-06-09 14:57:00,page_view,web,2026-06-09,14
U00944,2026-06-09 14:54:00,login,web,2026-06-09,14
U00944,2026-06-11 22:14:00,login,web,2026-06-11,22
U00944,2026-05-28 11:43:00,session_end,mobile,2026-05-28,11
U00945,2026-04-17 23:15:00,login,unknown,2026-04-17,23
U00945,2026-04-14 06:38:00,session_start,web,2026-04-14,6
U00945,2026-04-09 03:35:00,session_end,web,2026-04-09,3
U00945,2026-04-18 09:08:00,page_view,unknown,2026-04-18,9
U00945,2026-04-16 07:30:00,session_start,web,2026-04-16,7
U00946,2026-02-09 00:48:00,page_view,web,2026-02-09,0
U00946,2026-02-05 15:27:00,session_start,web,2026-02-05,15
U00946,2026-02-07 15:30:00,session_start,mobile,2026-02-07,15
U00946,2026-02-09 16:34:00,logout,mobile,2026-02-09,16
U00946,2026-02-05 07:27:00,session_end,web,2026-02-05,7
U00947,2026-06-01 02:46:00,page_view,unknown,2026-06-01,2
U00947,2026-06-15 20:10:00,session_start,unknown,2026-06-15,20
U00947,2026-06-03 18:10:00,login,unknown,2026-06-03,18
U00947,2026-06-07 13:28:00,session_end,web,2026-06-07,13
U00947,2026-06-10 22:44:00,login,unknown,2026-06-10,22
U00947,2026-06-11 12:05:00,session_start,web,2026-06-11,12
U00947,2026-06-03 05:35:00,page_view,web,2026-06-03,5
U00947,2026-06-08 09:37:00,session_end,mobile,2026-06-08,9
U00947,2026-06-13 10:36:00,session_end,web,2026-06-13,10
U00948,2026-01-09 10:21:00,session_end,unknown,2026-01-09,10
U00948,2026-01-14 14:09:00,session_start,web,2026-01-14,14
U00948,2026-01-16 15:24:00,login,web,2026-01-16,15
U00948,2026-01-15 06:58:00,session_end,web,2026-01-15,6
U00948,2026-01-18 17:01:00,login,web,2026-01-18,17
U00949,2026-05-07 02:58:00,page_view,web,2026-05-07,2
U00949,2026-04-24 14:06:00,logout,unknown,2026-04-24,14
U00949,2026-04-28 15:35:00,session_end,mobile,2026-04-28,15
U00949,2026-05-02 02:52:00,login,web,2026-05-02,2
U00949,2026-05-06 12:22:00,logout,web,2026-05-06,12
U00949,2026-05-01 17:28:00,login,web,2026-05-01,17
U00949,2026-05-06 09:33:00,session_start,web,2026-05-06,9
U00949,2026-04-23 20:23:00,logout,web,2026-04-23,20
U00949,2026-04-23 22:38:00,login,web,2026-04-23,22
U00949,2026-04-27 19:45:00,page_view,mobile,2026-04-27,19
U00949,2026-05-01 14:35:00,logout,unknown,2026-05-01,14
U00950,2026-01-23 20:29:00,login,mobile,2026-01-23,20
U00950,2026-01-28 00:49:00,login,mobile,2026-01-28,0
U00950,2026-01-18 03:06:00,page_view,mobile,2026-01-18,3
U00950,2026-01-23 20:00:00,login,unknown,2026-01-23,20
U00950,2026-01-31 20:02:00,session_start,web,2026-01-31,20
U00951,2026-05-10 18:48:00,login,unknown,2026-05-10,18
U00951,2026-05-18 20:38:00,login,mobile,2026-05-18,20
U00951,2026-05-10 05:14:00,logout,mobile,2026-05-10,5
U00951,2026-05-14 19:13:00,logout,web,2026-05-14,19
U00952,2026-03-29 17:01:00,session_start,mobile,2026-03-29,17
U00952,2026-04-02 01:00:00,logout,unknown,2026-04-02,1
U00952,2026-03-29 06:01:00,login,web,2026-03-29,6
U00952,2026-03-31 05:57:00,session_start,unknown,2026-03-31,5
U00952,2026-03-21 08:44:00,logout,unknown,2026-03-21,8
U00952,2026-03-24 07:30:00,logout,web,2026-03-24,7
U00953,2026-02-09 22:51:00,login,unknown,2026-02-09,22
U00954,2026-04-21 22:05:00,logout,web,2026-04-21,22
U00954,2026-04-11 12:42:00,session_end,web,2026-04-11,12
U00954,2026-04-21 13:43:00,logout,unknown,2026-04-21,13
U00954,2026-04-11 01:46:00,session_start,unknown,2026-04-11,1
U00954,2026-04-19 06:23:00,page_view,web,2026-04-19,6
U00954,2026-04-11 11:14:00,login,web,2026-04-11,11
U00954,2026-04-18 02:17:00,session_start,unknown,2026-04-18,2
U00955,2026-05-17 17:34:00,page_view,unknown,2026-05-17,17
U00955,2026-05-08 16:12:00,page_view,web,2026-05-08,16
U00955,2026-05-11 06:50:00,login,mobile,2026-05-11,6
U00956,2026-05-27 11:41:00,session_end,unknown,2026-05-27,11
U00956,2026-05-27 05:54:00,session_start,unknown,2026-05-27,5
U00956,2026-05-20 13:25:00,logout,web,2026-05-20,13
U00956,2026-05-25 10:15:00,login,web,2026-05-25,10
U00956,2026-05-30 21:51:00,session_start,unknown,2026-05-30,21
U00956,2026-05-22 16:30:00,login,web,2026-05-22,16
U00956,2026-05-20 05:49:00,page_view,unknown,2026-05-20,5
U00956,2026-05-29 19:35:00,login,web,2026-05-29,19
U00956,2026-05-21 07:55:00,page_view,unknown,2026-05-21,7
U00956,2026-05-26 22:21:00,logout,web,2026-05-26,22
U00957,2026-04-23 00:48:00,page_view,web,2026-04-23,0
U00957,2026-04-23 01:23:00,page_view,web,2026-04-23,1
U00957,2026-04-27 05:34:00,login,unknown,2026-04-27,5
U00957,2026-04-25 05:46:00,logout,web,2026-04-25,5
U00957,2026-04-18 14:12:00,login,mobile,2026-04-18,14
U00958,2026-04-17 19:48:00,login,web,2026-04-17,19
U00958,2026-04-14 14:28:00,login,unknown,2026-04-14,14
U00958,2026-04-17 04:54:00,session_end,web,2026-04-17,4
U00959,2026-06-06 20:50:00,login,web,2026-06-06,20
U00959,2026-06-05 17:59:00,login,web,2026-06-05,17
U00959,2026-06-08 04:21:00,session_end,web,2026-06-08,4
U00960,2026-01-29 11:02:00,page_view,mobile,2026-01-29,11
U00960,2026-02-08 22:40:00,login,web,2026-02-08,22
U00960,2026-02-02 00:42:00,login,web,2026-02-02,0
U00961,2026-04-05 06:21:00,login,web,2026-04-05,6
U00961,2026-04-03 14:38:00,login,mobile,2026-04-03,14
U00961,2026-04-14 07:48:00,session_start,web,2026-04-14,7
U00961,2026-04-04 02:51:00,page_view,web,2026-04-04,2
U00961,2026-04-02 04:15:00,page_view,web,2026-04-02,4
U00961,2026-04-10 00:17:00,logout,mobile,2026-04-10,0
U00961,2026-04-07 11:11:00,session_start,web,2026-04-07,11
U00962,2026-06-08 17:27:00,logout,unknown,2026-06-08,17
U00962,2026-06-20 05:51:00,page_view,web,2026-06-20,5
U00962,2026-06-07 22:03:00,session_end,web,2026-06-07,22
U00962,2026-06-13 07:33:00,login,web,2026-06-13,7
U00963,2026-06-20 09:21:00,login,web,2026-06-20,9
U00963,2026-06-25 13:02:00,logout,web,2026-06-25,13
U00963,2026-06-24 07:20:00,login,web,2026-06-24,7
U00963,2026-06-22 21:57:00,login,web,2026-06-22,21
U00964,2026-04-08 11:20:00,logout,mobile,2026-04-08,11
U00964,2026-04-06 14:44:00,login,unknown,2026-04-06,14
U00964,2026-03-28 15:11:00,session_end,web,2026-03-28,15
U00964,2026-04-01 14:12:00,login,unknown,2026-04-01,14
U00964,2026-03-30 12:06:00,logout,mobile,2026-03-30,12
U00964,2026-04-08 02:42:00,login,unknown,2026-04-08,2
U00964,2026-03-31 13:46:00,page_view,mobile,2026-03-31,13
U00964,2026-04-07 13:16:00,login,mobile,2026-04-07,13
U00964,2026-04-07 13:01:00,session_end,web,2026-04-07,13
U00965,2026-02-03 03:32:00,logout,unknown,2026-02-03,3
U00965,2026-02-01 05:00:00,session_end,web,2026-02-01,5
U00965,2026-02-01 18:14:00,login,unknown,2026-02-01,18
U00965,2026-01-29 00:50:00,logout,mobile,2026-01-29,0
U00965,2026-02-09 19:38:00,login,web,2026-02-09,19
U00965,2026-02-01 23:31:00,login,web,2026-02-01,23
U00965,2026-01-31 01:45:00,login,mobile,2026-01-31,1
U00966,2026-05-25 04:58:00,page_view,unknown,2026-05-25,4
U00966,2026-05-18 07:43:00,logout,web,2026-05-18,7
U00966,2026-05-13 06:17:00,logout,mobile,2026-05-13,6
U00967,2026-06-05 16:58:00,session_end,web,2026-06-05,16
U00967,2026-05-27 16:22:00,logout,web,2026-05-27,16
U00967,2026-06-02 09:41:00,login,web,2026-06-02,9
U00967,2026-05-25 11:38:00,logout,mobile,2026-05-25,11
U00967,2026-05-29 09:23:00,login,mobile,2026-05-29,9
U00968,2026-06-05 05:50:00,page_view,mobile,2026-06-05,5
U00968,2026-05-29 07:16:00,login,unknown,2026-05-29,7
U00968,2026-06-02 11:28:00,session_start,unknown,2026-06-02,11
U00968,2026-05-30 19:39:00,login,web,2026-05-30,19
U00968,2026-06-08 10:18:00,session_end,web,2026-06-08,10
U00968,2026-06-08 09:40:00,login,mobile,2026-06-08,9
U00969,2026-04-20 02:33:00,logout,mobile,2026-04-20,2
U00969,2026-04-16 09:15:00,session_start,web,2026-04-16,9
U00969,2026-04-09 02:56:00,login,mobile,2026-04-09,2
U00969,2026-04-16 18:30:00,session_start,web,2026-04-16,18
U00969,2026-04-16 20:06:00,login,web,2026-04-16,20
U00969,2026-04-12 04:43:00,session_end,web,2026-04-12,4
U00969,2026-04-16 14:38:00,login,unknown,2026-04-16,14
U00970,2026-06-14 10:51:00,login,unknown,2026-06-14,10
U00970,2026-06-03 05:32:00,login,unknown,2026-06-03,5
U00970,2026-06-02 21:39:00,login,web,2026-06-02,21
U00970,2026-06-11 16:31:00,login,mobile,2026-06-11,16
U00970,2026-06-02 03:37:00,session_end,mobile,2026-06-02,3
U00970,2026-06-06 18:57:00,login,web,2026-06-06,18
U00971,2026-02-15 06:43:00,session_start,unknown,2026-02-15,6
U00971,2026-02-20 15:07:00,logout,web,2026-02-20,15
U00971,2026-02-13 04:36:00,session_end,unknown,2026-02-13,4
U00971,2026-02-15 00:28:00,page_view,web,2026-02-15,0
U00971,2026-02-13 19:47:00,session_end,web,2026-02-13,19
U00972,2026-05-09 06:03:00,login,web,2026-05-09,6
U00972,2026-05-09 01:00:00,logout,mobile,2026-05-09,1
U00972,2026-05-04 04:49:00,page_view,unknown,2026-05-04,4
U00972,2026-05-15 16:15:00,session_end,unknown,2026-05-15,16
U00972,2026-05-12 19:02:00,login,web,2026-05-12,19
U00972,2026-05-14 11:56:00,login,mobile,2026-05-14,11
U00972,2026-05-13 10:32:00,session_start,unknown,2026-05-13,10
U00972,2026-05-16 12:03:00,login,web,2026-05-16,12
U00972,2026-05-08 00:38:00,logout,mobile,2026-05-08,0
U00972,2026-05-08 13:43:00,page_view,unknown,2026-05-08,13
U00972,2026-05-14 11:19:00,page_view,web,2026-05-14,11
U00972,2026-05-12 22:46:00,login,mobile,2026-05-12,22
U00972,2026-05-16 13:34:00,session_end,web,2026-05-16,13
U00972,2026-05-04 02:56:00,login,mobile,2026-05-04,2
U00972,2026-05-11 05:04:00,login,web,2026-05-11,5
U00972,2026-05-05 07:15:00,login,unknown,2026-05-05,7
U00972,2026-05-04 03:34:00,login,mobile,2026-05-04,3
U00972,2026-05-06 00:06:00,login,mobile,2026-05-06,0
U00973,2026-04-22 07:11:00,login,mobile,2026-04-22,7
U00973,2026-04-27 23:04:00,logout,unknown,2026-04-27,23
U00973,2026-04-25 03:46:00,logout,unknown,2026-04-25,3
U00973,2026-04-20 13:53:00,login,mobile,2026-04-20,13
U00973,2026-04-25 18:43:00,page_view,web,2026-04-25,18
U00974,2026-02-16 22:30:00,login,unknown,2026-02-16,22
U00974,2026-02-15 00:29:00,page_view,web,2026-02-15,0
U00974,2026-02-16 15:27:00,session_start,mobile,2026-02-16,15
U00974,2026-02-06 01:01:00,login,mobile,2026-02-06,1
U00974,2026-02-07 08:44:00,page_view,web,2026-02-07,8
U00974,2026-02-18 01:30:00,login,unknown,2026-02-18,1
U00975,2026-04-28 13:15:00,login,web,2026-04-28,13
U00975,2026-05-10 00:50:00,page_view,web,2026-05-10,0
U00975,2026-04-28 05:13:00,session_start,web,2026-04-28,5
U00975,2026-05-05 11:05:00,logout,web,2026-05-05,11
U00975,2026-05-11 18:48:00,login,web,2026-05-11,18
U00975,2026-05-09 20:19:00,login,web,2026-05-09,20
U00975,2026-05-11 11:26:00,session_end,unknown,2026-05-11,11
U00975,2026-04-29 19:25:00,login,web,2026-04-29,19
U00975,2026-05-03 03:38:00,login,unknown,2026-05-03,3
U00975,2026-05-03 15:05:00,login,unknown,2026-05-03,15
U00975,2026-05-04 23:43:00,logout,web,2026-05-04,23
U00976,2026-04-11 21:32:00,session_end,unknown,2026-04-11,21
U00976,2026-04-12 04:54:00,session_start,mobile,2026-04-12,4
U00976,2026-04-09 11:25:00,login,mobile,2026-04-09,11
U00976,2026-04-11 12:48:00,logout,unknown,2026-04-11,12
U00976,2026-04-14 14:34:00,login,web,2026-04-14,14
U00976,2026-04-05 11:31:00,login,unknown,2026-04-05,11
U00976,2026-04-01 06:34:00,logout,unknown,2026-04-01,6
U00977,2026-05-04 09:52:00,login,mobile,2026-05-04,9
U00977,2026-05-04 04:13:00,page_view,web,2026-05-04,4
U00977,2026-05-03 12:04:00,login,web,2026-05-03,12
U00977,2026-05-05 12:56:00,session_start,mobile,2026-05-05,12
U00977,2026-04-30 13:13:00,page_view,mobile,2026-04-30,13
U00977,2026-04-23 09:43:00,login,web,2026-04-23,9
U00978,2026-04-04 14:26:00,logout,web,2026-04-04,14
U00978,2026-04-02 09:11:00,page_view,web,2026-04-02,9
U00978,2026-03-28 05:18:00,session_end,mobile,2026-03-28,5
U00978,2026-03-24 19:25:00,session_end,unknown,2026-03-24,19
U00978,2026-03-26 13:16:00,session_start,web,2026-03-26,13
U00978,2026-04-05 08:24:00,login,unknown,2026-04-05,8
U00979,2026-02-07 18:24:00,session_end,unknown,2026-02-07,18
U00980,2026-06-29 00:13:00,session_start,mobile,2026-06-29,0
U00980,2026-06-15 00:17:00,session_end,mobile,2026-06-15,0
U00980,2026-06-22 21:38:00,page_view,mobile,2026-06-22,21
U00980,2026-06-21 23:14:00,page_view,web,2026-06-21,23
U00980,2026-06-27 11:36:00,login,mobile,2026-06-27,11
U00980,2026-06-27 22:38:00,login,mobile,2026-06-27,22
U00980,2026-06-22 01:24:00,login,mobile,2026-06-22,1
U00980,2026-06-19 02:02:00,login,web,2026-06-19,2
U00981,2026-02-18 23:59:00,page_view,mobile,2026-02-18,23
U00981,2026-02-21 03:05:00,session_end,unknown,2026-02-21,3
U00981,2026-02-14 04:32:00,login,web,2026-02-14,4
U00981,2026-02-19 03:33:00,login,web,2026-02-19,3
U00981,2026-02-13 17:07:00,session_start,unknown,2026-02-13,17
U00981,2026-02-22 01:54:00,logout,unknown,2026-02-22,1
U00981,2026-02-17 21:28:00,session_end,web,2026-02-17,21
U00982,2026-02-27 18:30:00,login,unknown,2026-02-27,18
U00982,2026-02-23 19:03:00,login,mobile,2026-02-23,19
U00982,2026-02-28 04:06:00,session_start,web,2026-02-28,4
U00982,2026-02-15 08:34:00,logout,unknown,2026-02-15,8
U00982,2026-02-26 10:26:00,login,web,2026-02-26,10
U00982,2026-02-22 19:34:00,page_view,web,2026-02-22,19
U00982,2026-02-28 00:27:00,login,unknown,2026-02-28,0
U00982,2026-02-17 20:51:00,page_view,web,2026-02-17,20
U00982,2026-02-20 07:06:00,session_start,mobile,2026-02-20,7
U00982,2026-02-27 03:10:00,session_end,unknown,2026-02-27,3
U00982,2026-02-19 11:28:00,logout,mobile,2026-02-19,11
U00982,2026-02-25 13:06:00,session_start,web,2026-02-25,13
U00982,2026-02-23 13:13:00,session_start,web,2026-02-23,13
U00982,2026-02-15 18:53:00,login,web,2026-02-15,18
U00982,2026-02-20 16:10:00,page_view,web,2026-02-20,16
U00982,2026-02-15 06:41:00,logout,web,2026-02-15,6
U00983,2026-04-02 02:27:00,session_start,web,2026-04-02,2
U00983,2026-03-29 21:44:00,login,web,2026-03-29,21
U00983,2026-04-01 07:51:00,page_view,mobile,2026-04-01,7
U00984,2026-03-07 03:51:00,logout,mobile,2026-03-07,3
U00984,2026-03-02 15:39:00,logout,web,2026-03-02,15
U00984,2026-03-05 18:02:00,logout,web,2026-03-05,18
U00984,2026-03-05 22:38:00,logout,web,2026-03-05,22
U00984,2026-03-04 15:43:00,login,web,2026-03-04,15
U00984,2026-03-12 09:23:00,session_end,web,2026-03-12,9
U00984,2026-03-09 07:21:00,page_view,unknown,2026-03-09,7
U00984,2026-03-15 07:43:00,session_end,web,2026-03-15,7
U00985,2026-02-19 15:54:00,login,mobile,2026-02-19,15
U00985,2026-02-26 20:09:00,login,web,2026-02-26,20
U00985,2026-03-01 10:06:00,session_start,web,2026-03-01,10
U00985,2026-02-18 19:44:00,page_view,mobile,2026-02-18,19
U00986,2026-04-17 17:56:00,login,web,2026-04-17,17
U00986,2026-04-25 15:55:00,session_start,mobile,2026-04-25,15
U00986,2026-04-26 03:52:00,page_view,mobile,2026-04-26,3
U00986,2026-04-23 06:25:00,logout,web,2026-04-23,6
U00986,2026-04-13 22:34:00,session_start,mobile,2026-04-13,22
U00986,2026-04-21 19:16:00,login,web,2026-04-21,19
U00987,2026-06-08 06:46:00,logout,web,2026-06-08,6
U00987,2026-06-12 07:06:00,login,unknown,2026-06-12,7
U00987,2026-06-10 01:38:00,login,web,2026-06-10,1
U00987,2026-06-21 15:38:00,session_start,web,2026-06-21,15
U00988,2026-06-13 19:02:00,page_view,unknown,2026-06-13,19
U00988,2026-06-12 21:19:00,login,unknown,2026-06-12,21
U00988,2026-06-03 20:17:00,page_view,web,2026-06-03,20
U00988,2026-06-09 23:39:00,session_end,mobile,2026-06-09,23
U00988,2026-06-12 03:29:00,session_start,mobile,2026-06-12,3
U00989,2026-03-01 20:48:00,login,unknown,2026-03-01,20
U00989,2026-03-02 16:04:00,login,mobile,2026-03-02,16
U00989,2026-02-27 19:30:00,login,unknown,2026-02-27,19
U00989,2026-03-03 00:30:00,page_view,mobile,2026-03-03,0
U00989,2026-02-25 15:42:00,login,web,2026-02-25,15
U00989,2026-02-24 22:58:00,login,web,2026-02-24,22
U00989,2026-02-26 20:10:00,page_view,mobile,2026-02-26,20
U00990,2026-01-28 08:06:00,page_view,mobile,2026-01-28,8
U00990,2026-01-29 01:26:00,page_view,mobile,2026-01-29,1
U00990,2026-01-19 23:15:00,session_start,web,2026-01-19,23
U00990,2026-01-21 00:06:00,session_end,web,2026-01-21,0
U00991,2026-05-28 09:18:00,login,mobile,2026-05-28,9
U00991,2026-05-22 17:55:00,logout,web,2026-05-22,17
U00991,2026-05-20 21:42:00,login,mobile,2026-05-20,21
U00991,2026-05-29 08:15:00,logout,web,2026-05-29,8
U00991,2026-05-18 22:38:00,login,unknown,2026-05-18,22
U00991,2026-05-24 11:44:00,login,web,2026-05-24,11
U00991,2026-05-28 23:32:00,session_start,web,2026-05-28,23
U00991,2026-05-23 13:17:00,login,web,2026-05-23,13
U00991,2026-05-19 09:31:00,login,mobile,2026-05-19,9
U00991,2026-05-27 17:39:00,page_view,web,2026-05-27,17
U00992,2026-04-08 06:29:00,login,web,2026-04-08,6
U00992,2026-03-29 20:08:00,login,web,2026-03-29,20
U00992,2026-03-26 21:40:00,session_end,web,2026-03-26,21
U00992,2026-04-02 05:24:00,logout,web,2026-04-02,5
U00993,2026-02-09 02:01:00,page_view,mobile,2026-02-09,2
U00993,2026-02-04 12:20:00,session_end,web,2026-02-04,12
U00993,2026-02-01 23:36:00,session_end,mobile,2026-02-01,23
U00993,2026-01-30 20:11:00,login,unknown,2026-01-30,20
U00993,2026-02-05 22:24:00,session_start,unknown,2026-02-05,22
U00993,2026-02-08 05:49:00,login,web,2026-02-08,5
U00993,2026-02-02 07:34:00,session_start,web,2026-02-02,7
U00993,2026-02-08 08:05:00,logout,web,2026-02-08,8
U00994,2026-05-26 17:50:00,logout,mobile,2026-05-26,17
U00994,2026-05-25 21:01:00,logout,mobile,2026-05-25,21
U00994,2026-05-28 09:08:00,login,mobile,2026-05-28,9
U00994,2026-05-20 00:24:00,session_start,mobile,2026-05-20,0
U00994,2026-05-24 23:12:00,login,unknown,2026-05-24,23
U00994,2026-05-19 06:51:00,login,mobile,2026-05-19,6
U00994,2026-05-19 08:13:00,session_start,web,2026-05-19,8
U00994,2026-05-17 23:33:00,session_start,unknown,2026-05-17,23
U00994,2026-05-30 19:16:00,page_view,web,2026-05-30,19
U00994,2026-05-24 13:49:00,logout,web,2026-05-24,13
U00994,2026-05-28 09:11:00,login,mobile,2026-05-28,9
U00995,2026-06-13 17:11:00,session_start,mobile,2026-06-13,17
U00995,2026-06-10 10:21:00,login,unknown,2026-06-10,10
U00995,2026-06-06 06:21:00,logout,web,2026-06-06,6
U00995,2026-06-11 11:10:00,logout,web,2026-06-11,11
U00995,2026-06-11 08:56:00,session_start,web,2026-06-11,8
U00995,2026-06-05 18:27:00,logout,unknown,2026-06-05,18
U00995,2026-06-06 10:13:00,login,web,2026-06-06,10
U00995,2026-06-15 15:25:00,login,web,2026-06-15,15
U00995,2026-06-06 14:07:00,logout,mobile,2026-06-06,14
U00995,2026-06-02 01:48:00,session_end,web,2026-06-02,1
U00995,2026-06-06 04:35:00,session_end,unknown,2026-06-06,4
U00996,2026-06-03 08:18:00,page_view,unknown,2026-06-03,8
U00996,2026-06-10 12:33:00,session_start,unknown,2026-06-10,12
U00996,2026-06-07 18:34:00,session_end,web,2026-06-07,18
U00996,2026-06-07 00:26:00,page_view,web,2026-06-07,0
U00997,2026-04-08 22:54:00,logout,web,2026-04-08,22
U00997,2026-04-14 13:37:00,login,web,2026-04-14,13
U00997,2026-04-14 08:39:00,session_start,web,2026-04-14,8
U00997,2026-04-02 00:48:00,login,web,2026-04-02,0
U00997,2026-04-13 22:59:00,session_start,web,2026-04-13,22
U00997,2026-04-06 12:30:00,logout,web,2026-04-06,12
U00997,2026-04-07 13:46:00,login,web,2026-04-07,13
U00997,2026-04-11 10:04:00,session_end,unknown,2026-04-11,10
U00998,2026-02-14 21:06:00,session_start,unknown,2026-02-14,21
U00998,2026-02-24 09:16:00,session_end,mobile,2026-02-24,9
U00998,2026-02-17 09:44:00,login,web,2026-02-17,9
U00998,2026-02-23 20:27:00,session_end,web,2026-02-23,20
U00998,2026-02-14 08:20:00,logout,web,2026-02-14,8
U00998,2026-02-24 10:50:00,session_start,unknown,2026-02-24,10
U00998,2026-02-27 22:36:00,logout,mobile,2026-02-27,22
U00998,2026-02-21 10:19:00,login,mobile,2026-02-21,10
U00998,2026-02-27 22:47:00,login,mobile,2026-02-27,22
U00998,2026-02-26 17:27:00,login,unknown,2026-02-26,17
U00999,2026-06-20 22:34:00,session_end,mobile,2026-06-20,22
U00999,2026-06-21 10:51:00,session_start,web,2026-06-21,10
U00999,2026-06-11 01:54:00,login,web,2026-06-11,1
U00999,2026-06-07 21:54:00,login,web,2026-06-07,21
U00999,2026-06-20 22:31:00,session_start,mobile,2026-06-20,22
U01000,2026-02-16 12:55:00,logout,web,2026-02-16,12
U01000,2026-02-12 02:40:00,session_start,mobile,2026-02-12,2
U01000,2026-02-12 20:18:00,session_end,mobile,2026-02-12,20
U01001,2026-04-01 23:26:00,logout,web,2026-04-01,23
U01001,2026-03-30 12:12:00,login,web,2026-03-30,12
U01001,2026-03-23 00:46:00,logout,web,2026-03-23,0
U01001,2026-03-20 02:54:00,logout,mobile,2026-03-20,2
U01001,2026-03-27 17:36:00,session_start,web,2026-03-27,17
U01001,2026-03-21 19:41:00,login,web,2026-03-21,19
U01001,2026-04-01 09:41:00,session_end,web,2026-04-01,9
U01001,2026-03-22 22:31:00,session_start,web,2026-03-22,22
U01002,2026-02-14 12:48:00,session_start,web,2026-02-14,12
U01002,2026-02-20 06:24:00,login,unknown,2026-02-20,6
U01002,2026-02-08 01:12:00,page_view,unknown,2026-02-08,1
U01002,2026-02-09 08:19:00,page_view,web,2026-02-09,8
U01002,2026-02-09 20:38:00,login,unknown,2026-02-09,20
U01002,2026-02-14 19:24:00,page_view,mobile,2026-02-14,19
U01003,2026-06-05 03:34:00,login,mobile,2026-06-05,3
U01003,2026-06-05 07:23:00,session_start,unknown,2026-06-05,7
U01003,2026-06-03 15:45:00,logout,web,2026-06-03,15
U01003,2026-06-09 07:53:00,login,unknown,2026-06-09,7
U01004,2026-04-13 08:55:00,login,unknown,2026-04-13,8
U01004,2026-04-16 13:11:00,page_view,unknown,2026-04-16,13
U01004,2026-04-23 04:24:00,login,unknown,2026-04-23,4
U01005,2026-05-12 17:20:00,page_view,web,2026-05-12,17
U01005,2026-05-13 19:57:00,session_end,unknown,2026-05-13,19
U01005,2026-05-18 15:16:00,logout,unknown,2026-05-18,15
U01005,2026-05-17 11:39:00,login,web,2026-05-17,11
U01005,2026-05-15 07:18:00,logout,web,2026-05-15,7
U01006,2026-06-17 18:22:00,logout,mobile,2026-06-17,18
U01006,2026-06-22 23:29:00,logout,web,2026-06-22,23
U01007,2026-02-26 00:48:00,logout,mobile,2026-02-26,0
U01007,2026-02-19 12:29:00,session_start,unknown,2026-02-19,12
U01007,2026-02-16 00:16:00,logout,mobile,2026-02-16,0
U01007,2026-02-12 15:26:00,session_start,web,2026-02-12,15
U01007,2026-02-13 09:38:00,session_start,web,2026-02-13,9
U01007,2026-02-15 09:05:00,login,web,2026-02-15,9
U01007,2026-02-24 15:49:00,login,mobile,2026-02-24,15
U01007,2026-02-12 19:37:00,login,web,2026-02-12,19
U01007,2026-02-22 22:02:00,session_end,web,2026-02-22,22
U01007,2026-02-23 01:50:00,session_start,web,2026-02-23,1
U01007,2026-02-18 11:46:00,session_end,mobile,2026-02-18,11
U01008,2026-02-20 23:18:00,page_view,web,2026-02-20,23
U01008,2026-02-22 07:33:00,logout,web,2026-02-22,7
U01008,2026-02-27 21:27:00,login,mobile,2026-02-27,21
U01008,2026-02-22 05:58:00,login,mobile,2026-02-22,5
U01008,2026-02-23 13:02:00,page_view,web,2026-02-23,13
U01008,2026-03-02 01:16:00,session_start,web,2026-03-02,1
U01008,2026-03-02 18:47:00,login,web,2026-03-02,18
U01008,2026-02-17 23:15:00,logout,web,2026-02-17,23
U01008,2026-02-26 21:23:00,logout,unknown,2026-02-26,21
U01009,2026-01-15 02:38:00,page_view,unknown,2026-01-15,2
U01009,2026-01-27 10:05:00,login,web,2026-01-27,10
U01009,2026-01-24 10:32:00,login,unknown,2026-01-24,10
U01009,2026-01-26 08:25:00,session_start,web,2026-01-26,8
U01009,2026-01-18 23:19:00,session_start,unknown,2026-01-18,23
U01009,2026-01-20 02:32:00,page_view,unknown,2026-01-20,2
U01010,2026-05-13 15:42:00,login,web,2026-05-13,15
U01010,2026-05-16 14:46:00,session_end,unknown,2026-05-16,14
U01010,2026-05-11 21:41:00,logout,unknown,2026-05-11,21
U01010,2026-05-13 04:45:00,session_end,web,2026-05-13,4
U01010,2026-05-16 11:45:00,login,web,2026-05-16,11
U01010,2026-05-11 10:38:00,session_end,web,2026-05-11,10
U01010,2026-05-05 16:41:00,session_end,web,2026-05-05,16
U01011,2026-04-13 22:10:00,page_view,mobile,2026-04-13,22
U01011,2026-04-20 07:00:00,page_view,mobile,2026-04-20,7
U01011,2026-04-18 22:11:00,session_start,unknown,2026-04-18,22
U01011,2026-04-23 09:54:00,login,web,2026-04-23,9
U01011,2026-04-13 15:43:00,login,unknown,2026-04-13,15
U01011,2026-04-11 04:04:00,login,web,2026-04-11,4
U01011,2026-04-14 02:13:00,login,unknown,2026-04-14,2
U01012,2026-04-21 01:19:00,session_start,web,2026-04-21,1
U01012,2026-04-22 07:13:00,session_end,web,2026-04-22,7
U01012,2026-04-19 14:46:00,page_view,web,2026-04-19,14
U01012,2026-04-17 08:29:00,login,web,2026-04-17,8
U01012,2026-04-28 04:00:00,login,web,2026-04-28,4
U01012,2026-04-24 08:18:00,login,web,2026-04-24,8
U01012,2026-04-29 23:55:00,page_view,mobile,2026-04-29,23
U01012,2026-04-29 23:14:00,logout,unknown,2026-04-29,23
U01012,2026-04-25 07:53:00,login,web,2026-04-25,7
U01012,2026-04-23 23:43:00,page_view,unknown,2026-04-23,23
U01012,2026-04-21 09:59:00,logout,unknown,2026-04-21,9
U01012,2026-04-22 09:06:00,login,web,2026-04-22,9
U01012,2026-04-18 11:04:00,session_end,mobile,2026-04-18,11
U01012,2026-04-15 04:22:00,session_end,web,2026-04-15,4
U01013,2026-04-27 08:57:00,session_start,web,2026-04-27,8
U01013,2026-05-02 02:22:00,login,web,2026-05-02,2
U01013,2026-05-04 05:44:00,login,unknown,2026-05-04,5
U01013,2026-05-02 19:20:00,login,web,2026-05-02,19
U01014,2026-06-06 18:33:00,login,web,2026-06-06,18
U01014,2026-06-08 05:35:00,session_start,web,2026-06-08,5
U01014,2026-05-30 16:53:00,logout,web,2026-05-30,16
U01015,2026-03-22 14:22:00,logout,mobile,2026-03-22,14
U01016,2026-03-02 17:13:00,logout,web,2026-03-02,17
U01016,2026-03-08 07:19:00,session_end,web,2026-03-08,7
U01016,2026-03-07 22:48:00,login,web,2026-03-07,22
U01016,2026-03-02 17:04:00,logout,web,2026-03-02,17
U01017,2026-05-11 12:12:00,login,mobile,2026-05-11,12
U01017,2026-05-09 19:52:00,login,web,2026-05-09,19
U01017,2026-05-12 05:06:00,page_view,web,2026-05-12,5
U01017,2026-05-07 14:47:00,logout,mobile,2026-05-07,14
U01017,2026-05-10 01:53:00,session_end,web,2026-05-10,1
U01017,2026-04-30 02:32:00,login,mobile,2026-04-30,2
U01017,2026-05-05 06:18:00,login,web,2026-05-05,6
U01017,2026-05-02 23:25:00,login,mobile,2026-05-02,23
U01018,2026-05-10 02:21:00,page_view,web,2026-05-10,2
U01018,2026-05-12 06:54:00,login,web,2026-05-12,6
U01018,2026-05-12 07:02:00,login,web,2026-05-12,7
U01018,2026-05-19 09:18:00,login,unknown,2026-05-19,9
U01018,2026-05-14 17:05:00,page_view,web,2026-05-14,17
U01018,2026-05-21 01:39:00,page_view,unknown,2026-05-21,1
U01019,2026-02-03 19:35:00,login,web,2026-02-03,19
U01019,2026-02-03 14:26:00,page_view,unknown,2026-02-03,14
U01019,2026-02-01 23:51:00,login,web,2026-02-01,23
U01019,2026-02-12 09:07:00,logout,mobile,2026-02-12,9
U01019,2026-02-07 18:06:00,login,unknown,2026-02-07,18
U01019,2026-02-07 19:17:00,login,mobile,2026-02-07,19
U01020,2026-03-10 13:19:00,page_view,web,2026-03-10,13
U01020,2026-03-24 19:58:00,page_view,web,2026-03-24,19
U01020,2026-03-10 13:06:00,page_view,unknown,2026-03-10,13
U01020,2026-03-20 12:44:00,session_end,web,2026-03-20,12
U01020,2026-03-10 01:57:00,logout,mobile,2026-03-10,1
U01021,2026-01-13 21:16:00,login,web,2026-01-13,21
U01021,2026-01-17 17:09:00,session_start,mobile,2026-01-17,17
U01021,2026-01-13 21:05:00,page_view,unknown,2026-01-13,21
U01021,2026-01-16 20:25:00,login,unknown,2026-01-16,20
U01021,2026-01-24 19:36:00,logout,unknown,2026-01-24,19
U01021,2026-01-13 00:33:00,login,web,2026-01-13,0
U01022,2026-05-27 18:51:00,page_view,web,2026-05-27,18
U01022,2026-05-31 00:00:00,login,mobile,2026-05-31,0
U01022,2026-05-22 21:51:00,page_view,web,2026-05-22,21
U01022,2026-05-27 04:48:00,login,unknown,2026-05-27,4
U01022,2026-05-20 22:12:00,login,mobile,2026-05-20,22
U01023,2026-01-27 01:41:00,page_view,unknown,2026-01-27,1
U01023,2026-02-10 08:35:00,login,unknown,2026-02-10,8
U01023,2026-02-07 04:16:00,logout,mobile,2026-02-07,4
U01024,2026-03-26 14:07:00,login,web,2026-03-26,14
U01024,2026-03-19 09:21:00,login,web,2026-03-19,9
U01024,2026-03-23 21:32:00,logout,web,2026-03-23,21
U01024,2026-03-29 04:58:00,page_view,unknown,2026-03-29,4
U01024,2026-03-18 12:02:00,login,web,2026-03-18,12
U01025,2026-04-02 05:16:00,login,unknown,2026-04-02,5
U01025,2026-04-12 11:54:00,login,unknown,2026-04-12,11
U01026,2026-03-06 14:51:00,session_start,web,2026-03-06,14
U01026,2026-03-02 22:37:00,login,web,2026-03-02,22
U01026,2026-03-15 02:40:00,session_end,web,2026-03-15,2
U01027,2026-06-06 12:44:00,login,mobile,2026-06-06,12
U01027,2026-05-31 03:57:00,session_start,web,2026-05-31,3
U01028,2026-06-21 11:27:00,logout,mobile,2026-06-21,11
U01028,2026-06-14 16:35:00,session_start,unknown,2026-06-14,16
U01028,2026-06-22 12:22:00,session_start,mobile,2026-06-22,12
U01028,2026-06-12 06:24:00,page_view,web,2026-06-12,6
U01029,2026-06-13 20:08:00,login,web,2026-06-13,20
U01029,2026-06-21 02:06:00,logout,mobile,2026-06-21,2
U01029,2026-06-15 12:00:00,login,unknown,2026-06-15,12
U01029,2026-06-20 18:17:00,page_view,unknown,2026-06-20,18
U01030,2026-03-08 02:48:00,session_end,web,2026-03-08,2
U01030,2026-02-25 16:01:00,login,web,2026-02-25,16
U01030,2026-02-23 23:46:00,login,web,2026-02-23,23
U01030,2026-03-05 07:35:00,login,web,2026-03-05,7
U01030,2026-02-26 02:37:00,page_view,web,2026-02-26,2
U01030,2026-02-26 14:51:00,session_end,web,2026-02-26,14
U01030,2026-02-27 07:19:00,session_start,mobile,2026-02-27,7
U01031,2026-04-08 07:37:00,login,web,2026-04-08,7
U01031,2026-04-11 13:30:00,login,web,2026-04-11,13
U01031,2026-04-13 18:21:00,page_view,mobile,2026-04-13,18
U01031,2026-04-02 21:46:00,session_start,unknown,2026-04-02,21
U01031,2026-03-31 17:16:00,logout,unknown,2026-03-31,17
U01032,2026-05-31 20:33:00,page_view,unknown,2026-05-31,20
U01032,2026-05-31 10:24:00,page_view,mobile,2026-05-31,10
U01032,2026-05-27 05:23:00,logout,mobile,2026-05-27,5
U01032,2026-05-31 05:33:00,login,web,2026-05-31,5
U01032,2026-05-30 03:33:00,login,mobile,2026-05-30,3
U01032,2026-05-21 11:13:00,login,unknown,2026-05-21,11
U01033,2026-03-30 16:32:00,login,unknown,2026-03-30,16
U01033,2026-03-24 23:19:00,page_view,unknown,2026-03-24,23
U01033,2026-03-23 13:40:00,session_start,web,2026-03-23,13
U01033,2026-03-25 12:17:00,login,mobile,2026-03-25,12
U01034,2026-03-17 08:46:00,login,web,2026-03-17,8
U01034,2026-03-23 18:30:00,login,mobile,2026-03-23,18
U01034,2026-03-11 07:22:00,page_view,mobile,2026-03-11,7
U01034,2026-03-11 15:20:00,login,web,2026-03-11,15
U01034,2026-03-19 20:10:00,session_end,unknown,2026-03-19,20
U01034,2026-03-14 17:45:00,session_start,web,2026-03-14,17
U01034,2026-03-11 21:04:00,page_view,web,2026-03-11,21
U01034,2026-03-18 12:43:00,login,unknown,2026-03-18,12
U01034,2026-03-17 10:48:00,login,web,2026-03-17,10
U01035,2026-02-06 19:39:00,session_start,unknown,2026-02-06,19
U01035,2026-01-29 10:14:00,login,unknown,2026-01-29,10
U01035,2026-01-30 10:04:00,logout,web,2026-01-30,10
U01035,2026-02-06 20:27:00,login,web,2026-02-06,20
U01036,2026-01-25 12:28:00,session_end,unknown,2026-01-25,12
U01036,2026-01-19 23:00:00,logout,web,2026-01-19,23
U01036,2026-01-25 06:22:00,page_view,mobile,2026-01-25,6
U01036,2026-01-16 03:25:00,logout,mobile,2026-01-16,3
U01036,2026-01-29 01:05:00,logout,web,2026-01-29,1
U01036,2026-01-25 15:41:00,page_view,mobile,2026-01-25,15
U01036,2026-01-18 08:09:00,login,web,2026-01-18,8
U01037,2026-02-15 17:50:00,page_view,mobile,2026-02-15,17
U01037,2026-02-07 21:38:00,login,unknown,2026-02-07,21
U01037,2026-02-09 13:35:00,login,web,2026-02-09,13
U01037,2026-02-09 20:44:00,login,web,2026-02-09,20
U01037,2026-02-15 20:55:00,session_end,web,2026-02-15,20
U01037,2026-02-07 00:50:00,login,mobile,2026-02-07,0
U01038,2026-04-07 09:35:00,login,web,2026-04-07,9
U01038,2026-04-06 10:55:00,login,unknown,2026-04-06,10
U01038,2026-04-04 07:23:00,logout,unknown,2026-04-04,7
U01038,2026-03-30 23:31:00,login,web,2026-03-30,23
U01038,2026-03-29 08:17:00,session_start,web,2026-03-29,8
U01039,2026-04-16 07:37:00,login,unknown,2026-04-16,7
U01039,2026-04-11 19:56:00,session_start,unknown,2026-04-11,19
U01039,2026-04-24 08:59:00,page_view,unknown,2026-04-24,8
U01039,2026-04-21 22:08:00,session_start,mobile,2026-04-21,22
U01039,2026-04-11 20:21:00,page_view,mobile,2026-04-11,20
U01039,2026-04-17 22:54:00,logout,web,2026-04-17,22
U01039,2026-04-20 18:04:00,login,mobile,2026-04-20,18
U01039,2026-04-22 16:52:00,login,unknown,2026-04-22,16
U01039,2026-04-18 23:40:00,page_view,mobile,2026-04-18,23
U01039,2026-04-23 16:23:00,page_view,web,2026-04-23,16
U01040,2026-06-13 02:56:00,login,web,2026-06-13,2
U01041,2026-04-28 20:53:00,page_view,mobile,2026-04-28,20
U01041,2026-04-25 07:55:00,login,unknown,2026-04-25,7
U01041,2026-04-24 10:55:00,login,mobile,2026-04-24,10
U01041,2026-04-18 05:24:00,login,unknown,2026-04-18,5
U01042,2026-01-24 06:38:00,login,unknown,2026-01-24,6
U01042,2026-01-27 20:32:00,login,web,2026-01-27,20
U01042,2026-01-31 12:00:00,session_start,web,2026-01-31,12
U01042,2026-02-02 15:53:00,login,web,2026-02-02,15
U01043,2026-04-24 18:44:00,session_end,web,2026-04-24,18
U01043,2026-04-23 16:04:00,session_start,unknown,2026-04-23,16
U01043,2026-04-19 11:04:00,login,web,2026-04-19,11
U01043,2026-04-18 03:50:00,login,mobile,2026-04-18,3
U01043,2026-04-19 06:43:00,login,unknown,2026-04-19,6
U01043,2026-04-28 08:39:00,session_end,mobile,2026-04-28,8
U01043,2026-04-22 21:48:00,login,web,2026-04-22,21
U01043,2026-04-24 18:30:00,login,unknown,2026-04-24,18
U01043,2026-04-21 13:22:00,session_start,web,2026-04-21,13
U01044,2026-03-22 01:30:00,login,web,2026-03-22,1
U01044,2026-03-18 09:46:00,session_end,web,2026-03-18,9
U01044,2026-03-23 22:13:00,page_view,web,2026-03-23,22
U01044,2026-03-16 13:34:00,session_start,unknown,2026-03-16,13
U01045,2026-04-28 10:55:00,session_start,mobile,2026-04-28,10
U01045,2026-04-29 23:00:00,logout,web,2026-04-29,23
U01046,2026-06-10 19:54:00,login,unknown,2026-06-10,19
U01046,2026-06-04 22:15:00,login,web,2026-06-04,22
U01046,2026-06-03 06:23:00,session_end,unknown,2026-06-03,6
U01047,2026-01-31 03:03:00,page_view,web,2026-01-31,3
U01047,2026-01-25 03:21:00,page_view,web,2026-01-25,3
U01048,2026-06-19 14:54:00,login,web,2026-06-19,14
U01048,2026-06-21 08:15:00,page_view,web,2026-06-21,8
U01048,2026-06-25 21:16:00,page_view,unknown,2026-06-25,21
U01048,2026-06-14 05:22:00,login,unknown,2026-06-14,5
U01048,2026-06-20 10:25:00,login,web,2026-06-20,10
U01048,2026-06-15 10:17:00,page_view,unknown,2026-06-15,10
U01048,2026-06-16 03:25:00,session_end,web,2026-06-16,3
U01048,2026-06-26 20:23:00,session_start,mobile,2026-06-26,20
U01048,2026-06-21 21:20:00,login,mobile,2026-06-21,21
U01048,2026-06-25 04:34:00,login,web,2026-06-25,4
U01048,2026-06-17 17:01:00,logout,web,2026-06-17,17
U01048,2026-06-19 23:38:00,login,unknown,2026-06-19,23
U01048,2026-06-17 16:06:00,page_view,unknown,2026-06-17,16
U01048,2026-06-18 01:09:00,logout,web,2026-06-18,1
U01049,2026-01-27 20:07:00,logout,mobile,2026-01-27,20
U01049,2026-01-23 05:15:00,login,web,2026-01-23,5
U01049,2026-01-24 00:19:00,login,unknown,2026-01-24,0
U01049,2026-01-18 08:25:00,logout,unknown,2026-01-18,8
U01049,2026-01-27 22:06:00,login,unknown,2026-01-27,22
U01050,2026-03-07 18:31:00,page_view,mobile,2026-03-07,18
U01051,2026-05-11 03:35:00,login,web,2026-05-11,3
U01051,2026-05-16 10:02:00,session_end,mobile,2026-05-16,10
U01051,2026-05-14 09:23:00,page_view,unknown,2026-05-14,9
U01051,2026-05-07 03:29:00,login,mobile,2026-05-07,3
U01051,2026-05-16 12:06:00,login,web,2026-05-16,12
U01051,2026-05-14 11:39:00,page_view,web,2026-05-14,11
U01051,2026-05-17 01:48:00,login,unknown,2026-05-17,1
U01051,2026-05-18 01:24:00,session_start,web,2026-05-18,1
U01051,2026-05-16 01:31:00,session_end,unknown,2026-05-16,1
U01051,2026-05-18 19:11:00,session_end,web,2026-05-18,19
U01051,2026-05-12 21:06:00,session_start,mobile,2026-05-12,21
U01052,2026-03-29 23:51:00,login,mobile,2026-03-29,23
U01052,2026-04-07 17:49:00,logout,unknown,2026-04-07,17
U01052,2026-04-04 12:43:00,login,web,2026-04-04,12
U01052,2026-03-31 13:31:00,login,web,2026-03-31,13
U01053,2026-02-17 21:50:00,login,unknown,2026-02-17,21
U01053,2026-02-03 15:03:00,session_start,mobile,2026-02-03,15
U01053,2026-02-05 17:34:00,login,web,2026-02-05,17
U01053,2026-02-15 02:13:00,login,web,2026-02-15,2
U01053,2026-02-16 03:48:00,login,web,2026-02-16,3
U01053,2026-02-04 08:12:00,login,unknown,2026-02-04,8
U01053,2026-02-17 09:10:00,session_start,web,2026-02-17,9
U01053,2026-02-12 07:27:00,session_start,mobile,2026-02-12,7
U01053,2026-02-08 15:45:00,logout,unknown,2026-02-08,15
U01053,2026-02-10 02:44:00,login,web,2026-02-10,2
U01053,2026-02-06 22:49:00,logout,web,2026-02-06,22
U01054,2026-01-23 01:58:00,session_start,mobile,2026-01-23,1
U01054,2026-01-25 11:49:00,page_view,unknown,2026-01-25,11
U01054,2026-01-26 11:35:00,logout,mobile,2026-01-26,11
U01054,2026-01-19 00:32:00,login,web,2026-01-19,0
U01054,2026-01-15 21:26:00,login,unknown,2026-01-15,21
U01054,2026-01-25 18:16:00,page_view,web,2026-01-25,18
U01054,2026-01-15 16:55:00,logout,unknown,2026-01-15,16
U01055,2026-01-11 18:06:00,login,mobile,2026-01-11,18
U01055,2026-01-15 04:12:00,logout,mobile,2026-01-15,4
U01055,2026-01-06 08:40:00,page_view,mobile,2026-01-06,8
U01055,2026-01-10 05:51:00,session_start,web,2026-01-10,5
U01056,2026-05-07 03:37:00,session_start,mobile,2026-05-07,3
U01056,2026-05-06 10:51:00,session_end,web,2026-05-06,10
U01057,2026-04-26 10:28:00,login,web,2026-04-26,10
U01057,2026-04-26 11:44:00,login,mobile,2026-04-26,11
U01057,2026-04-25 21:52:00,login,web,2026-04-25,21
U01058,2026-06-20 02:07:00,session_end,web,2026-06-20,2
U01058,2026-06-28 22:34:00,page_view,web,2026-06-28,22
U01058,2026-06-17 06:24:00,session_start,mobile,2026-06-17,6
U01058,2026-06-24 00:43:00,login,mobile,2026-06-24,0
U01059,2026-03-12 06:35:00,logout,web,2026-03-12,6
U01059,2026-03-23 18:13:00,session_start,unknown,2026-03-23,18
U01059,2026-03-20 09:49:00,login,web,2026-03-20,9
U01059,2026-03-25 15:05:00,login,unknown,2026-03-25,15
U01059,2026-03-22 04:10:00,login,web,2026-03-22,4
U01059,2026-03-16 21:33:00,login,mobile,2026-03-16,21
U01060,2026-04-06 10:17:00,login,web,2026-04-06,10
U01060,2026-04-04 05:28:00,login,mobile,2026-04-04,5
U01060,2026-04-17 12:00:00,login,web,2026-04-17,12
U01060,2026-04-11 15:56:00,logout,unknown,2026-04-11,15
U01061,2026-04-20 09:29:00,session_start,web,2026-04-20,9
U01061,2026-04-17 18:00:00,session_start,unknown,2026-04-17,18
U01061,2026-04-12 03:34:00,login,unknown,2026-04-12,3
U01061,2026-04-12 04:47:00,session_end,web,2026-04-12,4
U01061,2026-04-06 15:26:00,page_view,unknown,2026-04-06,15
U01061,2026-04-17 02:40:00,session_start,mobile,2026-04-17,2
U01062,2026-02-13 15:09:00,login,web,2026-02-13,15
U01062,2026-02-20 16:54:00,session_end,unknown,2026-02-20,16
U01062,2026-02-20 01:42:00,login,web,2026-02-20,1
U01062,2026-02-20 12:52:00,session_end,mobile,2026-02-20,12
U01062,2026-02-12 07:56:00,logout,mobile,2026-02-12,7
U01062,2026-02-18 09:41:00,login,unknown,2026-02-18,9
U01062,2026-02-16 19:27:00,session_start,web,2026-02-16,19
U01063,2026-03-02 18:39:00,login,unknown,2026-03-02,18
U01063,2026-03-01 10:45:00,page_view,mobile,2026-03-01,10
U01063,2026-03-10 21:01:00,session_start,web,2026-03-10,21
U01063,2026-03-13 18:02:00,session_end,unknown,2026-03-13,18
U01063,2026-03-11 00:14:00,login,mobile,2026-03-11,0
U01063,2026-03-06 21:07:00,page_view,unknown,2026-03-06,21
U01063,2026-03-11 01:07:00,session_end,web,2026-03-11,1
U01063,2026-03-12 11:35:00,session_end,web,2026-03-12,11
U01063,2026-03-04 12:34:00,login,unknown,2026-03-04,12
U01064,2026-02-01 00:29:00,login,mobile,2026-02-01,0
U01064,2026-01-26 10:59:00,login,web,2026-01-26,10
U01064,2026-02-03 07:40:00,session_start,mobile,2026-02-03,7
U01064,2026-02-06 10:10:00,session_start,web,2026-02-06,10
U01064,2026-01-27 05:07:00,session_start,web,2026-01-27,5
U01065,2026-05-11 22:32:00,session_start,web,2026-05-11,22
U01065,2026-05-15 08:32:00,login,mobile,2026-05-15,8
U01065,2026-05-16 19:14:00,login,web,2026-05-16,19
U01065,2026-05-11 07:48:00,session_end,web,2026-05-11,7
U01065,2026-05-06 21:53:00,session_end,web,2026-05-06,21
U01065,2026-05-03 13:23:00,session_start,mobile,2026-05-03,13
U01065,2026-05-17 10:54:00,login,unknown,2026-05-17,10
U01065,2026-05-07 10:58:00,login,unknown,2026-05-07,10
U01065,2026-05-12 06:49:00,page_view,web,2026-05-12,6
U01066,2026-06-02 00:56:00,login,web,2026-06-02,0
U01066,2026-06-05 01:58:00,logout,web,2026-06-05,1
U01066,2026-06-03 17:15:00,login,web,2026-06-03,17
U01066,2026-06-10 10:23:00,session_end,unknown,2026-06-10,10
U01067,2026-05-03 18:00:00,login,web,2026-05-03,18
U01067,2026-05-06 19:29:00,login,unknown,2026-05-06,19
U01067,2026-05-08 15:05:00,logout,unknown,2026-05-08,15
U01067,2026-05-05 00:12:00,login,web,2026-05-05,0
U01067,2026-04-30 16:28:00,login,web,2026-04-30,16
U01067,2026-04-25 04:16:00,page_view,unknown,2026-04-25,4
U01067,2026-04-24 10:05:00,session_start,web,2026-04-24,10
U01068,2026-04-06 07:48:00,page_view,web,2026-04-06,7
U01068,2026-04-01 07:28:00,session_start,web,2026-04-01,7
U01068,2026-03-30 17:29:00,logout,unknown,2026-03-30,17
U01069,2026-02-10 14:55:00,page_view,unknown,2026-02-10,14
U01069,2026-02-16 01:00:00,session_start,web,2026-02-16,1
U01069,2026-02-06 09:20:00,page_view,unknown,2026-02-06,9
U01069,2026-02-13 20:42:00,logout,mobile,2026-02-13,20
U01069,2026-02-16 02:40:00,logout,unknown,2026-02-16,2
U01069,2026-02-15 07:02:00,login,mobile,2026-02-15,7
U01069,2026-02-05 08:37:00,logout,unknown,2026-02-05,8
U01069,2026-02-14 23:46:00,session_start,web,2026-02-14,23
U01069,2026-02-17 15:57:00,login,web,2026-02-17,15
U01069,2026-02-04 00:19:00,session_end,web,2026-02-04,0
U01070,2026-04-23 17:54:00,login,web,2026-04-23,17
U01070,2026-04-20 14:46:00,logout,mobile,2026-04-20,14
U01070,2026-04-22 03:34:00,login,web,2026-04-22,3
U01070,2026-04-15 00:54:00,login,web,2026-04-15,0
U01070,2026-04-11 15:03:00,session_start,web,2026-04-11,15
U01071,2026-02-09 18:45:00,login,unknown,2026-02-09,18
U01071,2026-02-02 03:06:00,login,web,2026-02-02,3
U01071,2026-02-03 18:30:00,session_start,web,2026-02-03,18
U01071,2026-02-10 14:23:00,login,web,2026-02-10,14
U01072,2026-04-11 10:29:00,login,unknown,2026-04-11,10
U01072,2026-04-07 05:24:00,page_view,mobile,2026-04-07,5
U01072,2026-04-09 16:21:00,login,web,2026-04-09,16
U01072,2026-04-17 06:37:00,login,web,2026-04-17,6
U01072,2026-04-15 12:33:00,logout,web,2026-04-15,12
U01072,2026-04-16 13:00:00,logout,unknown,2026-04-16,13
U01072,2026-04-11 23:37:00,page_view,mobile,2026-04-11,23
U01072,2026-04-19 20:45:00,logout,unknown,2026-04-19,20
U01072,2026-04-06 06:33:00,login,unknown,2026-04-06,6
U01072,2026-04-17 17:30:00,login,unknown,2026-04-17,17
U01073,2026-04-22 14:56:00,session_start,unknown,2026-04-22,14
U01073,2026-04-17 11:29:00,login,mobile,2026-04-17,11
U01073,2026-04-17 18:57:00,logout,unknown,2026-04-17,18
U01073,2026-04-10 12:14:00,session_start,unknown,2026-04-10,12
U01073,2026-04-17 05:56:00,page_view,unknown,2026-04-17,5
U01073,2026-04-09 21:50:00,login,web,2026-04-09,21
U01073,2026-04-15 07:22:00,login,mobile,2026-04-15,7
U01073,2026-04-16 19:26:00,login,mobile,2026-04-16,19
U01074,2026-02-16 01:26:00,session_end,mobile,2026-02-16,1
U01074,2026-02-10 06:10:00,login,mobile,2026-02-10,6
U01074,2026-02-16 07:03:00,logout,mobile,2026-02-16,7
U01074,2026-02-09 19:37:00,login,web,2026-02-09,19
U01074,2026-02-10 12:01:00,logout,unknown,2026-02-10,12
U01074,2026-02-19 22:56:00,login,unknown,2026-02-19,22
U01074,2026-02-15 08:45:00,login,web,2026-02-15,8
U01074,2026-02-12 19:22:00,page_view,mobile,2026-02-12,19
U01074,2026-02-09 10:28:00,session_end,unknown,2026-02-09,10
U01075,2026-05-30 04:38:00,login,web,2026-05-30,4
U01075,2026-05-27 16:21:00,login,unknown,2026-05-27,16
U01075,2026-06-05 01:02:00,logout,unknown,2026-06-05,1
U01075,2026-06-07 08:16:00,session_end,web,2026-06-07,8
U01075,2026-05-29 17:30:00,logout,web,2026-05-29,17
U01075,2026-05-28 03:07:00,session_end,web,2026-05-28,3
U01075,2026-05-29 05:23:00,login,web,2026-05-29,5
U01075,2026-06-08 04:33:00,logout,web,2026-06-08,4
U01076,2026-06-21 07:28:00,session_start,web,2026-06-21,7
U01076,2026-06-18 11:21:00,logout,web,2026-06-18,11
U01076,2026-06-23 17:55:00,session_start,unknown,2026-06-23,17
U01076,2026-06-24 12:01:00,page_view,mobile,2026-06-24,12
U01076,2026-06-16 07:46:00,session_end,mobile,2026-06-16,7
U01076,2026-06-18 03:15:00,login,unknown,2026-06-18,3
U01076,2026-06-16 02:39:00,page_view,web,2026-06-16,2
U01076,2026-06-24 12:26:00,login,mobile,2026-06-24,12
U01076,2026-06-24 15:36:00,session_end,unknown,2026-06-24,15
U01077,2026-02-26 16:31:00,login,web,2026-02-26,16
U01077,2026-02-28 05:51:00,login,web,2026-02-28,5
U01077,2026-03-08 13:11:00,session_end,web,2026-03-08,13
U01077,2026-03-03 21:36:00,session_start,web,2026-03-03,21
U01077,2026-02-28 03:27:00,login,mobile,2026-02-28,3
U01077,2026-02-27 05:34:00,session_end,web,2026-02-27,5
U01077,2026-03-03 00:01:00,login,web,2026-03-03,0
U01077,2026-03-07 01:11:00,session_end,unknown,2026-03-07,1
U01078,2026-04-20 10:43:00,login,mobile,2026-04-20,10
U01078,2026-04-16 04:43:00,login,web,2026-04-16,4
U01078,2026-04-17 23:56:00,session_start,web,2026-04-17,23
U01078,2026-04-20 11:17:00,login,unknown,2026-04-20,11
U01078,2026-04-20 16:31:00,session_end,mobile,2026-04-20,16
U01079,2026-03-07 22:04:00,login,web,2026-03-07,22
U01079,2026-03-03 13:08:00,logout,unknown,2026-03-03,13
U01079,2026-03-02 20:47:00,login,web,2026-03-02,20
U01079,2026-03-02 05:25:00,page_view,unknown,2026-03-02,5
U01080,2026-02-09 08:10:00,logout,web,2026-02-09,8
U01080,2026-02-08 23:25:00,login,unknown,2026-02-08,23
U01080,2026-02-13 10:18:00,page_view,mobile,2026-02-13,10
U01080,2026-02-08 00:36:00,login,unknown,2026-02-08,0
U01081,2026-04-11 07:44:00,session_end,mobile,2026-04-11,7
U01081,2026-04-15 17:45:00,page_view,web,2026-04-15,17
U01081,2026-04-15 01:50:00,login,web,2026-04-15,1
U01081,2026-04-14 14:38:00,login,mobile,2026-04-14,14
U01081,2026-04-11 12:31:00,login,web,2026-04-11,12
U01081,2026-04-20 21:34:00,login,web,2026-04-20,21
U01081,2026-04-18 20:29:00,login,web,2026-04-18,20
U01081,2026-04-14 01:46:00,login,unknown,2026-04-14,1
U01081,2026-04-16 19:54:00,session_start,mobile,2026-04-16,19
U01081,2026-04-09 19:08:00,login,web,2026-04-09,19
U01081,2026-04-18 04:02:00,login,mobile,2026-04-18,4
U01082,2026-02-13 23:46:00,login,mobile,2026-02-13,23
U01082,2026-02-08 07:45:00,login,unknown,2026-02-08,7
U01082,2026-02-18 00:53:00,login,mobile,2026-02-18,0
U01082,2026-02-17 15:37:00,login,mobile,2026-02-17,15
U01082,2026-02-14 03:21:00,session_end,web,2026-02-14,3
U01082,2026-02-19 10:51:00,login,web,2026-02-19,10
U01082,2026-02-11 06:51:00,session_end,unknown,2026-02-11,6
U01082,2026-02-06 09:38:00,login,web,2026-02-06,9
U01082,2026-02-19 14:21:00,logout,unknown,2026-02-19,14
U01082,2026-02-09 22:54:00,login,web,2026-02-09,22
U01082,2026-02-19 05:19:00,session_end,unknown,2026-02-19,5
U01083,2026-03-18 07:37:00,session_start,mobile,2026-03-18,7
U01083,2026-03-11 04:22:00,session_end,web,2026-03-11,4
U01083,2026-03-13 17:15:00,page_view,web,2026-03-13,17
U01083,2026-03-07 09:41:00,session_end,unknown,2026-03-07,9
U01083,2026-03-16 14:15:00,logout,unknown,2026-03-16,14
U01083,2026-03-16 14:30:00,login,web,2026-03-16,14
U01083,2026-03-09 06:40:00,login,mobile,2026-03-09,6
U01083,2026-03-15 10:55:00,login,unknown,2026-03-15,10
U01083,2026-03-13 15:10:00,session_end,unknown,2026-03-13,15
U01083,2026-03-10 15:07:00,login,unknown,2026-03-10,15
U01083,2026-03-17 22:54:00,login,mobile,2026-03-17,22
U01083,2026-03-19 16:55:00,page_view,web,2026-03-19,16
U01083,2026-03-18 05:39:00,session_end,web,2026-03-18,5
U01083,2026-03-17 07:17:00,session_end,web,2026-03-17,7
U01084,2026-06-13 09:08:00,login,unknown,2026-06-13,9
U01084,2026-06-12 13:03:00,page_view,web,2026-06-12,13
U01084,2026-06-14 01:36:00,login,web,2026-06-14,1
U01084,2026-06-12 02:26:00,page_view,web,2026-06-12,2
U01085,2026-01-14 07:30:00,session_start,mobile,2026-01-14,7
U01085,2026-01-11 05:25:00,session_start,mobile,2026-01-11,5
U01085,2026-01-09 11:16:00,session_end,mobile,2026-01-09,11
U01085,2026-01-21 01:14:00,session_start,mobile,2026-01-21,1
U01085,2026-01-07 19:48:00,login,web,2026-01-07,19
U01085,2026-01-21 20:03:00,login,web,2026-01-21,20
U01085,2026-01-09 14:15:00,login,web,2026-01-09,14
U01085,2026-01-19 14:11:00,logout,mobile,2026-01-19,14
U01086,2026-02-28 09:58:00,login,web,2026-02-28,9
U01086,2026-03-01 10:26:00,session_end,web,2026-03-01,10
U01086,2026-03-08 00:40:00,login,web,2026-03-08,0
U01086,2026-02-24 19:51:00,login,mobile,2026-02-24,19
U01086,2026-02-27 19:33:00,page_view,web,2026-02-27,19
U01086,2026-03-01 09:10:00,login,mobile,2026-03-01,9
U01086,2026-03-07 20:48:00,login,unknown,2026-03-07,20
U01086,2026-03-04 13:58:00,page_view,unknown,2026-03-04,13
U01086,2026-03-06 15:51:00,login,web,2026-03-06,15
U01087,2026-02-21 19:01:00,logout,mobile,2026-02-21,19
U01087,2026-02-20 13:49:00,login,web,2026-02-20,13
U01087,2026-02-25 23:49:00,login,unknown,2026-02-25,23
U01087,2026-02-23 00:02:00,page_view,mobile,2026-02-23,0
U01087,2026-02-20 19:36:00,login,web,2026-02-20,19
U01087,2026-03-01 20:03:00,session_start,web,2026-03-01,20
U01087,2026-03-03 14:26:00,login,web,2026-03-03,14
U01087,2026-02-22 04:28:00,session_end,unknown,2026-02-22,4
U01087,2026-02-21 23:45:00,login,web,2026-02-21,23
U01087,2026-02-22 21:03:00,page_view,web,2026-02-22,21
U01087,2026-02-20 20:15:00,login,unknown,2026-02-20,20
U01087,2026-02-27 15:38:00,login,web,2026-02-27,15
U01088,2026-06-26 13:28:00,login,web,2026-06-26,13
U01088,2026-06-24 07:39:00,login,web,2026-06-24,7
U01088,2026-06-18 21:36:00,session_start,web,2026-06-18,21
U01088,2026-06-19 10:54:00,login,mobile,2026-06-19,10
U01088,2026-06-27 22:22:00,login,unknown,2026-06-27,22
U01089,2026-05-15 22:14:00,login,unknown,2026-05-15,22
U01089,2026-05-10 07:52:00,logout,web,2026-05-10,7
U01089,2026-05-21 07:15:00,login,unknown,2026-05-21,7
U01089,2026-05-10 08:21:00,login,mobile,2026-05-10,8
U01089,2026-05-07 05:14:00,session_start,web,2026-05-07,5
U01090,2026-03-04 05:09:00,login,unknown,2026-03-04,5
U01090,2026-03-17 08:01:00,page_view,web,2026-03-17,8
U01090,2026-03-06 22:52:00,session_start,mobile,2026-03-06,22
U01090,2026-03-03 07:14:00,login,web,2026-03-03,7
U01090,2026-03-08 02:25:00,login,mobile,2026-03-08,2
U01090,2026-03-06 04:20:00,login,web,2026-03-06,4
U01090,2026-03-10 22:05:00,login,web,2026-03-10,22
U01090,2026-03-08 17:54:00,session_start,web,2026-03-08,17
U01091,2026-06-14 18:17:00,page_view,web,2026-06-14,18
U01091,2026-06-06 04:09:00,page_view,web,2026-06-06,4
U01091,2026-06-07 12:19:00,login,web,2026-06-07,12
U01091,2026-06-11 19:10:00,login,web,2026-06-11,19
U01091,2026-06-15 02:08:00,login,mobile,2026-06-15,2
U01091,2026-06-10 01:31:00,logout,web,2026-06-10,1
U01091,2026-06-11 02:54:00,login,web,2026-06-11,2
U01091,2026-06-16 00:22:00,page_view,mobile,2026-06-16,0
U01091,2026-06-13 22:19:00,session_end,web,2026-06-13,22
U01092,2026-01-18 02:39:00,page_view,unknown,2026-01-18,2
U01092,2026-01-05 10:44:00,session_start,web,2026-01-05,10
U01092,2026-01-09 15:07:00,session_start,unknown,2026-01-09,15
U01092,2026-01-16 07:11:00,session_end,mobile,2026-01-16,7
U01092,2026-01-08 13:15:00,login,unknown,2026-01-08,13
U01092,2026-01-05 23:26:00,login,web,2026-01-05,23
U01092,2026-01-14 21:55:00,session_end,web,2026-01-14,21
U01092,2026-01-18 22:27:00,login,web,2026-01-18,22
U01092,2026-01-06 00:55:00,logout,web,2026-01-06,0
U01092,2026-01-11 13:04:00,login,web,2026-01-11,13
U01093,2026-04-14 04:03:00,login,unknown,2026-04-14,4
U01093,2026-04-18 11:42:00,page_view,unknown,2026-04-18,11
U01093,2026-04-19 14:29:00,login,web,2026-04-19,14
U01093,2026-04-13 21:13:00,page_view,unknown,2026-04-13,21
U01093,2026-04-10 16:02:00,page_view,web,2026-04-10,16
U01093,2026-04-11 01:05:00,login,unknown,2026-04-11,1
U01094,2026-04-15 03:54:00,login,mobile,2026-04-15,3
U01094,2026-04-13 04:31:00,logout,web,2026-04-13,4
U01094,2026-04-12 19:13:00,login,web,2026-04-12,19
U01094,2026-04-16 12:42:00,login,unknown,2026-04-16,12
U01094,2026-04-07 17:33:00,login,unknown,2026-04-07,17
U01094,2026-04-12 15:45:00,session_end,web,2026-04-12,15
U01094,2026-04-05 16:52:00,page_view,web,2026-04-05,16
U01094,2026-04-18 13:59:00,session_end,web,2026-04-18,13
U01095,2026-05-06 20:02:00,page_view,unknown,2026-05-06,20
U01095,2026-05-06 12:48:00,session_end,mobile,2026-05-06,12
U01096,2026-01-24 15:11:00,session_end,web,2026-01-24,15
U01096,2026-01-18 15:09:00,page_view,unknown,2026-01-18,15
U01096,2026-01-20 00:46:00,page_view,web,2026-01-20,0
U01096,2026-01-28 21:55:00,login,unknown,2026-01-28,21
U01096,2026-01-20 20:12:00,session_start,mobile,2026-01-20,20
U01096,2026-01-23 13:18:00,login,unknown,2026-01-23,13
U01096,2026-01-26 07:46:00,page_view,web,2026-01-26,7
U01096,2026-01-26 07:03:00,logout,unknown,2026-01-26,7
U01096,2026-01-27 14:56:00,session_end,web,2026-01-27,14
U01096,2026-01-19 20:16:00,login,web,2026-01-19,20
U01096,2026-01-27 17:13:00,session_start,unknown,2026-01-27,17
U01096,2026-02-01 02:16:00,session_start,unknown,2026-02-01,2
U01097,2026-03-01 18:02:00,session_start,unknown,2026-03-01,18
U01097,2026-03-05 16:46:00,session_start,unknown,2026-03-05,16
U01097,2026-03-02 02:55:00,session_end,web,2026-03-02,2
U01098,2026-05-22 15:57:00,login,web,2026-05-22,15
U01098,2026-05-16 09:22:00,session_start,web,2026-05-16,9
U01098,2026-05-15 21:38:00,logout,web,2026-05-15,21
U01098,2026-05-23 12:13:00,login,mobile,2026-05-23,12
U01098,2026-05-24 02:32:00,login,unknown,2026-05-24,2
U01099,2026-04-20 18:59:00,login,web,2026-04-20,18
U01099,2026-04-28 01:08:00,login,web,2026-04-28,1
U01099,2026-04-23 10:48:00,logout,mobile,2026-04-23,10
U01099,2026-04-20 15:45:00,session_start,unknown,2026-04-20,15
U01100,2026-02-03 07:01:00,page_view,mobile,2026-02-03,7
U01100,2026-01-23 12:31:00,page_view,unknown,2026-01-23,12
U01100,2026-01-23 18:50:00,login,unknown,2026-01-23,18
U01101,2026-05-19 11:18:00,session_end,unknown,2026-05-19,11
U01101,2026-05-28 04:00:00,logout,web,2026-05-28,4
U01101,2026-05-20 08:42:00,login,mobile,2026-05-20,8
U01101,2026-05-23 09:21:00,login,web,2026-05-23,9
U01101,2026-05-28 01:21:00,login,web,2026-05-28,1
U01101,2026-05-26 23:46:00,login,mobile,2026-05-26,23
U01101,2026-05-27 15:25:00,page_view,unknown,2026-05-27,15
U01101,2026-05-21 16:32:00,session_start,mobile,2026-05-21,16
U01101,2026-05-22 12:06:00,session_start,mobile,2026-05-22,12
U01101,2026-05-18 06:51:00,logout,web,2026-05-18,6
U01101,2026-05-21 16:14:00,logout,web,2026-05-21,16
U01101,2026-05-18 00:37:00,login,web,2026-05-18,0
U01102,2026-01-25 10:10:00,session_end,web,2026-01-25,10
U01102,2026-01-31 07:01:00,session_start,web,2026-01-31,7
U01102,2026-01-23 14:36:00,session_end,unknown,2026-01-23,14
U01102,2026-01-27 08:26:00,logout,unknown,2026-01-27,8
U01102,2026-01-24 16:39:00,session_start,mobile,2026-01-24,16
U01102,2026-01-27 03:33:00,session_end,unknown,2026-01-27,3
U01103,2026-02-24 04:21:00,login,unknown,2026-02-24,4
U01103,2026-03-06 10:40:00,session_start,web,2026-03-06,10
U01103,2026-02-22 05:08:00,login,web,2026-02-22,5
U01103,2026-02-24 07:57:00,login,web,2026-02-24,7
U01103,2026-02-27 12:47:00,session_start,unknown,2026-02-27,12
U01103,2026-03-07 03:11:00,login,web,2026-03-07,3
U01103,2026-03-04 11:33:00,session_end,web,2026-03-04,11
U01103,2026-03-07 08:06:00,session_end,mobile,2026-03-07,8
U01103,2026-03-06 16:56:00,login,web,2026-03-06,16
U01103,2026-02-23 13:25:00,session_start,web,2026-02-23,13
U01104,2026-04-22 17:51:00,login,mobile,2026-04-22,17
U01104,2026-04-14 18:08:00,session_start,web,2026-04-14,18
U01104,2026-04-23 08:31:00,page_view,web,2026-04-23,8
U01104,2026-04-20 17:24:00,logout,mobile,2026-04-20,17
U01104,2026-04-17 02:20:00,login,unknown,2026-04-17,2
U01104,2026-04-17 19:20:00,logout,web,2026-04-17,19
U01104,2026-04-15 09:09:00,login,mobile,2026-04-15,9
U01105,2026-06-18 08:44:00,session_end,mobile,2026-06-18,8
U01105,2026-06-20 17:34:00,logout,unknown,2026-06-20,17
U01105,2026-06-19 23:04:00,login,unknown,2026-06-19,23
U01105,2026-06-19 14:04:00,login,web,2026-06-19,14
U01105,2026-06-16 07:04:00,logout,web,2026-06-16,7
U01105,2026-06-30 17:02:00,page_view,mobile,2026-06-30,17
U01106,2026-03-27 21:24:00,page_view,web,2026-03-27,21
U01106,2026-04-04 08:50:00,login,mobile,2026-04-04,8
U01106,2026-03-31 18:26:00,login,unknown,2026-03-31,18
U01106,2026-03-22 00:16:00,session_start,web,2026-03-22,0
U01106,2026-04-03 16:36:00,logout,web,2026-04-03,16
U01107,2026-01-28 03:52:00,session_end,mobile,2026-01-28,3
U01107,2026-01-26 10:54:00,session_start,mobile,2026-01-26,10
U01107,2026-01-29 09:46:00,session_start,unknown,2026-01-29,9
U01107,2026-01-23 17:42:00,logout,mobile,2026-01-23,17
U01108,2026-04-26 02:02:00,login,web,2026-04-26,2
U01108,2026-04-23 08:05:00,login,web,2026-04-23,8
U01108,2026-04-30 03:07:00,logout,web,2026-04-30,3
U01108,2026-04-26 00:21:00,login,mobile,2026-04-26,0
U01108,2026-04-24 10:40:00,login,unknown,2026-04-24,10
U01108,2026-05-05 18:42:00,login,web,2026-05-05,18
U01108,2026-04-26 14:02:00,session_end,web,2026-04-26,14
U01108,2026-04-28 00:36:00,page_view,web,2026-04-28,0
U01108,2026-05-04 01:51:00,session_start,unknown,2026-05-04,1
U01108,2026-04-23 09:42:00,logout,unknown,2026-04-23,9
U01108,2026-04-30 06:04:00,login,mobile,2026-04-30,6
U01108,2026-04-23 08:51:00,logout,web,2026-04-23,8
U01108,2026-05-04 12:17:00,login,unknown,2026-05-04,12
U01108,2026-04-24 04:29:00,login,unknown,2026-04-24,4
U01108,2026-05-01 08:50:00,login,unknown,2026-05-01,8
U01109,2026-06-17 08:01:00,login,mobile,2026-06-17,8
U01110,2026-04-03 14:16:00,login,unknown,2026-04-03,14
U01110,2026-03-21 19:14:00,login,web,2026-03-21,19
U01110,2026-04-01 07:25:00,page_view,web,2026-04-01,7
U01110,2026-03-22 05:52:00,page_view,unknown,2026-03-22,5
U01110,2026-03-25 02:00:00,logout,unknown,2026-03-25,2
U01110,2026-03-21 07:10:00,session_start,unknown,2026-03-21,7
U01110,2026-03-26 07:04:00,page_view,web,2026-03-26,7
U01110,2026-03-26 15:59:00,session_start,mobile,2026-03-26,15
U01110,2026-03-22 21:53:00,login,web,2026-03-22,21
U01110,2026-03-21 17:38:00,session_start,web,2026-03-21,17
U01110,2026-03-25 13:50:00,login,mobile,2026-03-25,13
U01110,2026-03-26 07:25:00,login,unknown,2026-03-26,7
U01110,2026-04-04 09:01:00,login,web,2026-04-04,9
U01110,2026-03-28 09:33:00,session_start,unknown,2026-03-28,9
U01111,2026-02-23 09:56:00,session_end,unknown,2026-02-23,9
U01111,2026-02-26 20:40:00,session_end,web,2026-02-26,20
U01111,2026-02-22 08:33:00,login,unknown,2026-02-22,8
U01111,2026-02-14 20:15:00,session_start,web,2026-02-14,20
U01111,2026-02-14 01:58:00,session_start,unknown,2026-02-14,1
U01111,2026-02-14 02:28:00,session_start,mobile,2026-02-14,2
U01112,2026-02-15 15:20:00,session_end,web,2026-02-15,15
U01112,2026-02-14 06:51:00,login,web,2026-02-14,6
U01112,2026-02-12 16:06:00,login,web,2026-02-12,16
U01112,2026-02-12 03:36:00,page_view,unknown,2026-02-12,3
U01113,2026-02-24 01:02:00,login,web,2026-02-24,1
U01113,2026-02-13 02:17:00,login,web,2026-02-13,2
U01113,2026-02-12 11:21:00,logout,unknown,2026-02-12,11
U01113,2026-02-18 08:14:00,login,mobile,2026-02-18,8
U01114,2026-05-24 21:33:00,login,unknown,2026-05-24,21
U01115,2026-03-19 10:23:00,login,mobile,2026-03-19,10
U01115,2026-03-17 03:30:00,logout,web,2026-03-17,3
U01115,2026-03-21 06:46:00,login,web,2026-03-21,6
U01115,2026-03-11 00:56:00,logout,web,2026-03-11,0
U01115,2026-03-12 19:44:00,logout,mobile,2026-03-12,19
U01115,2026-03-14 20:25:00,login,mobile,2026-03-14,20
U01115,2026-03-19 12:45:00,login,unknown,2026-03-19,12
U01116,2026-02-12 14:15:00,login,unknown,2026-02-12,14
U01117,2026-02-03 18:55:00,login,unknown,2026-02-03,18
U01117,2026-02-11 04:17:00,session_end,unknown,2026-02-11,4
U01117,2026-02-11 23:09:00,login,web,2026-02-11,23
U01117,2026-02-13 16:24:00,logout,web,2026-02-13,16
U01117,2026-02-10 07:53:00,session_end,mobile,2026-02-10,7
U01117,2026-02-13 15:42:00,logout,unknown,2026-02-13,15
U01117,2026-02-08 14:42:00,login,web,2026-02-08,14
U01117,2026-02-11 02:59:00,login,web,2026-02-11,2
U01117,2026-02-09 06:50:00,login,unknown,2026-02-09,6
U01117,2026-02-14 19:24:00,session_start,web,2026-02-14,19
U01117,2026-02-06 00:23:00,login,web,2026-02-06,0
U01118,2026-04-27 07:52:00,login,unknown,2026-04-27,7
U01118,2026-04-29 04:07:00,page_view,web,2026-04-29,4
U01118,2026-04-26 04:21:00,login,unknown,2026-04-26,4
U01118,2026-05-01 18:35:00,session_end,mobile,2026-05-01,18
U01118,2026-05-04 11:48:00,login,unknown,2026-05-04,11
U01119,2026-01-21 12:13:00,logout,unknown,2026-01-21,12
U01119,2026-01-17 03:18:00,page_view,web,2026-01-17,3
U01119,2026-01-22 15:00:00,logout,mobile,2026-01-22,15
U01119,2026-01-26 22:15:00,login,mobile,2026-01-26,22
U01119,2026-01-24 22:53:00,login,unknown,2026-01-24,22
U01120,2026-06-03 23:37:00,login,web,2026-06-03,23
U01120,2026-06-02 04:38:00,logout,web,2026-06-02,4
U01120,2026-06-02 00:39:00,login,unknown,2026-06-02,0
U01120,2026-05-28 00:03:00,page_view,web,2026-05-28,0
U01120,2026-06-09 03:42:00,logout,web,2026-06-09,3
U01120,2026-05-29 10:27:00,login,unknown,2026-05-29,10
U01120,2026-05-29 18:29:00,login,web,2026-05-29,18
U01120,2026-06-09 08:49:00,page_view,web,2026-06-09,8
U01120,2026-05-30 02:54:00,login,web,2026-05-30,2
U01121,2026-04-27 21:47:00,session_end,mobile,2026-04-27,21
U01121,2026-05-07 06:33:00,logout,web,2026-05-07,6
U01121,2026-05-07 12:53:00,session_end,web,2026-05-07,12
U01121,2026-05-09 21:43:00,page_view,unknown,2026-05-09,21
U01121,2026-05-04 04:12:00,page_view,mobile,2026-05-04,4
U01121,2026-04-28 01:16:00,page_view,web,2026-04-28,1
U01121,2026-05-05 03:31:00,page_view,unknown,2026-05-05,3
U01121,2026-05-07 07:40:00,session_start,web,2026-05-07,7
U01122,2026-01-20 23:26:00,login,mobile,2026-01-20,23
U01122,2026-01-17 02:49:00,session_end,mobile,2026-01-17,2
U01122,2026-01-29 04:01:00,session_start,mobile,2026-01-29,4
U01122,2026-01-27 02:33:00,page_view,unknown,2026-01-27,2
U01122,2026-01-28 09:07:00,session_start,unknown,2026-01-28,9
U01122,2026-01-16 20:40:00,page_view,mobile,2026-01-16,20
U01122,2026-01-28 00:09:00,login,unknown,2026-01-28,0
U01123,2026-02-16 03:44:00,page_view,unknown,2026-02-16,3
U01123,2026-02-21 07:27:00,session_end,mobile,2026-02-21,7
U01123,2026-02-17 20:39:00,session_end,web,2026-02-17,20
U01123,2026-02-18 14:27:00,login,web,2026-02-18,14
U01124,2026-03-20 07:09:00,login,web,2026-03-20,7
U01124,2026-03-18 18:46:00,login,mobile,2026-03-18,18
U01124,2026-03-12 04:50:00,session_end,mobile,2026-03-12,4
U01124,2026-03-21 20:51:00,session_start,unknown,2026-03-21,20
U01124,2026-03-21 03:11:00,session_start,mobile,2026-03-21,3
U01124,2026-03-14 18:16:00,session_end,web,2026-03-14,18
U01124,2026-03-20 05:59:00,login,web,2026-03-20,5
U01124,2026-03-09 19:26:00,logout,web,2026-03-09,19
U01124,2026-03-11 09:43:00,session_end,web,2026-03-11,9
U01124,2026-03-19 07:51:00,page_view,unknown,2026-03-19,7
U01124,2026-03-19 22:46:00,session_end,unknown,2026-03-19,22
U01125,2026-03-08 03:55:00,login,web,2026-03-08,3
U01125,2026-03-04 07:14:00,login,unknown,2026-03-04,7
U01125,2026-03-04 00:38:00,page_view,web,2026-03-04,0
U01125,2026-03-05 17:31:00,session_start,web,2026-03-05,17
U01125,2026-03-13 10:20:00,page_view,web,2026-03-13,10
U01126,2026-01-21 21:42:00,logout,web,2026-01-21,21
U01126,2026-01-24 20:58:00,session_start,mobile,2026-01-24,20
U01126,2026-01-24 15:33:00,session_start,web,2026-01-24,15
U01126,2026-01-14 11:36:00,login,mobile,2026-01-14,11
U01126,2026-01-12 22:46:00,login,unknown,2026-01-12,22
U01126,2026-01-15 14:10:00,login,unknown,2026-01-15,14
U01126,2026-01-14 23:25:00,session_start,web,2026-01-14,23
U01127,2026-01-15 04:12:00,login,web,2026-01-15,4
U01127,2026-01-13 17:50:00,login,mobile,2026-01-13,17
U01127,2026-01-21 10:22:00,page_view,unknown,2026-01-21,10
U01127,2026-01-19 07:46:00,session_start,mobile,2026-01-19,7
U01127,2026-01-21 11:31:00,logout,web,2026-01-21,11
U01127,2026-01-24 11:04:00,session_end,mobile,2026-01-24,11
U01127,2026-01-16 23:28:00,login,web,2026-01-16,23
U01127,2026-01-13 02:30:00,page_view,mobile,2026-01-13,2
U01128,2026-02-14 14:00:00,login,unknown,2026-02-14,14
U01128,2026-02-10 11:25:00,page_view,unknown,2026-02-10,11
U01129,2026-05-01 13:06:00,login,mobile,2026-05-01,13
U01129,2026-04-23 17:18:00,page_view,mobile,2026-04-23,17
U01129,2026-04-21 06:01:00,logout,web,2026-04-21,6
U01129,2026-04-26 01:23:00,session_start,mobile,2026-04-26,1
U01129,2026-04-18 23:32:00,page_view,mobile,2026-04-18,23
U01129,2026-04-27 05:40:00,login,mobile,2026-04-27,5
U01129,2026-04-26 14:14:00,logout,mobile,2026-04-26,14
U01129,2026-04-30 03:02:00,session_start,mobile,2026-04-30,3
U01129,2026-04-19 05:40:00,session_start,mobile,2026-04-19,5
U01129,2026-04-29 13:22:00,logout,web,2026-04-29,13
U01130,2026-04-25 11:09:00,login,web,2026-04-25,11
U01131,2026-03-18 04:00:00,login,unknown,2026-03-18,4
U01131,2026-03-24 00:35:00,login,mobile,2026-03-24,0
U01131,2026-03-19 15:16:00,logout,web,2026-03-19,15
U01131,2026-03-17 21:45:00,login,unknown,2026-03-17,21
U01131,2026-03-20 22:27:00,logout,mobile,2026-03-20,22
U01131,2026-03-21 12:20:00,login,mobile,2026-03-21,12
U01131,2026-03-20 23:46:00,login,web,2026-03-20,23
U01132,2026-02-05 02:43:00,page_view,web,2026-02-05,2
U01133,2026-02-15 11:56:00,login,web,2026-02-15,11
U01133,2026-02-23 03:39:00,login,web,2026-02-23,3
U01133,2026-02-26 04:08:00,session_start,mobile,2026-02-26,4
U01133,2026-02-18 22:03:00,login,mobile,2026-02-18,22
U01133,2026-02-21 00:28:00,login,mobile,2026-02-21,0
U01134,2026-01-15 10:02:00,login,mobile,2026-01-15,10
U01134,2026-01-12 22:57:00,login,web,2026-01-12,22
U01134,2026-01-22 04:56:00,logout,web,2026-01-22,4
U01134,2026-01-15 14:21:00,logout,mobile,2026-01-15,14
U01134,2026-01-21 03:27:00,logout,mobile,2026-01-21,3
U01135,2026-03-27 17:01:00,logout,web,2026-03-27,17
U01135,2026-03-27 13:45:00,session_start,mobile,2026-03-27,13
U01135,2026-03-15 13:53:00,logout,unknown,2026-03-15,13
U01135,2026-03-23 12:53:00,session_end,unknown,2026-03-23,12
U01135,2026-03-25 21:19:00,login,mobile,2026-03-25,21
U01135,2026-03-17 00:16:00,login,web,2026-03-17,0
U01135,2026-03-28 08:04:00,login,unknown,2026-03-28,8
U01136,2026-05-23 13:25:00,login,unknown,2026-05-23,13
U01136,2026-05-22 00:43:00,session_end,web,2026-05-22,0
U01136,2026-05-26 23:21:00,session_end,web,2026-05-26,23
U01136,2026-05-23 10:46:00,page_view,web,2026-05-23,10
U01137,2026-04-12 13:19:00,login,unknown,2026-04-12,13
U01138,2026-06-07 22:10:00,session_end,web,2026-06-07,22
U01138,2026-06-03 04:18:00,login,web,2026-06-03,4
U01138,2026-05-30 00:20:00,logout,web,2026-05-30,0
U01139,2026-06-19 19:51:00,session_start,unknown,2026-06-19,19
U01139,2026-06-10 23:46:00,logout,mobile,2026-06-10,23
U01139,2026-06-10 10:53:00,login,web,2026-06-10,10
U01139,2026-06-14 05:44:00,login,mobile,2026-06-14,5
U01139,2026-06-11 21:50:00,session_end,web,2026-06-11,21
U01139,2026-06-14 16:53:00,session_end,mobile,2026-06-14,16
U01139,2026-06-16 20:28:00,page_view,web,2026-06-16,20
U01140,2026-06-04 11:58:00,login,web,2026-06-04,11
U01140,2026-06-12 22:19:00,session_start,unknown,2026-06-12,22
U01140,2026-06-03 10:47:00,logout,mobile,2026-06-03,10
U01140,2026-06-10 11:02:00,logout,web,2026-06-10,11
U01140,2026-06-02 03:58:00,login,mobile,2026-06-02,3
U01141,2026-03-17 10:20:00,session_end,unknown,2026-03-17,10
U01141,2026-03-17 05:29:00,session_start,mobile,2026-03-17,5
U01141,2026-03-10 01:14:00,login,unknown,2026-03-10,1
U01141,2026-03-08 17:37:00,login,mobile,2026-03-08,17
U01141,2026-03-04 08:58:00,login,web,2026-03-04,8
U01141,2026-03-15 18:30:00,login,unknown,2026-03-15,18
U01141,2026-03-05 09:52:00,login,mobile,2026-03-05,9
U01142,2026-04-24 07:23:00,page_view,web,2026-04-24,7
U01142,2026-04-26 09:42:00,page_view,web,2026-04-26,9
U01142,2026-04-24 05:02:00,login,web,2026-04-24,5
U01143,2026-04-08 13:28:00,login,unknown,2026-04-08,13
U01143,2026-04-06 19:38:00,logout,web,2026-04-06,19
U01143,2026-03-31 21:12:00,logout,unknown,2026-03-31,21
U01143,2026-04-08 17:14:00,login,web,2026-04-08,17
U01144,2026-01-15 10:29:00,session_start,mobile,2026-01-15,10
U01144,2026-01-10 08:20:00,logout,web,2026-01-10,8
U01144,2026-01-04 12:00:00,session_end,web,2026-01-04,12
U01144,2026-01-11 18:29:00,login,web,2026-01-11,18
U01144,2026-01-17 11:42:00,login,mobile,2026-01-17,11
U01144,2026-01-04 06:12:00,session_start,unknown,2026-01-04,6
U01144,2026-01-03 00:58:00,session_end,mobile,2026-01-03,0
U01144,2026-01-07 14:27:00,page_view,web,2026-01-07,14
U01144,2026-01-05 21:32:00,page_view,mobile,2026-01-05,21
U01144,2026-01-03 21:58:00,session_start,web,2026-01-03,21
U01144,2026-01-09 03:47:00,login,mobile,2026-01-09,3
U01144,2026-01-14 18:38:00,logout,unknown,2026-01-14,18
U01145,2026-03-29 19:08:00,session_start,web,2026-03-29,19
U01145,2026-03-30 10:44:00,session_start,web,2026-03-30,10
U01145,2026-04-03 07:13:00,session_end,unknown,2026-04-03,7
U01145,2026-03-31 17:56:00,session_end,web,2026-03-31,17
U01146,2026-05-30 04:32:00,login,unknown,2026-05-30,4
U01146,2026-05-24 20:06:00,session_end,web,2026-05-24,20
U01146,2026-05-28 07:36:00,session_start,unknown,2026-05-28,7
U01146,2026-05-27 07:03:00,page_view,web,2026-05-27,7
U01146,2026-05-26 00:30:00,login,unknown,2026-05-26,0
U01146,2026-05-25 09:39:00,session_end,web,2026-05-25,9
U01146,2026-05-28 08:20:00,session_start,web,2026-05-28,8
U01147,2026-05-19 09:17:00,login,web,2026-05-19,9
U01147,2026-05-13 12:37:00,logout,mobile,2026-05-13,12
U01147,2026-05-17 13:08:00,session_start,web,2026-05-17,13
U01147,2026-05-10 20:14:00,login,unknown,2026-05-10,20
U01147,2026-05-19 11:36:00,login,unknown,2026-05-19,11
U01147,2026-05-06 23:16:00,login,web,2026-05-06,23
U01147,2026-05-15 20:58:00,session_end,mobile,2026-05-15,20
U01147,2026-05-20 19:33:00,login,web,2026-05-20,19
U01148,2026-01-31 19:45:00,logout,unknown,2026-01-31,19
U01148,2026-01-29 16:54:00,login,unknown,2026-01-29,16
U01148,2026-02-01 07:59:00,page_view,unknown,2026-02-01,7
U01148,2026-01-29 13:42:00,logout,web,2026-01-29,13
U01148,2026-01-30 15:33:00,login,mobile,2026-01-30,15
U01148,2026-01-28 21:02:00,session_start,mobile,2026-01-28,21
U01149,2026-04-16 14:41:00,page_view,web,2026-04-16,14
U01149,2026-04-28 21:53:00,session_start,unknown,2026-04-28,21
U01149,2026-04-22 03:56:00,page_view,mobile,2026-04-22,3
U01149,2026-04-21 21:01:00,page_view,web,2026-04-21,21
U01149,2026-04-23 16:34:00,login,unknown,2026-04-23,16
U01149,2026-04-25 05:09:00,login,mobile,2026-04-25,5
U01149,2026-04-27 22:32:00,login,web,2026-04-27,22
U01150,2026-04-28 07:57:00,login,unknown,2026-04-28,7
U01150,2026-05-07 18:38:00,login,mobile,2026-05-07,18
U01150,2026-05-06 10:43:00,logout,web,2026-05-06,10
U01150,2026-05-09 05:14:00,login,mobile,2026-05-09,5
U01150,2026-05-12 21:51:00,session_start,web,2026-05-12,21
U01150,2026-05-01 05:29:00,login,web,2026-05-01,5
U01151,2026-02-05 21:45:00,login,web,2026-02-05,21
U01151,2026-01-29 19:28:00,login,web,2026-01-29,19
U01151,2026-02-03 22:03:00,login,mobile,2026-02-03,22
U01151,2026-01-27 07:17:00,session_start,unknown,2026-01-27,7
U01151,2026-01-26 09:27:00,logout,web,2026-01-26,9
U01151,2026-02-08 01:37:00,login,web,2026-02-08,1
U01151,2026-01-30 11:22:00,page_view,unknown,2026-01-30,11
U01151,2026-01-25 04:02:00,login,unknown,2026-01-25,4
U01152,2026-06-14 15:16:00,login,mobile,2026-06-14,15
U01152,2026-06-19 09:16:00,logout,web,2026-06-19,9
U01152,2026-06-22 08:51:00,session_start,unknown,2026-06-22,8
U01153,2026-05-27 05:06:00,session_end,mobile,2026-05-27,5
U01153,2026-06-09 21:38:00,login,mobile,2026-06-09,21
U01153,2026-06-02 21:46:00,logout,web,2026-06-02,21
U01153,2026-06-08 13:20:00,login,unknown,2026-06-08,13
U01153,2026-06-06 12:06:00,login,mobile,2026-06-06,12
U01153,2026-06-08 04:58:00,session_end,mobile,2026-06-08,4
U01153,2026-06-05 22:40:00,login,web,2026-06-05,22
U01154,2026-03-08 09:18:00,session_start,web,2026-03-08,9
U01154,2026-03-05 21:00:00,login,web,2026-03-05,21
U01154,2026-03-07 10:51:00,login,web,2026-03-07,10
U01154,2026-03-02 04:26:00,login,web,2026-03-02,4
U01154,2026-03-08 00:31:00,session_start,unknown,2026-03-08,0
U01154,2026-03-14 17:38:00,logout,web,2026-03-14,17
U01154,2026-03-16 06:14:00,page_view,mobile,2026-03-16,6
U01155,2026-03-29 13:54:00,login,web,2026-03-29,13
U01155,2026-03-26 21:52:00,session_start,web,2026-03-26,21
U01155,2026-03-22 16:11:00,page_view,mobile,2026-03-22,16
U01155,2026-03-28 18:24:00,page_view,mobile,2026-03-28,18
U01155,2026-03-28 18:01:00,login,mobile,2026-03-28,18
U01155,2026-03-24 01:36:00,session_start,web,2026-03-24,1
U01156,2026-03-30 21:01:00,session_start,web,2026-03-30,21
U01156,2026-04-01 19:02:00,session_start,unknown,2026-04-01,19
U01156,2026-03-25 23:04:00,login,web,2026-03-25,23
U01156,2026-03-27 01:03:00,login,mobile,2026-03-27,1
U01156,2026-03-29 09:39:00,login,unknown,2026-03-29,9
U01156,2026-03-31 19:30:00,login,web,2026-03-31,19
U01156,2026-03-31 05:46:00,login,mobile,2026-03-31,5
U01157,2026-03-21 07:48:00,page_view,mobile,2026-03-21,7
U01157,2026-03-20 23:40:00,logout,web,2026-03-20,23
U01157,2026-03-22 19:10:00,session_end,unknown,2026-03-22,19
U01157,2026-03-23 20:39:00,login,web,2026-03-23,20
U01158,2026-02-21 10:14:00,login,unknown,2026-02-21,10
U01158,2026-02-22 05:11:00,session_start,web,2026-02-22,5
U01158,2026-03-06 01:57:00,session_end,mobile,2026-03-06,1
U01158,2026-03-07 04:32:00,login,unknown,2026-03-07,4
U01159,2026-02-04 23:17:00,login,unknown,2026-02-04,23
U01159,2026-02-09 01:20:00,login,web,2026-02-09,1
U01159,2026-02-04 23:34:00,session_end,unknown,2026-02-04,23
U01160,2026-02-24 05:57:00,session_end,mobile,2026-02-24,5
U01160,2026-02-12 12:12:00,login,mobile,2026-02-12,12
U01160,2026-02-23 21:33:00,logout,web,2026-02-23,21
U01160,2026-02-13 05:26:00,session_end,web,2026-02-13,5
U01160,2026-02-26 09:16:00,session_start,unknown,2026-02-26,9
U01160,2026-02-17 16:37:00,login,mobile,2026-02-17,16
U01161,2026-04-26 08:31:00,session_start,web,2026-04-26,8
U01161,2026-04-28 18:26:00,logout,web,2026-04-28,18
U01161,2026-04-25 13:56:00,logout,web,2026-04-25,13
U01161,2026-04-22 04:44:00,page_view,web,2026-04-22,4
U01161,2026-04-29 10:11:00,login,unknown,2026-04-29,10
U01161,2026-04-18 14:35:00,session_start,web,2026-04-18,14
U01161,2026-04-22 15:35:00,session_end,web,2026-04-22,15
U01162,2026-04-02 14:00:00,logout,web,2026-04-02,14
U01162,2026-04-08 10:30:00,session_start,unknown,2026-04-08,10
U01162,2026-04-14 01:27:00,login,mobile,2026-04-14,1
U01162,2026-04-16 19:32:00,session_end,unknown,2026-04-16,19
U01162,2026-04-16 04:34:00,login,mobile,2026-04-16,4
U01162,2026-04-08 16:03:00,logout,mobile,2026-04-08,16
U01162,2026-04-10 04:57:00,session_start,web,2026-04-10,4
U01162,2026-04-13 20:48:00,session_start,web,2026-04-13,20
U01162,2026-04-03 14:01:00,login,web,2026-04-03,14
U01162,2026-04-05 15:04:00,page_view,unknown,2026-04-05,15
U01162,2026-04-02 10:24:00,page_view,unknown,2026-04-02,10
U01162,2026-04-10 16:00:00,logout,mobile,2026-04-10,16
U01162,2026-04-03 22:53:00,page_view,unknown,2026-04-03,22
U01162,2026-04-08 09:30:00,logout,web,2026-04-08,9
U01162,2026-04-12 02:09:00,session_start,mobile,2026-04-12,2
U01162,2026-04-16 03:56:00,login,web,2026-04-16,3
U01163,2026-03-22 17:43:00,login,mobile,2026-03-22,17
U01163,2026-03-25 21:43:00,login,web,2026-03-25,21
U01163,2026-04-02 12:50:00,login,web,2026-04-02,12
U01163,2026-03-29 19:05:00,session_end,web,2026-03-29,19
U01164,2026-02-08 00:33:00,session_start,web,2026-02-08,0
U01164,2026-02-14 22:07:00,session_start,web,2026-02-14,22
U01164,2026-02-11 16:49:00,page_view,unknown,2026-02-11,16
U01164,2026-02-07 03:23:00,login,web,2026-02-07,3
U01164,2026-02-07 14:41:00,login,web,2026-02-07,14
U01164,2026-02-07 09:03:00,login,mobile,2026-02-07,9
U01164,2026-02-03 13:35:00,session_end,web,2026-02-03,13
U01164,2026-02-11 14:38:00,session_start,unknown,2026-02-11,14
U01164,2026-02-11 04:41:00,login,unknown,2026-02-11,4
U01165,2026-06-05 21:03:00,login,web,2026-06-05,21
U01165,2026-06-05 01:59:00,logout,web,2026-06-05,1
U01165,2026-06-04 21:30:00,login,web,2026-06-04,21
U01165,2026-06-11 17:47:00,login,web,2026-06-11,17
U01165,2026-06-15 05:00:00,login,web,2026-06-15,5
U01165,2026-06-06 11:42:00,login,unknown,2026-06-06,11
U01165,2026-06-06 21:48:00,page_view,mobile,2026-06-06,21
U01165,2026-06-15 21:39:00,login,web,2026-06-15,21
U01165,2026-06-05 00:43:00,login,unknown,2026-06-05,0
U01165,2026-06-09 19:50:00,session_end,unknown,2026-06-09,19
U01166,2026-03-29 20:29:00,page_view,web,2026-03-29,20
U01166,2026-04-04 07:55:00,session_end,unknown,2026-04-04,7
U01166,2026-03-30 19:55:00,page_view,unknown,2026-03-30,19
U01167,2026-03-16 09:16:00,logout,mobile,2026-03-16,9
U01167,2026-03-10 04:24:00,page_view,web,2026-03-10,4
U01167,2026-03-15 20:10:00,login,web,2026-03-15,20
U01167,2026-03-06 12:18:00,login,web,2026-03-06,12
U01167,2026-03-17 23:13:00,session_start,web,2026-03-17,23
U01167,2026-03-05 21:54:00,login,web,2026-03-05,21
U01167,2026-03-19 06:15:00,session_start,mobile,2026-03-19,6
U01168,2026-01-26 14:50:00,session_start,unknown,2026-01-26,14
U01168,2026-01-24 18:49:00,logout,unknown,2026-01-24,18
U01168,2026-01-19 17:07:00,page_view,unknown,2026-01-19,17
U01168,2026-01-25 00:53:00,session_end,web,2026-01-25,0
U01168,2026-01-18 15:49:00,login,unknown,2026-01-18,15
U01168,2026-01-17 19:42:00,login,web,2026-01-17,19
U01168,2026-01-21 09:39:00,page_view,unknown,2026-01-21,9
U01168,2026-01-21 16:05:00,login,web,2026-01-21,16
U01168,2026-01-22 19:02:00,session_end,web,2026-01-22,19
U01169,2026-02-17 10:32:00,session_start,mobile,2026-02-17,10
U01169,2026-02-18 23:02:00,page_view,web,2026-02-18,23
U01169,2026-02-21 08:16:00,login,web,2026-02-21,8
U01169,2026-02-23 19:36:00,session_end,unknown,2026-02-23,19
U01169,2026-02-17 05:16:00,login,mobile,2026-02-17,5
U01170,2026-05-28 04:28:00,page_view,web,2026-05-28,4
U01170,2026-05-24 03:05:00,page_view,web,2026-05-24,3
U01170,2026-06-06 22:33:00,login,web,2026-06-06,22
U01170,2026-05-31 08:26:00,page_view,unknown,2026-05-31,8
U01170,2026-06-06 16:39:00,session_end,web,2026-06-06,16
U01170,2026-06-01 07:52:00,login,web,2026-06-01,7
U01170,2026-05-26 11:52:00,session_end,unknown,2026-05-26,11
U01170,2026-05-24 16:42:00,login,web,2026-05-24,16
U01170,2026-06-05 21:29:00,page_view,mobile,2026-06-05,21
U01171,2026-03-15 08:44:00,logout,web,2026-03-15,8
U01171,2026-03-19 01:56:00,login,mobile,2026-03-19,1
U01171,2026-03-15 13:16:00,login,web,2026-03-15,13
U01172,2026-02-05 15:42:00,login,web,2026-02-05,15
U01173,2026-01-09 10:18:00,session_end,mobile,2026-01-09,10
U01173,2026-01-17 18:33:00,logout,unknown,2026-01-17,18
U01173,2026-01-18 17:55:00,login,mobile,2026-01-18,17
U01174,2026-02-04 09:30:00,page_view,web,2026-02-04,9
U01174,2026-02-12 23:34:00,login,unknown,2026-02-12,23
U01174,2026-02-07 12:00:00,login,mobile,2026-02-07,12
U01174,2026-02-12 07:59:00,session_start,web,2026-02-12,7
U01174,2026-02-10 23:35:00,login,unknown,2026-02-10,23
U01174,2026-02-15 05:05:00,login,unknown,2026-02-15,5
U01175,2026-04-07 14:11:00,session_start,web,2026-04-07,14
U01175,2026-04-14 01:51:00,login,web,2026-04-14,1
U01176,2026-06-27 04:39:00,logout,mobile,2026-06-27,4
U01176,2026-06-21 14:55:00,logout,unknown,2026-06-21,14
U01176,2026-06-24 16:33:00,page_view,unknown,2026-06-24,16
U01176,2026-06-24 17:33:00,session_start,unknown,2026-06-24,17
U01176,2026-06-20 09:17:00,login,web,2026-06-20,9
U01176,2026-06-29 14:48:00,login,web,2026-06-29,14
U01176,2026-06-18 08:00:00,login,mobile,2026-06-18,8
U01176,2026-06-26 18:44:00,login,unknown,2026-06-26,18
U01177,2026-03-22 00:44:00,login,unknown,2026-03-22,0
U01177,2026-03-10 22:29:00,login,web,2026-03-10,22
U01177,2026-03-19 18:13:00,login,unknown,2026-03-19,18
U01177,2026-03-22 07:33:00,session_end,web,2026-03-22,7
U01177,2026-03-09 04:53:00,login,web,2026-03-09,4
U01177,2026-03-20 09:30:00,session_end,mobile,2026-03-20,9
U01177,2026-03-14 23:50:00,page_view,web,2026-03-14,23
U01177,2026-03-14 03:58:00,login,web,2026-03-14,3
U01177,2026-03-14 17:51:00,session_start,mobile,2026-03-14,17
U01177,2026-03-19 04:44:00,login,web,2026-03-19,4
U01177,2026-03-20 14:01:00,page_view,unknown,2026-03-20,14
U01177,2026-03-13 19:16:00,session_end,web,2026-03-13,19
U01177,2026-03-21 10:14:00,login,unknown,2026-03-21,10
U01177,2026-03-08 04:45:00,login,unknown,2026-03-08,4
U01178,2026-01-27 09:15:00,login,web,2026-01-27,9
U01178,2026-01-20 14:43:00,login,unknown,2026-01-20,14
U01178,2026-01-18 17:26:00,page_view,mobile,2026-01-18,17
U01178,2026-01-21 09:29:00,logout,web,2026-01-21,9
U01178,2026-01-23 06:55:00,login,web,2026-01-23,6
U01178,2026-01-19 20:04:00,login,web,2026-01-19,20
U01178,2026-01-24 17:54:00,login,unknown,2026-01-24,17
U01178,2026-01-25 01:57:00,session_start,unknown,2026-01-25,1
U01179,2026-04-25 10:44:00,login,web,2026-04-25,10
U01179,2026-05-03 16:21:00,session_end,unknown,2026-05-03,16
U01179,2026-04-30 07:22:00,session_start,web,2026-04-30,7
U01179,2026-05-05 09:05:00,session_end,web,2026-05-05,9
U01179,2026-04-26 20:54:00,session_end,mobile,2026-04-26,20
U01180,2026-03-31 04:04:00,login,unknown,2026-03-31,4
U01180,2026-04-01 18:02:00,login,web,2026-04-01,18
U01180,2026-04-01 18:59:00,page_view,web,2026-04-01,18
U01181,2026-05-01 17:32:00,login,web,2026-05-01,17
U01181,2026-05-06 01:21:00,login,web,2026-05-06,1
U01181,2026-05-02 02:42:00,login,mobile,2026-05-02,2
U01181,2026-05-12 19:34:00,session_end,unknown,2026-05-12,19
U01181,2026-04-30 23:48:00,logout,mobile,2026-04-30,23
U01181,2026-05-02 23:10:00,login,mobile,2026-05-02,23
U01182,2026-05-04 13:24:00,session_end,unknown,2026-05-04,13
U01182,2026-04-25 04:50:00,session_start,unknown,2026-04-25,4
U01182,2026-04-29 12:08:00,session_start,web,2026-04-29,12
U01182,2026-04-23 15:09:00,session_end,unknown,2026-04-23,15
U01183,2026-05-19 12:01:00,page_view,mobile,2026-05-19,12
U01183,2026-05-10 00:32:00,session_start,unknown,2026-05-10,0
U01183,2026-05-16 07:53:00,login,unknown,2026-05-16,7
U01183,2026-05-09 23:00:00,session_start,mobile,2026-05-09,23
U01183,2026-05-18 17:14:00,logout,mobile,2026-05-18,17
U01183,2026-05-12 20:40:00,login,web,2026-05-12,20
U01183,2026-05-15 07:21:00,session_start,mobile,2026-05-15,7
U01183,2026-05-11 20:08:00,logout,unknown,2026-05-11,20
U01183,2026-05-15 20:45:00,logout,web,2026-05-15,20
U01183,2026-05-08 08:21:00,login,web,2026-05-08,8
U01183,2026-05-16 11:45:00,session_end,unknown,2026-05-16,11
U01183,2026-05-11 01:08:00,logout,unknown,2026-05-11,1
U01184,2026-04-23 23:40:00,page_view,mobile,2026-04-23,23
U01184,2026-04-22 17:22:00,logout,unknown,2026-04-22,17
U01184,2026-05-04 00:19:00,page_view,mobile,2026-05-04,0
U01184,2026-05-02 08:02:00,logout,mobile,2026-05-02,8
U01184,2026-04-25 10:21:00,login,unknown,2026-04-25,10
U01185,2026-03-04 19:46:00,logout,mobile,2026-03-04,19
U01185,2026-03-05 14:57:00,session_start,web,2026-03-05,14
U01185,2026-02-28 03:06:00,session_start,unknown,2026-02-28,3
U01186,2026-03-21 17:54:00,login,web,2026-03-21,17
U01187,2026-01-21 18:26:00,page_view,web,2026-01-21,18
U01187,2026-01-15 20:29:00,login,unknown,2026-01-15,20
U01187,2026-01-22 10:24:00,session_end,web,2026-01-22,10
U01187,2026-01-13 08:32:00,page_view,web,2026-01-13,8
U01187,2026-01-20 21:27:00,session_start,mobile,2026-01-20,21
U01187,2026-01-12 05:45:00,login,web,2026-01-12,5
U01187,2026-01-20 05:18:00,session_end,web,2026-01-20,5
U01187,2026-01-14 17:29:00,page_view,unknown,2026-01-14,17
U01187,2026-01-09 00:42:00,logout,unknown,2026-01-09,0
U01187,2026-01-23 05:15:00,page_view,web,2026-01-23,5
U01188,2026-03-09 18:53:00,session_end,web,2026-03-09,18
U01188,2026-03-06 13:17:00,login,unknown,2026-03-06,13
U01188,2026-03-10 00:40:00,session_end,web,2026-03-10,0
U01189,2026-05-11 01:05:00,login,web,2026-05-11,1
U01190,2026-05-06 07:36:00,session_end,web,2026-05-06,7
U01190,2026-05-14 03:15:00,page_view,unknown,2026-05-14,3
U01190,2026-05-04 12:09:00,session_end,mobile,2026-05-04,12
U01190,2026-05-06 11:27:00,session_end,web,2026-05-06,11
U01190,2026-05-08 17:49:00,login,web,2026-05-08,17
U01190,2026-05-11 21:01:00,login,web,2026-05-11,21
U01190,2026-05-16 06:13:00,session_start,web,2026-05-16,6
U01190,2026-05-16 06:20:00,session_start,unknown,2026-05-16,6
U01190,2026-05-03 04:40:00,page_view,unknown,2026-05-03,4
U01190,2026-05-10 05:32:00,logout,unknown,2026-05-10,5
U01191,2026-04-10 10:59:00,session_start,web,2026-04-10,10
U01191,2026-04-18 13:42:00,session_end,web,2026-04-18,13
U01191,2026-04-16 22:58:00,session_end,web,2026-04-16,22
U01191,2026-04-14 15:21:00,session_end,web,2026-04-14,15
U01191,2026-04-18 18:23:00,login,web,2026-04-18,18
U01191,2026-04-23 10:20:00,page_view,mobile,2026-04-23,10
U01191,2026-04-20 20:24:00,login,web,2026-04-20,20
U01191,2026-04-16 03:19:00,session_end,web,2026-04-16,3
U01191,2026-04-23 09:57:00,login,mobile,2026-04-23,9
U01191,2026-04-18 11:10:00,page_view,web,2026-04-18,11
U01192,2026-02-23 23:54:00,page_view,web,2026-02-23,23
U01192,2026-02-23 01:29:00,page_view,mobile,2026-02-23,1
U01192,2026-03-05 02:25:00,page_view,web,2026-03-05,2
U01192,2026-02-22 02:39:00,page_view,mobile,2026-02-22,2
U01192,2026-02-22 09:53:00,login,unknown,2026-02-22,9
U01192,2026-02-25 22:18:00,login,mobile,2026-02-25,22
U01192,2026-02-21 06:02:00,logout,mobile,2026-02-21,6
U01192,2026-02-28 20:24:00,logout,web,2026-02-28,20
U01192,2026-02-28 06:01:00,session_end,mobile,2026-02-28,6
U01192,2026-02-25 01:12:00,logout,web,2026-02-25,1
U01192,2026-03-03 07:11:00,page_view,web,2026-03-03,7
U01192,2026-03-05 05:47:00,login,web,2026-03-05,5
U01192,2026-02-21 23:44:00,login,mobile,2026-02-21,23
U01193,2026-03-17 13:14:00,login,web,2026-03-17,13
U01193,2026-03-14 08:05:00,login,web,2026-03-14,8
U01194,2026-01-18 17:57:00,login,web,2026-01-18,17
U01195,2026-04-13 21:10:00,login,unknown,2026-04-13,21
U01195,2026-04-11 10:37:00,session_end,web,2026-04-11,10
U01195,2026-04-13 00:18:00,logout,unknown,2026-04-13,0
U01195,2026-04-11 08:05:00,login,mobile,2026-04-11,8
U01195,2026-04-16 04:20:00,login,unknown,2026-04-16,4
U01195,2026-04-02 02:35:00,session_end,web,2026-04-02,2
U01196,2026-04-11 03:13:00,logout,web,2026-04-11,3
U01196,2026-04-10 23:14:00,login,web,2026-04-10,23
U01196,2026-04-06 02:12:00,login,unknown,2026-04-06,2
U01196,2026-04-10 05:57:00,session_start,unknown,2026-04-10,5
U01196,2026-04-07 13:05:00,login,unknown,2026-04-07,13
U01196,2026-04-02 09:52:00,login,web,2026-04-02,9
U01196,2026-04-11 03:09:00,login,mobile,2026-04-11,3
U01197,2026-04-19 02:56:00,page_view,mobile,2026-04-19,2
U01197,2026-04-18 02:14:00,login,web,2026-04-18,2
U01197,2026-04-14 18:54:00,login,web,2026-04-14,18
U01197,2026-04-12 19:33:00,session_end,web,2026-04-12,19
U01197,2026-04-18 17:41:00,session_end,web,2026-04-18,17
U01197,2026-04-19 12:43:00,session_start,web,2026-04-19,12
U01197,2026-04-22 11:10:00,login,web,2026-04-22,11
U01198,2026-01-20 18:06:00,page_view,web,2026-01-20,18
U01198,2026-01-15 04:04:00,page_view,mobile,2026-01-15,4
U01198,2026-01-10 10:25:00,session_end,mobile,2026-01-10,10
U01198,2026-01-08 14:09:00,login,unknown,2026-01-08,14
U01198,2026-01-21 20:25:00,session_start,web,2026-01-21,20
U01198,2026-01-11 22:56:00,page_view,web,2026-01-11,22
U01198,2026-01-21 15:05:00,login,mobile,2026-01-21,15
U01198,2026-01-18 17:57:00,session_end,web,2026-01-18,17
U01198,2026-01-16 03:56:00,session_end,unknown,2026-01-16,3
U01198,2026-01-11 01:20:00,logout,web,2026-01-11,1
U01198,2026-01-08 07:46:00,login,mobile,2026-01-08,7
U01198,2026-01-07 07:17:00,logout,web,2026-01-07,7
U01198,2026-01-16 11:27:00,login,unknown,2026-01-16,11
U01199,2026-01-09 08:57:00,session_end,unknown,2026-01-09,8
U01200,2026-05-28 12:22:00,login,unknown,2026-05-28,12
U01200,2026-05-23 11:48:00,page_view,mobile,2026-05-23,11
U01200,2026-05-21 22:55:00,page_view,unknown,2026-05-21,22
U01200,2026-05-18 07:04:00,logout,unknown,2026-05-18,7
U01200,2026-05-28 23:13:00,login,unknown,2026-05-28,23
U01200,2026-05-16 06:42:00,session_start,web,2026-05-16,6
U01200,2026-05-17 20:54:00,page_view,web,2026-05-17,20
U01201,2026-03-06 22:48:00,session_start,web,2026-03-06,22
U01201,2026-03-04 18:39:00,session_start,mobile,2026-03-04,18
U01201,2026-03-01 13:25:00,logout,unknown,2026-03-01,13
U01201,2026-03-01 00:22:00,session_end,web,2026-03-01,0
U01201,2026-03-07 19:55:00,logout,unknown,2026-03-07,19
U01201,2026-03-07 21:38:00,login,mobile,2026-03-07,21
U01201,2026-03-13 07:13:00,page_view,unknown,2026-03-13,7
U01201,2026-03-01 00:31:00,login,web,2026-03-01,0
U01202,2026-03-13 00:50:00,login,unknown,2026-03-13,0
U01203,2026-05-30 02:17:00,page_view,web,2026-05-30,2
U01204,2026-06-05 13:12:00,login,mobile,2026-06-05,13
U01204,2026-05-31 09:13:00,logout,web,2026-05-31,9
U01204,2026-06-09 12:21:00,session_end,unknown,2026-06-09,12
U01204,2026-06-01 09:56:00,page_view,mobile,2026-06-01,9
U01204,2026-06-06 20:10:00,login,unknown,2026-06-06,20
U01204,2026-06-02 19:46:00,login,unknown,2026-06-02,19
U01205,2026-02-16 04:33:00,logout,web,2026-02-16,4
U01205,2026-02-28 17:53:00,page_view,mobile,2026-02-28,17
U01205,2026-02-24 11:35:00,login,web,2026-02-24,11
U01205,2026-02-19 10:55:00,login,mobile,2026-02-19,10
U01206,2026-06-10 03:57:00,session_end,unknown,2026-06-10,3
U01206,2026-06-13 00:13:00,login,mobile,2026-06-13,0
U01206,2026-06-13 07:27:00,session_start,mobile,2026-06-13,7
U01206,2026-06-09 22:31:00,login,unknown,2026-06-09,22
U01206,2026-06-15 18:53:00,page_view,mobile,2026-06-15,18
U01207,2026-04-04 07:34:00,login,web,2026-04-04,7
U01207,2026-04-06 22:15:00,session_start,web,2026-04-06,22
U01207,2026-04-09 11:33:00,login,unknown,2026-04-09,11
U01207,2026-04-08 08:33:00,session_start,unknown,2026-04-08,8
U01207,2026-04-13 08:06:00,session_start,mobile,2026-04-13,8
U01207,2026-04-09 02:08:00,login,unknown,2026-04-09,2
U01207,2026-04-05 03:29:00,login,web,2026-04-05,3
U01208,2026-04-15 05:36:00,session_start,unknown,2026-04-15,5
U01208,2026-04-07 01:07:00,login,web,2026-04-07,1
U01208,2026-04-09 09:00:00,session_end,web,2026-04-09,9
U01208,2026-04-02 23:49:00,login,web,2026-04-02,23
U01208,2026-04-13 02:23:00,session_start,mobile,2026-04-13,2
U01208,2026-04-09 03:45:00,login,mobile,2026-04-09,3
U01208,2026-04-12 12:57:00,login,web,2026-04-12,12
U01208,2026-04-07 17:24:00,login,web,2026-04-07,17
U01209,2026-05-29 12:58:00,login,mobile,2026-05-29,12
U01209,2026-06-08 12:04:00,login,mobile,2026-06-08,12
U01209,2026-05-31 23:47:00,login,web,2026-05-31,23
U01209,2026-05-30 10:45:00,page_view,web,2026-05-30,10
U01209,2026-05-31 11:58:00,login,mobile,2026-05-31,11
U01209,2026-06-05 12:32:00,login,unknown,2026-06-05,12
U01210,2026-05-27 08:59:00,logout,mobile,2026-05-27,8
U01210,2026-05-26 14:05:00,login,web,2026-05-26,14
U01210,2026-05-22 09:56:00,logout,web,2026-05-22,9
U01210,2026-05-29 21:20:00,login,web,2026-05-29,21
U01211,2026-01-23 18:22:00,page_view,unknown,2026-01-23,18
U01211,2026-01-22 13:01:00,login,mobile,2026-01-22,13
U01211,2026-01-10 02:05:00,session_end,unknown,2026-01-10,2
U01211,2026-01-20 04:09:00,session_start,mobile,2026-01-20,4
U01211,2026-01-13 16:24:00,logout,unknown,2026-01-13,16
U01211,2026-01-24 08:43:00,login,web,2026-01-24,8
U01211,2026-01-20 23:49:00,session_start,mobile,2026-01-20,23
U01211,2026-01-16 16:14:00,session_end,web,2026-01-16,16
U01211,2026-01-20 01:37:00,login,unknown,2026-01-20,1
U01211,2026-01-10 18:12:00,login,web,2026-01-10,18
U01211,2026-01-22 22:38:00,session_end,web,2026-01-22,22
U01212,2026-03-07 21:58:00,login,web,2026-03-07,21
U01212,2026-03-09 03:04:00,login,unknown,2026-03-09,3
U01212,2026-03-13 22:50:00,login,web,2026-03-13,22
U01212,2026-03-04 08:52:00,session_end,web,2026-03-04,8
U01212,2026-03-09 08:12:00,logout,unknown,2026-03-09,8
U01213,2026-05-28 14:02:00,login,unknown,2026-05-28,14
U01213,2026-05-17 15:59:00,session_end,web,2026-05-17,15
U01213,2026-05-26 21:36:00,login,web,2026-05-26,21
U01213,2026-05-19 05:38:00,login,web,2026-05-19,5
U01213,2026-05-19 19:47:00,session_start,unknown,2026-05-19,19
U01213,2026-05-24 10:18:00,login,web,2026-05-24,10
U01213,2026-05-26 22:30:00,logout,web,2026-05-26,22
U01214,2026-04-08 13:08:00,session_start,web,2026-04-08,13
U01214,2026-03-28 16:00:00,login,web,2026-03-28,16
U01214,2026-04-01 23:56:00,page_view,web,2026-04-01,23
U01214,2026-04-05 14:13:00,login,web,2026-04-05,14
U01214,2026-04-02 18:42:00,logout,web,2026-04-02,18
U01214,2026-04-06 10:37:00,login,mobile,2026-04-06,10
U01215,2026-02-08 21:07:00,logout,unknown,2026-02-08,21
U01215,2026-02-14 06:35:00,login,mobile,2026-02-14,6
U01215,2026-02-09 08:58:00,page_view,unknown,2026-02-09,8
U01215,2026-02-14 02:43:00,page_view,web,2026-02-14,2
U01216,2026-03-24 02:28:00,login,unknown,2026-03-24,2
U01216,2026-04-01 03:08:00,page_view,web,2026-04-01,3
U01216,2026-04-03 20:21:00,session_start,unknown,2026-04-03,20
U01216,2026-03-25 23:47:00,login,web,2026-03-25,23
U01216,2026-04-06 08:55:00,logout,web,2026-04-06,8
U01216,2026-04-01 09:05:00,page_view,web,2026-04-01,9
U01216,2026-03-26 20:45:00,page_view,mobile,2026-03-26,20
U01217,2026-02-12 22:22:00,logout,mobile,2026-02-12,22
U01217,2026-02-19 17:12:00,page_view,mobile,2026-02-19,17
U01217,2026-02-14 05:43:00,session_end,unknown,2026-02-14,5
U01217,2026-02-18 11:55:00,session_start,unknown,2026-02-18,11
U01217,2026-02-16 17:07:00,page_view,mobile,2026-02-16,17
U01217,2026-02-07 04:26:00,login,unknown,2026-02-07,4
U01217,2026-02-11 20:29:00,page_view,unknown,2026-02-11,20
U01217,2026-02-08 02:21:00,session_end,mobile,2026-02-08,2
U01217,2026-02-21 23:46:00,login,unknown,2026-02-21,23
U01218,2026-01-29 21:56:00,session_end,web,2026-01-29,21
U01219,2026-01-20 23:59:00,login,unknown,2026-01-20,23
U01219,2026-01-30 18:07:00,login,unknown,2026-01-30,18
U01219,2026-01-20 02:19:00,session_start,web,2026-01-20,2
U01219,2026-01-23 12:45:00,page_view,web,2026-01-23,12
U01219,2026-01-20 18:54:00,session_end,mobile,2026-01-20,18
U01219,2026-01-19 18:29:00,login,web,2026-01-19,18
U01220,2026-06-02 23:49:00,login,unknown,2026-06-02,23
U01220,2026-06-03 23:52:00,logout,web,2026-06-03,23
U01220,2026-06-11 05:15:00,session_start,unknown,2026-06-11,5
U01220,2026-06-04 17:43:00,logout,unknown,2026-06-04,17
U01220,2026-06-07 00:03:00,session_start,web,2026-06-07,0
U01220,2026-06-10 04:21:00,login,mobile,2026-06-10,4
U01220,2026-06-05 03:10:00,login,web,2026-06-05,3
U01221,2026-03-27 05:48:00,login,unknown,2026-03-27,5
U01221,2026-03-26 18:37:00,login,unknown,2026-03-26,18
U01221,2026-03-29 12:26:00,page_view,web,2026-03-29,12
U01221,2026-03-21 17:27:00,login,mobile,2026-03-21,17
U01221,2026-03-27 06:53:00,session_end,web,2026-03-27,6
U01221,2026-03-26 02:26:00,login,unknown,2026-03-26,2
U01221,2026-03-31 21:33:00,login,web,2026-03-31,21
U01221,2026-03-31 22:00:00,logout,web,2026-03-31,22
U01221,2026-03-22 21:47:00,session_start,web,2026-03-22,21
U01221,2026-04-01 23:37:00,logout,web,2026-04-01,23
U01222,2026-04-29 01:51:00,login,unknown,2026-04-29,1
U01222,2026-04-30 01:33:00,page_view,unknown,2026-04-30,1
U01222,2026-05-06 22:45:00,logout,unknown,2026-05-06,22
U01223,2026-02-26 18:14:00,login,web,2026-02-26,18
U01223,2026-02-21 22:02:00,session_end,mobile,2026-02-21,22
U01223,2026-02-18 16:17:00,session_end,mobile,2026-02-18,16
U01223,2026-02-24 22:44:00,session_start,unknown,2026-02-24,22
U01223,2026-02-25 09:34:00,session_start,unknown,2026-02-25,9
U01223,2026-02-28 21:11:00,session_end,unknown,2026-02-28,21
U01223,2026-02-19 01:54:00,session_start,web,2026-02-19,1
U01224,2026-06-17 08:51:00,login,unknown,2026-06-17,8
U01224,2026-06-12 14:08:00,session_start,unknown,2026-06-12,14
U01224,2026-06-13 11:43:00,login,web,2026-06-13,11
U01224,2026-06-19 19:32:00,login,web,2026-06-19,19
U01224,2026-06-14 18:17:00,session_start,unknown,2026-06-14,18
U01224,2026-06-16 11:00:00,logout,web,2026-06-16,11
U01224,2026-06-10 09:21:00,logout,mobile,2026-06-10,9
U01225,2026-06-12 04:03:00,login,unknown,2026-06-12,4
U01226,2026-03-22 12:39:00,login,web,2026-03-22,12
U01227,2026-02-05 04:54:00,page_view,unknown,2026-02-05,4
U01227,2026-02-12 08:22:00,login,web,2026-02-12,8
U01227,2026-02-09 07:15:00,login,web,2026-02-09,7
U01227,2026-02-09 08:49:00,logout,web,2026-02-09,8
U01227,2026-02-13 12:14:00,login,web,2026-02-13,12
U01227,2026-02-08 16:21:00,login,mobile,2026-02-08,16
U01227,2026-02-06 14:25:00,page_view,unknown,2026-02-06,14
U01227,2026-02-07 03:08:00,login,mobile,2026-02-07,3
U01227,2026-02-09 20:36:00,session_end,web,2026-02-09,20
U01228,2026-01-01 23:51:00,login,mobile,2026-01-01,23
U01228,2026-01-07 23:59:00,logout,unknown,2026-01-07,23
U01228,2026-01-10 06:12:00,login,unknown,2026-01-10,6
U01228,2026-01-07 07:13:00,login,mobile,2026-01-07,7
U01228,2026-01-03 17:22:00,page_view,unknown,2026-01-03,17
U01228,2026-01-03 16:14:00,session_start,mobile,2026-01-03,16
U01228,2026-01-15 07:31:00,page_view,mobile,2026-01-15,7
U01228,2026-01-03 10:48:00,session_end,mobile,2026-01-03,10
U01229,2026-05-27 01:14:00,logout,mobile,2026-05-27,1
U01229,2026-06-06 15:52:00,logout,web,2026-06-06,15
U01229,2026-05-26 17:44:00,session_end,web,2026-05-26,17
U01229,2026-05-28 20:13:00,login,web,2026-05-28,20
U01229,2026-05-29 23:28:00,login,web,2026-05-29,23
U01229,2026-05-29 06:14:00,logout,mobile,2026-05-29,6
U01230,2026-04-02 03:40:00,page_view,mobile,2026-04-02,3
U01230,2026-03-31 08:23:00,session_start,web,2026-03-31,8
U01230,2026-03-25 11:41:00,session_start,web,2026-03-25,11
U01230,2026-03-27 14:14:00,session_start,web,2026-03-27,14
U01230,2026-04-01 16:51:00,page_view,web,2026-04-01,16
U01230,2026-04-04 21:43:00,login,unknown,2026-04-04,21
U01230,2026-03-29 18:42:00,session_start,web,2026-03-29,18
U01231,2026-06-27 20:40:00,session_start,web,2026-06-27,20
U01231,2026-06-18 22:22:00,login,web,2026-06-18,22
U01231,2026-06-24 22:09:00,login,web,2026-06-24,22
U01231,2026-06-20 21:44:00,session_end,mobile,2026-06-20,21
U01231,2026-06-20 19:42:00,login,unknown,2026-06-20,19
U01231,2026-06-17 00:20:00,login,mobile,2026-06-17,0
U01231,2026-06-23 14:12:00,page_view,unknown,2026-06-23,14
U01232,2026-02-14 16:23:00,session_end,mobile,2026-02-14,16
U01232,2026-02-10 23:08:00,session_end,mobile,2026-02-10,23
U01232,2026-02-16 18:02:00,login,unknown,2026-02-16,18
U01232,2026-02-15 19:29:00,page_view,mobile,2026-02-15,19
U01232,2026-02-16 06:05:00,page_view,web,2026-02-16,6
U01232,2026-02-06 07:10:00,login,web,2026-02-06,7
U01232,2026-02-18 18:52:00,page_view,unknown,2026-02-18,18
U01232,2026-02-11 11:49:00,login,web,2026-02-11,11
U01232,2026-02-08 10:00:00,session_start,unknown,2026-02-08,10
U01232,2026-02-12 23:41:00,session_end,unknown,2026-02-12,23
U01232,2026-02-16 21:49:00,login,unknown,2026-02-16,21
U01232,2026-02-16 14:14:00,login,unknown,2026-02-16,14
U01232,2026-02-12 15:05:00,logout,web,2026-02-12,15
U01233,2026-03-15 18:36:00,page_view,unknown,2026-03-15,18
U01233,2026-03-05 04:35:00,session_end,web,2026-03-05,4
U01233,2026-03-13 19:05:00,page_view,web,2026-03-13,19
U01233,2026-03-05 16:21:00,login,web,2026-03-05,16
U01233,2026-03-04 15:24:00,login,mobile,2026-03-04,15
U01234,2026-06-13 10:22:00,session_end,unknown,2026-06-13,10
U01234,2026-06-15 21:28:00,login,mobile,2026-06-15,21
U01234,2026-06-21 21:26:00,login,web,2026-06-21,21
U01234,2026-06-21 10:58:00,session_end,web,2026-06-21,10
U01234,2026-06-12 06:35:00,session_end,web,2026-06-12,6
U01234,2026-06-17 23:18:00,session_start,web,2026-06-17,23
U01234,2026-06-18 21:41:00,login,mobile,2026-06-18,21
U01234,2026-06-13 15:03:00,session_end,unknown,2026-06-13,15
U01235,2026-06-16 01:03:00,login,web,2026-06-16,1
U01235,2026-06-13 21:09:00,page_view,unknown,2026-06-13,21
U01235,2026-06-16 12:42:00,session_start,mobile,2026-06-16,12
U01235,2026-06-23 23:10:00,login,unknown,2026-06-23,23
U01235,2026-06-23 14:13:00,page_view,mobile,2026-06-23,14
U01235,2026-06-15 23:13:00,login,unknown,2026-06-15,23
U01236,2026-01-07 18:13:00,session_end,web,2026-01-07,18
U01236,2026-01-09 21:25:00,login,web,2026-01-09,21
U01236,2026-01-12 03:02:00,session_end,web,2026-01-12,3
U01236,2026-01-07 17:33:00,session_start,unknown,2026-01-07,17
U01236,2026-01-14 23:01:00,page_view,unknown,2026-01-14,23
U01236,2026-01-06 23:09:00,session_start,web,2026-01-06,23
U01236,2026-01-07 14:49:00,logout,mobile,2026-01-07,14
U01236,2026-01-13 15:32:00,login,web,2026-01-13,15
U01236,2026-01-13 08:05:00,session_start,unknown,2026-01-13,8
U01236,2026-01-15 01:50:00,logout,web,2026-01-15,1
U01237,2026-03-14 06:31:00,login,unknown,2026-03-14,6
U01237,2026-03-09 22:42:00,page_view,web,2026-03-09,22
U01238,2026-03-17 17:06:00,login,web,2026-03-17,17
U01238,2026-03-12 15:52:00,login,web,2026-03-12,15
U01238,2026-03-13 13:36:00,logout,web,2026-03-13,13
U01238,2026-03-11 15:50:00,login,mobile,2026-03-11,15
U01238,2026-03-15 14:49:00,session_end,web,2026-03-15,14
U01238,2026-03-18 22:20:00,login,web,2026-03-18,22
U01238,2026-03-17 10:24:00,session_start,web,2026-03-17,10
U01238,2026-03-21 02:35:00,login,unknown,2026-03-21,2
U01238,2026-03-15 09:47:00,session_start,unknown,2026-03-15,9
U01239,2026-01-14 18:33:00,logout,mobile,2026-01-14,18
U01239,2026-01-20 08:15:00,logout,web,2026-01-20,8
U01239,2026-01-18 01:38:00,logout,unknown,2026-01-18,1
U01239,2026-01-21 10:39:00,login,web,2026-01-21,10
U01239,2026-01-19 05:47:00,login,web,2026-01-19,5
U01239,2026-01-15 07:02:00,session_end,unknown,2026-01-15,7
U01239,2026-01-17 12:51:00,session_end,mobile,2026-01-17,12
U01239,2026-01-17 07:19:00,logout,mobile,2026-01-17,7
U01239,2026-01-18 08:33:00,session_start,web,2026-01-18,8
U01240,2026-04-20 03:11:00,logout,web,2026-04-20,3
U01240,2026-04-28 11:24:00,login,mobile,2026-04-28,11
U01241,2026-05-15 14:04:00,login,web,2026-05-15,14
U01241,2026-05-10 10:55:00,login,unknown,2026-05-10,10
U01241,2026-05-16 09:24:00,session_start,web,2026-05-16,9
U01241,2026-05-21 09:37:00,logout,web,2026-05-21,9
U01241,2026-05-10 15:25:00,login,unknown,2026-05-10,15
U01241,2026-05-11 14:27:00,page_view,web,2026-05-11,14
U01242,2026-04-17 23:56:00,login,unknown,2026-04-17,23
U01242,2026-04-08 05:11:00,login,web,2026-04-08,5
U01242,2026-04-07 07:46:00,session_end,unknown,2026-04-07,7
U01242,2026-04-18 10:22:00,session_end,unknown,2026-04-18,10
U01243,2026-06-08 16:45:00,page_view,web,2026-06-08,16
U01243,2026-06-07 18:57:00,page_view,web,2026-06-07,18
U01243,2026-05-28 09:07:00,login,mobile,2026-05-28,9
U01243,2026-05-31 06:23:00,login,unknown,2026-05-31,6
U01243,2026-06-08 22:42:00,session_start,web,2026-06-08,22
U01243,2026-05-29 07:32:00,login,web,2026-05-29,7
U01243,2026-06-08 00:49:00,logout,web,2026-06-08,0
U01243,2026-05-30 18:21:00,logout,unknown,2026-05-30,18
U01243,2026-05-31 16:00:00,login,web,2026-05-31,16
U01243,2026-05-29 05:54:00,login,web,2026-05-29,5
U01244,2026-02-24 14:06:00,session_end,web,2026-02-24,14
U01244,2026-02-25 11:35:00,login,unknown,2026-02-25,11
U01244,2026-02-22 20:51:00,login,web,2026-02-22,20
U01244,2026-02-20 18:49:00,session_end,web,2026-02-20,18
U01244,2026-02-14 12:40:00,logout,web,2026-02-14,12
U01244,2026-02-11 11:21:00,login,web,2026-02-11,11
U01244,2026-02-21 23:51:00,session_end,mobile,2026-02-21,23
U01244,2026-02-24 18:26:00,session_end,unknown,2026-02-24,18
U01244,2026-02-12 16:27:00,logout,unknown,2026-02-12,16
U01244,2026-02-12 15:00:00,session_end,web,2026-02-12,15
U01244,2026-02-21 09:39:00,login,mobile,2026-02-21,9
U01244,2026-02-22 05:48:00,logout,web,2026-02-22,5
U01245,2026-03-17 15:58:00,page_view,web,2026-03-17,15
U01245,2026-03-26 13:05:00,login,mobile,2026-03-26,13
U01245,2026-03-20 04:04:00,logout,mobile,2026-03-20,4
U01245,2026-03-21 18:22:00,login,mobile,2026-03-21,18
U01246,2026-01-27 18:55:00,logout,web,2026-01-27,18
U01246,2026-01-27 21:03:00,logout,mobile,2026-01-27,21
U01246,2026-02-03 21:04:00,session_start,unknown,2026-02-03,21
U01246,2026-02-01 16:35:00,login,unknown,2026-02-01,16
U01246,2026-01-29 22:28:00,login,web,2026-01-29,22
U01246,2026-02-02 12:06:00,login,mobile,2026-02-02,12
U01246,2026-02-10 13:50:00,page_view,mobile,2026-02-10,13
U01246,2026-02-07 01:41:00,login,web,2026-02-07,1
U01246,2026-02-02 18:53:00,login,web,2026-02-02,18
U01246,2026-02-02 10:31:00,page_view,web,2026-02-02,10
U01247,2026-04-09 03:07:00,session_end,unknown,2026-04-09,3
U01247,2026-04-07 20:04:00,session_end,web,2026-04-07,20
U01247,2026-04-21 03:42:00,page_view,mobile,2026-04-21,3
U01247,2026-04-20 21:45:00,page_view,mobile,2026-04-20,21
U01247,2026-04-20 21:39:00,logout,mobile,2026-04-20,21
U01247,2026-04-10 01:11:00,login,web,2026-04-10,1
U01247,2026-04-16 23:32:00,logout,unknown,2026-04-16,23
U01247,2026-04-16 23:58:00,login,web,2026-04-16,23
U01247,2026-04-13 04:14:00,login,web,2026-04-13,4
U01247,2026-04-20 21:21:00,session_end,unknown,2026-04-20,21
U01247,2026-04-15 21:44:00,session_end,web,2026-04-15,21
U01248,2026-02-02 00:56:00,session_end,unknown,2026-02-02,0
U01248,2026-01-30 03:36:00,logout,unknown,2026-01-30,3
U01248,2026-02-02 17:03:00,login,web,2026-02-02,17
U01249,2026-03-28 11:10:00,login,web,2026-03-28,11
U01249,2026-03-30 01:53:00,login,unknown,2026-03-30,1
U01249,2026-03-28 16:07:00,session_start,web,2026-03-28,16
U01250,2026-05-16 03:44:00,session_end,web,2026-05-16,3
U01250,2026-05-08 08:47:00,logout,unknown,2026-05-08,8
U01251,2026-05-04 01:56:00,session_end,web,2026-05-04,1
U01251,2026-05-02 19:31:00,login,web,2026-05-02,19
U01251,2026-04-21 17:53:00,login,web,2026-04-21,17
U01251,2026-04-27 18:20:00,login,web,2026-04-27,18
U01251,2026-04-30 11:01:00,logout,unknown,2026-04-30,11
U01251,2026-04-21 18:43:00,logout,web,2026-04-21,18
U01251,2026-05-04 16:02:00,session_start,mobile,2026-05-04,16
U01251,2026-05-02 14:16:00,login,unknown,2026-05-02,14
U01251,2026-04-27 19:35:00,login,web,2026-04-27,19
U01251,2026-04-30 20:02:00,session_start,web,2026-04-30,20
U01252,2026-06-07 19:17:00,login,web,2026-06-07,19
U01252,2026-06-07 21:39:00,page_view,web,2026-06-07,21
U01252,2026-06-09 19:22:00,session_start,unknown,2026-06-09,19
U01252,2026-06-19 13:11:00,login,mobile,2026-06-19,13
U01252,2026-06-15 20:34:00,login,unknown,2026-06-15,20
U01252,2026-06-11 12:38:00,login,web,2026-06-11,12
U01252,2026-06-08 01:06:00,session_start,web,2026-06-08,1
U01252,2026-06-12 04:33:00,page_view,unknown,2026-06-12,4
U01253,2026-01-27 15:18:00,page_view,unknown,2026-01-27,15
U01253,2026-02-09 16:20:00,session_end,web,2026-02-09,16
U01253,2026-01-28 21:24:00,login,unknown,2026-01-28,21
U01253,2026-02-01 02:07:00,logout,unknown,2026-02-01,2
U01253,2026-02-01 04:49:00,page_view,unknown,2026-02-01,4
U01253,2026-02-01 00:49:00,login,web,2026-02-01,0
U01253,2026-02-04 16:08:00,login,unknown,2026-02-04,16
U01253,2026-02-09 17:38:00,page_view,unknown,2026-02-09,17
U01253,2026-02-02 20:02:00,login,unknown,2026-02-02,20
U01254,2026-02-23 12:10:00,logout,unknown,2026-02-23,12
U01254,2026-03-01 15:52:00,page_view,web,2026-03-01,15
U01254,2026-02-18 05:04:00,login,unknown,2026-02-18,5
U01254,2026-02-20 06:05:00,page_view,mobile,2026-02-20,6
U01254,2026-02-23 04:17:00,login,mobile,2026-02-23,4
U01254,2026-02-23 04:21:00,logout,unknown,2026-02-23,4
U01254,2026-03-03 01:00:00,session_end,web,2026-03-03,1
U01254,2026-03-01 16:53:00,session_end,web,2026-03-01,16
U01254,2026-02-27 12:56:00,login,unknown,2026-02-27,12
U01254,2026-02-20 03:23:00,logout,web,2026-02-20,3
U01255,2026-05-27 04:00:00,page_view,web,2026-05-27,4
U01255,2026-06-05 23:57:00,login,web,2026-06-05,23
U01255,2026-05-25 02:12:00,page_view,web,2026-05-25,2
U01255,2026-05-30 08:23:00,session_start,web,2026-05-30,8
U01255,2026-05-27 19:53:00,session_end,mobile,2026-05-27,19
U01256,2026-03-13 21:09:00,login,mobile,2026-03-13,21
U01256,2026-03-11 23:45:00,page_view,web,2026-03-11,23
U01256,2026-03-09 19:05:00,login,web,2026-03-09,19
U01256,2026-03-23 08:56:00,page_view,mobile,2026-03-23,8
U01256,2026-03-20 03:50:00,logout,web,2026-03-20,3
U01256,2026-03-23 22:41:00,logout,web,2026-03-23,22
U01256,2026-03-13 00:51:00,session_end,unknown,2026-03-13,0
U01257,2026-03-10 07:16:00,page_view,mobile,2026-03-10,7
U01257,2026-03-12 20:29:00,logout,unknown,2026-03-12,20
U01258,2026-04-20 17:09:00,page_view,web,2026-04-20,17
U01258,2026-04-11 04:06:00,login,unknown,2026-04-11,4
U01258,2026-04-25 16:09:00,login,web,2026-04-25,16
U01258,2026-04-14 15:39:00,session_end,web,2026-04-14,15
U01258,2026-04-19 03:41:00,login,web,2026-04-19,3
U01258,2026-04-23 21:36:00,session_start,mobile,2026-04-23,21
U01258,2026-04-24 09:10:00,session_start,web,2026-04-24,9
U01259,2026-05-13 16:49:00,session_end,unknown,2026-05-13,16
U01259,2026-05-18 06:43:00,login,web,2026-05-18,6
U01259,2026-05-14 15:28:00,login,web,2026-05-14,15
U01259,2026-05-19 04:26:00,login,web,2026-05-19,4
U01259,2026-05-14 16:34:00,login,mobile,2026-05-14,16
U01259,2026-05-17 15:52:00,page_view,mobile,2026-05-17,15
U01259,2026-05-11 09:18:00,page_view,mobile,2026-05-11,9
U01259,2026-05-08 20:20:00,login,web,2026-05-08,20
U01259,2026-05-07 02:57:00,session_start,mobile,2026-05-07,2
U01259,2026-05-14 00:21:00,login,mobile,2026-05-14,0
U01259,2026-05-10 10:23:00,login,mobile,2026-05-10,10
U01259,2026-05-14 15:10:00,login,web,2026-05-14,15
U01259,2026-05-13 12:30:00,session_start,unknown,2026-05-13,12
U01259,2026-05-20 12:45:00,login,mobile,2026-05-20,12
U01259,2026-05-14 17:31:00,login,web,2026-05-14,17
U01260,2026-04-14 22:52:00,session_end,unknown,2026-04-14,22
U01260,2026-04-04 23:42:00,login,web,2026-04-04,23
U01261,2026-02-02 15:20:00,login,web,2026-02-02,15
U01261,2026-02-02 06:45:00,session_start,web,2026-02-02,6
U01261,2026-02-01 06:06:00,login,mobile,2026-02-01,6
U01262,2026-06-16 04:06:00,page_view,web,2026-06-16,4
U01262,2026-06-17 09:45:00,login,web,2026-06-17,9
U01262,2026-06-22 08:14:00,login,web,2026-06-22,8
U01262,2026-06-10 12:05:00,login,web,2026-06-10,12
U01262,2026-06-15 04:37:00,logout,unknown,2026-06-15,4
U01263,2026-03-07 09:22:00,page_view,unknown,2026-03-07,9
U01263,2026-02-25 08:59:00,login,mobile,2026-02-25,8
U01263,2026-02-22 19:50:00,session_end,unknown,2026-02-22,19
U01263,2026-02-22 03:43:00,logout,web,2026-02-22,3
U01263,2026-02-24 07:52:00,login,web,2026-02-24,7
U01264,2026-03-06 18:59:00,session_start,mobile,2026-03-06,18
U01264,2026-03-03 13:53:00,session_end,unknown,2026-03-03,13
U01264,2026-02-22 02:01:00,logout,web,2026-02-22,2
U01264,2026-03-05 06:50:00,page_view,web,2026-03-05,6
U01264,2026-02-25 09:19:00,session_end,unknown,2026-02-25,9
U01264,2026-02-27 23:45:00,session_end,web,2026-02-27,23
U01264,2026-03-07 17:45:00,session_start,web,2026-03-07,17
U01264,2026-03-05 16:33:00,session_end,web,2026-03-05,16
U01265,2026-02-03 15:32:00,session_start,web,2026-02-03,15
U01265,2026-02-01 04:07:00,login,mobile,2026-02-01,4
U01266,2026-03-27 19:16:00,login,unknown,2026-03-27,19
U01266,2026-03-26 07:32:00,login,unknown,2026-03-26,7
U01267,2026-05-20 09:37:00,logout,web,2026-05-20,9
U01267,2026-05-20 06:13:00,login,mobile,2026-05-20,6
U01267,2026-05-08 05:14:00,logout,web,2026-05-08,5
U01267,2026-05-10 17:02:00,session_start,web,2026-05-10,17
U01267,2026-05-10 14:13:00,page_view,web,2026-05-10,14
U01267,2026-05-10 23:56:00,page_view,mobile,2026-05-10,23
U01267,2026-05-18 12:35:00,session_start,web,2026-05-18,12
U01268,2026-01-31 15:46:00,logout,unknown,2026-01-31,15
U01268,2026-01-28 00:29:00,login,mobile,2026-01-28,0
U01268,2026-01-30 12:26:00,logout,web,2026-01-30,12
U01268,2026-01-30 00:00:00,page_view,unknown,2026-01-30,0
U01268,2026-01-30 22:08:00,login,mobile,2026-01-30,22
U01268,2026-01-25 05:50:00,page_view,mobile,2026-01-25,5
U01268,2026-01-25 18:53:00,login,unknown,2026-01-25,18
U01268,2026-02-06 17:10:00,session_start,web,2026-02-06,17
U01268,2026-02-05 14:08:00,session_start,web,2026-02-05,14
U01269,2026-04-21 06:38:00,login,mobile,2026-04-21,6
U01269,2026-04-23 00:58:00,login,web,2026-04-23,0
U01269,2026-04-20 18:53:00,session_start,mobile,2026-04-20,18
U01269,2026-04-20 01:57:00,session_start,unknown,2026-04-20,1
U01269,2026-04-20 12:02:00,login,web,2026-04-20,12
U01269,2026-04-13 03:11:00,login,web,2026-04-13,3
U01269,2026-04-20 08:13:00,login,web,2026-04-20,8
U01270,2026-04-17 17:05:00,login,web,2026-04-17,17
U01270,2026-04-21 13:22:00,login,mobile,2026-04-21,13
U01270,2026-04-12 05:07:00,login,unknown,2026-04-12,5
U01270,2026-04-19 07:29:00,session_end,web,2026-04-19,7
U01270,2026-04-15 22:01:00,login,mobile,2026-04-15,22
U01270,2026-04-20 12:16:00,page_view,web,2026-04-20,12
U01270,2026-04-09 22:26:00,page_view,web,2026-04-09,22
U01271,2026-01-21 11:59:00,login,web,2026-01-21,11
U01271,2026-01-21 08:10:00,login,mobile,2026-01-21,8
U01271,2026-01-19 18:48:00,login,web,2026-01-19,18
U01271,2026-01-15 13:12:00,page_view,unknown,2026-01-15,13
U01271,2026-01-17 18:31:00,login,unknown,2026-01-17,18
U01271,2026-01-18 14:27:00,session_end,unknown,2026-01-18,14
U01271,2026-01-19 15:23:00,session_end,mobile,2026-01-19,15
U01271,2026-01-17 17:27:00,login,mobile,2026-01-17,17
U01271,2026-01-25 09:05:00,session_start,web,2026-01-25,9
U01271,2026-01-21 02:37:00,login,mobile,2026-01-21,2
U01271,2026-01-24 17:01:00,session_end,web,2026-01-24,17
U01271,2026-01-14 13:50:00,session_start,mobile,2026-01-14,13
U01271,2026-01-15 06:38:00,session_end,web,2026-01-15,6
U01271,2026-01-22 15:54:00,session_start,web,2026-01-22,15
U01272,2026-05-05 00:02:00,login,web,2026-05-05,0
U01272,2026-05-01 07:39:00,login,web,2026-05-01,7
U01272,2026-05-04 16:00:00,login,web,2026-05-04,16
U01272,2026-05-02 23:12:00,session_start,web,2026-05-02,23
U01273,2026-03-17 19:10:00,logout,web,2026-03-17,19
U01273,2026-03-14 18:38:00,login,web,2026-03-14,18
U01273,2026-03-10 23:33:00,session_start,web,2026-03-10,23
U01273,2026-03-22 12:49:00,logout,web,2026-03-22,12
U01273,2026-03-23 14:45:00,session_end,web,2026-03-23,14
U01273,2026-03-14 20:51:00,page_view,web,2026-03-14,20
U01273,2026-03-15 15:14:00,session_end,web,2026-03-15,15
U01273,2026-03-16 14:39:00,session_end,unknown,2026-03-16,14
U01273,2026-03-17 21:14:00,session_start,unknown,2026-03-17,21
U01273,2026-03-12 01:37:00,page_view,unknown,2026-03-12,1
U01273,2026-03-11 01:51:00,login,mobile,2026-03-11,1
U01274,2026-02-15 05:27:00,login,mobile,2026-02-15,5
U01274,2026-02-18 05:03:00,login,unknown,2026-02-18,5
U01274,2026-02-17 18:28:00,login,web,2026-02-17,18
U01274,2026-02-22 11:39:00,session_start,web,2026-02-22,11
U01274,2026-02-18 20:23:00,login,unknown,2026-02-18,20
U01274,2026-02-17 06:10:00,logout,unknown,2026-02-17,6
U01274,2026-02-15 00:07:00,login,web,2026-02-15,0
U01275,2026-01-29 21:39:00,login,unknown,2026-01-29,21
U01275,2026-02-04 15:13:00,page_view,mobile,2026-02-04,15
U01275,2026-02-05 13:00:00,logout,unknown,2026-02-05,13
U01275,2026-02-02 10:26:00,session_end,unknown,2026-02-02,10
U01275,2026-02-06 02:02:00,logout,web,2026-02-06,2
U01276,2026-04-09 19:30:00,login,web,2026-04-09,19
U01276,2026-04-07 12:30:00,logout,web,2026-04-07,12
U01276,2026-04-12 06:44:00,login,unknown,2026-04-12,6
U01276,2026-04-03 08:56:00,session_start,web,2026-04-03,8
U01276,2026-04-01 12:12:00,login,unknown,2026-04-01,12
U01276,2026-04-05 15:42:00,session_start,web,2026-04-05,15
U01276,2026-04-08 12:51:00,logout,web,2026-04-08,12
U01276,2026-04-10 10:33:00,session_start,unknown,2026-04-10,10
U01277,2026-06-06 19:16:00,logout,web,2026-06-06,19
U01277,2026-06-07 23:05:00,login,web,2026-06-07,23
U01277,2026-06-13 20:51:00,page_view,mobile,2026-06-13,20
U01277,2026-06-04 14:58:00,login,web,2026-06-04,14
U01277,2026-06-10 01:45:00,page_view,mobile,2026-06-10,1
U01277,2026-06-04 00:49:00,login,mobile,2026-06-04,0
U01277,2026-06-07 15:10:00,session_end,web,2026-06-07,15
U01277,2026-06-08 23:17:00,page_view,unknown,2026-06-08,23
U01277,2026-06-05 07:41:00,session_end,web,2026-06-05,7
U01278,2026-01-21 00:15:00,session_start,web,2026-01-21,0
U01278,2026-01-20 17:55:00,login,unknown,2026-01-20,17
U01278,2026-01-24 00:23:00,login,mobile,2026-01-24,0
U01278,2026-01-19 23:34:00,login,unknown,2026-01-19,23
U01278,2026-01-25 06:11:00,page_view,web,2026-01-25,6
U01279,2026-04-21 13:38:00,session_start,web,2026-04-21,13
U01279,2026-04-29 16:02:00,page_view,web,2026-04-29,16
U01279,2026-04-30 00:30:00,login,unknown,2026-04-30,0
U01279,2026-04-21 01:51:00,login,web,2026-04-21,1
U01279,2026-04-23 00:46:00,session_start,mobile,2026-04-23,0
U01279,2026-04-20 22:16:00,logout,web,2026-04-20,22
U01279,2026-04-23 03:02:00,logout,mobile,2026-04-23,3
U01279,2026-04-24 11:33:00,login,unknown,2026-04-24,11
U01280,2026-06-06 18:27:00,login,mobile,2026-06-06,18
U01280,2026-06-10 09:59:00,session_start,unknown,2026-06-10,9
U01280,2026-05-31 20:27:00,login,unknown,2026-05-31,20
U01280,2026-06-09 13:47:00,login,mobile,2026-06-09,13
U01280,2026-05-30 04:57:00,session_start,mobile,2026-05-30,4
U01280,2026-06-09 18:39:00,session_start,web,2026-06-09,18
U01280,2026-05-28 10:38:00,login,web,2026-05-28,10
U01280,2026-06-07 18:18:00,logout,web,2026-06-07,18
U01280,2026-05-27 02:01:00,login,unknown,2026-05-27,2
U01281,2026-03-24 01:30:00,logout,web,2026-03-24,1
U01281,2026-03-28 19:20:00,login,unknown,2026-03-28,19
U01281,2026-03-22 16:16:00,session_end,unknown,2026-03-22,16
U01281,2026-03-25 18:40:00,session_start,mobile,2026-03-25,18
U01282,2026-01-17 06:15:00,logout,web,2026-01-17,6
U01282,2026-01-15 02:16:00,login,mobile,2026-01-15,2
U01282,2026-01-23 10:28:00,logout,web,2026-01-23,10
U01282,2026-01-13 22:30:00,session_end,mobile,2026-01-13,22
U01282,2026-01-22 10:01:00,logout,web,2026-01-22,10
U01282,2026-01-19 20:43:00,login,unknown,2026-01-19,20
U01282,2026-01-09 05:48:00,session_start,web,2026-01-09,5
U01283,2026-05-24 12:55:00,session_end,unknown,2026-05-24,12
U01283,2026-05-18 13:48:00,session_start,web,2026-05-18,13
U01284,2026-02-14 02:40:00,logout,web,2026-02-14,2
U01284,2026-02-09 19:11:00,login,unknown,2026-02-09,19
U01284,2026-02-21 03:55:00,login,web,2026-02-21,3
U01285,2026-02-16 06:31:00,session_start,web,2026-02-16,6
U01285,2026-02-19 19:41:00,session_end,web,2026-02-19,19
U01285,2026-02-24 03:44:00,page_view,mobile,2026-02-24,3
U01285,2026-02-28 07:31:00,session_start,unknown,2026-02-28,7
U01285,2026-02-14 10:58:00,page_view,web,2026-02-14,10
U01285,2026-02-21 18:04:00,logout,web,2026-02-21,18
U01285,2026-02-24 12:54:00,page_view,web,2026-02-24,12
U01286,2026-02-20 00:52:00,session_start,web,2026-02-20,0
U01286,2026-02-19 15:02:00,session_start,mobile,2026-02-19,15
U01286,2026-03-03 17:43:00,page_view,web,2026-03-03,17
U01286,2026-02-26 16:46:00,login,mobile,2026-02-26,16
U01287,2026-05-01 00:14:00,login,web,2026-05-01,0
U01287,2026-04-26 06:27:00,logout,web,2026-04-26,6
U01287,2026-04-29 09:44:00,page_view,web,2026-04-29,9
U01287,2026-05-02 09:56:00,login,mobile,2026-05-02,9
U01287,2026-04-26 05:32:00,login,web,2026-04-26,5
U01287,2026-04-22 03:55:00,session_start,mobile,2026-04-22,3
U01287,2026-05-01 21:50:00,session_start,web,2026-05-01,21
U01287,2026-04-22 23:05:00,session_start,unknown,2026-04-22,23
U01287,2026-04-30 16:20:00,page_view,web,2026-04-30,16
U01287,2026-04-23 08:56:00,login,web,2026-04-23,8
U01287,2026-04-30 18:13:00,login,mobile,2026-04-30,18
U01288,2026-04-24 20:02:00,session_start,web,2026-04-24,20
U01288,2026-04-28 00:54:00,page_view,web,2026-04-28,0
U01288,2026-04-24 13:39:00,session_end,web,2026-04-24,13
U01288,2026-04-23 23:23:00,login,mobile,2026-04-23,23
U01288,2026-05-05 20:02:00,login,unknown,2026-05-05,20
U01288,2026-04-28 06:14:00,login,mobile,2026-04-28,6
U01288,2026-05-06 07:22:00,logout,unknown,2026-05-06,7
U01288,2026-04-27 08:00:00,login,web,2026-04-27,8
U01288,2026-04-29 19:41:00,session_end,web,2026-04-29,19
U01288,2026-05-04 11:17:00,logout,web,2026-05-04,11
U01288,2026-05-04 05:43:00,session_start,mobile,2026-05-04,5
U01288,2026-05-06 05:01:00,login,mobile,2026-05-06,5
U01289,2026-02-20 20:38:00,login,mobile,2026-02-20,20
U01289,2026-02-08 17:58:00,login,web,2026-02-08,17
U01289,2026-02-07 09:08:00,login,web,2026-02-07,9
U01289,2026-02-17 17:08:00,page_view,web,2026-02-17,17
U01289,2026-02-19 22:54:00,session_start,mobile,2026-02-19,22
U01289,2026-02-19 01:19:00,session_end,web,2026-02-19,1
U01289,2026-02-19 22:02:00,session_end,mobile,2026-02-19,22
U01290,2026-04-06 01:58:00,login,web,2026-04-06,1
U01290,2026-03-31 09:45:00,session_start,mobile,2026-03-31,9
U01290,2026-04-06 16:22:00,session_start,unknown,2026-04-06,16
U01290,2026-04-01 14:56:00,login,mobile,2026-04-01,14
U01290,2026-03-27 22:21:00,page_view,web,2026-03-27,22
U01290,2026-03-26 16:53:00,login,web,2026-03-26,16
U01291,2026-02-05 02:34:00,login,unknown,2026-02-05,2
U01291,2026-01-25 21:12:00,logout,mobile,2026-01-25,21
U01292,2026-04-18 08:54:00,login,web,2026-04-18,8
U01292,2026-04-25 03:32:00,login,mobile,2026-04-25,3
U01292,2026-04-25 11:23:00,page_view,unknown,2026-04-25,11
U01292,2026-04-22 13:49:00,session_end,web,2026-04-22,13
U01292,2026-04-17 10:37:00,login,mobile,2026-04-17,10
U01292,2026-04-12 16:07:00,session_end,unknown,2026-04-12,16
U01292,2026-04-23 23:54:00,logout,web,2026-04-23,23
U01292,2026-04-25 09:16:00,page_view,unknown,2026-04-25,9
U01292,2026-04-18 03:43:00,logout,web,2026-04-18,3
U01292,2026-04-12 22:48:00,login,web,2026-04-12,22
U01292,2026-04-21 23:07:00,page_view,web,2026-04-21,23
U01292,2026-04-23 00:32:00,session_end,mobile,2026-04-23,0
U01292,2026-04-22 08:18:00,session_start,web,2026-04-22,8
U01293,2026-03-12 07:58:00,login,web,2026-03-12,7
U01293,2026-03-19 13:38:00,login,web,2026-03-19,13
U01293,2026-03-24 11:38:00,page_view,mobile,2026-03-24,11
U01293,2026-03-17 10:32:00,session_end,web,2026-03-17,10
U01293,2026-03-25 01:32:00,logout,mobile,2026-03-25,1
U01293,2026-03-22 04:28:00,session_start,web,2026-03-22,4
U01294,2026-06-13 14:49:00,logout,unknown,2026-06-13,14
U01294,2026-06-19 15:59:00,session_start,web,2026-06-19,15
U01294,2026-06-14 18:55:00,login,web,2026-06-14,18
U01294,2026-06-13 22:07:00,login,mobile,2026-06-13,22
U01294,2026-06-17 14:09:00,logout,web,2026-06-17,14
U01294,2026-06-20 18:51:00,logout,mobile,2026-06-20,18
U01294,2026-06-16 19:30:00,session_end,web,2026-06-16,19
U01294,2026-06-09 15:03:00,page_view,web,2026-06-09,15
U01294,2026-06-22 10:57:00,login,web,2026-06-22,10
U01295,2026-02-06 09:36:00,page_view,unknown,2026-02-06,9
U01295,2026-02-05 08:59:00,page_view,web,2026-02-05,8
U01295,2026-02-04 13:08:00,login,web,2026-02-04,13
U01295,2026-02-10 13:42:00,logout,unknown,2026-02-10,13
U01295,2026-01-30 04:21:00,login,mobile,2026-01-30,4
U01295,2026-02-03 00:59:00,login,unknown,2026-02-03,0
U01295,2026-02-04 14:16:00,session_end,web,2026-02-04,14
U01295,2026-02-04 09:07:00,logout,mobile,2026-02-04,9
U01295,2026-02-12 04:31:00,login,unknown,2026-02-12,4
U01296,2026-02-13 11:12:00,logout,web,2026-02-13,11
U01296,2026-02-11 11:07:00,page_view,mobile,2026-02-11,11
U01296,2026-02-11 03:31:00,page_view,web,2026-02-11,3
U01296,2026-02-07 10:18:00,login,web,2026-02-07,10
U01296,2026-02-15 07:50:00,login,web,2026-02-15,7
U01297,2026-01-31 19:21:00,logout,web,2026-01-31,19
U01297,2026-02-09 13:51:00,login,web,2026-02-09,13
U01297,2026-02-01 17:42:00,login,mobile,2026-02-01,17
U01297,2026-01-31 21:30:00,page_view,unknown,2026-01-31,21
U01297,2026-02-01 16:03:00,session_end,web,2026-02-01,16
U01297,2026-02-07 00:19:00,logout,web,2026-02-07,0
U01298,2026-03-15 16:26:00,logout,web,2026-03-15,16
U01298,2026-03-19 06:05:00,session_start,web,2026-03-19,6
U01298,2026-03-20 10:43:00,session_start,web,2026-03-20,10
U01298,2026-03-27 05:05:00,page_view,unknown,2026-03-27,5
U01298,2026-03-24 07:14:00,session_start,unknown,2026-03-24,7
U01299,2026-04-30 01:49:00,session_end,mobile,2026-04-30,1
U01299,2026-04-29 02:42:00,page_view,unknown,2026-04-29,2
U01299,2026-04-16 16:36:00,session_end,web,2026-04-16,16
U01299,2026-04-26 21:01:00,login,web,2026-04-26,21
U01300,2026-05-10 11:50:00,logout,mobile,2026-05-10,11
U01300,2026-05-14 02:05:00,login,web,2026-05-14,2
U01300,2026-05-18 06:11:00,login,mobile,2026-05-18,6
U01300,2026-05-11 09:03:00,login,mobile,2026-05-11,9
U01300,2026-05-15 21:46:00,login,mobile,2026-05-15,21
U01300,2026-05-14 13:15:00,session_start,web,2026-05-14,13
U01300,2026-05-07 00:42:00,page_view,mobile,2026-05-07,0
U01300,2026-05-13 17:40:00,session_start,mobile,2026-05-13,17
U01300,2026-05-15 02:35:00,session_end,mobile,2026-05-15,2
U01300,2026-05-13 09:18:00,session_start,web,2026-05-13,9
U01300,2026-05-17 13:49:00,session_start,unknown,2026-05-17,13
U01301,2026-05-08 07:47:00,login,mobile,2026-05-08,7
U01301,2026-05-13 00:34:00,login,web,2026-05-13,0
U01301,2026-05-10 22:05:00,login,web,2026-05-10,22
U01301,2026-05-04 23:49:00,session_start,unknown,2026-05-04,23
U01301,2026-05-06 15:17:00,login,unknown,2026-05-06,15
U01301,2026-05-06 08:54:00,login,web,2026-05-06,8
U01302,2026-03-19 20:35:00,login,mobile,2026-03-19,20
U01302,2026-03-24 15:38:00,logout,unknown,2026-03-24,15
U01302,2026-03-18 07:28:00,session_end,web,2026-03-18,7
U01302,2026-03-20 02:43:00,page_view,unknown,2026-03-20,2
U01303,2026-06-12 09:17:00,session_end,mobile,2026-06-12,9
U01303,2026-06-09 12:33:00,session_start,web,2026-06-09,12
U01303,2026-06-09 08:24:00,logout,mobile,2026-06-09,8
U01303,2026-06-17 18:39:00,page_view,web,2026-06-17,18
U01303,2026-06-08 02:51:00,login,web,2026-06-08,2
U01303,2026-06-17 13:25:00,login,mobile,2026-06-17,13
U01303,2026-06-08 19:17:00,login,mobile,2026-06-08,19
U01303,2026-06-15 12:50:00,logout,web,2026-06-15,12
U01304,2026-04-26 17:36:00,logout,unknown,2026-04-26,17
U01304,2026-04-17 18:24:00,session_start,unknown,2026-04-17,18
U01304,2026-04-23 16:04:00,login,mobile,2026-04-23,16
U01304,2026-04-26 04:36:00,logout,mobile,2026-04-26,4
U01305,2026-03-05 21:49:00,page_view,mobile,2026-03-05,21
U01305,2026-03-06 12:35:00,session_start,mobile,2026-03-06,12
U01305,2026-03-04 01:14:00,session_start,mobile,2026-03-04,1
U01305,2026-03-05 15:45:00,session_end,web,2026-03-05,15
U01305,2026-03-02 12:43:00,page_view,web,2026-03-02,12
U01305,2026-03-05 16:26:00,session_start,web,2026-03-05,16
U01305,2026-03-13 16:20:00,session_start,mobile,2026-03-13,16
U01305,2026-03-02 08:50:00,login,web,2026-03-02,8
U01306,2026-05-11 12:43:00,logout,web,2026-05-11,12
U01306,2026-05-12 14:42:00,session_start,web,2026-05-12,14
U01306,2026-05-15 14:32:00,session_start,web,2026-05-15,14
U01307,2026-01-06 11:21:00,login,mobile,2026-01-06,11
U01307,2026-01-20 12:40:00,page_view,unknown,2026-01-20,12
U01307,2026-01-16 13:16:00,page_view,web,2026-01-16,13
U01307,2026-01-15 08:13:00,session_start,mobile,2026-01-15,8
U01308,2026-03-15 14:02:00,login,unknown,2026-03-15,14
U01308,2026-03-14 08:27:00,login,mobile,2026-03-14,8
U01308,2026-03-27 08:51:00,login,mobile,2026-03-27,8
U01308,2026-03-13 01:18:00,login,web,2026-03-13,1
U01309,2026-02-05 16:27:00,session_start,web,2026-02-05,16
U01309,2026-02-02 22:06:00,logout,web,2026-02-02,22
U01309,2026-01-28 01:15:00,login,web,2026-01-28,1
U01309,2026-02-05 18:05:00,session_end,web,2026-02-05,18
U01309,2026-02-05 21:01:00,logout,web,2026-02-05,21
U01309,2026-02-01 11:40:00,login,mobile,2026-02-01,11
U01309,2026-01-29 10:56:00,logout,web,2026-01-29,10
U01309,2026-01-26 17:05:00,page_view,web,2026-01-26,17
U01309,2026-01-29 05:53:00,login,unknown,2026-01-29,5
U01309,2026-02-09 13:26:00,page_view,mobile,2026-02-09,13
U01309,2026-01-28 15:42:00,session_end,web,2026-01-28,15
U01310,2026-03-30 08:08:00,login,mobile,2026-03-30,8
U01310,2026-03-26 03:00:00,session_start,web,2026-03-26,3
U01310,2026-04-01 23:51:00,session_end,web,2026-04-01,23
U01310,2026-03-29 15:02:00,login,web,2026-03-29,15
U01310,2026-03-20 04:38:00,login,web,2026-03-20,4
U01311,2026-03-29 14:57:00,logout,web,2026-03-29,14
U01311,2026-04-02 13:23:00,session_end,web,2026-04-02,13
U01311,2026-03-29 04:30:00,login,mobile,2026-03-29,4
U01311,2026-03-29 19:39:00,session_start,web,2026-03-29,19
U01312,2026-04-18 09:13:00,login,mobile,2026-04-18,9
U01312,2026-04-17 09:55:00,login,unknown,2026-04-17,9
U01312,2026-04-24 23:57:00,page_view,web,2026-04-24,23
U01312,2026-04-18 07:02:00,session_start,web,2026-04-18,7
U01312,2026-04-17 19:48:00,login,mobile,2026-04-17,19
U01312,2026-04-18 12:35:00,session_end,unknown,2026-04-18,12
U01312,2026-04-21 10:51:00,login,unknown,2026-04-21,10
U01312,2026-04-18 09:28:00,login,mobile,2026-04-18,9
U01312,2026-04-17 09:15:00,login,mobile,2026-04-17,9
U01312,2026-04-24 09:15:00,logout,web,2026-04-24,9
U01312,2026-04-19 13:27:00,session_start,web,2026-04-19,13
U01312,2026-04-23 01:11:00,login,mobile,2026-04-23,1
U01313,2026-01-29 02:57:00,session_start,web,2026-01-29,2
U01313,2026-01-28 16:01:00,session_start,mobile,2026-01-28,16
U01313,2026-01-27 14:20:00,login,web,2026-01-27,14
U01313,2026-01-25 13:29:00,login,web,2026-01-25,13
U01313,2026-02-02 07:25:00,page_view,unknown,2026-02-02,7
U01313,2026-02-03 01:09:00,session_start,web,2026-02-03,1
U01314,2026-02-25 00:00:00,login,unknown,2026-02-25,0
U01314,2026-03-04 15:02:00,session_start,web,2026-03-04,15
U01314,2026-03-01 14:04:00,logout,web,2026-03-01,14
U01314,2026-02-26 02:44:00,session_end,web,2026-02-26,2
U01314,2026-03-09 12:29:00,logout,mobile,2026-03-09,12
U01314,2026-03-08 05:15:00,login,mobile,2026-03-08,5
U01314,2026-03-05 07:48:00,page_view,mobile,2026-03-05,7
U01314,2026-02-24 20:55:00,login,web,2026-02-24,20
U01315,2026-05-21 09:46:00,session_end,web,2026-05-21,9
U01315,2026-05-14 13:21:00,session_start,web,2026-05-14,13
U01315,2026-05-27 14:37:00,login,mobile,2026-05-27,14
U01315,2026-05-15 03:45:00,session_end,mobile,2026-05-15,3
U01315,2026-05-13 04:17:00,login,unknown,2026-05-13,4
U01315,2026-05-23 08:26:00,page_view,web,2026-05-23,8
U01315,2026-05-23 21:21:00,page_view,web,2026-05-23,21
U01315,2026-05-22 00:09:00,page_view,web,2026-05-22,0
U01315,2026-05-17 02:54:00,logout,web,2026-05-17,2
U01316,2026-05-17 22:19:00,session_end,web,2026-05-17,22
U01316,2026-05-24 10:06:00,login,mobile,2026-05-24,10
U01316,2026-05-15 09:25:00,logout,web,2026-05-15,9
U01317,2026-05-21 07:14:00,session_start,mobile,2026-05-21,7
U01317,2026-05-22 07:00:00,login,unknown,2026-05-22,7
U01317,2026-05-21 11:44:00,login,mobile,2026-05-21,11
U01317,2026-05-17 22:55:00,login,web,2026-05-17,22
U01317,2026-05-19 17:57:00,login,web,2026-05-19,17
U01317,2026-05-16 08:14:00,session_start,unknown,2026-05-16,8
U01317,2026-05-10 20:41:00,login,web,2026-05-10,20
U01317,2026-05-22 14:00:00,logout,web,2026-05-22,14
U01317,2026-05-17 01:07:00,logout,mobile,2026-05-17,1
U01317,2026-05-15 22:44:00,logout,mobile,2026-05-15,22
U01317,2026-05-18 21:53:00,logout,mobile,2026-05-18,21
U01318,2026-06-08 06:58:00,page_view,unknown,2026-06-08,6
U01318,2026-05-27 14:41:00,logout,web,2026-05-27,14
U01318,2026-06-01 16:06:00,session_start,unknown,2026-06-01,16
U01318,2026-06-04 14:23:00,login,web,2026-06-04,14
U01318,2026-06-04 03:31:00,page_view,mobile,2026-06-04,3
U01318,2026-06-06 18:15:00,login,web,2026-06-06,18
U01318,2026-05-26 21:22:00,page_view,web,2026-05-26,21
U01318,2026-06-09 18:05:00,logout,unknown,2026-06-09,18
U01318,2026-06-04 17:12:00,login,web,2026-06-04,17
U01318,2026-06-02 18:13:00,session_start,web,2026-06-02,18
U01318,2026-06-05 15:01:00,session_end,web,2026-06-05,15
U01318,2026-06-06 09:02:00,session_start,web,2026-06-06,9
U01318,2026-06-06 22:51:00,page_view,web,2026-06-06,22
U01318,2026-06-09 11:52:00,login,web,2026-06-09,11
U01318,2026-06-04 06:59:00,logout,web,2026-06-04,6
U01319,2026-02-28 00:42:00,session_start,unknown,2026-02-28,0
U01319,2026-03-06 11:00:00,session_end,web,2026-03-06,11
U01319,2026-02-27 05:55:00,login,unknown,2026-02-27,5
U01319,2026-03-01 20:20:00,session_start,mobile,2026-03-01,20
U01319,2026-03-03 23:11:00,session_start,web,2026-03-03,23
U01319,2026-03-02 21:52:00,login,unknown,2026-03-02,21
U01319,2026-02-21 04:59:00,logout,unknown,2026-02-21,4
U01319,2026-03-05 23:52:00,login,web,2026-03-05,23
U01320,2026-05-05 13:32:00,logout,web,2026-05-05,13
U01320,2026-05-08 03:01:00,session_end,mobile,2026-05-08,3
U01320,2026-05-03 00:37:00,page_view,web,2026-05-03,0
U01320,2026-05-06 08:54:00,session_end,web,2026-05-06,8
U01320,2026-05-10 17:04:00,page_view,unknown,2026-05-10,17
U01320,2026-04-27 01:55:00,login,mobile,2026-04-27,1
U01321,2026-02-27 22:25:00,page_view,mobile,2026-02-27,22
U01321,2026-02-28 00:22:00,logout,unknown,2026-02-28,0
U01321,2026-02-27 15:54:00,session_start,web,2026-02-27,15
U01321,2026-02-21 08:42:00,session_end,unknown,2026-02-21,8
U01321,2026-02-22 22:24:00,session_end,mobile,2026-02-22,22
U01321,2026-03-06 03:06:00,session_end,web,2026-03-06,3
U01321,2026-02-26 20:41:00,logout,unknown,2026-02-26,20
U01321,2026-02-24 13:01:00,session_start,unknown,2026-02-24,13
U01321,2026-02-23 20:20:00,session_end,web,2026-02-23,20
U01321,2026-02-26 22:51:00,session_end,web,2026-02-26,22
U01321,2026-03-01 05:09:00,login,web,2026-03-01,5
U01321,2026-03-05 03:13:00,login,unknown,2026-03-05,3
U01322,2026-05-13 23:53:00,session_end,unknown,2026-05-13,23
U01322,2026-05-22 09:46:00,session_end,mobile,2026-05-22,9
U01322,2026-05-15 01:03:00,session_start,web,2026-05-15,1
U01322,2026-05-11 13:29:00,page_view,web,2026-05-11,13
U01322,2026-05-24 23:33:00,session_start,unknown,2026-05-24,23
U01322,2026-05-13 11:34:00,login,mobile,2026-05-13,11
U01323,2026-01-19 03:31:00,page_view,unknown,2026-01-19,3
U01323,2026-01-12 16:28:00,login,unknown,2026-01-12,16
U01323,2026-01-15 19:15:00,login,web,2026-01-15,19
U01323,2026-01-18 17:19:00,login,mobile,2026-01-18,17
U01323,2026-01-13 12:38:00,session_end,unknown,2026-01-13,12
U01324,2026-06-14 03:11:00,login,mobile,2026-06-14,3
U01324,2026-06-14 01:53:00,login,mobile,2026-06-14,1
U01324,2026-06-02 22:24:00,login,unknown,2026-06-02,22
U01324,2026-06-12 18:07:00,login,unknown,2026-06-12,18
U01324,2026-06-14 15:07:00,session_end,web,2026-06-14,15
U01324,2026-06-11 13:37:00,session_end,mobile,2026-06-11,13
U01324,2026-06-05 11:15:00,page_view,web,2026-06-05,11
U01325,2026-05-05 20:04:00,login,unknown,2026-05-05,20
U01325,2026-05-10 06:02:00,login,unknown,2026-05-10,6
U01325,2026-05-10 04:32:00,logout,unknown,2026-05-10,4
U01325,2026-05-07 07:15:00,login,web,2026-05-07,7
U01325,2026-05-04 13:44:00,login,web,2026-05-04,13
U01325,2026-05-04 19:43:00,login,unknown,2026-05-04,19
U01325,2026-05-06 15:32:00,login,web,2026-05-06,15
U01325,2026-05-04 17:10:00,session_start,mobile,2026-05-04,17
U01325,2026-05-06 23:23:00,login,unknown,2026-05-06,23
U01325,2026-05-05 18:10:00,logout,mobile,2026-05-05,18
U01326,2026-04-01 18:14:00,login,unknown,2026-04-01,18
U01326,2026-04-09 14:32:00,session_start,web,2026-04-09,14
U01326,2026-04-13 00:50:00,login,web,2026-04-13,0
U01326,2026-04-09 23:51:00,logout,unknown,2026-04-09,23
U01326,2026-04-04 20:41:00,login,web,2026-04-04,20
U01326,2026-04-04 15:44:00,page_view,unknown,2026-04-04,15
U01326,2026-04-10 15:49:00,logout,web,2026-04-10,15
U01327,2026-01-31 09:13:00,login,mobile,2026-01-31,9
U01327,2026-02-03 09:13:00,login,web,2026-02-03,9
U01327,2026-01-27 11:15:00,session_end,web,2026-01-27,11
U01327,2026-01-25 22:21:00,session_start,web,2026-01-25,22
U01327,2026-01-24 18:09:00,session_start,mobile,2026-01-24,18
U01328,2026-04-09 19:17:00,session_end,web,2026-04-09,19
U01328,2026-04-20 06:24:00,session_end,web,2026-04-20,6
U01328,2026-04-16 20:22:00,session_start,mobile,2026-04-16,20
U01328,2026-04-23 19:16:00,login,mobile,2026-04-23,19
U01328,2026-04-18 03:26:00,session_end,unknown,2026-04-18,3
U01328,2026-04-23 14:00:00,logout,web,2026-04-23,14
U01328,2026-04-14 00:25:00,session_end,web,2026-04-14,0
U01329,2026-05-30 18:41:00,login,web,2026-05-30,18
U01329,2026-06-08 03:03:00,logout,web,2026-06-08,3
U01329,2026-05-27 09:09:00,logout,unknown,2026-05-27,9
U01329,2026-06-08 23:37:00,session_start,web,2026-06-08,23
U01330,2026-06-24 06:22:00,login,mobile,2026-06-24,6
U01330,2026-06-16 00:06:00,logout,web,2026-06-16,0
U01330,2026-06-23 17:56:00,page_view,unknown,2026-06-23,17
U01331,2026-03-19 19:41:00,login,mobile,2026-03-19,19
U01331,2026-03-12 20:37:00,login,web,2026-03-12,20
U01331,2026-03-17 10:13:00,session_end,web,2026-03-17,10
U01331,2026-03-22 16:56:00,page_view,web,2026-03-22,16
U01332,2026-05-13 02:20:00,page_view,unknown,2026-05-13,2
U01332,2026-05-12 06:19:00,session_start,web,2026-05-12,6
U01332,2026-05-18 01:41:00,login,unknown,2026-05-18,1
U01332,2026-05-16 21:10:00,session_start,mobile,2026-05-16,21
U01332,2026-05-16 10:58:00,login,web,2026-05-16,10
U01332,2026-05-18 05:00:00,login,web,2026-05-18,5
U01332,2026-05-25 07:21:00,page_view,web,2026-05-25,7
U01332,2026-05-24 12:39:00,page_view,mobile,2026-05-24,12
U01333,2026-05-04 21:15:00,session_end,web,2026-05-04,21
U01333,2026-05-02 15:53:00,logout,web,2026-05-02,15
U01333,2026-05-14 14:15:00,page_view,web,2026-05-14,14
U01333,2026-05-05 08:24:00,session_start,web,2026-05-05,8
U01333,2026-05-16 19:59:00,login,web,2026-05-16,19
U01333,2026-05-09 21:03:00,page_view,web,2026-05-09,21
U01334,2026-06-09 01:50:00,logout,mobile,2026-06-09,1
U01335,2026-03-20 18:33:00,logout,web,2026-03-20,18
U01335,2026-03-06 14:36:00,logout,web,2026-03-06,14
U01335,2026-03-07 12:12:00,login,mobile,2026-03-07,12
U01335,2026-03-07 08:40:00,logout,web,2026-03-07,8
U01336,2026-04-30 05:00:00,login,mobile,2026-04-30,5
U01336,2026-04-23 20:06:00,session_start,web,2026-04-23,20
U01336,2026-04-25 02:24:00,session_end,web,2026-04-25,2
U01336,2026-05-03 19:21:00,session_start,web,2026-05-03,19
U01336,2026-04-29 02:33:00,page_view,web,2026-04-29,2
U01336,2026-04-23 03:12:00,login,mobile,2026-04-23,3
U01336,2026-04-25 12:23:00,page_view,web,2026-04-25,12
U01336,2026-04-21 16:21:00,session_end,web,2026-04-21,16
U01336,2026-04-24 13:44:00,logout,web,2026-04-24,13
U01336,2026-04-27 03:28:00,page_view,web,2026-04-27,3
U01336,2026-04-29 11:46:00,session_start,mobile,2026-04-29,11
U01337,2026-03-15 01:45:00,login,mobile,2026-03-15,1
U01337,2026-03-17 09:37:00,login,mobile,2026-03-17,9
U01337,2026-03-07 18:55:00,login,web,2026-03-07,18
U01337,2026-03-16 09:10:00,session_end,web,2026-03-16,9
U01337,2026-03-14 03:18:00,login,web,2026-03-14,3
U01338,2026-03-19 02:13:00,logout,web,2026-03-19,2
U01338,2026-03-30 22:25:00,session_end,mobile,2026-03-30,22
U01338,2026-03-28 03:18:00,logout,mobile,2026-03-28,3
U01338,2026-03-25 10:09:00,login,web,2026-03-25,10
U01339,2026-06-22 05:52:00,page_view,web,2026-06-22,5
U01339,2026-06-10 14:19:00,login,mobile,2026-06-10,14
U01339,2026-06-09 19:57:00,session_end,web,2026-06-09,19
U01339,2026-06-20 09:27:00,session_end,unknown,2026-06-20,9
U01339,2026-06-15 11:39:00,login,web,2026-06-15,11
U01339,2026-06-20 17:09:00,session_start,mobile,2026-06-20,17
U01339,2026-06-21 19:07:00,login,unknown,2026-06-21,19
U01339,2026-06-16 21:20:00,session_end,web,2026-06-16,21
U01340,2026-02-10 13:19:00,login,web,2026-02-10,13
U01341,2026-06-07 10:12:00,logout,mobile,2026-06-07,10
U01341,2026-06-04 03:35:00,page_view,web,2026-06-04,3
U01341,2026-06-07 03:06:00,login,web,2026-06-07,3
U01341,2026-06-01 10:56:00,login,mobile,2026-06-01,10
U01341,2026-05-25 11:25:00,logout,mobile,2026-05-25,11
U01342,2026-03-28 07:18:00,login,web,2026-03-28,7
U01342,2026-03-28 22:00:00,page_view,mobile,2026-03-28,22
U01342,2026-03-16 23:56:00,page_view,web,2026-03-16,23
U01343,2026-02-03 05:25:00,session_start,web,2026-02-03,5
U01343,2026-02-07 07:49:00,login,web,2026-02-07,7
U01343,2026-01-30 10:15:00,logout,web,2026-01-30,10
U01343,2026-01-30 07:34:00,session_start,unknown,2026-01-30,7
U01344,2026-04-09 01:52:00,session_start,unknown,2026-04-09,1
U01344,2026-04-03 00:19:00,logout,mobile,2026-04-03,0
U01344,2026-04-06 23:12:00,page_view,unknown,2026-04-06,23
U01344,2026-04-07 22:58:00,session_start,unknown,2026-04-07,22
U01344,2026-04-11 15:19:00,login,unknown,2026-04-11,15
U01344,2026-04-04 04:04:00,login,unknown,2026-04-04,4
U01344,2026-04-07 10:11:00,logout,web,2026-04-07,10
U01344,2026-04-10 22:03:00,login,mobile,2026-04-10,22
U01344,2026-04-10 06:44:00,login,web,2026-04-10,6
U01344,2026-04-10 02:01:00,page_view,unknown,2026-04-10,2
U01344,2026-04-11 04:18:00,logout,unknown,2026-04-11,4
U01345,2026-04-06 04:22:00,login,mobile,2026-04-06,4
U01345,2026-03-31 11:18:00,login,unknown,2026-03-31,11
U01345,2026-04-05 21:34:00,session_end,mobile,2026-04-05,21
U01345,2026-04-03 05:31:00,logout,unknown,2026-04-03,5
U01345,2026-04-06 23:48:00,page_view,mobile,2026-04-06,23
U01345,2026-04-03 17:20:00,page_view,mobile,2026-04-03,17
U01346,2026-06-19 17:42:00,login,mobile,2026-06-19,17
U01346,2026-06-28 16:36:00,login,unknown,2026-06-28,16
U01346,2026-06-26 06:42:00,page_view,mobile,2026-06-26,6
U01346,2026-06-28 14:35:00,page_view,unknown,2026-06-28,14
U01346,2026-06-24 00:30:00,page_view,web,2026-06-24,0
U01347,2026-02-12 05:41:00,login,web,2026-02-12,5
U01347,2026-02-22 14:49:00,page_view,mobile,2026-02-22,14
U01347,2026-02-09 16:39:00,session_end,web,2026-02-09,16
U01348,2026-01-24 07:04:00,logout,web,2026-01-24,7
U01348,2026-01-26 13:43:00,session_end,mobile,2026-01-26,13
U01348,2026-01-25 02:41:00,login,web,2026-01-25,2
U01348,2026-01-18 09:45:00,session_start,web,2026-01-18,9
U01348,2026-01-20 00:52:00,session_start,web,2026-01-20,0
U01348,2026-01-22 15:23:00,login,web,2026-01-22,15
U01348,2026-01-24 09:42:00,session_end,unknown,2026-01-24,9
U01348,2026-01-18 11:29:00,session_start,unknown,2026-01-18,11
U01348,2026-01-26 13:08:00,logout,web,2026-01-26,13
U01349,2026-03-26 17:59:00,login,web,2026-03-26,17
U01349,2026-04-06 18:22:00,login,web,2026-04-06,18
U01349,2026-03-31 08:47:00,login,web,2026-03-31,8
U01349,2026-04-03 05:10:00,login,web,2026-04-03,5
U01349,2026-03-28 03:12:00,logout,mobile,2026-03-28,3
U01350,2026-01-18 01:47:00,login,web,2026-01-18,1
U01350,2026-01-12 09:06:00,session_end,unknown,2026-01-12,9
U01350,2026-01-10 21:44:00,login,web,2026-01-10,21
U01350,2026-01-21 23:45:00,login,web,2026-01-21,23
U01350,2026-01-16 13:31:00,login,web,2026-01-16,13
U01350,2026-01-08 21:14:00,logout,unknown,2026-01-08,21
U01350,2026-01-10 12:48:00,login,web,2026-01-10,12
U01351,2026-03-30 10:46:00,login,web,2026-03-30,10
U01351,2026-03-18 15:15:00,session_start,mobile,2026-03-18,15
U01351,2026-03-19 07:16:00,login,unknown,2026-03-19,7
U01351,2026-03-30 22:31:00,logout,unknown,2026-03-30,22
U01351,2026-03-30 01:45:00,login,mobile,2026-03-30,1
U01351,2026-03-20 20:52:00,session_end,web,2026-03-20,20
U01351,2026-03-19 16:05:00,session_start,web,2026-03-19,16
U01351,2026-03-31 16:52:00,session_end,mobile,2026-03-31,16
U01351,2026-03-22 09:43:00,session_start,web,2026-03-22,9
U01352,2026-04-24 04:52:00,login,web,2026-04-24,4
U01352,2026-04-24 05:28:00,page_view,web,2026-04-24,5
U01352,2026-04-19 13:15:00,logout,unknown,2026-04-19,13
U01352,2026-04-24 06:04:00,login,web,2026-04-24,6
U01352,2026-04-19 06:15:00,login,web,2026-04-19,6
U01352,2026-04-18 16:25:00,login,mobile,2026-04-18,16
U01352,2026-04-10 13:46:00,logout,web,2026-04-10,13
U01353,2026-06-11 18:56:00,login,web,2026-06-11,18
U01353,2026-05-30 07:52:00,session_end,web,2026-05-30,7
U01353,2026-06-07 00:15:00,page_view,unknown,2026-06-07,0
U01353,2026-06-03 17:23:00,page_view,web,2026-06-03,17
U01353,2026-06-09 01:58:00,login,mobile,2026-06-09,1
U01353,2026-05-31 16:09:00,login,web,2026-05-31,16
U01353,2026-06-10 08:01:00,session_end,web,2026-06-10,8
U01353,2026-06-06 01:08:00,session_end,web,2026-06-06,1
U01353,2026-06-05 02:27:00,page_view,unknown,2026-06-05,2
U01353,2026-06-07 14:41:00,logout,mobile,2026-06-07,14
U01353,2026-06-01 02:18:00,session_end,unknown,2026-06-01,2
U01354,2026-03-03 00:13:00,page_view,mobile,2026-03-03,0
U01354,2026-02-18 08:12:00,page_view,web,2026-02-18,8
U01354,2026-02-28 15:16:00,login,mobile,2026-02-28,15
U01354,2026-02-22 09:08:00,login,web,2026-02-22,9
U01354,2026-02-24 11:04:00,logout,web,2026-02-24,11
U01354,2026-03-02 00:18:00,logout,unknown,2026-03-02,0
U01354,2026-02-18 02:00:00,page_view,web,2026-02-18,2
U01354,2026-02-19 06:07:00,login,web,2026-02-19,6
U01355,2026-03-03 10:47:00,session_start,web,2026-03-03,10
U01355,2026-02-28 01:46:00,session_start,mobile,2026-02-28,1
U01355,2026-03-08 21:08:00,page_view,mobile,2026-03-08,21
U01355,2026-03-07 11:27:00,logout,unknown,2026-03-07,11
U01355,2026-02-28 21:05:00,session_start,unknown,2026-02-28,21
U01355,2026-03-10 02:45:00,session_end,unknown,2026-03-10,2
U01356,2026-06-24 17:57:00,logout,unknown,2026-06-24,17
U01356,2026-06-20 13:30:00,page_view,unknown,2026-06-20,13
U01356,2026-06-27 11:55:00,login,mobile,2026-06-27,11
U01357,2026-04-10 15:29:00,page_view,web,2026-04-10,15
U01357,2026-04-04 06:38:00,session_end,web,2026-04-04,6
U01357,2026-04-10 18:14:00,session_end,unknown,2026-04-10,18
U01357,2026-04-12 20:51:00,login,web,2026-04-12,20
U01357,2026-04-06 16:30:00,login,web,2026-04-06,16
U01358,2026-05-27 11:07:00,session_end,web,2026-05-27,11
U01358,2026-05-28 10:47:00,session_end,unknown,2026-05-28,10
U01358,2026-06-06 16:51:00,logout,web,2026-06-06,16
U01358,2026-06-02 23:50:00,session_start,mobile,2026-06-02,23
U01358,2026-05-27 03:34:00,session_end,web,2026-05-27,3
U01359,2026-05-08 18:42:00,session_start,web,2026-05-08,18
U01359,2026-05-12 21:02:00,login,web,2026-05-12,21
U01359,2026-05-06 15:51:00,login,web,2026-05-06,15
U01359,2026-05-10 06:58:00,session_end,web,2026-05-10,6
U01359,2026-05-13 17:40:00,login,mobile,2026-05-13,17
U01359,2026-05-11 12:46:00,login,web,2026-05-11,12
U01359,2026-05-06 08:52:00,login,mobile,2026-05-06,8
U01360,2026-06-05 07:37:00,login,unknown,2026-06-05,7
U01360,2026-05-25 21:36:00,login,web,2026-05-25,21
U01360,2026-05-24 13:14:00,session_end,web,2026-05-24,13
U01360,2026-06-06 13:57:00,session_start,web,2026-06-06,13
U01361,2026-03-29 01:47:00,session_start,web,2026-03-29,1
U01361,2026-04-08 11:12:00,session_start,web,2026-04-08,11
U01361,2026-03-29 01:43:00,login,web,2026-03-29,1
U01361,2026-04-06 20:22:00,page_view,web,2026-04-06,20
U01361,2026-04-08 07:43:00,login,web,2026-04-08,7
U01361,2026-03-31 01:28:00,logout,unknown,2026-03-31,1
U01361,2026-04-03 14:44:00,session_end,mobile,2026-04-03,14
U01361,2026-04-06 22:57:00,page_view,mobile,2026-04-06,22
U01361,2026-04-08 03:48:00,login,web,2026-04-08,3
U01361,2026-04-03 04:43:00,page_view,web,2026-04-03,4
U01362,2026-03-12 08:01:00,logout,web,2026-03-12,8
U01362,2026-03-05 02:07:00,logout,mobile,2026-03-05,2
U01362,2026-03-02 12:06:00,page_view,unknown,2026-03-02,12
U01362,2026-03-03 21:31:00,session_end,web,2026-03-03,21
U01362,2026-03-12 08:06:00,login,web,2026-03-12,8
U01362,2026-03-06 13:26:00,session_start,web,2026-03-06,13
U01362,2026-03-06 13:16:00,login,mobile,2026-03-06,13
U01362,2026-03-04 04:49:00,login,web,2026-03-04,4
U01363,2026-04-02 15:03:00,page_view,web,2026-04-02,15
U01363,2026-03-29 17:26:00,session_start,web,2026-03-29,17
U01364,2026-04-07 00:07:00,session_end,unknown,2026-04-07,0
U01364,2026-04-13 00:14:00,login,mobile,2026-04-13,0
U01364,2026-04-11 14:49:00,login,web,2026-04-11,14
U01364,2026-04-16 09:14:00,logout,web,2026-04-16,9
U01364,2026-04-13 07:08:00,login,unknown,2026-04-13,7
U01364,2026-04-16 13:49:00,session_end,unknown,2026-04-16,13
U01364,2026-04-16 08:38:00,logout,web,2026-04-16,8
U01364,2026-04-18 06:40:00,logout,web,2026-04-18,6
U01364,2026-04-10 07:32:00,login,unknown,2026-04-10,7
U01364,2026-04-13 19:38:00,page_view,mobile,2026-04-13,19
U01364,2026-04-10 12:53:00,session_end,mobile,2026-04-10,12
U01365,2026-05-03 14:01:00,login,web,2026-05-03,14
U01365,2026-04-30 21:12:00,login,web,2026-04-30,21
U01365,2026-05-07 13:49:00,login,mobile,2026-05-07,13
U01365,2026-05-01 07:05:00,logout,web,2026-05-01,7
U01365,2026-05-13 11:44:00,session_start,web,2026-05-13,11
U01365,2026-04-30 16:50:00,login,mobile,2026-04-30,16
U01365,2026-05-06 11:38:00,login,unknown,2026-05-06,11
U01365,2026-04-29 00:15:00,login,mobile,2026-04-29,0
U01365,2026-05-13 14:17:00,login,mobile,2026-05-13,14
U01365,2026-05-04 12:51:00,page_view,unknown,2026-05-04,12
U01365,2026-05-03 00:52:00,logout,web,2026-05-03,0
U01365,2026-05-02 12:08:00,login,web,2026-05-02,12
U01366,2026-06-26 20:42:00,login,mobile,2026-06-26,20
U01366,2026-06-13 02:52:00,login,web,2026-06-13,2
U01366,2026-06-13 20:04:00,login,web,2026-06-13,20
U01366,2026-06-22 04:01:00,session_start,web,2026-06-22,4
U01366,2026-06-19 03:15:00,page_view,unknown,2026-06-19,3
U01366,2026-06-22 18:13:00,login,web,2026-06-22,18
U01366,2026-06-17 04:11:00,login,web,2026-06-17,4
U01366,2026-06-16 05:41:00,logout,unknown,2026-06-16,5
U01366,2026-06-24 14:41:00,login,web,2026-06-24,14
U01366,2026-06-25 06:35:00,login,mobile,2026-06-25,6
U01366,2026-06-17 13:07:00,login,unknown,2026-06-17,13
U01366,2026-06-13 21:20:00,page_view,web,2026-06-13,21
U01366,2026-06-16 23:09:00,session_start,web,2026-06-16,23
U01367,2026-06-16 08:54:00,logout,web,2026-06-16,8
U01367,2026-06-13 06:28:00,logout,web,2026-06-13,6
U01367,2026-06-16 04:25:00,session_end,mobile,2026-06-16,4
U01367,2026-06-19 20:39:00,login,web,2026-06-19,20
U01368,2026-05-17 03:17:00,logout,web,2026-05-17,3
U01368,2026-05-09 05:51:00,login,mobile,2026-05-09,5
U01369,2026-04-11 11:35:00,login,mobile,2026-04-11,11
U01369,2026-04-21 11:32:00,login,mobile,2026-04-21,11
U01369,2026-04-18 23:59:00,page_view,web,2026-04-18,23
U01369,2026-04-22 20:10:00,session_end,web,2026-04-22,20
U01369,2026-04-13 00:59:00,logout,unknown,2026-04-13,0
U01370,2026-04-21 01:55:00,session_start,web,2026-04-21,1
U01370,2026-04-25 21:56:00,page_view,unknown,2026-04-25,21
U01370,2026-04-28 06:23:00,login,web,2026-04-28,6
U01370,2026-04-30 04:22:00,login,web,2026-04-30,4
U01370,2026-04-27 22:30:00,session_start,unknown,2026-04-27,22
U01370,2026-04-23 08:18:00,logout,web,2026-04-23,8
U01370,2026-04-25 12:16:00,logout,mobile,2026-04-25,12
U01371,2026-02-21 09:27:00,login,web,2026-02-21,9
U01371,2026-02-21 13:00:00,session_start,mobile,2026-02-21,13
U01371,2026-02-27 09:34:00,session_start,mobile,2026-02-27,9
U01371,2026-03-04 21:29:00,login,web,2026-03-04,21
U01371,2026-03-05 06:31:00,session_start,mobile,2026-03-05,6
U01371,2026-03-05 17:22:00,page_view,web,2026-03-05,17
U01371,2026-03-03 12:01:00,session_end,web,2026-03-03,12
U01371,2026-02-23 03:01:00,logout,web,2026-02-23,3
U01371,2026-02-21 14:10:00,logout,web,2026-02-21,14
U01371,2026-02-25 11:46:00,login,unknown,2026-02-25,11
U01372,2026-04-28 02:48:00,session_start,web,2026-04-28,2
U01372,2026-05-07 19:54:00,logout,mobile,2026-05-07,19
U01372,2026-04-30 20:47:00,login,unknown,2026-04-30,20
U01373,2026-02-16 14:36:00,login,unknown,2026-02-16,14
U01373,2026-02-18 11:42:00,logout,web,2026-02-18,11
U01373,2026-02-27 15:18:00,login,web,2026-02-27,15
U01373,2026-02-26 12:49:00,login,mobile,2026-02-26,12
U01373,2026-02-18 11:03:00,page_view,mobile,2026-02-18,11
U01374,2026-06-22 21:44:00,logout,web,2026-06-22,21
U01374,2026-06-14 21:40:00,session_end,web,2026-06-14,21
U01374,2026-06-15 04:29:00,session_end,web,2026-06-15,4
U01375,2026-06-14 21:59:00,login,unknown,2026-06-14,21
U01375,2026-06-13 15:37:00,login,unknown,2026-06-13,15
U01375,2026-06-23 08:21:00,logout,web,2026-06-23,8
U01375,2026-06-21 22:47:00,login,web,2026-06-21,22
U01375,2026-06-25 14:46:00,session_end,web,2026-06-25,14
U01376,2026-03-14 14:46:00,login,web,2026-03-14,14
U01376,2026-03-19 22:55:00,login,mobile,2026-03-19,22
U01376,2026-03-19 23:06:00,session_end,mobile,2026-03-19,23
U01376,2026-03-14 04:59:00,page_view,web,2026-03-14,4
U01376,2026-03-26 00:10:00,login,mobile,2026-03-26,0
U01376,2026-03-18 21:58:00,login,unknown,2026-03-18,21
U01376,2026-03-18 03:29:00,session_start,web,2026-03-18,3
U01376,2026-03-23 00:49:00,page_view,web,2026-03-23,0
U01376,2026-03-12 08:46:00,session_start,web,2026-03-12,8
U01376,2026-03-22 11:06:00,login,mobile,2026-03-22,11
U01376,2026-03-20 12:14:00,session_end,web,2026-03-20,12
U01376,2026-03-13 00:22:00,login,mobile,2026-03-13,0
U01376,2026-03-23 04:34:00,page_view,mobile,2026-03-23,4
U01377,2026-02-10 15:49:00,page_view,web,2026-02-10,15
U01377,2026-02-20 20:21:00,session_end,web,2026-02-20,20
U01377,2026-02-12 16:45:00,login,unknown,2026-02-12,16
U01377,2026-02-22 13:31:00,session_start,web,2026-02-22,13
U01377,2026-02-12 06:39:00,login,web,2026-02-12,6
U01377,2026-02-21 08:13:00,logout,mobile,2026-02-21,8
U01377,2026-02-23 20:56:00,session_start,mobile,2026-02-23,20
U01377,2026-02-21 04:45:00,session_start,mobile,2026-02-21,4
U01378,2026-02-12 13:49:00,page_view,mobile,2026-02-12,13
U01378,2026-02-04 11:07:00,login,web,2026-02-04,11
U01378,2026-02-05 12:00:00,session_start,unknown,2026-02-05,12
U01379,2026-06-24 05:04:00,login,mobile,2026-06-24,5
U01379,2026-06-26 20:40:00,login,unknown,2026-06-26,20
U01379,2026-06-26 18:42:00,logout,unknown,2026-06-26,18
U01379,2026-06-24 10:13:00,logout,unknown,2026-06-24,10
U01379,2026-06-13 11:57:00,login,unknown,2026-06-13,11
U01379,2026-06-15 03:01:00,login,mobile,2026-06-15,3
U01379,2026-06-12 17:36:00,session_end,mobile,2026-06-12,17
U01379,2026-06-13 17:29:00,login,web,2026-06-13,17
U01379,2026-06-22 18:23:00,login,unknown,2026-06-22,18
U01380,2026-05-12 06:53:00,login,unknown,2026-05-12,6
U01380,2026-05-10 07:06:00,login,unknown,2026-05-10,7
U01380,2026-05-06 08:05:00,page_view,web,2026-05-06,8
U01380,2026-05-11 10:03:00,logout,mobile,2026-05-11,10
U01380,2026-05-13 22:29:00,page_view,web,2026-05-13,22
U01380,2026-05-12 20:53:00,page_view,web,2026-05-12,20
U01380,2026-05-11 04:26:00,session_end,web,2026-05-11,4
U01381,2026-05-17 19:03:00,session_start,mobile,2026-05-17,19
U01381,2026-05-19 00:35:00,page_view,unknown,2026-05-19,0
U01381,2026-05-18 05:48:00,login,web,2026-05-18,5
U01381,2026-05-22 05:15:00,session_end,web,2026-05-22,5
U01382,2026-04-15 13:49:00,login,mobile,2026-04-15,13
U01383,2026-05-19 06:04:00,logout,web,2026-05-19,6
U01383,2026-05-28 19:58:00,logout,unknown,2026-05-28,19
U01383,2026-05-21 03:29:00,login,unknown,2026-05-21,3
U01383,2026-05-28 19:01:00,login,mobile,2026-05-28,19
U01383,2026-05-19 00:52:00,session_end,web,2026-05-19,0
U01383,2026-05-28 13:55:00,login,web,2026-05-28,13
U01383,2026-05-17 14:21:00,login,mobile,2026-05-17,14
U01383,2026-05-28 23:17:00,login,mobile,2026-05-28,23
U01383,2026-05-30 00:03:00,session_start,unknown,2026-05-30,0
U01383,2026-05-23 20:22:00,session_end,unknown,2026-05-23,20
U01383,2026-05-21 10:43:00,session_end,web,2026-05-21,10
U01383,2026-05-16 18:21:00,session_end,web,2026-05-16,18
U01383,2026-05-20 10:02:00,login,unknown,2026-05-20,10
U01383,2026-05-18 07:25:00,session_start,web,2026-05-18,7
U01384,2026-06-20 12:08:00,session_start,mobile,2026-06-20,12
U01384,2026-06-18 13:21:00,login,web,2026-06-18,13
U01384,2026-06-14 22:08:00,login,web,2026-06-14,22
U01384,2026-06-22 07:41:00,session_end,web,2026-06-22,7
U01384,2026-06-22 21:20:00,login,web,2026-06-22,21
U01384,2026-06-24 12:09:00,login,unknown,2026-06-24,12
U01385,2026-04-13 12:16:00,page_view,mobile,2026-04-13,12
U01385,2026-04-13 09:38:00,logout,mobile,2026-04-13,9
U01385,2026-04-12 18:57:00,login,web,2026-04-12,18
U01385,2026-04-05 22:48:00,session_start,unknown,2026-04-05,22
U01385,2026-04-03 01:28:00,session_end,unknown,2026-04-03,1
U01385,2026-04-08 16:47:00,logout,web,2026-04-08,16
U01385,2026-04-07 10:28:00,login,web,2026-04-07,10
U01386,2026-04-21 02:03:00,session_start,unknown,2026-04-21,2
U01386,2026-04-16 20:09:00,session_start,web,2026-04-16,20
U01386,2026-04-10 16:28:00,session_end,mobile,2026-04-10,16
U01387,2026-03-30 18:28:00,session_end,web,2026-03-30,18
U01387,2026-03-23 14:30:00,login,web,2026-03-23,14
U01387,2026-03-22 08:36:00,login,web,2026-03-22,8
U01387,2026-03-26 23:17:00,login,mobile,2026-03-26,23
U01387,2026-04-03 08:15:00,session_start,web,2026-04-03,8
U01387,2026-03-24 14:00:00,login,web,2026-03-24,14
U01387,2026-03-27 20:37:00,login,unknown,2026-03-27,20
U01387,2026-03-25 02:51:00,session_end,unknown,2026-03-25,2
U01388,2026-01-17 12:50:00,session_end,mobile,2026-01-17,12
U01388,2026-01-18 22:57:00,session_end,mobile,2026-01-18,22
U01388,2026-01-24 01:53:00,logout,mobile,2026-01-24,1
U01388,2026-01-22 23:10:00,session_start,mobile,2026-01-22,23
U01388,2026-01-17 15:07:00,login,web,2026-01-17,15
U01389,2026-05-03 15:11:00,login,mobile,2026-05-03,15
U01389,2026-05-10 07:00:00,login,web,2026-05-10,7
U01389,2026-05-04 21:32:00,logout,web,2026-05-04,21
U01389,2026-05-09 18:07:00,login,mobile,2026-05-09,18
U01389,2026-04-29 22:19:00,login,web,2026-04-29,22
U01389,2026-05-09 12:24:00,login,web,2026-05-09,12
U01389,2026-05-06 17:50:00,page_view,web,2026-05-06,17
U01389,2026-05-11 10:58:00,session_start,mobile,2026-05-11,10
U01389,2026-05-03 20:38:00,login,mobile,2026-05-03,20
U01389,2026-04-27 06:57:00,login,web,2026-04-27,6
U01390,2026-05-28 07:52:00,page_view,unknown,2026-05-28,7
U01390,2026-05-20 20:12:00,login,web,2026-05-20,20
U01391,2026-02-10 23:59:00,session_end,web,2026-02-10,23
U01391,2026-02-13 21:38:00,logout,unknown,2026-02-13,21
U01391,2026-02-17 23:51:00,session_start,web,2026-02-17,23
U01391,2026-02-15 15:51:00,login,unknown,2026-02-15,15
U01391,2026-02-04 00:31:00,login,unknown,2026-02-04,0
U01391,2026-02-05 08:50:00,login,mobile,2026-02-05,8
U01391,2026-02-17 14:02:00,login,web,2026-02-17,14
U01391,2026-02-15 18:05:00,page_view,unknown,2026-02-15,18
U01391,2026-02-08 09:12:00,session_start,unknown,2026-02-08,9
U01392,2026-04-03 21:46:00,page_view,unknown,2026-04-03,21
U01392,2026-04-05 16:58:00,page_view,unknown,2026-04-05,16
U01392,2026-04-08 05:55:00,login,web,2026-04-08,5
U01393,2026-04-28 15:45:00,session_start,web,2026-04-28,15
U01393,2026-04-27 00:47:00,login,web,2026-04-27,0
U01393,2026-04-19 16:27:00,session_start,web,2026-04-19,16
U01393,2026-04-22 04:18:00,logout,unknown,2026-04-22,4
U01393,2026-04-18 02:17:00,login,unknown,2026-04-18,2
U01393,2026-04-22 11:56:00,login,web,2026-04-22,11
U01394,2026-03-03 03:46:00,page_view,unknown,2026-03-03,3
U01394,2026-03-01 13:13:00,page_view,web,2026-03-01,13
U01394,2026-03-09 18:11:00,login,mobile,2026-03-09,18
U01394,2026-03-01 06:45:00,login,mobile,2026-03-01,6
U01394,2026-02-28 10:36:00,logout,web,2026-02-28,10
U01394,2026-02-27 14:44:00,logout,web,2026-02-27,14
U01394,2026-03-02 04:42:00,page_view,web,2026-03-02,4
U01394,2026-03-03 22:17:00,session_end,web,2026-03-03,22
U01394,2026-03-13 11:26:00,session_start,unknown,2026-03-13,11
U01394,2026-02-28 11:53:00,logout,web,2026-02-28,11
U01395,2026-02-25 23:29:00,page_view,unknown,2026-02-25,23
U01395,2026-03-02 00:18:00,login,unknown,2026-03-02,0
U01395,2026-03-04 18:53:00,login,web,2026-03-04,18
U01395,2026-03-10 03:25:00,page_view,web,2026-03-10,3
U01395,2026-03-01 14:41:00,session_start,unknown,2026-03-01,14
U01396,2026-06-14 21:28:00,logout,unknown,2026-06-14,21
U01396,2026-06-14 11:52:00,session_start,unknown,2026-06-14,11
U01396,2026-06-06 12:55:00,login,unknown,2026-06-06,12
U01396,2026-06-06 01:35:00,login,mobile,2026-06-06,1
U01396,2026-05-31 16:42:00,page_view,web,2026-05-31,16
U01396,2026-06-13 20:08:00,session_end,unknown,2026-06-13,20
U01396,2026-06-04 10:56:00,login,mobile,2026-06-04,10
U01396,2026-06-01 15:23:00,login,web,2026-06-01,15
U01396,2026-06-09 19:34:00,session_end,unknown,2026-06-09,19
U01397,2026-02-09 04:37:00,session_end,unknown,2026-02-09,4
U01397,2026-02-03 14:23:00,login,web,2026-02-03,14
U01397,2026-02-03 05:00:00,session_start,web,2026-02-03,5
U01398,2026-04-17 22:35:00,login,web,2026-04-17,22
U01398,2026-04-13 19:10:00,session_end,unknown,2026-04-13,19
U01398,2026-04-19 21:14:00,page_view,unknown,2026-04-19,21
U01398,2026-04-19 21:17:00,login,web,2026-04-19,21
U01398,2026-04-13 15:08:00,login,unknown,2026-04-13,15
U01398,2026-04-20 13:12:00,session_end,web,2026-04-20,13
U01398,2026-04-10 05:51:00,logout,web,2026-04-10,5
U01398,2026-04-11 07:03:00,login,web,2026-04-11,7
U01398,2026-04-15 22:12:00,session_end,mobile,2026-04-15,22
U01398,2026-04-10 00:57:00,login,web,2026-04-10,0
U01399,2026-05-31 03:51:00,logout,web,2026-05-31,3
U01399,2026-05-27 00:25:00,login,web,2026-05-27,0
U01399,2026-05-25 17:20:00,login,unknown,2026-05-25,17
U01399,2026-05-22 11:08:00,page_view,web,2026-05-22,11
U01399,2026-05-22 04:36:00,session_start,web,2026-05-22,4
U01399,2026-05-22 02:17:00,login,unknown,2026-05-22,2
U01400,2026-06-11 14:59:00,login,web,2026-06-11,14
U01400,2026-06-09 22:33:00,login,web,2026-06-09,22
U01400,2026-06-03 14:36:00,session_end,mobile,2026-06-03,14
U01400,2026-06-12 16:29:00,page_view,web,2026-06-12,16
U01401,2026-01-16 07:21:00,login,unknown,2026-01-16,7
U01401,2026-01-12 19:27:00,login,mobile,2026-01-12,19
U01401,2026-01-18 17:45:00,logout,web,2026-01-18,17
U01402,2026-02-10 23:34:00,session_start,web,2026-02-10,23
U01402,2026-01-31 14:41:00,session_end,mobile,2026-01-31,14
U01402,2026-02-04 21:24:00,login,web,2026-02-04,21
U01403,2026-04-17 19:47:00,session_end,web,2026-04-17,19
U01403,2026-04-20 23:27:00,login,web,2026-04-20,23
U01403,2026-04-21 13:59:00,session_end,web,2026-04-21,13
U01403,2026-04-18 15:26:00,page_view,mobile,2026-04-18,15
U01403,2026-04-17 06:25:00,logout,web,2026-04-17,6
U01403,2026-04-10 13:33:00,logout,web,2026-04-10,13
U01403,2026-04-21 03:31:00,session_end,unknown,2026-04-21,3
U01403,2026-04-11 13:30:00,session_end,web,2026-04-11,13
U01404,2026-03-07 00:08:00,page_view,unknown,2026-03-07,0
U01404,2026-03-19 02:38:00,logout,web,2026-03-19,2
U01404,2026-03-16 19:20:00,logout,mobile,2026-03-16,19
U01404,2026-03-19 00:12:00,session_end,unknown,2026-03-19,0
U01404,2026-03-08 03:58:00,login,web,2026-03-08,3
U01404,2026-03-18 11:40:00,login,web,2026-03-18,11
U01404,2026-03-16 08:57:00,login,unknown,2026-03-16,8
U01404,2026-03-08 09:52:00,page_view,web,2026-03-08,9
U01404,2026-03-12 22:11:00,login,web,2026-03-12,22
U01404,2026-03-07 12:21:00,session_start,unknown,2026-03-07,12
U01404,2026-03-09 20:50:00,login,mobile,2026-03-09,20
U01404,2026-03-16 11:02:00,session_end,mobile,2026-03-16,11
U01405,2026-02-26 06:46:00,login,unknown,2026-02-26,6
U01405,2026-02-24 10:15:00,page_view,web,2026-02-24,10
U01405,2026-02-26 00:15:00,login,unknown,2026-02-26,0
U01405,2026-02-27 10:54:00,session_end,web,2026-02-27,10
U01405,2026-02-23 21:17:00,login,web,2026-02-23,21
U01406,2026-06-13 09:33:00,login,mobile,2026-06-13,9
U01406,2026-06-23 11:03:00,session_start,web,2026-06-23,11
U01406,2026-06-16 00:48:00,page_view,mobile,2026-06-16,0
U01406,2026-06-22 07:11:00,session_end,web,2026-06-22,7
U01406,2026-06-24 18:40:00,session_end,unknown,2026-06-24,18
U01406,2026-06-11 04:16:00,login,web,2026-06-11,4
U01406,2026-06-15 06:05:00,login,web,2026-06-15,6
U01407,2026-02-02 15:06:00,page_view,mobile,2026-02-02,15
U01408,2026-03-14 21:21:00,page_view,mobile,2026-03-14,21
U01408,2026-03-25 04:48:00,logout,unknown,2026-03-25,4
U01408,2026-03-18 20:41:00,login,unknown,2026-03-18,20
U01408,2026-03-17 11:21:00,login,unknown,2026-03-17,11
U01408,2026-03-17 02:28:00,login,unknown,2026-03-17,2
U01409,2026-02-10 15:14:00,login,web,2026-02-10,15
U01409,2026-02-09 17:59:00,login,web,2026-02-09,17
U01409,2026-02-12 03:11:00,session_start,unknown,2026-02-12,3
U01409,2026-02-11 03:21:00,page_view,mobile,2026-02-11,3
U01409,2026-02-14 06:51:00,logout,mobile,2026-02-14,6
U01410,2026-05-20 08:11:00,session_start,web,2026-05-20,8
U01410,2026-05-24 04:04:00,login,web,2026-05-24,4
U01410,2026-05-25 20:06:00,login,web,2026-05-25,20
U01410,2026-05-24 07:40:00,login,web,2026-05-24,7
U01410,2026-05-17 05:30:00,session_end,web,2026-05-17,5
U01410,2026-05-19 05:57:00,login,unknown,2026-05-19,5
U01410,2026-05-18 06:13:00,page_view,web,2026-05-18,6
U01410,2026-05-24 04:38:00,logout,web,2026-05-24,4
U01410,2026-05-14 14:58:00,login,web,2026-05-14,14
U01410,2026-05-13 14:22:00,session_end,mobile,2026-05-13,14
U01410,2026-05-20 22:50:00,login,web,2026-05-20,22
U01411,2026-03-21 21:58:00,login,web,2026-03-21,21
U01411,2026-03-26 05:05:00,logout,web,2026-03-26,5
U01411,2026-03-20 21:11:00,login,web,2026-03-20,21
U01411,2026-03-27 22:25:00,logout,web,2026-03-27,22
U01411,2026-03-23 02:02:00,login,web,2026-03-23,2
U01411,2026-03-27 08:12:00,session_start,web,2026-03-27,8
U01411,2026-03-28 06:25:00,login,web,2026-03-28,6
U01411,2026-03-18 06:52:00,login,unknown,2026-03-18,6
U01411,2026-03-23 02:16:00,login,mobile,2026-03-23,2
U01411,2026-03-25 22:00:00,page_view,web,2026-03-25,22
U01412,2026-05-15 20:09:00,login,unknown,2026-05-15,20
U01412,2026-05-14 22:32:00,login,web,2026-05-14,22
U01412,2026-05-10 14:32:00,login,unknown,2026-05-10,14
U01412,2026-05-22 17:20:00,page_view,unknown,2026-05-22,17
U01412,2026-05-09 01:38:00,login,mobile,2026-05-09,1
U01412,2026-05-16 11:13:00,login,web,2026-05-16,11
U01412,2026-05-08 18:02:00,login,unknown,2026-05-08,18
U01412,2026-05-11 20:08:00,login,unknown,2026-05-11,20
U01412,2026-05-18 15:59:00,session_start,web,2026-05-18,15
U01412,2026-05-12 12:23:00,session_end,unknown,2026-05-12,12
U01413,2026-02-22 15:10:00,session_end,web,2026-02-22,15
U01413,2026-02-28 20:01:00,login,web,2026-02-28,20
U01413,2026-02-25 13:40:00,login,mobile,2026-02-25,13
U01413,2026-02-23 22:18:00,logout,unknown,2026-02-23,22
U01413,2026-02-26 20:50:00,logout,unknown,2026-02-26,20
U01413,2026-03-06 16:18:00,logout,web,2026-03-06,16
U01414,2026-02-26 09:47:00,session_start,mobile,2026-02-26,9
U01414,2026-02-26 03:29:00,login,unknown,2026-02-26,3
U01414,2026-02-24 10:48:00,login,web,2026-02-24,10
U01414,2026-02-22 23:53:00,session_start,unknown,2026-02-22,23
U01414,2026-03-02 21:24:00,login,web,2026-03-02,21
U01414,2026-03-07 18:26:00,login,unknown,2026-03-07,18
U01414,2026-02-21 01:50:00,page_view,mobile,2026-02-21,1
U01414,2026-03-04 07:28:00,page_view,web,2026-03-04,7
U01414,2026-02-23 05:36:00,logout,unknown,2026-02-23,5
U01414,2026-03-04 08:33:00,login,mobile,2026-03-04,8
U01415,2026-03-18 00:36:00,login,mobile,2026-03-18,0
U01415,2026-03-31 04:20:00,login,web,2026-03-31,4
U01415,2026-03-22 11:30:00,session_end,web,2026-03-22,11
U01416,2026-06-03 23:12:00,session_start,mobile,2026-06-03,23
U01416,2026-05-24 15:25:00,session_start,web,2026-05-24,15
U01416,2026-05-25 02:18:00,login,unknown,2026-05-25,2
U01416,2026-05-25 06:03:00,login,unknown,2026-05-25,6
U01417,2026-05-04 17:04:00,login,unknown,2026-05-04,17
U01417,2026-05-06 05:37:00,session_end,mobile,2026-05-06,5
U01417,2026-05-05 00:39:00,logout,mobile,2026-05-05,0
U01417,2026-05-09 20:48:00,login,web,2026-05-09,20
U01418,2026-01-15 21:12:00,session_end,mobile,2026-01-15,21
U01418,2026-01-03 19:40:00,login,web,2026-01-03,19
U01419,2026-01-30 22:43:00,page_view,web,2026-01-30,22
U01419,2026-02-07 12:57:00,login,web,2026-02-07,12
U01419,2026-01-29 14:51:00,session_start,web,2026-01-29,14
U01419,2026-02-01 19:03:00,session_end,unknown,2026-02-01,19
U01419,2026-02-06 06:42:00,page_view,web,2026-02-06,6
U01420,2026-05-19 15:25:00,session_start,web,2026-05-19,15
U01420,2026-05-07 14:32:00,login,web,2026-05-07,14
U01420,2026-05-11 12:27:00,session_start,unknown,2026-05-11,12
U01421,2026-01-29 09:44:00,session_end,mobile,2026-01-29,9
U01421,2026-01-26 21:52:00,login,web,2026-01-26,21
U01421,2026-01-23 16:26:00,session_end,mobile,2026-01-23,16
U01421,2026-02-03 21:47:00,login,web,2026-02-03,21
U01421,2026-01-28 10:21:00,session_end,mobile,2026-01-28,10
U01421,2026-01-25 20:27:00,login,unknown,2026-01-25,20
U01421,2026-02-01 05:24:00,session_start,mobile,2026-02-01,5
U01422,2026-01-29 04:20:00,session_start,mobile,2026-01-29,4
U01422,2026-02-02 07:40:00,login,unknown,2026-02-02,7
U01422,2026-02-09 17:52:00,page_view,mobile,2026-02-09,17
U01422,2026-02-02 01:46:00,page_view,web,2026-02-02,1
U01422,2026-02-02 05:12:00,logout,mobile,2026-02-02,5
U01422,2026-01-30 20:16:00,session_start,unknown,2026-01-30,20
U01422,2026-02-01 03:02:00,login,web,2026-02-01,3
U01422,2026-02-09 09:38:00,page_view,unknown,2026-02-09,9
U01422,2026-01-27 17:03:00,session_start,unknown,2026-01-27,17
U01423,2026-03-03 16:52:00,session_end,unknown,2026-03-03,16
U01424,2026-03-21 23:47:00,session_end,unknown,2026-03-21,23
U01424,2026-03-18 05:17:00,login,web,2026-03-18,5
U01424,2026-03-23 00:48:00,login,web,2026-03-23,0
U01424,2026-03-10 16:27:00,session_end,web,2026-03-10,16
U01424,2026-03-15 02:14:00,page_view,web,2026-03-15,2
U01424,2026-03-13 01:54:00,session_end,mobile,2026-03-13,1
U01424,2026-03-20 20:15:00,logout,web,2026-03-20,20
U01424,2026-03-17 07:34:00,login,web,2026-03-17,7
U01424,2026-03-15 18:47:00,login,web,2026-03-15,18
U01424,2026-03-16 13:37:00,login,mobile,2026-03-16,13
U01424,2026-03-19 06:31:00,session_start,mobile,2026-03-19,6
U01424,2026-03-19 19:35:00,logout,web,2026-03-19,19
U01424,2026-03-10 21:56:00,login,mobile,2026-03-10,21
U01424,2026-03-23 00:04:00,session_start,mobile,2026-03-23,0
U01424,2026-03-10 16:48:00,login,mobile,2026-03-10,16
U01425,2026-01-26 00:40:00,login,mobile,2026-01-26,0
U01425,2026-02-04 03:23:00,login,mobile,2026-02-04,3
U01425,2026-01-27 06:15:00,logout,unknown,2026-01-27,6
U01425,2026-02-05 21:13:00,page_view,web,2026-02-05,21
U01425,2026-01-30 00:37:00,session_end,mobile,2026-01-30,0
U01425,2026-01-27 05:31:00,login,mobile,2026-01-27,5
U01425,2026-01-29 03:35:00,session_end,unknown,2026-01-29,3
U01425,2026-02-02 05:02:00,logout,web,2026-02-02,5
U01425,2026-01-28 19:22:00,session_end,web,2026-01-28,19
U01425,2026-02-09 07:06:00,page_view,unknown,2026-02-09,7
U01425,2026-02-02 20:20:00,session_start,web,2026-02-02,20
U01425,2026-01-26 22:00:00,page_view,web,2026-01-26,22
U01425,2026-02-05 18:40:00,logout,web,2026-02-05,18
U01426,2026-04-10 12:55:00,login,mobile,2026-04-10,12
U01426,2026-04-16 05:18:00,logout,web,2026-04-16,5
U01426,2026-04-11 07:16:00,login,unknown,2026-04-11,7
U01426,2026-04-04 11:58:00,login,web,2026-04-04,11
U01426,2026-04-07 23:31:00,login,unknown,2026-04-07,23
U01426,2026-04-12 03:07:00,session_start,web,2026-04-12,3
U01427,2026-05-04 22:44:00,session_end,unknown,2026-05-04,22
U01428,2026-01-25 04:30:00,login,mobile,2026-01-25,4
U01429,2026-06-29 01:54:00,login,web,2026-06-29,1
U01429,2026-06-15 19:15:00,page_view,web,2026-06-15,19
U01429,2026-06-28 17:59:00,page_view,mobile,2026-06-28,17
U01430,2026-04-06 20:45:00,session_end,web,2026-04-06,20
U01430,2026-04-04 06:10:00,login,unknown,2026-04-04,6
U01430,2026-04-12 21:00:00,login,web,2026-04-12,21
U01430,2026-04-15 19:55:00,page_view,mobile,2026-04-15,19
U01430,2026-04-04 08:44:00,login,mobile,2026-04-04,8
U01431,2026-01-26 21:47:00,logout,web,2026-01-26,21
U01431,2026-01-26 22:28:00,session_start,mobile,2026-01-26,22
U01431,2026-01-29 04:41:00,logout,web,2026-01-29,4
U01431,2026-02-07 05:05:00,login,web,2026-02-07,5
U01431,2026-01-25 13:29:00,session_end,web,2026-01-25,13
U01431,2026-02-04 09:10:00,session_end,mobile,2026-02-04,9
U01432,2026-02-18 12:31:00,page_view,web,2026-02-18,12
U01432,2026-02-17 23:48:00,login,unknown,2026-02-17,23
U01432,2026-02-23 16:07:00,login,unknown,2026-02-23,16
U01433,2026-04-27 14:50:00,logout,unknown,2026-04-27,14
U01434,2026-04-20 04:38:00,login,mobile,2026-04-20,4
U01434,2026-04-14 03:21:00,login,unknown,2026-04-14,3
U01434,2026-04-22 08:48:00,login,unknown,2026-04-22,8
U01434,2026-04-16 07:49:00,login,mobile,2026-04-16,7
U01434,2026-04-11 01:39:00,session_end,web,2026-04-11,1
U01434,2026-04-10 15:43:00,logout,web,2026-04-10,15
U01435,2026-04-21 20:54:00,login,web,2026-04-21,20
U01435,2026-04-28 00:23:00,logout,mobile,2026-04-28,0
U01435,2026-04-19 19:33:00,login,web,2026-04-19,19
U01436,2026-01-29 21:21:00,login,unknown,2026-01-29,21
U01436,2026-02-03 10:00:00,session_end,web,2026-02-03,10
U01436,2026-02-06 10:10:00,session_end,web,2026-02-06,10
U01436,2026-02-04 15:28:00,login,mobile,2026-02-04,15
U01436,2026-02-10 15:32:00,login,unknown,2026-02-10,15
U01437,2026-02-17 19:31:00,login,web,2026-02-17,19
U01437,2026-02-18 20:46:00,login,web,2026-02-18,20
U01437,2026-02-20 14:25:00,login,web,2026-02-20,14
U01437,2026-02-23 01:21:00,session_end,mobile,2026-02-23,1
U01437,2026-02-15 10:45:00,login,web,2026-02-15,10
U01438,2026-06-08 05:28:00,login,unknown,2026-06-08,5
U01438,2026-06-11 19:28:00,login,mobile,2026-06-11,19
U01438,2026-06-09 05:36:00,login,web,2026-06-09,5
U01438,2026-06-14 22:35:00,login,mobile,2026-06-14,22
U01438,2026-06-01 11:06:00,login,mobile,2026-06-01,11
U01438,2026-06-02 06:16:00,login,unknown,2026-06-02,6
U01438,2026-06-15 06:54:00,session_start,web,2026-06-15,6
U01438,2026-06-02 19:38:00,login,web,2026-06-02,19
U01438,2026-06-01 05:19:00,login,unknown,2026-06-01,5
U01438,2026-06-06 02:04:00,page_view,unknown,2026-06-06,2
U01439,2026-05-03 22:53:00,login,unknown,2026-05-03,22
U01439,2026-05-05 02:46:00,login,unknown,2026-05-05,2
U01439,2026-04-23 21:25:00,login,web,2026-04-23,21
U01439,2026-05-05 14:36:00,session_start,unknown,2026-05-05,14
U01439,2026-04-26 20:42:00,login,mobile,2026-04-26,20
U01439,2026-05-07 08:53:00,login,unknown,2026-05-07,8
U01440,2026-04-19 21:38:00,login,web,2026-04-19,21
U01440,2026-04-18 09:34:00,page_view,web,2026-04-18,9
U01440,2026-04-11 17:42:00,session_end,web,2026-04-11,17
U01441,2026-01-17 01:58:00,login,web,2026-01-17,1
U01441,2026-01-20 08:52:00,login,unknown,2026-01-20,8
U01441,2026-01-15 22:25:00,session_start,unknown,2026-01-15,22
U01441,2026-01-14 02:37:00,logout,web,2026-01-14,2
U01441,2026-01-10 08:36:00,session_start,web,2026-01-10,8
U01441,2026-01-09 15:02:00,session_end,mobile,2026-01-09,15
U01441,2026-01-20 03:28:00,session_start,web,2026-01-20,3
U01441,2026-01-13 02:59:00,session_start,unknown,2026-01-13,2
U01441,2026-01-20 01:08:00,login,mobile,2026-01-20,1
U01441,2026-01-16 00:16:00,page_view,web,2026-01-16,0
U01442,2026-05-07 09:28:00,session_end,mobile,2026-05-07,9
U01442,2026-05-11 14:42:00,login,web,2026-05-11,14
U01442,2026-05-17 06:46:00,login,web,2026-05-17,6
U01442,2026-05-13 11:40:00,session_end,mobile,2026-05-13,11
U01442,2026-05-12 08:33:00,session_end,unknown,2026-05-12,8
U01442,2026-05-16 07:23:00,page_view,unknown,2026-05-16,7
U01443,2026-04-25 14:10:00,session_end,mobile,2026-04-25,14
U01443,2026-04-26 20:46:00,login,unknown,2026-04-26,20
U01444,2026-04-05 21:40:00,login,mobile,2026-04-05,21
U01444,2026-04-02 08:01:00,logout,mobile,2026-04-02,8
U01444,2026-03-31 16:25:00,page_view,unknown,2026-03-31,16
U01445,2026-05-18 22:38:00,logout,web,2026-05-18,22
U01445,2026-05-27 12:18:00,session_end,web,2026-05-27,12
U01445,2026-05-19 04:43:00,session_start,mobile,2026-05-19,4
U01445,2026-05-24 17:14:00,login,unknown,2026-05-24,17
U01445,2026-05-27 21:22:00,login,mobile,2026-05-27,21
U01446,2026-06-03 02:35:00,page_view,unknown,2026-06-03,2
U01446,2026-06-04 14:25:00,login,mobile,2026-06-04,14
U01446,2026-06-01 07:21:00,logout,mobile,2026-06-01,7
U01446,2026-06-07 07:54:00,login,web,2026-06-07,7
U01446,2026-05-31 20:10:00,login,web,2026-05-31,20
U01446,2026-05-31 13:12:00,login,web,2026-05-31,13
U01446,2026-06-06 01:07:00,login,mobile,2026-06-06,1
U01446,2026-05-26 11:25:00,page_view,mobile,2026-05-26,11
U01447,2026-04-01 22:21:00,login,unknown,2026-04-01,22
U01447,2026-03-31 12:10:00,logout,unknown,2026-03-31,12
U01448,2026-06-10 06:12:00,login,unknown,2026-06-10,6
U01448,2026-06-08 09:17:00,login,web,2026-06-08,9
U01448,2026-06-13 22:07:00,page_view,web,2026-06-13,22
U01448,2026-06-11 08:55:00,login,mobile,2026-06-11,8
U01449,2026-03-06 02:06:00,session_start,web,2026-03-06,2
U01449,2026-03-09 18:16:00,login,web,2026-03-09,18
U01449,2026-03-12 20:18:00,login,web,2026-03-12,20
U01449,2026-03-15 17:34:00,page_view,web,2026-03-15,17
U01449,2026-03-07 20:49:00,login,unknown,2026-03-07,20
U01449,2026-03-08 16:07:00,login,web,2026-03-08,16
U01449,2026-03-07 19:07:00,login,unknown,2026-03-07,19
U01450,2026-02-12 15:41:00,session_end,mobile,2026-02-12,15
U01450,2026-02-22 08:42:00,session_start,web,2026-02-22,8
U01450,2026-02-10 18:38:00,session_end,unknown,2026-02-10,18
U01450,2026-02-10 08:28:00,page_view,mobile,2026-02-10,8
U01450,2026-02-13 06:41:00,session_end,unknown,2026-02-13,6
U01451,2026-01-19 20:36:00,logout,web,2026-01-19,20
U01451,2026-01-19 07:54:00,login,web,2026-01-19,7
U01451,2026-01-21 10:51:00,login,web,2026-01-21,10
U01451,2026-01-19 20:04:00,logout,mobile,2026-01-19,20
U01451,2026-01-27 08:30:00,session_end,mobile,2026-01-27,8
U01451,2026-01-28 21:57:00,login,web,2026-01-28,21
U01452,2026-05-15 14:52:00,session_end,mobile,2026-05-15,14
U01452,2026-05-14 10:47:00,login,web,2026-05-14,10
U01452,2026-05-10 23:32:00,login,mobile,2026-05-10,23
U01453,2026-02-16 12:19:00,login,unknown,2026-02-16,12
U01453,2026-02-20 20:43:00,logout,unknown,2026-02-20,20
U01453,2026-02-14 09:13:00,page_view,web,2026-02-14,9
U01453,2026-02-25 20:04:00,login,unknown,2026-02-25,20
U01453,2026-02-12 13:26:00,page_view,unknown,2026-02-12,13
U01453,2026-02-13 23:01:00,session_start,unknown,2026-02-13,23
U01453,2026-02-15 23:28:00,login,web,2026-02-15,23
U01453,2026-02-26 04:51:00,logout,web,2026-02-26,4
U01454,2026-04-01 15:38:00,page_view,web,2026-04-01,15
U01454,2026-03-30 10:00:00,session_start,web,2026-03-30,10
U01454,2026-04-06 08:28:00,login,web,2026-04-06,8
U01454,2026-04-02 00:06:00,login,mobile,2026-04-02,0
U01454,2026-03-29 00:08:00,page_view,mobile,2026-03-29,0
U01455,2026-01-14 13:02:00,login,web,2026-01-14,13
U01455,2026-01-25 01:11:00,session_start,mobile,2026-01-25,1
U01455,2026-01-21 19:34:00,session_start,mobile,2026-01-21,19
U01455,2026-01-23 04:07:00,login,web,2026-01-23,4
U01456,2026-05-29 12:56:00,login,web,2026-05-29,12
U01456,2026-06-01 22:39:00,session_end,web,2026-06-01,22
U01456,2026-05-23 11:02:00,logout,unknown,2026-05-23,11
U01456,2026-05-30 12:48:00,session_start,unknown,2026-05-30,12
U01456,2026-05-29 08:10:00,login,web,2026-05-29,8
U01456,2026-05-31 02:18:00,login,web,2026-05-31,2
U01457,2026-03-15 08:08:00,login,unknown,2026-03-15,8
U01457,2026-03-02 20:30:00,login,unknown,2026-03-02,20
U01457,2026-03-04 07:45:00,logout,unknown,2026-03-04,7
U01457,2026-03-03 22:22:00,session_end,web,2026-03-03,22
U01457,2026-03-04 16:45:00,logout,web,2026-03-04,16
U01457,2026-03-13 19:45:00,logout,web,2026-03-13,19
U01457,2026-03-09 10:42:00,session_start,unknown,2026-03-09,10
U01457,2026-03-05 15:44:00,logout,mobile,2026-03-05,15
U01458,2026-05-03 07:01:00,login,web,2026-05-03,7
U01458,2026-05-01 15:36:00,session_start,mobile,2026-05-01,15
U01458,2026-04-30 14:27:00,login,unknown,2026-04-30,14
U01459,2026-05-12 23:40:00,login,web,2026-05-12,23
U01459,2026-05-13 18:13:00,session_end,web,2026-05-13,18
U01459,2026-05-19 21:34:00,login,web,2026-05-19,21
U01459,2026-05-08 08:52:00,logout,mobile,2026-05-08,8
U01459,2026-05-17 01:15:00,login,unknown,2026-05-17,1
U01459,2026-05-19 00:55:00,login,web,2026-05-19,0
U01459,2026-05-20 17:40:00,session_start,unknown,2026-05-20,17
U01459,2026-05-14 22:00:00,logout,unknown,2026-05-14,22
U01459,2026-05-11 11:19:00,page_view,unknown,2026-05-11,11
U01459,2026-05-22 12:01:00,session_start,web,2026-05-22,12
U01460,2026-05-21 02:51:00,login,web,2026-05-21,2
U01460,2026-05-08 02:32:00,login,mobile,2026-05-08,2
U01460,2026-05-14 05:42:00,login,unknown,2026-05-14,5
U01460,2026-05-12 20:18:00,login,web,2026-05-12,20
U01460,2026-05-22 04:54:00,login,web,2026-05-22,4
U01460,2026-05-17 09:03:00,session_end,web,2026-05-17,9
U01460,2026-05-20 19:40:00,login,web,2026-05-20,19
U01460,2026-05-14 11:15:00,login,mobile,2026-05-14,11
U01460,2026-05-20 08:41:00,login,unknown,2026-05-20,8
U01460,2026-05-20 14:48:00,page_view,web,2026-05-20,14
U01461,2026-01-05 14:46:00,session_start,web,2026-01-05,14
U01461,2026-01-17 10:29:00,login,unknown,2026-01-17,10
U01461,2026-01-19 08:35:00,logout,web,2026-01-19,8
U01461,2026-01-16 23:09:00,login,web,2026-01-16,23
U01462,2026-04-18 05:21:00,logout,web,2026-04-18,5
U01462,2026-04-22 14:50:00,session_end,web,2026-04-22,14
U01462,2026-04-17 21:31:00,logout,web,2026-04-17,21
U01462,2026-04-28 05:54:00,login,unknown,2026-04-28,5
U01463,2026-05-30 20:58:00,login,web,2026-05-30,20
U01463,2026-05-30 21:48:00,logout,unknown,2026-05-30,21
U01463,2026-05-26 05:13:00,logout,unknown,2026-05-26,5
U01463,2026-05-28 08:43:00,logout,web,2026-05-28,8
U01463,2026-05-23 01:52:00,login,web,2026-05-23,1
U01463,2026-05-25 01:28:00,login,web,2026-05-25,1
U01464,2026-06-16 08:48:00,login,web,2026-06-16,8
U01464,2026-06-17 22:05:00,login,web,2026-06-17,22
U01464,2026-06-10 13:36:00,page_view,web,2026-06-10,13
U01464,2026-06-15 10:14:00,logout,web,2026-06-15,10
U01464,2026-06-09 22:12:00,page_view,unknown,2026-06-09,22
U01464,2026-06-14 22:15:00,login,mobile,2026-06-14,22
U01464,2026-06-17 09:26:00,login,web,2026-06-17,9
U01464,2026-06-10 23:27:00,page_view,mobile,2026-06-10,23
U01464,2026-06-08 08:03:00,session_end,web,2026-06-08,8
U01465,2026-05-26 00:25:00,logout,mobile,2026-05-26,0
U01465,2026-05-27 08:56:00,session_start,web,2026-05-27,8
U01465,2026-05-25 16:38:00,session_start,unknown,2026-05-25,16
U01465,2026-05-27 14:09:00,session_end,mobile,2026-05-27,14
U01465,2026-06-03 12:57:00,login,mobile,2026-06-03,12
U01465,2026-06-03 06:44:00,session_end,web,2026-06-03,6
U01465,2026-05-28 03:45:00,session_end,web,2026-05-28,3
U01465,2026-05-31 02:51:00,logout,unknown,2026-05-31,2
U01465,2026-05-24 07:12:00,logout,mobile,2026-05-24,7
U01466,2026-03-29 16:52:00,login,web,2026-03-29,16
U01466,2026-04-02 02:33:00,page_view,web,2026-04-02,2
U01467,2026-03-02 13:41:00,logout,unknown,2026-03-02,13
U01467,2026-02-27 21:11:00,page_view,web,2026-02-27,21
U01467,2026-03-09 19:58:00,login,web,2026-03-09,19
U01467,2026-03-02 15:58:00,session_end,web,2026-03-02,15
U01467,2026-03-10 05:43:00,login,web,2026-03-10,5
U01467,2026-03-08 07:59:00,session_start,unknown,2026-03-08,7
U01467,2026-03-10 23:59:00,session_start,unknown,2026-03-10,23
U01467,2026-03-06 14:29:00,login,unknown,2026-03-06,14
U01467,2026-03-04 14:24:00,login,web,2026-03-04,14
U01467,2026-03-04 09:21:00,session_end,web,2026-03-04,9
U01467,2026-03-02 08:57:00,session_end,web,2026-03-02,8
U01467,2026-03-08 10:51:00,logout,web,2026-03-08,10
U01468,2026-05-27 11:49:00,page_view,web,2026-05-27,11
U01468,2026-05-25 01:08:00,session_start,mobile,2026-05-25,1
U01468,2026-06-02 10:23:00,login,mobile,2026-06-02,10
U01468,2026-06-06 01:34:00,session_end,mobile,2026-06-06,1
U01468,2026-05-27 22:15:00,login,web,2026-05-27,22
U01468,2026-05-27 11:43:00,page_view,web,2026-05-27,11
U01469,2026-04-08 20:33:00,login,web,2026-04-08,20
U01470,2026-02-10 00:29:00,login,mobile,2026-02-10,0
U01470,2026-02-05 08:01:00,session_start,mobile,2026-02-05,8
U01470,2026-02-11 13:00:00,session_start,unknown,2026-02-11,13
U01470,2026-02-03 22:06:00,login,web,2026-02-03,22
U01470,2026-02-10 09:19:00,logout,unknown,2026-02-10,9
U01471,2026-03-04 05:06:00,session_start,web,2026-03-04,5
U01471,2026-03-06 07:47:00,login,mobile,2026-03-06,7
U01471,2026-03-05 22:56:00,logout,unknown,2026-03-05,22
U01471,2026-03-01 01:11:00,session_end,web,2026-03-01,1
U01471,2026-02-26 13:36:00,login,unknown,2026-02-26,13
U01471,2026-03-12 05:22:00,login,web,2026-03-12,5
U01471,2026-02-28 07:47:00,logout,web,2026-02-28,7
U01471,2026-03-06 19:13:00,session_start,unknown,2026-03-06,19
U01471,2026-03-10 03:10:00,login,mobile,2026-03-10,3
U01472,2026-04-09 08:33:00,logout,web,2026-04-09,8
U01472,2026-04-10 21:56:00,logout,web,2026-04-10,21
U01472,2026-04-14 19:22:00,login,unknown,2026-04-14,19
U01472,2026-04-11 23:21:00,session_end,web,2026-04-11,23
U01472,2026-04-12 22:44:00,session_end,web,2026-04-12,22
U01472,2026-04-06 12:42:00,login,web,2026-04-06,12
U01473,2026-05-20 08:49:00,login,mobile,2026-05-20,8
U01473,2026-05-17 18:00:00,login,web,2026-05-17,18
U01473,2026-05-15 11:10:00,login,mobile,2026-05-15,11
U01473,2026-05-28 23:33:00,session_start,unknown,2026-05-28,23
U01473,2026-05-22 11:21:00,login,unknown,2026-05-22,11
U01473,2026-05-28 00:50:00,login,unknown,2026-05-28,0
U01474,2026-01-24 15:38:00,page_view,web,2026-01-24,15
U01474,2026-01-24 01:07:00,page_view,web,2026-01-24,1
U01474,2026-01-18 14:02:00,page_view,mobile,2026-01-18,14
U01474,2026-01-18 15:09:00,logout,web,2026-01-18,15
U01474,2026-01-26 01:47:00,login,web,2026-01-26,1
U01474,2026-01-12 22:19:00,page_view,web,2026-01-12,22
U01474,2026-01-19 15:57:00,page_view,web,2026-01-19,15
U01474,2026-01-25 20:31:00,login,web,2026-01-25,20
U01474,2026-01-23 13:02:00,page_view,mobile,2026-01-23,13
U01475,2026-02-06 13:06:00,login,web,2026-02-06,13
U01475,2026-02-05 23:31:00,session_end,mobile,2026-02-05,23
U01475,2026-02-17 21:47:00,login,unknown,2026-02-17,21
U01475,2026-02-19 08:22:00,session_start,web,2026-02-19,8
U01475,2026-02-18 05:31:00,login,web,2026-02-18,5
U01475,2026-02-15 05:45:00,session_end,mobile,2026-02-15,5
U01476,2026-02-10 04:48:00,session_end,unknown,2026-02-10,4
U01476,2026-02-04 21:57:00,session_end,web,2026-02-04,21
U01476,2026-02-11 02:22:00,page_view,web,2026-02-11,2
U01476,2026-02-03 12:33:00,session_end,web,2026-02-03,12
U01476,2026-02-02 11:47:00,session_start,web,2026-02-02,11
U01476,2026-02-08 10:23:00,logout,unknown,2026-02-08,10
U01477,2026-03-02 13:05:00,logout,unknown,2026-03-02,13
U01477,2026-02-26 17:37:00,login,web,2026-02-26,17
U01477,2026-03-01 07:26:00,page_view,mobile,2026-03-01,7
U01478,2026-04-17 08:26:00,page_view,web,2026-04-17,8
U01478,2026-04-16 18:56:00,login,web,2026-04-16,18
U01478,2026-04-12 22:26:00,login,web,2026-04-12,22
U01478,2026-04-14 06:37:00,login,unknown,2026-04-14,6
U01478,2026-04-14 05:08:00,login,web,2026-04-14,5
U01478,2026-04-25 02:32:00,login,web,2026-04-25,2
U01478,2026-04-17 19:25:00,login,mobile,2026-04-17,19
U01478,2026-04-12 04:41:00,page_view,unknown,2026-04-12,4
U01479,2026-03-04 18:28:00,logout,web,2026-03-04,18
U01479,2026-02-26 22:56:00,session_start,unknown,2026-02-26,22
U01479,2026-02-26 09:33:00,session_start,unknown,2026-02-26,9
U01479,2026-03-01 06:05:00,session_end,unknown,2026-03-01,6
U01479,2026-03-04 07:03:00,login,mobile,2026-03-04,7
U01479,2026-02-25 20:03:00,login,mobile,2026-02-25,20
U01479,2026-02-24 18:56:00,logout,mobile,2026-02-24,18
U01479,2026-02-20 11:52:00,session_end,web,2026-02-20,11
U01479,2026-02-24 08:08:00,login,web,2026-02-24,8
U01479,2026-02-19 04:30:00,login,unknown,2026-02-19,4
U01479,2026-02-27 22:49:00,login,web,2026-02-27,22
U01479,2026-02-25 12:13:00,login,web,2026-02-25,12
U01480,2026-04-26 16:55:00,session_start,mobile,2026-04-26,16
U01480,2026-04-24 21:41:00,login,web,2026-04-24,21
U01481,2026-06-10 11:14:00,logout,unknown,2026-06-10,11
U01481,2026-05-31 13:50:00,login,mobile,2026-05-31,13
U01481,2026-06-03 00:26:00,login,web,2026-06-03,0
U01481,2026-06-06 15:13:00,page_view,web,2026-06-06,15
U01481,2026-06-07 14:23:00,session_start,web,2026-06-07,14
U01482,2026-04-30 19:33:00,login,web,2026-04-30,19
U01482,2026-04-28 09:56:00,login,web,2026-04-28,9
U01482,2026-05-01 23:10:00,session_start,mobile,2026-05-01,23
U01482,2026-04-28 06:48:00,login,web,2026-04-28,6
U01482,2026-05-10 16:11:00,page_view,unknown,2026-05-10,16
U01482,2026-05-02 22:24:00,login,web,2026-05-02,22
U01482,2026-04-30 21:46:00,login,web,2026-04-30,21
U01482,2026-05-11 13:05:00,login,mobile,2026-05-11,13
U01482,2026-04-28 07:53:00,session_end,web,2026-04-28,7
U01483,2026-05-20 13:54:00,logout,web,2026-05-20,13
U01483,2026-05-18 21:26:00,login,web,2026-05-18,21
U01483,2026-05-18 10:12:00,page_view,web,2026-05-18,10
U01483,2026-05-21 03:06:00,page_view,mobile,2026-05-21,3
U01483,2026-05-18 02:29:00,session_start,web,2026-05-18,2
U01484,2026-01-14 06:40:00,session_start,unknown,2026-01-14,6
U01484,2026-01-08 12:14:00,session_start,web,2026-01-08,12
U01484,2026-01-09 05:32:00,login,mobile,2026-01-09,5
U01484,2026-01-04 13:54:00,login,web,2026-01-04,13
U01484,2026-01-07 00:12:00,login,unknown,2026-01-07,0
U01485,2026-01-22 01:45:00,login,web,2026-01-22,1
U01485,2026-01-13 07:31:00,login,mobile,2026-01-13,7
U01485,2026-01-18 20:44:00,login,web,2026-01-18,20
U01485,2026-01-23 06:09:00,page_view,web,2026-01-23,6
U01486,2026-05-15 10:08:00,logout,unknown,2026-05-15,10
U01486,2026-05-15 10:26:00,session_start,web,2026-05-15,10
U01486,2026-05-13 20:21:00,login,mobile,2026-05-13,20
U01486,2026-05-04 11:25:00,session_end,unknown,2026-05-04,11
U01486,2026-05-12 01:29:00,logout,web,2026-05-12,1
U01487,2026-02-16 22:54:00,logout,unknown,2026-02-16,22
U01487,2026-02-19 04:18:00,logout,web,2026-02-19,4
U01487,2026-02-26 17:38:00,login,web,2026-02-26,17
U01487,2026-02-16 23:38:00,session_end,mobile,2026-02-16,23
U01487,2026-02-22 16:57:00,login,web,2026-02-22,16
U01487,2026-02-28 22:04:00,login,web,2026-02-28,22
U01487,2026-02-18 18:29:00,session_start,unknown,2026-02-18,18
U01487,2026-02-20 08:36:00,login,mobile,2026-02-20,8
U01487,2026-02-20 23:05:00,session_start,web,2026-02-20,23
U01487,2026-02-21 13:53:00,login,mobile,2026-02-21,13
U01488,2026-04-18 05:08:00,page_view,unknown,2026-04-18,5
U01488,2026-04-11 18:41:00,login,web,2026-04-11,18
U01488,2026-04-21 18:42:00,logout,web,2026-04-21,18
U01489,2026-06-19 04:36:00,login,web,2026-06-19,4
U01489,2026-06-14 09:12:00,page_view,web,2026-06-14,9
U01489,2026-06-16 10:29:00,session_start,unknown,2026-06-16,10
U01489,2026-06-18 12:04:00,page_view,mobile,2026-06-18,12
U01489,2026-06-19 17:34:00,logout,unknown,2026-06-19,17
U01489,2026-06-10 20:21:00,login,web,2026-06-10,20
U01489,2026-06-16 18:54:00,login,web,2026-06-16,18
U01490,2026-04-27 11:46:00,session_start,unknown,2026-04-27,11
U01490,2026-04-26 06:09:00,login,web,2026-04-26,6
U01490,2026-05-02 18:48:00,login,unknown,2026-05-02,18
U01490,2026-04-30 00:59:00,login,web,2026-04-30,0
U01490,2026-04-19 04:40:00,session_start,web,2026-04-19,4
U01490,2026-04-24 12:06:00,session_end,web,2026-04-24,12
U01490,2026-04-28 07:26:00,login,unknown,2026-04-28,7
U01490,2026-04-26 01:59:00,session_start,mobile,2026-04-26,1
U01491,2026-03-12 21:08:00,login,mobile,2026-03-12,21
U01491,2026-03-26 20:45:00,login,web,2026-03-26,20
U01491,2026-03-13 05:00:00,logout,unknown,2026-03-13,5
U01491,2026-03-18 15:27:00,login,unknown,2026-03-18,15
U01491,2026-03-14 00:12:00,page_view,unknown,2026-03-14,0
U01491,2026-03-15 09:49:00,login,mobile,2026-03-15,9
U01491,2026-03-26 12:23:00,session_start,unknown,2026-03-26,12
U01491,2026-03-12 14:40:00,login,web,2026-03-12,14
U01491,2026-03-17 12:42:00,logout,web,2026-03-17,12
U01491,2026-03-19 09:53:00,logout,mobile,2026-03-19,9
U01492,2026-03-26 13:31:00,session_start,web,2026-03-26,13
U01492,2026-03-22 08:25:00,logout,unknown,2026-03-22,8
U01492,2026-03-20 19:15:00,login,unknown,2026-03-20,19
U01492,2026-03-21 23:38:00,login,web,2026-03-21,23
U01492,2026-03-21 13:57:00,session_end,unknown,2026-03-21,13
U01492,2026-03-28 07:45:00,page_view,web,2026-03-28,7
U01492,2026-03-29 11:33:00,session_end,unknown,2026-03-29,11
U01492,2026-03-25 03:03:00,logout,mobile,2026-03-25,3
U01492,2026-03-22 06:06:00,login,mobile,2026-03-22,6
U01492,2026-03-23 13:08:00,login,web,2026-03-23,13
U01492,2026-03-24 16:57:00,login,web,2026-03-24,16
U01492,2026-03-26 10:33:00,login,web,2026-03-26,10
U01492,2026-03-17 02:49:00,login,unknown,2026-03-17,2
U01492,2026-03-18 10:38:00,logout,unknown,2026-03-18,10
U01492,2026-03-29 23:00:00,login,web,2026-03-29,23
U01493,2026-04-17 18:42:00,login,web,2026-04-17,18
U01493,2026-04-23 06:33:00,session_end,web,2026-04-23,6
U01494,2026-05-16 12:28:00,logout,mobile,2026-05-16,12
U01494,2026-05-22 09:46:00,session_start,web,2026-05-22,9
U01494,2026-05-15 12:48:00,session_end,mobile,2026-05-15,12
U01494,2026-05-25 18:40:00,login,web,2026-05-25,18
U01494,2026-05-13 06:06:00,session_end,web,2026-05-13,6
U01494,2026-05-21 12:31:00,login,mobile,2026-05-21,12
U01495,2026-05-23 03:12:00,login,web,2026-05-23,3
U01495,2026-05-25 04:59:00,page_view,web,2026-05-25,4
U01495,2026-05-31 22:11:00,login,web,2026-05-31,22
U01495,2026-05-22 02:57:00,session_end,web,2026-05-22,2
U01496,2026-05-25 11:38:00,login,web,2026-05-25,11
U01496,2026-05-31 09:10:00,page_view,web,2026-05-31,9
U01496,2026-05-23 05:20:00,session_end,unknown,2026-05-23,5
U01496,2026-05-31 19:47:00,logout,web,2026-05-31,19
U01497,2026-03-06 21:14:00,logout,mobile,2026-03-06,21
U01497,2026-02-26 17:34:00,page_view,unknown,2026-02-26,17
U01497,2026-03-05 13:29:00,session_start,unknown,2026-03-05,13
U01497,2026-02-23 20:24:00,logout,mobile,2026-02-23,20
U01498,2026-03-29 23:33:00,session_end,web,2026-03-29,23
U01498,2026-03-30 02:57:00,login,web,2026-03-30,2
U01498,2026-03-16 20:13:00,session_end,unknown,2026-03-16,20
U01498,2026-03-24 06:34:00,session_start,web,2026-03-24,6
U01498,2026-03-20 21:44:00,page_view,mobile,2026-03-20,21
U01499,2026-06-16 16:06:00,session_end,mobile,2026-06-16,16
U01499,2026-06-22 07:10:00,page_view,mobile,2026-06-22,7
U01499,2026-06-26 19:55:00,page_view,unknown,2026-06-26,19
U01499,2026-06-27 00:11:00,session_start,unknown,2026-06-27,0
U01499,2026-06-19 16:10:00,login,unknown,2026-06-19,16
U01500,2026-06-14 11:59:00,login,web,2026-06-14,11
U01500,2026-06-21 10:07:00,login,mobile,2026-06-21,10
U01500,2026-06-26 03:04:00,logout,unknown,2026-06-26,3
U01500,2026-06-21 13:03:00,login,unknown,2026-06-21,13
U01500,2026-06-26 14:25:00,logout,unknown,2026-06-26,14
U01500,2026-06-20 02:37:00,login,mobile,2026-06-20,2
U01500,2026-06-25 01:55:00,login,web,2026-06-25,1
U01500,2026-06-27 04:33:00,session_start,web,2026-06-27,4
U01500,2026-06-25 14:17:00,login,web,2026-06-25,14
U01500,2026-06-21 19:48:00,login,mobile,2026-06-21,19
U01500,2026-06-23 00:13:00,session_start,web,2026-06-23,0
U01500,2026-06-19 14:31:00,session_end,unknown,2026-06-19,14
U01500,2026-06-14 19:55:00,page_view,mobile,2026-06-14,19
U01500,2026-06-17 19:30:00,page_view,mobile,2026-06-17,19
U01501,2026-04-07 10:21:00,logout,unknown,2026-04-07,10
U01501,2026-04-02 06:59:00,session_start,web,2026-04-02,6
U01501,2026-04-10 13:30:00,login,web,2026-04-10,13
U01502,2026-05-28 22:47:00,login,web,2026-05-28,22
U01502,2026-05-30 14:22:00,logout,mobile,2026-05-30,14
U01502,2026-06-01 14:46:00,login,web,2026-06-01,14
U01502,2026-06-06 16:34:00,login,web,2026-06-06,16
U01502,2026-05-29 23:26:00,page_view,web,2026-05-29,23
U01503,2026-04-28 03:52:00,session_end,web,2026-04-28,3
U01504,2026-05-18 03:52:00,login,web,2026-05-18,3
U01504,2026-05-28 13:30:00,login,mobile,2026-05-28,13
U01504,2026-05-25 11:04:00,login,unknown,2026-05-25,11
U01504,2026-05-23 09:47:00,session_start,unknown,2026-05-23,9
U01504,2026-05-17 20:23:00,login,unknown,2026-05-17,20
U01504,2026-05-29 17:00:00,session_end,mobile,2026-05-29,17
U01505,2026-05-22 23:13:00,login,mobile,2026-05-22,23
U01505,2026-05-18 13:20:00,page_view,web,2026-05-18,13
U01505,2026-05-16 15:20:00,session_end,unknown,2026-05-16,15
U01505,2026-05-14 07:58:00,page_view,web,2026-05-14,7
U01505,2026-05-25 23:57:00,login,unknown,2026-05-25,23
U01505,2026-05-17 22:15:00,logout,mobile,2026-05-17,22
U01505,2026-05-26 17:36:00,login,mobile,2026-05-26,17
U01506,2026-02-11 19:56:00,login,mobile,2026-02-11,19
U01506,2026-02-11 10:28:00,login,web,2026-02-11,10
U01506,2026-02-08 10:55:00,logout,web,2026-02-08,10
U01507,2026-01-26 15:54:00,session_end,mobile,2026-01-26,15
U01508,2026-03-21 06:34:00,session_end,web,2026-03-21,6
U01508,2026-03-28 20:12:00,logout,mobile,2026-03-28,20
U01508,2026-03-19 21:47:00,logout,mobile,2026-03-19,21
U01508,2026-03-22 02:24:00,login,unknown,2026-03-22,2
U01508,2026-03-27 05:45:00,page_view,unknown,2026-03-27,5
U01509,2026-01-25 14:47:00,login,unknown,2026-01-25,14
U01509,2026-01-22 23:51:00,login,mobile,2026-01-22,23
U01509,2026-01-26 15:01:00,login,web,2026-01-26,15
U01509,2026-01-26 08:30:00,session_end,unknown,2026-01-26,8
U01509,2026-01-28 22:11:00,session_start,web,2026-01-28,22
U01509,2026-01-25 06:58:00,login,mobile,2026-01-25,6
U01509,2026-01-18 23:36:00,login,web,2026-01-18,23
U01509,2026-01-28 22:11:00,page_view,mobile,2026-01-28,22
U01509,2026-01-18 16:48:00,page_view,web,2026-01-18,16
U01509,2026-01-29 12:11:00,login,mobile,2026-01-29,12
U01509,2026-01-26 18:16:00,logout,web,2026-01-26,18
U01509,2026-01-30 16:23:00,login,web,2026-01-30,16
U01510,2026-05-24 08:04:00,logout,mobile,2026-05-24,8
U01510,2026-05-24 17:57:00,session_end,mobile,2026-05-24,17
U01510,2026-05-20 08:49:00,login,web,2026-05-20,8
U01510,2026-06-02 07:22:00,session_start,mobile,2026-06-02,7
U01510,2026-05-19 06:57:00,login,mobile,2026-05-19,6
U01510,2026-05-25 15:12:00,login,web,2026-05-25,15
U01510,2026-06-01 19:00:00,login,unknown,2026-06-01,19
U01510,2026-05-28 17:24:00,login,unknown,2026-05-28,17
U01510,2026-05-20 13:53:00,logout,unknown,2026-05-20,13
U01510,2026-05-29 04:05:00,login,mobile,2026-05-29,4
U01511,2026-05-08 23:50:00,login,web,2026-05-08,23
U01511,2026-05-04 13:11:00,logout,unknown,2026-05-04,13
U01512,2026-06-07 17:20:00,session_start,web,2026-06-07,17
U01512,2026-06-03 06:19:00,session_start,unknown,2026-06-03,6
U01512,2026-05-24 21:43:00,session_end,mobile,2026-05-24,21
U01512,2026-05-27 00:36:00,login,web,2026-05-27,0
U01513,2026-06-23 14:11:00,session_end,web,2026-06-23,14
U01513,2026-06-21 14:59:00,page_view,mobile,2026-06-21,14
U01513,2026-06-21 06:04:00,session_start,mobile,2026-06-21,6
U01513,2026-06-18 00:54:00,session_end,web,2026-06-18,0
U01513,2026-06-21 01:06:00,session_start,mobile,2026-06-21,1
U01513,2026-06-26 12:57:00,login,web,2026-06-26,12
U01513,2026-06-18 06:44:00,session_start,web,2026-06-18,6
U01513,2026-06-24 01:32:00,logout,web,2026-06-24,1
U01513,2026-06-27 21:31:00,login,web,2026-06-27,21
U01514,2026-03-12 02:27:00,logout,mobile,2026-03-12,2
U01515,2026-03-19 20:45:00,login,web,2026-03-19,20
U01515,2026-03-18 03:03:00,page_view,web,2026-03-18,3
U01515,2026-03-21 13:15:00,logout,unknown,2026-03-21,13
U01516,2026-04-14 05:48:00,login,web,2026-04-14,5
U01516,2026-04-13 10:19:00,login,web,2026-04-13,10
U01516,2026-04-20 00:34:00,page_view,web,2026-04-20,0
U01516,2026-04-15 19:58:00,logout,unknown,2026-04-15,19
U01516,2026-04-10 05:57:00,session_end,web,2026-04-10,5
U01516,2026-04-09 03:40:00,login,web,2026-04-09,3
U01516,2026-04-16 13:05:00,login,unknown,2026-04-16,13
U01516,2026-04-19 13:47:00,login,web,2026-04-19,13
U01517,2026-03-24 12:57:00,login,web,2026-03-24,12
U01517,2026-03-28 18:01:00,page_view,web,2026-03-28,18
U01517,2026-03-29 08:39:00,page_view,web,2026-03-29,8
U01517,2026-03-25 16:53:00,page_view,web,2026-03-25,16
U01517,2026-04-05 23:24:00,logout,mobile,2026-04-05,23
U01517,2026-04-05 09:17:00,login,web,2026-04-05,9
U01518,2026-01-10 12:40:00,session_start,web,2026-01-10,12
U01518,2026-01-09 15:55:00,login,mobile,2026-01-09,15
U01518,2026-01-18 02:27:00,login,web,2026-01-18,2
U01518,2026-01-17 05:58:00,page_view,web,2026-01-17,5
U01519,2026-02-23 06:49:00,session_end,mobile,2026-02-23,6
U01519,2026-02-26 08:47:00,login,web,2026-02-26,8
U01519,2026-02-28 02:51:00,login,web,2026-02-28,2
U01519,2026-03-03 14:48:00,login,web,2026-03-03,14
U01519,2026-02-21 05:15:00,page_view,web,2026-02-21,5
U01520,2026-03-04 20:59:00,page_view,web,2026-03-04,20
U01520,2026-03-12 13:27:00,session_start,web,2026-03-12,13
U01521,2026-06-19 17:21:00,login,mobile,2026-06-19,17
U01521,2026-06-25 06:49:00,login,unknown,2026-06-25,6
U01521,2026-06-27 02:16:00,session_start,web,2026-06-27,2
U01521,2026-06-20 08:47:00,logout,web,2026-06-20,8
U01521,2026-06-17 18:58:00,logout,mobile,2026-06-17,18
U01521,2026-06-19 18:11:00,login,web,2026-06-19,18
U01521,2026-06-28 05:32:00,page_view,web,2026-06-28,5
U01522,2026-05-25 20:11:00,login,web,2026-05-25,20
U01522,2026-05-22 03:54:00,session_start,unknown,2026-05-22,3
U01522,2026-05-28 00:07:00,logout,mobile,2026-05-28,0
U01522,2026-05-26 19:27:00,login,web,2026-05-26,19
U01523,2026-02-20 10:48:00,login,unknown,2026-02-20,10
U01523,2026-03-03 07:45:00,login,web,2026-03-03,7
U01523,2026-03-03 19:04:00,login,web,2026-03-03,19
U01523,2026-02-23 01:15:00,logout,mobile,2026-02-23,1
U01523,2026-02-25 01:47:00,logout,mobile,2026-02-25,1
U01524,2026-03-24 08:38:00,session_start,mobile,2026-03-24,8
U01524,2026-03-29 07:35:00,login,web,2026-03-29,7
U01524,2026-03-21 01:48:00,page_view,mobile,2026-03-21,1
U01524,2026-03-24 20:25:00,login,web,2026-03-24,20
U01525,2026-01-23 19:37:00,session_end,web,2026-01-23,19
U01525,2026-01-22 23:35:00,logout,web,2026-01-22,23
U01525,2026-01-31 16:01:00,login,mobile,2026-01-31,16
U01525,2026-01-20 16:26:00,page_view,web,2026-01-20,16
U01526,2026-05-25 03:18:00,session_end,unknown,2026-05-25,3
U01526,2026-05-22 07:53:00,login,web,2026-05-22,7
U01526,2026-05-20 10:51:00,login,web,2026-05-20,10
U01526,2026-05-12 08:59:00,page_view,unknown,2026-05-12,8
U01526,2026-05-22 03:21:00,session_end,web,2026-05-22,3
U01526,2026-05-25 10:07:00,session_end,mobile,2026-05-25,10
U01526,2026-05-26 06:29:00,session_start,mobile,2026-05-26,6
U01526,2026-05-13 01:39:00,login,unknown,2026-05-13,1
U01526,2026-05-16 09:16:00,session_start,mobile,2026-05-16,9
U01526,2026-05-21 03:44:00,login,unknown,2026-05-21,3
U01527,2026-04-21 15:16:00,logout,web,2026-04-21,15
U01527,2026-04-20 06:45:00,login,web,2026-04-20,6
U01527,2026-04-26 16:43:00,session_end,web,2026-04-26,16
U01527,2026-05-04 16:25:00,login,unknown,2026-05-04,16
U01527,2026-05-02 06:30:00,login,web,2026-05-02,6
U01527,2026-04-29 12:25:00,session_start,web,2026-04-29,12
U01527,2026-04-27 04:14:00,session_start,unknown,2026-04-27,4
U01527,2026-05-01 01:49:00,login,unknown,2026-05-01,1
U01528,2026-03-13 03:09:00,login,web,2026-03-13,3
U01528,2026-03-17 00:12:00,session_start,mobile,2026-03-17,0
U01528,2026-03-17 20:09:00,login,mobile,2026-03-17,20
U01528,2026-03-21 17:43:00,session_end,web,2026-03-21,17
U01528,2026-03-09 09:13:00,session_end,mobile,2026-03-09,9
U01528,2026-03-21 11:07:00,session_start,web,2026-03-21,11
U01528,2026-03-11 12:38:00,logout,web,2026-03-11,12
U01528,2026-03-16 14:23:00,login,unknown,2026-03-16,14
U01529,2026-06-05 17:18:00,session_end,web,2026-06-05,17
U01529,2026-06-02 21:47:00,login,unknown,2026-06-02,21
U01529,2026-06-02 12:30:00,session_end,web,2026-06-02,12
U01529,2026-06-06 10:09:00,login,web,2026-06-06,10
U01529,2026-06-02 10:15:00,session_start,unknown,2026-06-02,10
U01529,2026-06-13 08:10:00,session_end,mobile,2026-06-13,8
U01529,2026-06-11 19:14:00,login,mobile,2026-06-11,19
U01529,2026-06-08 11:15:00,session_end,web,2026-06-08,11
U01529,2026-06-01 23:44:00,logout,unknown,2026-06-01,23
U01529,2026-05-30 16:41:00,session_end,web,2026-05-30,16
U01529,2026-06-02 05:38:00,logout,unknown,2026-06-02,5
U01529,2026-06-13 07:18:00,page_view,web,2026-06-13,7
U01529,2026-05-31 02:16:00,session_end,unknown,2026-05-31,2
U01530,2026-05-13 23:19:00,session_start,web,2026-05-13,23
U01530,2026-05-04 23:31:00,login,unknown,2026-05-04,23
U01530,2026-05-13 14:02:00,login,web,2026-05-13,14
U01531,2026-02-18 13:29:00,session_end,web,2026-02-18,13
U01531,2026-02-18 09:23:00,logout,unknown,2026-02-18,9
U01531,2026-02-22 10:36:00,session_start,unknown,2026-02-22,10
U01531,2026-02-12 19:24:00,login,web,2026-02-12,19
U01531,2026-02-19 06:49:00,page_view,web,2026-02-19,6
U01531,2026-02-09 10:30:00,login,unknown,2026-02-09,10
U01531,2026-02-17 23:37:00,login,web,2026-02-17,23
U01531,2026-02-17 23:01:00,login,web,2026-02-17,23
U01532,2026-01-25 21:31:00,login,unknown,2026-01-25,21
U01532,2026-01-23 20:17:00,login,web,2026-01-23,20
U01532,2026-01-21 22:58:00,login,web,2026-01-21,22
U01532,2026-01-28 21:32:00,page_view,unknown,2026-01-28,21
U01532,2026-01-24 14:51:00,login,unknown,2026-01-24,14
U01533,2026-05-20 18:37:00,login,unknown,2026-05-20,18
U01533,2026-05-11 16:29:00,login,mobile,2026-05-11,16
U01533,2026-05-12 07:19:00,logout,web,2026-05-12,7
U01533,2026-05-07 01:16:00,session_end,web,2026-05-07,1
U01533,2026-05-13 17:58:00,page_view,unknown,2026-05-13,17
U01533,2026-05-13 03:09:00,session_start,web,2026-05-13,3
U01533,2026-05-18 15:44:00,login,web,2026-05-18,15
U01533,2026-05-14 04:53:00,logout,web,2026-05-14,4
U01534,2026-04-04 15:48:00,session_end,web,2026-04-04,15
U01534,2026-04-16 20:10:00,login,web,2026-04-16,20
U01534,2026-04-11 12:01:00,page_view,web,2026-04-11,12
U01534,2026-04-03 23:44:00,login,web,2026-04-03,23
U01534,2026-04-16 11:12:00,session_start,mobile,2026-04-16,11
U01534,2026-04-02 22:50:00,login,mobile,2026-04-02,22
U01534,2026-04-09 13:13:00,login,web,2026-04-09,13
U01534,2026-04-07 18:25:00,session_start,web,2026-04-07,18
U01534,2026-04-09 03:27:00,logout,web,2026-04-09,3
U01535,2026-05-19 17:45:00,logout,web,2026-05-19,17
U01535,2026-05-19 23:19:00,login,web,2026-05-19,23
U01535,2026-05-15 23:46:00,login,web,2026-05-15,23
U01535,2026-05-27 14:23:00,session_start,web,2026-05-27,14
U01535,2026-05-17 07:49:00,logout,web,2026-05-17,7
U01536,2026-01-18 23:27:00,login,web,2026-01-18,23
U01536,2026-01-25 19:31:00,login,unknown,2026-01-25,19
U01536,2026-01-26 23:10:00,login,web,2026-01-26,23
U01536,2026-01-29 09:09:00,session_start,mobile,2026-01-29,9
U01536,2026-01-29 08:16:00,session_end,unknown,2026-01-29,8
U01536,2026-01-27 23:38:00,login,web,2026-01-27,23
U01536,2026-01-19 20:58:00,session_end,unknown,2026-01-19,20
U01536,2026-01-29 06:51:00,session_start,unknown,2026-01-29,6
U01536,2026-01-28 10:17:00,session_start,web,2026-01-28,10
U01536,2026-01-26 14:53:00,session_end,mobile,2026-01-26,14
U01537,2026-05-30 15:58:00,login,web,2026-05-30,15
U01537,2026-06-02 22:20:00,login,mobile,2026-06-02,22
U01537,2026-05-25 20:45:00,session_end,web,2026-05-25,20
U01537,2026-06-01 13:44:00,logout,unknown,2026-06-01,13
U01537,2026-05-27 03:35:00,login,mobile,2026-05-27,3
U01537,2026-05-31 12:00:00,logout,web,2026-05-31,12
U01537,2026-05-27 09:59:00,login,web,2026-05-27,9
U01538,2026-01-28 01:59:00,login,web,2026-01-28,1
U01538,2026-01-30 01:02:00,login,web,2026-01-30,1
U01538,2026-01-27 03:26:00,page_view,unknown,2026-01-27,3
U01538,2026-02-06 15:29:00,login,mobile,2026-02-06,15
U01538,2026-01-31 00:28:00,login,mobile,2026-01-31,0
U01538,2026-02-07 14:36:00,page_view,unknown,2026-02-07,14
U01538,2026-01-25 14:27:00,login,web,2026-01-25,14
U01538,2026-01-24 13:55:00,logout,web,2026-01-24,13
U01538,2026-01-26 22:29:00,login,web,2026-01-26,22
U01538,2026-02-04 09:13:00,session_end,web,2026-02-04,9
U01538,2026-01-31 23:26:00,session_start,unknown,2026-01-31,23
U01539,2026-03-28 05:54:00,session_start,web,2026-03-28,5
U01539,2026-03-28 23:22:00,login,mobile,2026-03-28,23
U01539,2026-03-27 12:40:00,login,web,2026-03-27,12
U01539,2026-03-31 16:19:00,session_start,web,2026-03-31,16
U01540,2026-03-31 15:08:00,login,unknown,2026-03-31,15
U01540,2026-03-17 09:24:00,logout,unknown,2026-03-17,9
U01540,2026-03-31 16:10:00,page_view,web,2026-03-31,16
U01541,2026-05-12 06:27:00,session_end,web,2026-05-12,6
U01541,2026-05-08 22:58:00,login,web,2026-05-08,22
U01541,2026-05-13 22:22:00,login,mobile,2026-05-13,22
U01541,2026-05-08 02:15:00,login,web,2026-05-08,2
U01541,2026-05-13 19:55:00,session_start,mobile,2026-05-13,19
U01542,2026-01-31 04:09:00,logout,web,2026-01-31,4
U01542,2026-02-12 22:27:00,session_start,unknown,2026-02-12,22
U01542,2026-02-05 12:20:00,login,web,2026-02-05,12
U01543,2026-04-30 07:47:00,page_view,mobile,2026-04-30,7
U01543,2026-04-29 05:40:00,page_view,web,2026-04-29,5
U01543,2026-05-06 13:36:00,login,mobile,2026-05-06,13
U01543,2026-04-30 07:44:00,login,unknown,2026-04-30,7
U01543,2026-05-09 02:29:00,session_end,web,2026-05-09,2
U01544,2026-06-12 17:56:00,login,mobile,2026-06-12,17
U01544,2026-06-15 01:21:00,session_start,mobile,2026-06-15,1
U01544,2026-06-09 03:14:00,session_start,unknown,2026-06-09,3
U01544,2026-06-20 17:48:00,page_view,unknown,2026-06-20,17
U01544,2026-06-11 11:21:00,logout,web,2026-06-11,11
U01544,2026-06-09 13:07:00,login,web,2026-06-09,13
U01544,2026-06-07 14:00:00,page_view,web,2026-06-07,14
U01544,2026-06-17 11:31:00,login,web,2026-06-17,11
U01544,2026-06-09 19:23:00,login,unknown,2026-06-09,19
U01545,2026-04-01 15:56:00,logout,web,2026-04-01,15
U01545,2026-03-28 02:08:00,logout,mobile,2026-03-28,2
U01545,2026-03-29 21:37:00,session_end,unknown,2026-03-29,21
U01546,2026-03-17 05:59:00,login,unknown,2026-03-17,5
U01546,2026-03-16 04:55:00,session_start,mobile,2026-03-16,4
U01546,2026-03-12 13:01:00,login,unknown,2026-03-12,13
U01546,2026-03-17 05:21:00,page_view,web,2026-03-17,5
U01546,2026-03-08 11:05:00,session_start,unknown,2026-03-08,11
U01546,2026-03-18 11:04:00,logout,mobile,2026-03-18,11
U01546,2026-03-14 16:16:00,session_end,web,2026-03-14,16
U01547,2026-03-17 02:53:00,login,unknown,2026-03-17,2
U01547,2026-03-26 06:17:00,logout,web,2026-03-26,6
U01547,2026-03-26 10:33:00,page_view,web,2026-03-26,10
U01547,2026-03-24 02:39:00,session_start,unknown,2026-03-24,2
U01548,2026-05-23 05:07:00,login,web,2026-05-23,5
U01548,2026-05-18 02:25:00,login,unknown,2026-05-18,2
U01548,2026-05-13 10:09:00,page_view,unknown,2026-05-13,10
U01548,2026-05-24 10:15:00,login,mobile,2026-05-24,10
U01548,2026-05-14 21:50:00,login,unknown,2026-05-14,21
U01548,2026-05-12 23:43:00,session_end,web,2026-05-12,23
U01549,2026-05-05 03:17:00,session_end,web,2026-05-05,3
U01549,2026-05-07 18:46:00,session_start,web,2026-05-07,18
U01549,2026-05-14 17:34:00,login,web,2026-05-14,17
U01549,2026-05-17 17:38:00,page_view,web,2026-05-17,17
U01549,2026-05-08 14:49:00,logout,web,2026-05-08,14
U01549,2026-05-13 21:48:00,logout,web,2026-05-13,21
U01549,2026-05-17 04:57:00,session_start,web,2026-05-17,4
U01549,2026-05-12 19:15:00,login,web,2026-05-12,19
U01549,2026-05-13 00:20:00,session_end,web,2026-05-13,0
U01549,2026-05-10 20:58:00,session_end,web,2026-05-10,20
U01549,2026-05-13 03:17:00,login,mobile,2026-05-13,3
U01550,2026-03-27 09:45:00,logout,web,2026-03-27,9
U01550,2026-03-29 01:35:00,logout,web,2026-03-29,1
U01550,2026-04-04 23:57:00,login,web,2026-04-04,23
U01551,2026-01-31 22:14:00,login,unknown,2026-01-31,22
U01551,2026-02-06 18:37:00,login,mobile,2026-02-06,18
U01551,2026-01-26 07:04:00,login,unknown,2026-01-26,7
U01551,2026-02-05 13:36:00,login,unknown,2026-02-05,13
U01551,2026-01-25 04:40:00,login,mobile,2026-01-25,4
U01551,2026-02-08 09:57:00,session_start,unknown,2026-02-08,9
U01551,2026-02-07 13:49:00,login,mobile,2026-02-07,13
U01551,2026-02-02 03:09:00,page_view,web,2026-02-02,3
U01552,2026-05-26 16:55:00,login,unknown,2026-05-26,16
U01552,2026-05-29 05:03:00,session_start,web,2026-05-29,5
U01552,2026-05-26 16:52:00,session_end,web,2026-05-26,16
U01552,2026-05-26 22:46:00,login,web,2026-05-26,22
U01552,2026-05-30 05:24:00,login,mobile,2026-05-30,5
U01552,2026-05-17 07:14:00,login,web,2026-05-17,7
U01552,2026-05-28 13:23:00,session_start,web,2026-05-28,13
U01552,2026-05-24 22:57:00,logout,web,2026-05-24,22
U01552,2026-05-29 13:25:00,login,unknown,2026-05-29,13
U01552,2026-05-30 16:40:00,login,mobile,2026-05-30,16
U01553,2026-01-17 09:36:00,session_end,web,2026-01-17,9
U01554,2026-05-02 01:19:00,login,unknown,2026-05-02,1
U01554,2026-04-23 20:06:00,session_start,web,2026-04-23,20
U01554,2026-04-24 01:33:00,session_start,mobile,2026-04-24,1
U01554,2026-05-03 23:45:00,session_end,web,2026-05-03,23
U01554,2026-04-22 04:49:00,login,mobile,2026-04-22,4
U01554,2026-04-19 15:09:00,login,unknown,2026-04-19,15
U01554,2026-04-25 08:06:00,login,unknown,2026-04-25,8
U01554,2026-04-20 06:42:00,logout,web,2026-04-20,6
U01555,2026-05-05 11:31:00,login,web,2026-05-05,11
U01555,2026-04-30 12:07:00,session_end,web,2026-04-30,12
U01555,2026-05-03 10:54:00,session_end,mobile,2026-05-03,10
U01555,2026-05-01 07:19:00,login,mobile,2026-05-01,7
U01555,2026-04-27 08:40:00,logout,web,2026-04-27,8
U01556,2026-01-20 04:43:00,page_view,unknown,2026-01-20,4
U01556,2026-01-15 16:22:00,session_end,web,2026-01-15,16
U01556,2026-01-16 05:00:00,session_start,unknown,2026-01-16,5
U01556,2026-01-12 12:39:00,login,mobile,2026-01-12,12
U01556,2026-01-12 21:58:00,session_end,unknown,2026-01-12,21
U01556,2026-01-19 04:29:00,session_start,mobile,2026-01-19,4
U01557,2026-03-28 07:26:00,session_end,mobile,2026-03-28,7
U01557,2026-03-27 05:30:00,login,mobile,2026-03-27,5
U01557,2026-04-09 08:07:00,session_end,mobile,2026-04-09,8
U01557,2026-04-04 23:38:00,page_view,web,2026-04-04,23
U01557,2026-03-31 20:30:00,logout,web,2026-03-31,20
U01558,2026-01-16 04:57:00,session_end,web,2026-01-16,4
U01558,2026-01-15 14:31:00,login,web,2026-01-15,14
U01558,2026-01-20 04:36:00,login,web,2026-01-20,4
U01558,2026-01-27 00:08:00,page_view,unknown,2026-01-27,0
U01558,2026-01-24 18:18:00,login,unknown,2026-01-24,18
U01559,2026-01-22 11:42:00,login,web,2026-01-22,11
U01559,2026-01-20 20:18:00,page_view,mobile,2026-01-20,20
U01559,2026-01-28 02:01:00,page_view,mobile,2026-01-28,2
U01559,2026-01-21 07:47:00,page_view,web,2026-01-21,7
U01560,2026-03-21 16:27:00,logout,unknown,2026-03-21,16
U01560,2026-03-15 18:40:00,login,unknown,2026-03-15,18
U01560,2026-03-14 20:31:00,page_view,web,2026-03-14,20
U01560,2026-03-15 15:41:00,page_view,mobile,2026-03-15,15
U01560,2026-03-20 01:45:00,login,web,2026-03-20,1
U01561,2026-06-21 01:18:00,login,mobile,2026-06-21,1
U01562,2026-01-13 08:15:00,page_view,unknown,2026-01-13,8
U01562,2026-01-18 17:11:00,session_start,web,2026-01-18,17
U01562,2026-01-17 02:41:00,session_end,unknown,2026-01-17,2
U01562,2026-01-12 22:30:00,logout,web,2026-01-12,22
U01562,2026-01-15 07:12:00,logout,web,2026-01-15,7
U01562,2026-01-07 04:20:00,login,mobile,2026-01-07,4
U01562,2026-01-14 04:08:00,login,mobile,2026-01-14,4
U01562,2026-01-10 15:30:00,session_start,mobile,2026-01-10,15
U01562,2026-01-12 14:16:00,login,unknown,2026-01-12,14
U01562,2026-01-15 10:03:00,login,web,2026-01-15,10
U01562,2026-01-15 16:33:00,login,mobile,2026-01-15,16
U01562,2026-01-06 03:59:00,login,web,2026-01-06,3
U01563,2026-02-06 01:14:00,page_view,unknown,2026-02-06,1
U01563,2026-02-03 16:14:00,session_end,unknown,2026-02-03,16
U01563,2026-02-11 17:31:00,session_end,web,2026-02-11,17
U01564,2026-06-16 00:48:00,page_view,web,2026-06-16,0
U01564,2026-06-21 10:57:00,page_view,mobile,2026-06-21,10
U01564,2026-06-19 21:32:00,logout,web,2026-06-19,21
U01564,2026-06-21 15:03:00,session_start,mobile,2026-06-21,15
U01564,2026-06-24 18:11:00,session_end,web,2026-06-24,18
U01564,2026-06-17 04:41:00,page_view,web,2026-06-17,4
U01564,2026-06-16 10:19:00,session_start,web,2026-06-16,10
U01564,2026-06-27 13:45:00,page_view,unknown,2026-06-27,13
U01564,2026-06-23 09:26:00,page_view,unknown,2026-06-23,9
U01564,2026-06-24 14:33:00,page_view,web,2026-06-24,14
U01564,2026-06-22 18:33:00,logout,unknown,2026-06-22,18
U01564,2026-06-17 22:26:00,page_view,web,2026-06-17,22
U01564,2026-06-27 07:55:00,session_end,web,2026-06-27,7
U01564,2026-06-23 22:18:00,logout,web,2026-06-23,22
U01565,2026-01-29 18:08:00,page_view,web,2026-01-29,18
U01565,2026-01-18 22:35:00,login,unknown,2026-01-18,22
U01565,2026-01-19 07:40:00,login,web,2026-01-19,7
U01565,2026-01-18 19:17:00,session_start,mobile,2026-01-18,19
U01565,2026-01-24 15:36:00,session_start,mobile,2026-01-24,15
U01565,2026-01-23 21:12:00,session_end,unknown,2026-01-23,21
U01565,2026-01-31 11:18:00,logout,unknown,2026-01-31,11
U01565,2026-01-27 14:36:00,login,unknown,2026-01-27,14
U01565,2026-01-25 20:40:00,login,mobile,2026-01-25,20
U01565,2026-01-17 01:35:00,page_view,web,2026-01-17,1
U01566,2026-01-19 00:06:00,page_view,web,2026-01-19,0
U01566,2026-01-21 16:52:00,session_start,unknown,2026-01-21,16
U01566,2026-01-28 01:25:00,login,web,2026-01-28,1
U01566,2026-01-20 10:31:00,login,web,2026-01-20,10
U01566,2026-01-20 08:55:00,session_end,web,2026-01-20,8
U01566,2026-01-28 22:25:00,session_start,web,2026-01-28,22
U01567,2026-03-26 22:50:00,page_view,web,2026-03-26,22
U01567,2026-03-26 16:00:00,login,web,2026-03-26,16
U01567,2026-03-26 11:32:00,page_view,unknown,2026-03-26,11
U01567,2026-03-30 05:17:00,login,mobile,2026-03-30,5
U01567,2026-03-23 21:57:00,page_view,web,2026-03-23,21
U01567,2026-03-30 23:44:00,session_end,unknown,2026-03-30,23
U01567,2026-03-22 11:45:00,page_view,mobile,2026-03-22,11
U01567,2026-03-25 09:52:00,session_end,mobile,2026-03-25,9
U01568,2026-02-05 01:22:00,login,unknown,2026-02-05,1
U01568,2026-01-24 18:29:00,login,web,2026-01-24,18
U01568,2026-01-24 05:41:00,login,web,2026-01-24,5
U01568,2026-01-26 07:20:00,login,unknown,2026-01-26,7
U01568,2026-01-30 11:43:00,session_start,unknown,2026-01-30,11
U01568,2026-01-30 14:13:00,login,mobile,2026-01-30,14
U01568,2026-01-29 10:34:00,logout,unknown,2026-01-29,10
U01568,2026-01-28 01:13:00,page_view,web,2026-01-28,1
U01569,2026-04-12 09:45:00,page_view,unknown,2026-04-12,9
U01569,2026-04-21 02:16:00,login,unknown,2026-04-21,2
U01569,2026-04-26 15:04:00,page_view,mobile,2026-04-26,15
U01569,2026-04-25 16:01:00,logout,unknown,2026-04-25,16
U01569,2026-04-13 21:36:00,session_end,web,2026-04-13,21
U01569,2026-04-19 08:25:00,session_start,unknown,2026-04-19,8
U01569,2026-04-21 15:53:00,page_view,web,2026-04-21,15
U01569,2026-04-19 04:50:00,logout,web,2026-04-19,4
U01569,2026-04-19 03:48:00,login,web,2026-04-19,3
U01569,2026-04-24 07:23:00,session_start,unknown,2026-04-24,7
U01569,2026-04-20 21:51:00,login,web,2026-04-20,21
U01570,2026-02-13 04:22:00,logout,mobile,2026-02-13,4
U01570,2026-02-16 18:23:00,page_view,mobile,2026-02-16,18
U01570,2026-02-24 11:20:00,session_end,unknown,2026-02-24,11
U01570,2026-02-21 23:56:00,session_start,unknown,2026-02-21,23
U01571,2026-02-07 10:46:00,login,unknown,2026-02-07,10
U01571,2026-02-12 02:47:00,login,unknown,2026-02-12,2
U01571,2026-02-06 16:44:00,login,web,2026-02-06,16
U01571,2026-02-16 14:53:00,session_start,web,2026-02-16,14
U01571,2026-02-15 13:47:00,page_view,web,2026-02-15,13
U01571,2026-02-06 21:24:00,login,web,2026-02-06,21
U01571,2026-02-13 22:40:00,logout,mobile,2026-02-13,22
U01571,2026-02-14 12:42:00,login,web,2026-02-14,12
U01571,2026-02-16 18:25:00,login,unknown,2026-02-16,18
U01571,2026-02-09 12:44:00,login,web,2026-02-09,12
U01571,2026-02-07 18:55:00,logout,web,2026-02-07,18
U01571,2026-02-13 10:04:00,page_view,web,2026-02-13,10
U01571,2026-02-10 12:13:00,login,web,2026-02-10,12
U01571,2026-02-14 12:12:00,session_start,mobile,2026-02-14,12
U01572,2026-03-28 03:50:00,login,web,2026-03-28,3
U01572,2026-03-27 02:24:00,login,web,2026-03-27,2
U01572,2026-03-24 16:29:00,logout,web,2026-03-24,16
U01572,2026-03-30 09:53:00,session_end,web,2026-03-30,9
U01572,2026-03-18 06:47:00,page_view,web,2026-03-18,6
U01572,2026-03-29 06:55:00,page_view,unknown,2026-03-29,6
U01573,2026-03-29 20:42:00,page_view,mobile,2026-03-29,20
U01573,2026-03-27 13:23:00,login,unknown,2026-03-27,13
U01573,2026-04-01 20:56:00,login,web,2026-04-01,20
U01573,2026-03-27 23:34:00,session_start,unknown,2026-03-27,23
U01573,2026-03-25 15:44:00,login,web,2026-03-25,15
U01574,2026-06-20 09:33:00,session_end,web,2026-06-20,9
U01574,2026-06-22 02:11:00,page_view,unknown,2026-06-22,2
U01574,2026-06-24 19:59:00,login,web,2026-06-24,19
U01574,2026-06-19 22:35:00,login,unknown,2026-06-19,22
U01574,2026-06-15 01:42:00,login,mobile,2026-06-15,1
U01575,2026-05-25 22:52:00,login,mobile,2026-05-25,22
U01575,2026-05-24 12:32:00,session_end,mobile,2026-05-24,12
U01575,2026-05-29 08:26:00,login,mobile,2026-05-29,8
U01575,2026-05-23 07:27:00,logout,web,2026-05-23,7
U01575,2026-05-23 11:31:00,session_start,web,2026-05-23,11
U01575,2026-06-02 04:47:00,session_end,web,2026-06-02,4
U01575,2026-05-30 08:11:00,page_view,web,2026-05-30,8
U01576,2026-02-02 23:37:00,login,unknown,2026-02-02,23
U01577,2026-06-14 02:30:00,session_start,web,2026-06-14,2
U01577,2026-06-07 17:38:00,login,mobile,2026-06-07,17
U01577,2026-06-05 22:23:00,login,mobile,2026-06-05,22
U01577,2026-06-13 17:20:00,session_end,unknown,2026-06-13,17
U01577,2026-06-12 00:55:00,session_start,mobile,2026-06-12,0
U01577,2026-06-02 21:09:00,logout,mobile,2026-06-02,21
U01577,2026-06-10 22:11:00,session_end,mobile,2026-06-10,22
U01577,2026-06-14 07:22:00,login,unknown,2026-06-14,7
U01577,2026-06-10 19:31:00,login,web,2026-06-10,19
U01577,2026-06-13 06:22:00,logout,unknown,2026-06-13,6
U01578,2026-05-25 15:10:00,session_start,web,2026-05-25,15
U01578,2026-06-03 23:31:00,login,unknown,2026-06-03,23
U01578,2026-05-25 21:23:00,login,web,2026-05-25,21
U01578,2026-05-28 21:09:00,session_end,mobile,2026-05-28,21
U01578,2026-05-22 00:59:00,login,web,2026-05-22,0
U01579,2026-03-06 21:03:00,session_end,web,2026-03-06,21
U01579,2026-03-09 17:30:00,login,unknown,2026-03-09,17
U01579,2026-03-06 09:52:00,login,web,2026-03-06,9
U01579,2026-03-06 21:21:00,session_end,web,2026-03-06,21
U01579,2026-03-05 00:20:00,session_end,web,2026-03-05,0
U01579,2026-02-24 00:35:00,page_view,unknown,2026-02-24,0
U01579,2026-03-02 19:31:00,logout,web,2026-03-02,19
U01579,2026-02-27 15:27:00,login,mobile,2026-02-27,15
U01579,2026-03-02 17:51:00,logout,unknown,2026-03-02,17
U01580,2026-04-05 06:53:00,session_start,web,2026-04-05,6
U01580,2026-04-05 10:15:00,login,mobile,2026-04-05,10
U01580,2026-04-03 14:28:00,login,unknown,2026-04-03,14
U01581,2026-06-18 06:30:00,session_end,mobile,2026-06-18,6
U01581,2026-06-17 22:27:00,login,web,2026-06-17,22
U01581,2026-06-24 02:22:00,login,mobile,2026-06-24,2
U01581,2026-06-18 15:18:00,login,unknown,2026-06-18,15
U01582,2026-02-20 09:20:00,login,web,2026-02-20,9
U01582,2026-02-19 03:38:00,login,web,2026-02-19,3
U01582,2026-02-22 20:00:00,login,unknown,2026-02-22,20
U01582,2026-02-19 13:01:00,session_end,unknown,2026-02-19,13
U01582,2026-03-02 20:36:00,session_start,mobile,2026-03-02,20
U01582,2026-02-26 02:17:00,login,unknown,2026-02-26,2
U01582,2026-02-24 07:26:00,session_start,web,2026-02-24,7
U01582,2026-02-26 17:48:00,page_view,web,2026-02-26,17
U01582,2026-02-26 03:38:00,session_end,web,2026-02-26,3
U01582,2026-02-24 09:31:00,page_view,mobile,2026-02-24,9
U01582,2026-02-23 13:23:00,login,unknown,2026-02-23,13
U01583,2026-03-16 16:33:00,login,unknown,2026-03-16,16
U01583,2026-03-18 09:32:00,page_view,web,2026-03-18,9
U01583,2026-03-20 20:55:00,login,unknown,2026-03-20,20
U01583,2026-03-07 07:07:00,logout,web,2026-03-07,7
U01583,2026-03-10 08:50:00,page_view,unknown,2026-03-10,8
U01583,2026-03-07 13:15:00,logout,web,2026-03-07,13
U01583,2026-03-08 10:30:00,login,unknown,2026-03-08,10
U01583,2026-03-13 15:17:00,login,unknown,2026-03-13,15
U01583,2026-03-16 05:05:00,login,mobile,2026-03-16,5
U01584,2026-02-24 08:32:00,session_start,unknown,2026-02-24,8
U01584,2026-02-21 12:57:00,logout,web,2026-02-21,12
U01584,2026-02-28 19:05:00,session_end,unknown,2026-02-28,19
U01584,2026-02-21 11:31:00,session_end,mobile,2026-02-21,11
U01584,2026-02-18 23:11:00,logout,web,2026-02-18,23
U01585,2026-01-24 00:58:00,login,web,2026-01-24,0
U01585,2026-01-23 00:20:00,login,web,2026-01-23,0
U01585,2026-01-25 03:28:00,login,unknown,2026-01-25,3
U01585,2026-01-19 17:23:00,login,web,2026-01-19,17
U01585,2026-01-19 23:36:00,login,mobile,2026-01-19,23
U01585,2026-01-18 09:59:00,login,web,2026-01-18,9
U01585,2026-01-20 04:55:00,page_view,unknown,2026-01-20,4
U01585,2026-01-15 04:12:00,session_end,mobile,2026-01-15,4
U01586,2026-01-22 01:49:00,logout,unknown,2026-01-22,1
U01586,2026-01-24 07:12:00,login,mobile,2026-01-24,7
U01586,2026-02-02 22:23:00,session_end,unknown,2026-02-02,22
U01586,2026-01-24 18:42:00,session_end,web,2026-01-24,18
U01586,2026-01-28 12:51:00,login,mobile,2026-01-28,12
U01586,2026-01-30 22:07:00,session_end,unknown,2026-01-30,22
U01586,2026-02-02 00:33:00,session_start,unknown,2026-02-02,0
U01586,2026-01-31 20:20:00,page_view,unknown,2026-01-31,20
U01586,2026-01-27 20:55:00,session_end,mobile,2026-01-27,20
U01586,2026-01-31 22:50:00,session_start,mobile,2026-01-31,22
U01586,2026-01-26 13:15:00,login,unknown,2026-01-26,13
U01586,2026-01-26 07:37:00,page_view,mobile,2026-01-26,7
U01586,2026-02-01 13:54:00,session_start,unknown,2026-02-01,13
U01587,2026-03-06 18:31:00,page_view,unknown,2026-03-06,18
U01587,2026-03-14 10:59:00,login,web,2026-03-14,10
U01587,2026-03-18 01:43:00,page_view,web,2026-03-18,1
U01587,2026-03-10 11:42:00,login,unknown,2026-03-10,11
U01587,2026-03-17 04:38:00,session_start,mobile,2026-03-17,4
U01587,2026-03-15 23:49:00,page_view,web,2026-03-15,23
U01587,2026-03-16 02:01:00,session_start,mobile,2026-03-16,2
U01587,2026-03-17 05:44:00,login,unknown,2026-03-17,5
U01588,2026-05-10 04:28:00,session_end,mobile,2026-05-10,4
U01588,2026-05-10 09:24:00,login,web,2026-05-10,9
U01588,2026-05-10 19:19:00,page_view,web,2026-05-10,19
U01588,2026-05-16 11:27:00,session_start,web,2026-05-16,11
U01588,2026-05-06 14:28:00,login,mobile,2026-05-06,14
U01588,2026-05-14 17:53:00,logout,unknown,2026-05-14,17
U01589,2026-02-04 08:51:00,page_view,web,2026-02-04,8
U01589,2026-02-10 02:45:00,session_end,unknown,2026-02-10,2
U01589,2026-02-12 01:32:00,page_view,web,2026-02-12,1
U01590,2026-03-02 15:21:00,page_view,web,2026-03-02,15
U01590,2026-03-14 06:44:00,session_end,web,2026-03-14,6
U01590,2026-03-07 06:47:00,session_start,web,2026-03-07,6
U01590,2026-03-11 20:30:00,login,unknown,2026-03-11,20
U01591,2026-06-16 06:55:00,session_end,web,2026-06-16,6
U01591,2026-06-08 14:47:00,page_view,web,2026-06-08,14
U01591,2026-06-13 02:51:00,login,web,2026-06-13,2
U01592,2026-03-29 19:26:00,session_start,mobile,2026-03-29,19
U01592,2026-03-24 04:34:00,login,web,2026-03-24,4
U01592,2026-03-29 17:15:00,session_end,unknown,2026-03-29,17
U01592,2026-04-04 00:52:00,login,unknown,2026-04-04,0
U01592,2026-04-05 16:59:00,login,mobile,2026-04-05,16
U01592,2026-03-30 18:56:00,logout,mobile,2026-03-30,18
U01592,2026-03-24 09:46:00,session_end,mobile,2026-03-24,9
U01592,2026-03-27 02:14:00,session_start,web,2026-03-27,2
U01592,2026-03-30 07:00:00,logout,unknown,2026-03-30,7
U01592,2026-04-03 06:36:00,login,web,2026-04-03,6
U01592,2026-03-31 06:02:00,session_start,web,2026-03-31,6
U01592,2026-04-02 16:13:00,logout,unknown,2026-04-02,16
U01593,2026-06-19 16:59:00,login,unknown,2026-06-19,16
U01593,2026-06-14 05:12:00,session_end,unknown,2026-06-14,5
U01593,2026-06-13 10:42:00,session_start,web,2026-06-13,10
U01593,2026-06-21 12:30:00,session_start,web,2026-06-21,12
U01593,2026-06-21 11:36:00,login,unknown,2026-06-21,11
U01593,2026-06-19 07:47:00,logout,web,2026-06-19,7
U01594,2026-06-03 03:51:00,login,web,2026-06-03,3
U01594,2026-06-10 20:42:00,session_start,unknown,2026-06-10,20
U01595,2026-06-09 21:08:00,login,web,2026-06-09,21
U01595,2026-05-30 01:11:00,login,web,2026-05-30,1
U01596,2026-04-20 20:34:00,login,web,2026-04-20,20
U01596,2026-04-28 14:09:00,login,web,2026-04-28,14
U01596,2026-04-27 16:18:00,logout,web,2026-04-27,16
U01596,2026-05-02 15:40:00,login,web,2026-05-02,15
U01596,2026-04-28 00:09:00,login,web,2026-04-28,0
U01596,2026-04-20 09:05:00,login,web,2026-04-20,9
U01596,2026-05-02 14:47:00,logout,web,2026-05-02,14
U01596,2026-04-29 07:07:00,session_start,unknown,2026-04-29,7
U01597,2026-03-05 16:42:00,login,unknown,2026-03-05,16
U01597,2026-03-17 21:52:00,login,web,2026-03-17,21
U01597,2026-03-10 20:23:00,page_view,unknown,2026-03-10,20
U01597,2026-03-11 02:14:00,page_view,web,2026-03-11,2
U01597,2026-03-05 22:17:00,session_start,web,2026-03-05,22
U01597,2026-03-05 01:02:00,logout,web,2026-03-05,1
U01597,2026-03-10 17:19:00,login,mobile,2026-03-10,17
U01597,2026-03-07 20:30:00,login,unknown,2026-03-07,20
U01598,2026-03-25 18:39:00,page_view,web,2026-03-25,18
U01599,2026-05-17 20:24:00,login,web,2026-05-17,20
U01599,2026-05-12 07:21:00,session_start,web,2026-05-12,7
U01599,2026-05-14 22:54:00,page_view,web,2026-05-14,22
U01599,2026-05-17 21:14:00,logout,unknown,2026-05-17,21
U01599,2026-05-06 17:13:00,session_start,web,2026-05-06,17
U01599,2026-05-10 04:55:00,login,web,2026-05-10,4
U01599,2026-05-08 10:49:00,session_end,web,2026-05-08,10
U01599,2026-05-10 01:33:00,page_view,mobile,2026-05-10,1
U01600,2026-04-05 11:04:00,logout,web,2026-04-05,11
U01600,2026-04-15 20:42:00,login,web,2026-04-15,20
U01600,2026-04-06 20:40:00,logout,unknown,2026-04-06,20
U01600,2026-04-08 22:15:00,page_view,web,2026-04-08,22
U01600,2026-04-14 01:46:00,login,web,2026-04-14,1
U01600,2026-04-07 06:37:00,page_view,web,2026-04-07,6
U01600,2026-04-06 22:55:00,page_view,unknown,2026-04-06,22
U01600,2026-04-09 20:10:00,logout,web,2026-04-09,20
U01600,2026-04-03 09:00:00,page_view,unknown,2026-04-03,9
U01600,2026-04-03 23:28:00,login,unknown,2026-04-03,23
U01601,2026-01-31 02:31:00,logout,web,2026-01-31,2
U01601,2026-02-06 16:07:00,session_start,unknown,2026-02-06,16
U01601,2026-02-05 17:06:00,login,web,2026-02-05,17
U01601,2026-01-31 20:34:00,login,unknown,2026-01-31,20
U01601,2026-02-06 03:43:00,login,web,2026-02-06,3
U01602,2026-06-10 01:06:00,session_start,web,2026-06-10,1
U01602,2026-06-10 08:59:00,session_start,unknown,2026-06-10,8
U01602,2026-06-07 11:28:00,login,web,2026-06-07,11
U01602,2026-06-07 11:14:00,session_start,web,2026-06-07,11
U01602,2026-06-07 14:25:00,session_end,unknown,2026-06-07,14
U01602,2026-06-11 05:49:00,logout,mobile,2026-06-11,5
U01603,2026-05-30 18:22:00,session_start,web,2026-05-30,18
U01603,2026-05-25 08:23:00,login,web,2026-05-25,8
U01603,2026-05-28 18:41:00,session_end,unknown,2026-05-28,18
U01603,2026-05-19 14:57:00,login,mobile,2026-05-19,14
U01603,2026-05-19 10:49:00,session_start,web,2026-05-19,10
U01604,2026-02-03 13:02:00,login,mobile,2026-02-03,13
U01604,2026-01-26 02:16:00,logout,web,2026-01-26,2
U01605,2026-06-18 02:57:00,session_start,web,2026-06-18,2
U01605,2026-06-11 08:16:00,logout,web,2026-06-11,8
U01605,2026-06-16 05:27:00,login,web,2026-06-16,5
U01605,2026-06-16 21:42:00,session_end,mobile,2026-06-16,21
U01605,2026-06-20 13:47:00,session_end,web,2026-06-20,13
U01605,2026-06-22 11:16:00,login,web,2026-06-22,11
U01605,2026-06-24 07:59:00,page_view,unknown,2026-06-24,7
U01605,2026-06-19 01:16:00,session_end,unknown,2026-06-19,1
U01605,2026-06-24 13:08:00,login,mobile,2026-06-24,13
U01605,2026-06-23 17:51:00,login,unknown,2026-06-23,17
U01605,2026-06-14 19:25:00,login,mobile,2026-06-14,19
U01605,2026-06-15 05:52:00,session_start,unknown,2026-06-15,5
U01606,2026-04-14 22:51:00,session_start,web,2026-04-14,22
U01606,2026-04-24 21:07:00,login,unknown,2026-04-24,21
U01606,2026-04-18 08:00:00,logout,mobile,2026-04-18,8
U01606,2026-04-20 22:07:00,login,web,2026-04-20,22
U01606,2026-04-17 09:09:00,login,web,2026-04-17,9
U01606,2026-04-19 12:05:00,session_end,mobile,2026-04-19,12
U01606,2026-04-16 13:46:00,login,web,2026-04-16,13
U01606,2026-04-17 17:16:00,login,web,2026-04-17,17
U01606,2026-04-19 02:53:00,login,web,2026-04-19,2
U01606,2026-04-18 04:55:00,page_view,web,2026-04-18,4
U01606,2026-04-26 04:55:00,session_start,web,2026-04-26,4
U01606,2026-04-14 11:25:00,session_end,web,2026-04-14,11
U01606,2026-04-22 08:41:00,session_end,mobile,2026-04-22,8
U01606,2026-04-25 00:28:00,login,unknown,2026-04-25,0
U01606,2026-04-15 04:25:00,login,mobile,2026-04-15,4
U01606,2026-04-18 01:44:00,page_view,mobile,2026-04-18,1
U01607,2026-06-01 19:13:00,session_start,web,2026-06-01,19
U01607,2026-06-02 07:09:00,session_start,unknown,2026-06-02,7
U01607,2026-05-24 14:15:00,login,mobile,2026-05-24,14
U01607,2026-06-05 13:08:00,session_start,unknown,2026-06-05,13
U01607,2026-06-05 23:27:00,session_start,web,2026-06-05,23
U01608,2026-05-25 19:21:00,session_end,web,2026-05-25,19
U01608,2026-05-28 20:54:00,login,unknown,2026-05-28,20
U01608,2026-05-27 14:40:00,page_view,unknown,2026-05-27,14
U01608,2026-05-31 09:37:00,page_view,mobile,2026-05-31,9
U01609,2026-02-17 09:17:00,session_end,mobile,2026-02-17,9
U01609,2026-02-20 02:12:00,session_start,unknown,2026-02-20,2
U01609,2026-02-13 20:56:00,session_start,mobile,2026-02-13,20
U01609,2026-02-21 23:48:00,session_start,unknown,2026-02-21,23
U01609,2026-02-16 08:45:00,logout,web,2026-02-16,8
U01609,2026-02-22 21:21:00,login,unknown,2026-02-22,21
U01609,2026-02-18 13:57:00,session_start,mobile,2026-02-18,13
U01609,2026-02-20 05:02:00,login,web,2026-02-20,5
U01610,2026-03-05 03:57:00,page_view,mobile,2026-03-05,3
U01610,2026-03-12 03:30:00,session_start,web,2026-03-12,3
U01611,2026-02-09 07:19:00,login,mobile,2026-02-09,7
U01611,2026-02-12 21:34:00,login,mobile,2026-02-12,21
U01611,2026-02-07 03:41:00,login,web,2026-02-07,3
U01611,2026-02-12 00:06:00,session_start,unknown,2026-02-12,0
U01611,2026-02-08 17:52:00,login,mobile,2026-02-08,17
U01611,2026-02-07 13:08:00,session_end,web,2026-02-07,13
U01611,2026-02-17 03:55:00,session_end,mobile,2026-02-17,3
U01612,2026-02-01 16:53:00,page_view,web,2026-02-01,16
U01612,2026-01-27 02:07:00,login,web,2026-01-27,2
U01612,2026-02-05 21:57:00,login,unknown,2026-02-05,21
U01612,2026-02-01 03:23:00,session_start,mobile,2026-02-01,3
U01612,2026-01-28 02:55:00,login,web,2026-01-28,2
U01612,2026-01-24 21:24:00,logout,unknown,2026-01-24,21
U01613,2026-05-09 16:26:00,logout,mobile,2026-05-09,16
U01613,2026-05-12 22:24:00,login,web,2026-05-12,22
U01613,2026-05-13 12:02:00,login,unknown,2026-05-13,12
U01613,2026-05-23 20:11:00,logout,mobile,2026-05-23,20
U01613,2026-05-13 15:35:00,page_view,mobile,2026-05-13,15
U01614,2026-06-09 10:06:00,page_view,mobile,2026-06-09,10
U01614,2026-06-20 13:41:00,login,mobile,2026-06-20,13
U01614,2026-06-12 01:26:00,login,web,2026-06-12,1
U01614,2026-06-07 16:18:00,login,web,2026-06-07,16
U01614,2026-06-12 15:54:00,session_end,unknown,2026-06-12,15
U01614,2026-06-21 20:01:00,session_start,mobile,2026-06-21,20
U01614,2026-06-18 19:56:00,session_end,web,2026-06-18,19
U01615,2026-05-12 18:39:00,session_start,web,2026-05-12,18
U01615,2026-05-14 13:33:00,session_start,unknown,2026-05-14,13
U01615,2026-05-26 11:03:00,session_end,mobile,2026-05-26,11
U01615,2026-05-18 17:05:00,logout,unknown,2026-05-18,17
U01615,2026-05-20 21:59:00,login,web,2026-05-20,21
U01615,2026-05-16 01:28:00,login,unknown,2026-05-16,1
U01615,2026-05-15 01:33:00,page_view,unknown,2026-05-15,1
U01615,2026-05-13 08:48:00,login,web,2026-05-13,8
U01616,2026-02-18 19:00:00,session_end,mobile,2026-02-18,19
U01616,2026-02-15 01:21:00,logout,unknown,2026-02-15,1
U01616,2026-02-17 12:50:00,login,unknown,2026-02-17,12
U01616,2026-02-15 20:11:00,page_view,web,2026-02-15,20
U01616,2026-02-22 09:32:00,logout,web,2026-02-22,9
U01616,2026-03-01 20:28:00,session_end,mobile,2026-03-01,20
U01617,2026-05-05 07:10:00,session_start,mobile,2026-05-05,7
U01617,2026-05-12 03:56:00,login,mobile,2026-05-12,3
U01617,2026-05-06 19:50:00,logout,mobile,2026-05-06,19
U01617,2026-05-06 04:36:00,session_start,mobile,2026-05-06,4
U01617,2026-05-16 10:16:00,login,web,2026-05-16,10
U01617,2026-05-08 18:42:00,logout,mobile,2026-05-08,18
U01617,2026-05-12 21:54:00,login,unknown,2026-05-12,21
U01618,2026-03-10 11:18:00,login,web,2026-03-10,11
U01618,2026-03-06 17:25:00,logout,web,2026-03-06,17
U01618,2026-03-03 19:17:00,session_start,web,2026-03-03,19
U01618,2026-02-26 15:52:00,page_view,mobile,2026-02-26,15
U01618,2026-03-09 08:48:00,session_start,mobile,2026-03-09,8
U01618,2026-03-04 13:38:00,logout,mobile,2026-03-04,13
U01618,2026-03-05 11:23:00,page_view,web,2026-03-05,11
U01618,2026-03-08 00:17:00,logout,web,2026-03-08,0
U01618,2026-03-06 07:34:00,session_start,web,2026-03-06,7
U01619,2026-01-17 00:55:00,page_view,unknown,2026-01-17,0
U01619,2026-01-28 14:02:00,session_end,web,2026-01-28,14
U01619,2026-01-28 06:07:00,session_start,mobile,2026-01-28,6
U01619,2026-01-18 20:56:00,login,mobile,2026-01-18,20
U01620,2026-03-13 11:37:00,page_view,web,2026-03-13,11
U01620,2026-03-05 06:13:00,login,web,2026-03-05,6
U01620,2026-03-13 11:43:00,session_start,unknown,2026-03-13,11
U01620,2026-03-05 00:07:00,login,web,2026-03-05,0
U01620,2026-03-05 12:01:00,login,mobile,2026-03-05,12
U01620,2026-03-15 06:20:00,login,web,2026-03-15,6
U01620,2026-03-14 13:10:00,login,unknown,2026-03-14,13
U01620,2026-03-01 21:36:00,login,web,2026-03-01,21
U01620,2026-03-07 23:17:00,login,unknown,2026-03-07,23
U01621,2026-05-19 07:14:00,login,unknown,2026-05-19,7
U01621,2026-05-14 09:03:00,session_end,mobile,2026-05-14,9
U01621,2026-05-16 03:00:00,login,unknown,2026-05-16,3
U01621,2026-05-14 22:28:00,login,web,2026-05-14,22
U01621,2026-05-18 14:58:00,page_view,web,2026-05-18,14
U01621,2026-05-13 10:48:00,login,web,2026-05-13,10
U01622,2026-05-01 17:04:00,session_end,web,2026-05-01,17
U01623,2026-01-11 10:26:00,logout,unknown,2026-01-11,10
U01623,2026-01-23 07:40:00,login,mobile,2026-01-23,7
U01623,2026-01-23 13:14:00,login,web,2026-01-23,13
U01624,2026-01-28 15:51:00,session_start,mobile,2026-01-28,15
U01624,2026-02-01 05:16:00,login,mobile,2026-02-01,5
U01624,2026-02-06 00:09:00,page_view,mobile,2026-02-06,0
U01625,2026-06-24 16:50:00,logout,unknown,2026-06-24,16
U01625,2026-06-19 03:03:00,session_start,unknown,2026-06-19,3
U01625,2026-06-17 23:27:00,login,mobile,2026-06-17,23
U01626,2026-03-13 18:10:00,login,web,2026-03-13,18
U01626,2026-03-23 14:28:00,session_start,web,2026-03-23,14
U01627,2026-05-27 21:19:00,session_end,web,2026-05-27,21
U01627,2026-05-31 15:05:00,session_start,web,2026-05-31,15
U01627,2026-05-29 04:08:00,page_view,unknown,2026-05-29,4
U01627,2026-06-08 21:39:00,session_end,unknown,2026-06-08,21
U01627,2026-06-06 21:49:00,login,mobile,2026-06-06,21
U01627,2026-06-01 03:20:00,session_end,unknown,2026-06-01,3
U01627,2026-06-09 16:39:00,page_view,web,2026-06-09,16
U01628,2026-04-13 23:35:00,logout,mobile,2026-04-13,23
U01628,2026-04-08 15:06:00,login,web,2026-04-08,15
U01628,2026-04-08 02:16:00,login,web,2026-04-08,2
U01628,2026-04-08 05:18:00,page_view,web,2026-04-08,5
U01629,2026-01-25 09:26:00,session_start,mobile,2026-01-25,9
U01629,2026-01-21 21:59:00,login,unknown,2026-01-21,21
U01629,2026-01-21 23:30:00,logout,web,2026-01-21,23
U01629,2026-01-21 18:57:00,login,unknown,2026-01-21,18
U01629,2026-01-26 19:20:00,login,web,2026-01-26,19
U01629,2026-01-30 01:34:00,login,unknown,2026-01-30,1
U01629,2026-01-31 00:12:00,login,web,2026-01-31,0
U01629,2026-02-03 03:41:00,logout,web,2026-02-03,3
U01630,2026-04-21 15:25:00,login,unknown,2026-04-21,15
U01630,2026-04-07 12:06:00,login,web,2026-04-07,12
U01630,2026-04-08 03:43:00,login,unknown,2026-04-08,3
U01631,2026-04-17 17:14:00,logout,web,2026-04-17,17
U01631,2026-04-24 16:40:00,logout,web,2026-04-24,16
U01631,2026-04-21 05:01:00,login,web,2026-04-21,5
U01631,2026-04-21 18:24:00,login,unknown,2026-04-21,18
U01631,2026-04-18 00:01:00,login,web,2026-04-18,0
U01631,2026-04-24 20:59:00,page_view,web,2026-04-24,20
U01631,2026-04-18 04:49:00,session_start,web,2026-04-18,4
U01632,2026-05-16 14:35:00,logout,mobile,2026-05-16,14
U01632,2026-05-18 09:04:00,login,unknown,2026-05-18,9
U01632,2026-05-18 08:13:00,login,mobile,2026-05-18,8
U01632,2026-05-09 21:45:00,logout,web,2026-05-09,21
U01632,2026-05-18 03:16:00,session_start,web,2026-05-18,3
U01632,2026-05-19 09:42:00,session_start,unknown,2026-05-19,9
U01632,2026-05-07 08:58:00,logout,mobile,2026-05-07,8
U01632,2026-05-07 07:53:00,login,unknown,2026-05-07,7
U01632,2026-05-19 09:08:00,page_view,web,2026-05-19,9
U01633,2026-01-14 02:27:00,session_end,web,2026-01-14,2
U01633,2026-01-08 01:14:00,session_end,web,2026-01-08,1
U01633,2026-01-03 20:44:00,login,mobile,2026-01-03,20
U01633,2026-01-05 08:58:00,page_view,unknown,2026-01-05,8
U01633,2026-01-08 10:09:00,login,unknown,2026-01-08,10
U01633,2026-01-06 13:16:00,login,mobile,2026-01-06,13
U01633,2026-01-14 07:06:00,session_start,web,2026-01-14,7
U01633,2026-01-11 10:00:00,session_start,web,2026-01-11,10
U01633,2026-01-14 10:41:00,logout,web,2026-01-14,10
U01634,2026-04-24 03:44:00,login,unknown,2026-04-24,3
U01634,2026-05-07 20:06:00,login,web,2026-05-07,20
U01634,2026-05-03 13:47:00,logout,mobile,2026-05-03,13
U01634,2026-05-03 03:48:00,page_view,web,2026-05-03,3
U01634,2026-04-30 17:38:00,logout,web,2026-04-30,17
U01634,2026-05-03 15:34:00,session_start,web,2026-05-03,15
U01634,2026-04-30 23:24:00,login,web,2026-04-30,23
U01634,2026-05-01 16:14:00,login,web,2026-05-01,16
U01634,2026-04-24 22:43:00,login,web,2026-04-24,22
U01634,2026-05-03 09:31:00,login,unknown,2026-05-03,9
U01635,2026-05-15 07:17:00,page_view,mobile,2026-05-15,7
U01635,2026-05-17 20:53:00,page_view,unknown,2026-05-17,20
U01635,2026-05-15 13:48:00,session_end,unknown,2026-05-15,13
U01635,2026-05-12 03:42:00,session_start,web,2026-05-12,3
U01635,2026-05-14 11:53:00,login,web,2026-05-14,11
U01636,2026-03-06 22:30:00,logout,web,2026-03-06,22
U01636,2026-02-24 08:00:00,logout,mobile,2026-02-24,8
U01636,2026-03-03 00:05:00,page_view,web,2026-03-03,0
U01636,2026-03-04 10:39:00,session_start,unknown,2026-03-04,10
U01636,2026-02-28 20:01:00,page_view,web,2026-02-28,20
U01636,2026-02-26 18:01:00,login,web,2026-02-26,18
U01636,2026-02-24 19:22:00,session_start,mobile,2026-02-24,19
U01637,2026-02-18 02:33:00,login,unknown,2026-02-18,2
U01637,2026-02-21 04:24:00,session_start,web,2026-02-21,4
U01637,2026-02-16 06:47:00,session_end,mobile,2026-02-16,6
U01637,2026-02-14 02:27:00,page_view,web,2026-02-14,2
U01637,2026-02-11 19:22:00,logout,web,2026-02-11,19
U01638,2026-01-31 22:46:00,page_view,unknown,2026-01-31,22
U01638,2026-02-02 23:31:00,session_end,web,2026-02-02,23
U01638,2026-02-08 17:47:00,page_view,web,2026-02-08,17
U01638,2026-02-06 16:51:00,login,web,2026-02-06,16
U01638,2026-02-12 03:09:00,page_view,web,2026-02-12,3
U01638,2026-02-07 18:21:00,session_end,mobile,2026-02-07,18
U01638,2026-02-14 17:09:00,logout,mobile,2026-02-14,17
U01638,2026-02-03 07:05:00,login,web,2026-02-03,7
U01638,2026-02-06 15:31:00,login,web,2026-02-06,15
U01638,2026-01-31 22:45:00,logout,mobile,2026-01-31,22
U01638,2026-02-08 11:48:00,session_start,web,2026-02-08,11
U01638,2026-02-06 05:44:00,session_start,web,2026-02-06,5
U01638,2026-02-04 02:12:00,login,mobile,2026-02-04,2
U01638,2026-02-07 20:45:00,session_start,mobile,2026-02-07,20
U01638,2026-02-02 06:20:00,page_view,unknown,2026-02-02,6
U01638,2026-02-03 22:31:00,logout,web,2026-02-03,22
U01638,2026-02-02 03:43:00,login,mobile,2026-02-02,3
U01639,2026-04-17 19:16:00,login,web,2026-04-17,19
U01639,2026-04-24 19:15:00,session_start,web,2026-04-24,19
U01639,2026-04-18 11:41:00,session_end,unknown,2026-04-18,11
U01639,2026-04-18 19:45:00,session_end,web,2026-04-18,19
U01639,2026-04-19 10:03:00,logout,web,2026-04-19,10
U01639,2026-04-26 04:42:00,logout,web,2026-04-26,4
U01640,2026-02-02 20:51:00,login,web,2026-02-02,20
U01640,2026-02-04 22:54:00,page_view,unknown,2026-02-04,22
U01640,2026-02-06 19:51:00,page_view,mobile,2026-02-06,19
U01640,2026-02-05 09:42:00,logout,mobile,2026-02-05,9
U01640,2026-02-06 06:29:00,session_end,web,2026-02-06,6
U01640,2026-02-06 04:14:00,session_end,web,2026-02-06,4
U01640,2026-02-05 21:50:00,login,mobile,2026-02-05,21
U01640,2026-02-08 04:05:00,login,web,2026-02-08,4
U01640,2026-01-31 03:42:00,page_view,web,2026-01-31,3
U01640,2026-02-02 20:13:00,login,web,2026-02-02,20
U01640,2026-01-30 15:21:00,login,web,2026-01-30,15
U01640,2026-02-11 21:02:00,login,web,2026-02-11,21
U01641,2026-05-09 18:17:00,session_end,web,2026-05-09,18
U01641,2026-05-14 23:56:00,login,mobile,2026-05-14,23
U01641,2026-05-06 04:52:00,page_view,mobile,2026-05-06,4
U01641,2026-05-05 07:54:00,login,web,2026-05-05,7
U01642,2026-02-19 15:50:00,login,web,2026-02-19,15
U01642,2026-02-25 22:55:00,logout,unknown,2026-02-25,22
U01642,2026-02-11 23:36:00,login,mobile,2026-02-11,23
U01642,2026-02-20 03:15:00,session_start,web,2026-02-20,3
U01642,2026-02-19 11:35:00,session_start,mobile,2026-02-19,11
U01642,2026-02-18 19:10:00,login,mobile,2026-02-18,19
U01642,2026-02-12 13:52:00,page_view,mobile,2026-02-12,13
U01642,2026-02-13 12:41:00,login,web,2026-02-13,12
U01643,2026-01-15 19:13:00,session_start,web,2026-01-15,19
U01643,2026-01-11 03:39:00,login,web,2026-01-11,3
U01643,2026-01-20 14:53:00,session_end,web,2026-01-20,14
U01643,2026-01-10 22:38:00,session_end,mobile,2026-01-10,22
U01643,2026-01-14 00:12:00,session_start,web,2026-01-14,0
U01643,2026-01-16 14:56:00,page_view,mobile,2026-01-16,14
U01643,2026-01-14 03:06:00,login,mobile,2026-01-14,3
U01643,2026-01-13 01:42:00,login,web,2026-01-13,1
U01644,2026-06-02 05:19:00,logout,web,2026-06-02,5
U01644,2026-06-01 09:01:00,session_start,unknown,2026-06-01,9
U01644,2026-06-10 00:00:00,login,mobile,2026-06-10,0
U01644,2026-06-10 11:20:00,page_view,mobile,2026-06-10,11
U01644,2026-06-09 06:58:00,login,web,2026-06-09,6
U01644,2026-06-06 03:49:00,session_end,web,2026-06-06,3
U01644,2026-06-06 17:51:00,login,mobile,2026-06-06,17
U01644,2026-06-04 10:03:00,logout,mobile,2026-06-04,10
U01644,2026-06-07 17:17:00,session_start,unknown,2026-06-07,17
U01644,2026-06-05 17:48:00,login,web,2026-06-05,17
U01644,2026-06-04 15:47:00,login,mobile,2026-06-04,15
U01645,2026-02-11 02:23:00,session_start,web,2026-02-11,2
U01645,2026-02-05 10:56:00,logout,mobile,2026-02-05,10
U01645,2026-02-07 23:02:00,session_start,web,2026-02-07,23
U01645,2026-02-10 13:26:00,page_view,unknown,2026-02-10,13
U01645,2026-02-04 20:56:00,page_view,unknown,2026-02-04,20
U01645,2026-02-07 07:05:00,login,web,2026-02-07,7
U01645,2026-02-15 13:44:00,login,web,2026-02-15,13
U01645,2026-02-13 10:21:00,page_view,mobile,2026-02-13,10
U01645,2026-02-04 19:15:00,session_start,mobile,2026-02-04,19
U01646,2026-01-22 03:53:00,login,web,2026-01-22,3
U01647,2026-02-22 01:14:00,session_start,unknown,2026-02-22,1
U01647,2026-02-21 02:29:00,login,mobile,2026-02-21,2
U01647,2026-02-19 18:40:00,page_view,mobile,2026-02-19,18
U01647,2026-02-12 13:06:00,logout,mobile,2026-02-12,13
U01647,2026-02-26 01:57:00,login,web,2026-02-26,1
U01647,2026-02-26 11:33:00,login,web,2026-02-26,11
U01647,2026-02-19 04:51:00,login,unknown,2026-02-19,4
U01647,2026-02-14 08:28:00,page_view,web,2026-02-14,8
U01648,2026-04-16 09:27:00,session_end,web,2026-04-16,9
U01648,2026-04-28 15:15:00,login,web,2026-04-28,15
U01648,2026-04-28 10:03:00,logout,unknown,2026-04-28,10
U01648,2026-04-19 04:36:00,page_view,web,2026-04-19,4
U01648,2026-04-19 22:57:00,login,unknown,2026-04-19,22
U01648,2026-04-26 14:39:00,page_view,web,2026-04-26,14
U01648,2026-04-16 00:52:00,session_start,mobile,2026-04-16,0
U01648,2026-04-28 23:46:00,login,web,2026-04-28,23
U01648,2026-04-21 17:52:00,page_view,web,2026-04-21,17
U01649,2026-06-26 07:20:00,page_view,web,2026-06-26,7
U01649,2026-06-13 17:06:00,session_end,unknown,2026-06-13,17
U01649,2026-06-21 23:16:00,login,web,2026-06-21,23
U01649,2026-06-19 10:45:00,session_start,web,2026-06-19,10
U01649,2026-06-26 23:28:00,login,web,2026-06-26,23
U01650,2026-03-16 01:20:00,login,web,2026-03-16,1
U01650,2026-03-28 20:23:00,login,web,2026-03-28,20
U01650,2026-03-28 22:42:00,login,unknown,2026-03-28,22
U01650,2026-03-21 08:00:00,session_end,mobile,2026-03-21,8
U01650,2026-03-14 03:46:00,session_start,unknown,2026-03-14,3
U01650,2026-03-26 10:38:00,page_view,mobile,2026-03-26,10
U01650,2026-03-14 00:04:00,login,web,2026-03-14,0
U01650,2026-03-27 20:05:00,login,web,2026-03-27,20
U01651,2026-06-10 23:40:00,session_end,web,2026-06-10,23
U01651,2026-06-11 20:30:00,login,web,2026-06-11,20
U01651,2026-06-18 08:50:00,logout,web,2026-06-18,8
U01651,2026-06-11 11:19:00,session_end,web,2026-06-11,11
U01651,2026-06-05 01:00:00,login,web,2026-06-05,1
U01651,2026-06-05 00:18:00,page_view,unknown,2026-06-05,0
U01651,2026-06-09 11:16:00,session_end,unknown,2026-06-09,11
U01651,2026-06-11 16:50:00,login,web,2026-06-11,16
U01651,2026-06-16 17:51:00,session_start,web,2026-06-16,17
U01651,2026-06-07 11:26:00,login,web,2026-06-07,11
U01652,2026-02-27 17:37:00,session_end,mobile,2026-02-27,17
U01652,2026-02-26 09:25:00,session_start,mobile,2026-02-26,9
U01652,2026-02-18 14:27:00,login,web,2026-02-18,14
U01652,2026-02-16 16:02:00,page_view,unknown,2026-02-16,16
U01652,2026-02-22 10:47:00,login,web,2026-02-22,10
U01653,2026-02-14 03:10:00,page_view,web,2026-02-14,3
U01653,2026-02-18 12:22:00,login,web,2026-02-18,12
U01653,2026-02-06 17:43:00,login,web,2026-02-06,17
U01653,2026-02-15 10:38:00,login,web,2026-02-15,10
U01654,2026-06-12 03:21:00,login,unknown,2026-06-12,3
U01654,2026-06-22 02:49:00,session_start,web,2026-06-22,2
U01654,2026-06-10 20:27:00,page_view,web,2026-06-10,20
U01654,2026-06-16 15:54:00,logout,unknown,2026-06-16,15
U01655,2026-02-26 06:52:00,logout,web,2026-02-26,6
U01655,2026-02-22 01:44:00,login,mobile,2026-02-22,1
U01655,2026-02-23 07:07:00,session_end,unknown,2026-02-23,7
U01655,2026-02-18 15:03:00,login,web,2026-02-18,15
U01655,2026-02-16 12:06:00,session_start,web,2026-02-16,12
U01655,2026-02-26 09:17:00,session_start,unknown,2026-02-26,9
U01655,2026-02-16 11:48:00,page_view,mobile,2026-02-16,11
U01655,2026-02-16 21:19:00,login,mobile,2026-02-16,21
U01655,2026-02-14 16:57:00,logout,web,2026-02-14,16
U01655,2026-02-25 02:54:00,logout,mobile,2026-02-25,2
U01655,2026-02-25 14:40:00,login,web,2026-02-25,14
U01656,2026-04-09 21:43:00,login,unknown,2026-04-09,21
U01656,2026-04-12 22:38:00,logout,mobile,2026-04-12,22
U01656,2026-04-10 18:29:00,page_view,web,2026-04-10,18
U01657,2026-06-10 02:45:00,logout,web,2026-06-10,2
U01657,2026-06-15 09:33:00,session_end,web,2026-06-15,9
U01657,2026-06-01 00:36:00,page_view,web,2026-06-01,0
U01657,2026-06-07 10:54:00,logout,web,2026-06-07,10
U01658,2026-04-23 12:15:00,logout,mobile,2026-04-23,12
U01658,2026-04-19 23:18:00,session_end,unknown,2026-04-19,23
U01658,2026-04-17 00:41:00,session_start,mobile,2026-04-17,0
U01658,2026-04-16 12:42:00,page_view,unknown,2026-04-16,12
U01658,2026-04-15 08:54:00,session_end,unknown,2026-04-15,8
U01659,2026-01-19 06:28:00,session_end,web,2026-01-19,6
U01659,2026-01-10 07:17:00,logout,mobile,2026-01-10,7
U01660,2026-05-15 03:36:00,login,unknown,2026-05-15,3
U01660,2026-05-11 13:08:00,logout,unknown,2026-05-11,13
U01660,2026-05-14 14:27:00,logout,unknown,2026-05-14,14
U01660,2026-05-16 13:44:00,session_start,web,2026-05-16,13
U01660,2026-05-21 19:05:00,session_end,web,2026-05-21,19
U01660,2026-05-19 06:57:00,login,mobile,2026-05-19,6
U01660,2026-05-16 08:08:00,login,mobile,2026-05-16,8
U01660,2026-05-11 14:27:00,logout,unknown,2026-05-11,14
U01661,2026-02-21 00:33:00,logout,web,2026-02-21,0
U01661,2026-02-14 14:20:00,session_end,web,2026-02-14,14
U01661,2026-02-08 20:23:00,logout,unknown,2026-02-08,20
U01661,2026-02-19 06:50:00,page_view,unknown,2026-02-19,6
U01661,2026-02-15 01:42:00,login,web,2026-02-15,1
U01662,2026-02-27 14:30:00,session_start,web,2026-02-27,14
U01662,2026-02-19 01:22:00,logout,unknown,2026-02-19,1
U01662,2026-02-28 14:59:00,login,mobile,2026-02-28,14
U01662,2026-02-20 23:01:00,page_view,web,2026-02-20,23
U01662,2026-02-20 11:18:00,login,web,2026-02-20,11
U01663,2026-01-10 20:53:00,logout,web,2026-01-10,20
U01663,2026-01-17 10:08:00,login,unknown,2026-01-17,10
U01663,2026-01-20 06:31:00,login,web,2026-01-20,6
U01663,2026-01-24 23:35:00,login,web,2026-01-24,23
U01663,2026-01-15 23:21:00,page_view,unknown,2026-01-15,23
U01663,2026-01-16 21:26:00,login,mobile,2026-01-16,21
U01664,2026-02-13 10:44:00,login,mobile,2026-02-13,10
U01664,2026-01-31 22:57:00,login,web,2026-01-31,22
U01664,2026-02-09 10:13:00,logout,web,2026-02-09,10
U01664,2026-02-10 14:10:00,session_start,unknown,2026-02-10,14
U01664,2026-02-02 16:40:00,page_view,mobile,2026-02-02,16
U01664,2026-02-07 12:36:00,login,unknown,2026-02-07,12
U01664,2026-01-31 22:35:00,session_end,web,2026-01-31,22
U01664,2026-02-13 05:47:00,page_view,unknown,2026-02-13,5
U01664,2026-02-13 12:01:00,login,unknown,2026-02-13,12
U01664,2026-02-14 13:51:00,session_end,web,2026-02-14,13
U01664,2026-02-12 20:11:00,logout,unknown,2026-02-12,20
U01664,2026-02-06 21:56:00,login,web,2026-02-06,21
U01665,2026-02-11 05:41:00,logout,web,2026-02-11,5
U01665,2026-02-06 22:23:00,login,web,2026-02-06,22
U01665,2026-02-10 19:53:00,session_start,web,2026-02-10,19
U01665,2026-02-09 11:14:00,session_start,unknown,2026-02-09,11
U01665,2026-02-16 14:43:00,session_end,web,2026-02-16,14
U01665,2026-02-05 08:31:00,login,unknown,2026-02-05,8
U01665,2026-02-07 18:04:00,session_end,web,2026-02-07,18
U01665,2026-02-09 06:43:00,session_start,web,2026-02-09,6
U01666,2026-06-16 21:30:00,logout,mobile,2026-06-16,21
U01666,2026-06-21 19:11:00,login,web,2026-06-21,19
U01666,2026-06-17 12:38:00,login,web,2026-06-17,12
U01666,2026-06-22 19:30:00,session_end,web,2026-06-22,19
U01666,2026-06-23 19:32:00,login,mobile,2026-06-23,19
U01666,2026-06-16 15:42:00,login,web,2026-06-16,15
U01667,2026-04-26 02:12:00,login,web,2026-04-26,2
U01667,2026-05-01 23:37:00,login,mobile,2026-05-01,23
U01667,2026-04-21 15:19:00,login,mobile,2026-04-21,15
U01668,2026-05-29 13:36:00,logout,mobile,2026-05-29,13
U01668,2026-05-28 08:39:00,login,web,2026-05-28,8
U01668,2026-05-24 00:05:00,page_view,unknown,2026-05-24,0
U01668,2026-05-26 18:40:00,login,web,2026-05-26,18
U01668,2026-05-17 20:44:00,login,web,2026-05-17,20
U01668,2026-05-22 08:02:00,login,web,2026-05-22,8
U01669,2026-05-05 17:09:00,session_end,unknown,2026-05-05,17
U01669,2026-05-13 03:16:00,session_start,web,2026-05-13,3
U01669,2026-05-13 11:06:00,login,mobile,2026-05-13,11
U01669,2026-05-04 06:52:00,login,web,2026-05-04,6
U01669,2026-05-09 19:24:00,session_start,unknown,2026-05-09,19
U01670,2026-06-10 18:16:00,login,mobile,2026-06-10,18
U01670,2026-06-09 09:52:00,login,mobile,2026-06-09,9
U01670,2026-06-11 15:22:00,logout,web,2026-06-11,15
U01670,2026-06-14 05:33:00,session_end,web,2026-06-14,5
U01671,2026-02-01 07:30:00,page_view,unknown,2026-02-01,7
U01671,2026-01-29 09:40:00,session_end,web,2026-01-29,9
U01672,2026-03-07 23:15:00,login,mobile,2026-03-07,23
U01672,2026-03-20 14:30:00,logout,mobile,2026-03-20,14
U01672,2026-03-17 02:29:00,session_end,mobile,2026-03-17,2
U01672,2026-03-20 02:25:00,login,web,2026-03-20,2
U01672,2026-03-07 10:22:00,login,mobile,2026-03-07,10
U01672,2026-03-13 14:39:00,session_end,mobile,2026-03-13,14
U01672,2026-03-11 20:40:00,login,mobile,2026-03-11,20
U01672,2026-03-18 14:09:00,session_start,unknown,2026-03-18,14
U01672,2026-03-19 22:31:00,session_end,mobile,2026-03-19,22
U01672,2026-03-18 16:56:00,page_view,web,2026-03-18,16
U01672,2026-03-20 19:05:00,logout,mobile,2026-03-20,19
U01672,2026-03-20 16:27:00,session_start,mobile,2026-03-20,16
U01672,2026-03-15 15:30:00,login,unknown,2026-03-15,15
U01672,2026-03-19 17:24:00,session_end,web,2026-03-19,17
U01672,2026-03-07 09:01:00,session_start,unknown,2026-03-07,9
U01672,2026-03-18 05:38:00,session_start,unknown,2026-03-18,5
U01673,2026-01-27 05:53:00,page_view,web,2026-01-27,5
U01673,2026-01-23 23:20:00,session_start,mobile,2026-01-23,23
U01673,2026-01-23 21:32:00,login,mobile,2026-01-23,21
U01673,2026-01-22 09:01:00,login,web,2026-01-22,9
U01673,2026-02-02 00:29:00,logout,web,2026-02-02,0
U01673,2026-01-31 02:08:00,session_end,web,2026-01-31,2
U01673,2026-01-25 22:15:00,session_start,web,2026-01-25,22
U01673,2026-02-05 05:27:00,login,unknown,2026-02-05,5
U01674,2026-04-23 03:18:00,session_end,unknown,2026-04-23,3
U01674,2026-04-18 11:20:00,login,web,2026-04-18,11
U01674,2026-04-24 06:23:00,login,web,2026-04-24,6
U01674,2026-04-25 02:01:00,login,web,2026-04-25,2
U01674,2026-04-23 09:23:00,session_start,unknown,2026-04-23,9
U01675,2026-01-15 07:56:00,login,mobile,2026-01-15,7
U01675,2026-01-09 01:44:00,login,web,2026-01-09,1
U01675,2026-01-12 22:29:00,login,mobile,2026-01-12,22
U01675,2026-01-03 14:23:00,session_start,web,2026-01-03,14
U01675,2026-01-14 15:14:00,login,mobile,2026-01-14,15
U01675,2026-01-03 22:59:00,page_view,unknown,2026-01-03,22
U01676,2026-02-03 14:13:00,login,unknown,2026-02-03,14
U01677,2026-04-19 20:42:00,login,web,2026-04-19,20
U01677,2026-04-20 00:06:00,page_view,web,2026-04-20,0
U01677,2026-04-16 05:26:00,login,web,2026-04-16,5
U01677,2026-04-20 17:39:00,logout,mobile,2026-04-20,17
U01677,2026-04-21 05:46:00,page_view,web,2026-04-21,5
U01677,2026-04-07 00:26:00,login,mobile,2026-04-07,0
U01677,2026-04-15 12:21:00,login,unknown,2026-04-15,12
U01677,2026-04-21 12:03:00,login,web,2026-04-21,12
U01677,2026-04-20 02:17:00,login,web,2026-04-20,2
U01677,2026-04-15 23:02:00,logout,web,2026-04-15,23
U01677,2026-04-20 15:05:00,login,web,2026-04-20,15
U01677,2026-04-19 01:19:00,login,web,2026-04-19,1
U01677,2026-04-08 10:47:00,login,web,2026-04-08,10
U01677,2026-04-18 03:36:00,login,unknown,2026-04-18,3
U01678,2026-04-15 04:30:00,session_start,mobile,2026-04-15,4
U01678,2026-04-27 22:55:00,login,unknown,2026-04-27,22
U01679,2026-02-16 19:27:00,session_start,web,2026-02-16,19
U01679,2026-02-22 10:16:00,session_end,web,2026-02-22,10
U01679,2026-02-15 04:20:00,session_start,web,2026-02-15,4
U01679,2026-02-09 08:10:00,login,web,2026-02-09,8
U01679,2026-02-15 08:48:00,login,unknown,2026-02-15,8
U01679,2026-02-18 08:42:00,page_view,unknown,2026-02-18,8
U01679,2026-02-21 03:49:00,page_view,unknown,2026-02-21,3
U01679,2026-02-14 08:56:00,login,mobile,2026-02-14,8
U01679,2026-02-16 15:06:00,logout,web,2026-02-16,15
U01679,2026-02-13 17:35:00,logout,web,2026-02-13,17
U01680,2026-06-05 01:23:00,session_end,web,2026-06-05,1
U01680,2026-05-31 18:31:00,page_view,web,2026-05-31,18
U01680,2026-06-04 15:02:00,session_end,mobile,2026-06-04,15
U01681,2026-05-24 15:47:00,session_end,unknown,2026-05-24,15
U01681,2026-05-31 10:56:00,login,web,2026-05-31,10
U01681,2026-05-22 23:18:00,login,web,2026-05-22,23
U01681,2026-06-01 08:47:00,login,web,2026-06-01,8
U01681,2026-05-30 04:47:00,session_start,unknown,2026-05-30,4
U01682,2026-04-16 20:01:00,session_end,web,2026-04-16,20
U01682,2026-04-15 11:54:00,login,web,2026-04-15,11
U01682,2026-04-09 03:14:00,session_start,unknown,2026-04-09,3
U01682,2026-04-16 05:26:00,session_end,web,2026-04-16,5
U01682,2026-04-18 19:28:00,login,web,2026-04-18,19
U01682,2026-04-06 08:04:00,session_start,web,2026-04-06,8
U01682,2026-04-08 04:55:00,login,unknown,2026-04-08,4
U01682,2026-04-10 21:34:00,login,unknown,2026-04-10,21
U01682,2026-04-14 00:02:00,session_start,web,2026-04-14,0
U01682,2026-04-18 08:14:00,session_start,web,2026-04-18,8
U01682,2026-04-13 15:09:00,page_view,mobile,2026-04-13,15
U01683,2026-04-21 23:41:00,logout,unknown,2026-04-21,23
U01683,2026-04-18 13:47:00,login,web,2026-04-18,13
U01683,2026-04-17 08:07:00,logout,unknown,2026-04-17,8
U01684,2026-06-03 02:20:00,login,web,2026-06-03,2
U01684,2026-06-03 15:27:00,login,web,2026-06-03,15
U01684,2026-06-02 14:22:00,logout,web,2026-06-02,14
U01684,2026-06-02 23:34:00,login,web,2026-06-02,23
U01684,2026-06-05 14:58:00,session_start,web,2026-06-05,14
U01685,2026-02-17 16:18:00,login,web,2026-02-17,16
U01685,2026-02-22 13:06:00,session_end,unknown,2026-02-22,13
U01685,2026-03-01 15:30:00,logout,web,2026-03-01,15
U01685,2026-02-21 13:31:00,login,web,2026-02-21,13
U01685,2026-02-24 23:10:00,logout,mobile,2026-02-24,23
U01685,2026-02-23 07:19:00,session_end,web,2026-02-23,7
U01685,2026-02-19 06:00:00,page_view,mobile,2026-02-19,6
U01686,2026-05-05 11:10:00,session_start,mobile,2026-05-05,11
U01686,2026-05-15 11:39:00,session_start,mobile,2026-05-15,11
U01686,2026-05-07 13:53:00,session_start,web,2026-05-07,13
U01686,2026-05-16 22:03:00,session_end,web,2026-05-16,22
U01686,2026-05-06 21:49:00,login,web,2026-05-06,21
U01686,2026-05-13 18:51:00,login,web,2026-05-13,18
U01687,2026-06-08 14:40:00,logout,unknown,2026-06-08,14
U01687,2026-06-06 23:54:00,session_end,web,2026-06-06,23
U01687,2026-05-29 05:42:00,logout,mobile,2026-05-29,5
U01687,2026-06-02 12:51:00,login,web,2026-06-02,12
U01687,2026-06-05 06:26:00,login,web,2026-06-05,6
U01687,2026-06-10 17:34:00,login,mobile,2026-06-10,17
U01687,2026-06-02 15:52:00,page_view,web,2026-06-02,15
U01687,2026-06-09 02:54:00,session_start,mobile,2026-06-09,2
U01687,2026-06-08 01:47:00,page_view,unknown,2026-06-08,1
U01687,2026-06-08 07:29:00,login,mobile,2026-06-08,7
U01688,2026-04-26 11:59:00,login,web,2026-04-26,11
U01688,2026-04-26 19:06:00,login,web,2026-04-26,19
U01688,2026-04-18 14:57:00,session_start,web,2026-04-18,14
U01688,2026-04-18 22:26:00,login,unknown,2026-04-18,22
U01688,2026-04-26 11:34:00,logout,unknown,2026-04-26,11
U01688,2026-04-26 23:12:00,session_start,web,2026-04-26,23
U01688,2026-04-14 11:15:00,logout,unknown,2026-04-14,11
U01688,2026-04-20 15:12:00,login,web,2026-04-20,15
U01688,2026-04-21 04:11:00,login,web,2026-04-21,4
U01688,2026-04-17 01:51:00,session_end,web,2026-04-17,1
U01688,2026-04-18 19:17:00,login,unknown,2026-04-18,19
U01688,2026-04-20 14:52:00,login,unknown,2026-04-20,14
U01689,2026-03-14 03:52:00,logout,mobile,2026-03-14,3
U01689,2026-03-10 09:57:00,login,web,2026-03-10,9
U01689,2026-02-28 20:00:00,session_start,unknown,2026-02-28,20
U01689,2026-03-05 17:18:00,session_end,web,2026-03-05,17
U01689,2026-03-03 22:48:00,logout,mobile,2026-03-03,22
U01689,2026-02-28 00:17:00,session_start,web,2026-02-28,0
U01689,2026-03-03 22:51:00,login,unknown,2026-03-03,22
U01689,2026-02-28 22:34:00,session_end,unknown,2026-02-28,22
U01690,2026-02-25 01:24:00,login,mobile,2026-02-25,1
U01690,2026-02-18 11:39:00,logout,web,2026-02-18,11
U01690,2026-02-15 09:29:00,session_end,web,2026-02-15,9
U01690,2026-02-21 10:47:00,session_end,mobile,2026-02-21,10
U01690,2026-02-11 08:30:00,login,mobile,2026-02-11,8
U01690,2026-02-18 20:33:00,session_end,web,2026-02-18,20
U01691,2026-04-15 14:27:00,login,web,2026-04-15,14
U01692,2026-06-08 06:00:00,page_view,web,2026-06-08,6
U01692,2026-06-12 20:50:00,login,web,2026-06-12,20
U01692,2026-06-21 19:34:00,login,unknown,2026-06-21,19
U01692,2026-06-12 09:30:00,login,web,2026-06-12,9
U01692,2026-06-15 09:11:00,session_start,web,2026-06-15,9
U01692,2026-06-07 12:10:00,session_end,mobile,2026-06-07,12
U01692,2026-06-15 10:50:00,login,unknown,2026-06-15,10
U01692,2026-06-09 11:20:00,login,mobile,2026-06-09,11
U01692,2026-06-07 11:44:00,login,web,2026-06-07,11
U01692,2026-06-08 10:53:00,login,web,2026-06-08,10
U01692,2026-06-08 06:21:00,login,web,2026-06-08,6
U01692,2026-06-14 02:05:00,logout,unknown,2026-06-14,2
U01693,2026-01-22 16:30:00,page_view,web,2026-01-22,16
U01693,2026-01-14 23:23:00,login,mobile,2026-01-14,23
U01693,2026-01-27 19:47:00,page_view,web,2026-01-27,19
U01693,2026-01-28 16:40:00,login,web,2026-01-28,16
U01693,2026-01-22 00:22:00,page_view,web,2026-01-22,0
U01693,2026-01-27 09:06:00,login,web,2026-01-27,9
U01693,2026-01-25 00:31:00,login,web,2026-01-25,0
U01693,2026-01-18 23:23:00,login,web,2026-01-18,23
U01693,2026-01-20 18:38:00,logout,mobile,2026-01-20,18
U01693,2026-01-17 04:30:00,session_start,mobile,2026-01-17,4
U01693,2026-01-26 12:35:00,session_end,web,2026-01-26,12
U01693,2026-01-21 07:32:00,session_start,mobile,2026-01-21,7
U01694,2026-01-24 18:59:00,login,web,2026-01-24,18
U01694,2026-01-26 06:38:00,login,unknown,2026-01-26,6
U01694,2026-01-24 11:26:00,login,unknown,2026-01-24,11
U01694,2026-02-05 01:28:00,login,mobile,2026-02-05,1
U01694,2026-01-28 03:13:00,session_start,mobile,2026-01-28,3
U01694,2026-02-02 09:39:00,login,mobile,2026-02-02,9
U01694,2026-02-03 10:34:00,logout,web,2026-02-03,10
U01694,2026-02-02 07:57:00,session_start,unknown,2026-02-02,7
U01694,2026-02-02 09:55:00,login,unknown,2026-02-02,9
U01694,2026-01-28 06:27:00,login,mobile,2026-01-28,6
U01694,2026-01-25 21:19:00,page_view,web,2026-01-25,21
U01695,2026-06-14 19:50:00,login,web,2026-06-14,19
U01695,2026-06-09 17:48:00,login,web,2026-06-09,17
U01695,2026-06-03 17:37:00,login,web,2026-06-03,17
U01696,2026-01-31 09:24:00,page_view,mobile,2026-01-31,9
U01696,2026-01-29 20:59:00,login,unknown,2026-01-29,20
U01696,2026-01-26 17:37:00,session_start,unknown,2026-01-26,17
U01696,2026-01-29 07:15:00,page_view,web,2026-01-29,7
U01696,2026-01-19 06:00:00,login,mobile,2026-01-19,6
U01697,2026-04-17 06:15:00,logout,mobile,2026-04-17,6
U01697,2026-04-16 16:33:00,page_view,mobile,2026-04-16,16
U01697,2026-04-06 21:36:00,session_start,web,2026-04-06,21
U01697,2026-04-17 04:20:00,login,mobile,2026-04-17,4
U01697,2026-04-12 00:16:00,login,web,2026-04-12,0
U01697,2026-04-17 09:15:00,logout,unknown,2026-04-17,9
U01697,2026-04-19 12:27:00,session_end,web,2026-04-19,12
U01697,2026-04-12 01:51:00,session_start,mobile,2026-04-12,1
U01698,2026-01-16 01:47:00,login,unknown,2026-01-16,1
U01698,2026-01-15 15:46:00,session_end,unknown,2026-01-15,15
U01699,2026-04-19 06:26:00,session_end,web,2026-04-19,6
U01699,2026-04-18 06:31:00,login,web,2026-04-18,6
U01699,2026-04-26 17:49:00,session_end,mobile,2026-04-26,17
U01699,2026-04-16 06:56:00,logout,web,2026-04-16,6
U01699,2026-04-22 14:01:00,login,mobile,2026-04-22,14
U01699,2026-04-17 14:31:00,login,unknown,2026-04-17,14
U01699,2026-04-18 03:33:00,page_view,unknown,2026-04-18,3
U01700,2026-03-17 03:00:00,session_end,unknown,2026-03-17,3
U01700,2026-03-28 06:25:00,session_start,mobile,2026-03-28,6
U01700,2026-03-23 20:41:00,login,unknown,2026-03-23,20
U01700,2026-03-23 18:24:00,login,web,2026-03-23,18
U01700,2026-03-21 12:54:00,logout,web,2026-03-21,12
U01701,2026-02-28 05:31:00,session_end,web,2026-02-28,5
U01701,2026-02-18 23:55:00,login,web,2026-02-18,23
U01701,2026-02-16 17:43:00,login,unknown,2026-02-16,17
U01701,2026-02-19 16:59:00,login,unknown,2026-02-19,16
U01701,2026-02-22 02:43:00,session_start,mobile,2026-02-22,2
U01701,2026-02-16 20:18:00,login,unknown,2026-02-16,20
U01701,2026-02-23 14:00:00,login,web,2026-02-23,14
U01701,2026-02-14 17:03:00,session_end,mobile,2026-02-14,17
U01701,2026-02-18 17:46:00,login,web,2026-02-18,17
U01702,2026-05-07 23:16:00,login,unknown,2026-05-07,23
U01702,2026-05-01 18:02:00,logout,web,2026-05-01,18
U01702,2026-05-07 17:15:00,login,web,2026-05-07,17
U01702,2026-04-29 10:34:00,session_start,unknown,2026-04-29,10
U01702,2026-05-07 23:40:00,login,unknown,2026-05-07,23
U01703,2026-05-13 05:06:00,login,web,2026-05-13,5
U01704,2026-01-19 16:44:00,login,unknown,2026-01-19,16
U01705,2026-05-24 13:47:00,page_view,unknown,2026-05-24,13
U01705,2026-05-17 01:20:00,page_view,unknown,2026-05-17,1
U01705,2026-05-23 21:19:00,login,web,2026-05-23,21
U01705,2026-05-21 15:46:00,session_end,web,2026-05-21,15
U01705,2026-05-26 22:13:00,session_start,mobile,2026-05-26,22
U01705,2026-05-27 20:49:00,login,mobile,2026-05-27,20
U01705,2026-05-20 03:08:00,session_start,unknown,2026-05-20,3
U01706,2026-02-13 09:57:00,login,web,2026-02-13,9
U01706,2026-02-25 10:31:00,session_end,web,2026-02-25,10
U01706,2026-02-16 20:46:00,session_start,mobile,2026-02-16,20
U01706,2026-02-24 02:18:00,logout,mobile,2026-02-24,2
U01706,2026-02-14 15:42:00,login,unknown,2026-02-14,15
U01706,2026-02-15 08:30:00,session_end,web,2026-02-15,8
U01706,2026-02-24 08:15:00,login,web,2026-02-24,8
U01706,2026-02-20 17:10:00,session_start,mobile,2026-02-20,17
U01706,2026-02-24 01:22:00,page_view,unknown,2026-02-24,1
U01707,2026-04-09 13:08:00,login,web,2026-04-09,13
U01707,2026-04-16 00:58:00,session_start,web,2026-04-16,0
U01707,2026-04-14 12:16:00,login,web,2026-04-14,12
U01707,2026-04-08 14:28:00,login,unknown,2026-04-08,14
U01707,2026-04-09 04:07:00,session_end,unknown,2026-04-09,4
U01707,2026-04-11 21:20:00,logout,unknown,2026-04-11,21
U01707,2026-04-08 20:08:00,login,web,2026-04-08,20
U01707,2026-04-13 09:09:00,login,web,2026-04-13,9
U01707,2026-04-11 13:25:00,session_start,mobile,2026-04-11,13
U01708,2026-01-10 05:36:00,session_end,web,2026-01-10,5
U01708,2026-01-08 05:08:00,page_view,unknown,2026-01-08,5
U01708,2026-01-08 19:17:00,login,unknown,2026-01-08,19
U01708,2026-01-11 00:06:00,login,web,2026-01-11,0
U01708,2026-01-02 07:33:00,login,unknown,2026-01-02,7
U01709,2026-03-23 07:35:00,session_start,mobile,2026-03-23,7
U01709,2026-03-15 19:08:00,logout,mobile,2026-03-15,19
U01710,2026-04-25 17:42:00,logout,unknown,2026-04-25,17
U01710,2026-04-14 04:22:00,page_view,web,2026-04-14,4
U01710,2026-04-18 20:32:00,page_view,unknown,2026-04-18,20
U01710,2026-04-14 18:26:00,session_start,web,2026-04-14,18
U01710,2026-04-12 07:23:00,session_start,web,2026-04-12,7
U01710,2026-04-19 08:41:00,session_end,web,2026-04-19,8
U01711,2026-05-21 09:12:00,session_start,web,2026-05-21,9
U01711,2026-05-24 09:53:00,logout,mobile,2026-05-24,9
U01711,2026-05-19 04:30:00,login,web,2026-05-19,4
U01711,2026-05-13 20:25:00,login,web,2026-05-13,20
U01711,2026-05-24 02:09:00,logout,unknown,2026-05-24,2
U01711,2026-05-19 09:54:00,session_start,web,2026-05-19,9
U01711,2026-05-22 13:04:00,login,web,2026-05-22,13
U01712,2026-02-02 02:00:00,login,web,2026-02-02,2
U01712,2026-01-30 12:22:00,logout,web,2026-01-30,12
U01712,2026-01-28 10:19:00,page_view,mobile,2026-01-28,10
U01712,2026-01-24 01:06:00,session_start,web,2026-01-24,1
U01712,2026-02-06 12:08:00,page_view,unknown,2026-02-06,12
U01712,2026-02-04 09:55:00,logout,mobile,2026-02-04,9
U01712,2026-02-05 00:58:00,page_view,web,2026-02-05,0
U01712,2026-01-26 22:08:00,login,unknown,2026-01-26,22
U01712,2026-02-03 06:03:00,session_start,mobile,2026-02-03,6
U01713,2026-06-01 03:26:00,session_start,web,2026-06-01,3
U01713,2026-06-12 12:36:00,login,web,2026-06-12,12
U01713,2026-06-10 14:03:00,page_view,unknown,2026-06-10,14
U01713,2026-06-11 02:55:00,login,unknown,2026-06-11,2
U01713,2026-05-31 06:42:00,login,web,2026-05-31,6
U01713,2026-06-09 04:22:00,login,web,2026-06-09,4
U01713,2026-06-05 08:11:00,login,unknown,2026-06-05,8
U01714,2026-03-18 08:15:00,login,web,2026-03-18,8
U01714,2026-03-24 21:26:00,login,mobile,2026-03-24,21
U01714,2026-03-26 13:43:00,page_view,web,2026-03-26,13
U01714,2026-03-12 10:12:00,login,unknown,2026-03-12,10
U01714,2026-03-26 15:43:00,logout,web,2026-03-26,15
U01715,2026-04-28 02:26:00,login,mobile,2026-04-28,2
U01715,2026-05-05 11:44:00,session_end,web,2026-05-05,11
U01715,2026-04-30 22:53:00,session_end,unknown,2026-04-30,22
U01715,2026-05-02 11:38:00,page_view,unknown,2026-05-02,11
U01715,2026-05-11 10:36:00,page_view,mobile,2026-05-11,10
U01715,2026-04-27 08:46:00,login,web,2026-04-27,8
U01716,2026-03-22 10:10:00,logout,mobile,2026-03-22,10
U01716,2026-03-20 07:03:00,logout,web,2026-03-20,7
U01716,2026-03-14 08:46:00,login,web,2026-03-14,8
U01716,2026-03-22 21:15:00,page_view,mobile,2026-03-22,21
U01716,2026-03-17 15:29:00,page_view,web,2026-03-17,15
U01716,2026-03-12 20:49:00,login,mobile,2026-03-12,20
U01716,2026-03-11 22:09:00,session_end,web,2026-03-11,22
U01716,2026-03-13 21:29:00,session_end,unknown,2026-03-13,21
U01716,2026-03-22 15:44:00,page_view,web,2026-03-22,15
U01716,2026-03-22 22:03:00,login,unknown,2026-03-22,22
U01717,2026-02-04 04:16:00,page_view,unknown,2026-02-04,4
U01717,2026-02-08 08:58:00,session_end,unknown,2026-02-08,8
U01717,2026-01-30 23:51:00,session_end,mobile,2026-01-30,23
U01717,2026-02-07 09:06:00,session_end,web,2026-02-07,9
U01717,2026-02-03 14:40:00,logout,web,2026-02-03,14
U01718,2026-03-17 01:38:00,session_end,unknown,2026-03-17,1
U01718,2026-03-25 09:18:00,login,mobile,2026-03-25,9
U01718,2026-03-26 18:15:00,login,unknown,2026-03-26,18
U01718,2026-03-27 08:08:00,login,mobile,2026-03-27,8
U01718,2026-03-25 04:27:00,login,web,2026-03-25,4
U01719,2026-05-21 15:49:00,login,mobile,2026-05-21,15
U01719,2026-05-16 16:37:00,login,web,2026-05-16,16
U01719,2026-05-17 20:23:00,session_start,web,2026-05-17,20
U01719,2026-05-17 16:47:00,login,mobile,2026-05-17,16
U01719,2026-05-16 21:22:00,session_start,web,2026-05-16,21
U01720,2026-05-29 20:09:00,logout,mobile,2026-05-29,20
U01720,2026-06-01 06:58:00,login,web,2026-06-01,6
U01720,2026-05-28 22:55:00,session_start,web,2026-05-28,22
U01720,2026-06-05 00:26:00,logout,mobile,2026-06-05,0
U01720,2026-05-29 23:15:00,session_end,web,2026-05-29,23
U01720,2026-06-06 20:18:00,login,web,2026-06-06,20
U01720,2026-06-11 14:34:00,page_view,web,2026-06-11,14
U01720,2026-06-10 10:39:00,login,unknown,2026-06-10,10
U01720,2026-05-31 22:46:00,logout,web,2026-05-31,22
U01721,2026-04-09 16:10:00,login,web,2026-04-09,16
U01721,2026-04-19 02:11:00,session_start,web,2026-04-19,2
U01721,2026-04-17 04:06:00,page_view,web,2026-04-17,4
U01721,2026-04-12 08:16:00,logout,unknown,2026-04-12,8
U01721,2026-04-15 16:37:00,login,unknown,2026-04-15,16
U01721,2026-04-17 14:03:00,session_start,web,2026-04-17,14
U01721,2026-04-12 00:28:00,login,web,2026-04-12,0
U01721,2026-04-17 23:01:00,page_view,unknown,2026-04-17,23
U01721,2026-04-21 04:24:00,page_view,mobile,2026-04-21,4
U01721,2026-04-09 14:25:00,login,web,2026-04-09,14
U01722,2026-04-08 21:55:00,logout,mobile,2026-04-08,21
U01722,2026-03-30 13:21:00,session_start,mobile,2026-03-30,13
U01722,2026-03-28 15:38:00,session_end,web,2026-03-28,15
U01723,2026-05-02 23:31:00,login,unknown,2026-05-02,23
U01723,2026-05-06 19:50:00,page_view,mobile,2026-05-06,19
U01723,2026-05-05 19:59:00,session_end,unknown,2026-05-05,19
U01723,2026-05-05 21:21:00,login,mobile,2026-05-05,21
U01723,2026-05-07 18:39:00,session_start,mobile,2026-05-07,18
U01724,2026-05-10 18:51:00,login,web,2026-05-10,18
U01724,2026-05-09 08:17:00,login,mobile,2026-05-09,8
U01724,2026-05-12 11:28:00,page_view,mobile,2026-05-12,11
U01724,2026-05-12 05:25:00,logout,mobile,2026-05-12,5
U01724,2026-05-15 19:01:00,login,unknown,2026-05-15,19
U01724,2026-05-16 11:06:00,login,web,2026-05-16,11
U01724,2026-05-06 15:59:00,login,unknown,2026-05-06,15
U01724,2026-05-17 17:53:00,page_view,unknown,2026-05-17,17
U01725,2026-04-09 11:41:00,login,mobile,2026-04-09,11
U01725,2026-04-11 06:04:00,page_view,unknown,2026-04-11,6
U01725,2026-04-17 07:04:00,logout,mobile,2026-04-17,7
U01725,2026-04-18 09:52:00,session_start,web,2026-04-18,9
U01725,2026-04-22 12:56:00,login,unknown,2026-04-22,12
U01725,2026-04-19 03:54:00,session_start,unknown,2026-04-19,3
U01725,2026-04-13 20:03:00,login,web,2026-04-13,20
U01725,2026-04-20 00:51:00,login,web,2026-04-20,0
U01725,2026-04-10 15:33:00,session_start,web,2026-04-10,15
U01725,2026-04-18 19:49:00,session_end,web,2026-04-18,19
U01725,2026-04-22 16:42:00,logout,unknown,2026-04-22,16
U01725,2026-04-08 00:22:00,login,mobile,2026-04-08,0
U01725,2026-04-13 07:32:00,page_view,web,2026-04-13,7
U01725,2026-04-21 20:50:00,session_start,mobile,2026-04-21,20
U01725,2026-04-09 19:44:00,login,web,2026-04-09,19
U01726,2026-04-05 06:56:00,session_start,unknown,2026-04-05,6
U01726,2026-03-31 06:10:00,page_view,unknown,2026-03-31,6
U01726,2026-04-01 18:58:00,logout,mobile,2026-04-01,18
U01726,2026-04-02 15:18:00,page_view,unknown,2026-04-02,15
U01726,2026-04-03 05:11:00,session_start,unknown,2026-04-03,5
U01726,2026-03-27 06:05:00,login,web,2026-03-27,6
U01726,2026-03-24 21:16:00,logout,mobile,2026-03-24,21
U01726,2026-03-30 15:08:00,logout,web,2026-03-30,15
U01726,2026-03-29 10:28:00,session_end,mobile,2026-03-29,10
U01726,2026-04-02 03:19:00,logout,web,2026-04-02,3
U01727,2026-05-17 20:38:00,login,web,2026-05-17,20
U01727,2026-05-22 22:36:00,session_start,web,2026-05-22,22
U01727,2026-05-18 21:36:00,logout,unknown,2026-05-18,21
U01727,2026-05-15 20:16:00,page_view,mobile,2026-05-15,20
U01727,2026-05-21 08:00:00,session_end,mobile,2026-05-21,8
U01727,2026-05-25 15:28:00,page_view,web,2026-05-25,15
U01727,2026-05-26 11:28:00,logout,mobile,2026-05-26,11
U01727,2026-05-23 20:26:00,session_end,web,2026-05-23,20
U01727,2026-05-13 20:28:00,login,web,2026-05-13,20
U01727,2026-05-23 03:57:00,session_end,mobile,2026-05-23,3
U01727,2026-05-18 02:41:00,login,web,2026-05-18,2
U01727,2026-05-16 02:41:00,session_end,unknown,2026-05-16,2
U01727,2026-05-20 04:01:00,session_start,web,2026-05-20,4
U01728,2026-03-14 03:17:00,login,web,2026-03-14,3
U01728,2026-03-11 13:58:00,login,unknown,2026-03-11,13
U01729,2026-04-10 12:46:00,session_start,unknown,2026-04-10,12
U01729,2026-04-10 00:05:00,page_view,web,2026-04-10,0
U01730,2026-05-02 22:17:00,login,web,2026-05-02,22
U01730,2026-05-02 02:00:00,login,unknown,2026-05-02,2
U01731,2026-03-07 11:21:00,session_start,unknown,2026-03-07,11
U01731,2026-03-08 09:29:00,login,unknown,2026-03-08,9
U01731,2026-03-10 20:54:00,logout,unknown,2026-03-10,20
U01731,2026-03-02 23:29:00,login,mobile,2026-03-02,23
U01732,2026-02-27 20:30:00,session_start,web,2026-02-27,20
U01732,2026-02-19 01:21:00,login,unknown,2026-02-19,1
U01732,2026-02-26 10:39:00,login,mobile,2026-02-26,10
U01732,2026-02-21 07:03:00,session_end,web,2026-02-21,7
U01732,2026-03-04 13:48:00,page_view,mobile,2026-03-04,13
U01732,2026-02-19 09:44:00,session_start,web,2026-02-19,9
U01733,2026-03-06 13:53:00,login,unknown,2026-03-06,13
U01733,2026-03-06 10:14:00,logout,unknown,2026-03-06,10
U01733,2026-02-24 00:20:00,login,web,2026-02-24,0
U01733,2026-02-23 17:38:00,login,unknown,2026-02-23,17
U01733,2026-03-04 16:04:00,page_view,unknown,2026-03-04,16
U01733,2026-02-23 18:12:00,login,unknown,2026-02-23,18
U01733,2026-02-22 11:55:00,login,unknown,2026-02-22,11
U01734,2026-03-04 01:27:00,session_start,web,2026-03-04,1
U01734,2026-03-09 19:03:00,login,unknown,2026-03-09,19
U01734,2026-03-16 14:03:00,login,web,2026-03-16,14
U01734,2026-03-07 03:07:00,session_start,unknown,2026-03-07,3
U01734,2026-03-10 19:27:00,page_view,mobile,2026-03-10,19
U01734,2026-03-04 19:36:00,login,unknown,2026-03-04,19
U01735,2026-03-07 01:36:00,session_end,unknown,2026-03-07,1
U01735,2026-03-10 01:35:00,session_start,web,2026-03-10,1
U01735,2026-03-09 13:52:00,login,mobile,2026-03-09,13
U01735,2026-03-02 19:55:00,session_end,mobile,2026-03-02,19
U01735,2026-02-28 16:42:00,logout,unknown,2026-02-28,16
U01735,2026-03-08 16:19:00,page_view,unknown,2026-03-08,16
U01735,2026-03-07 18:34:00,session_end,mobile,2026-03-07,18
U01736,2026-06-12 06:29:00,login,unknown,2026-06-12,6
U01737,2026-02-05 23:25:00,session_end,unknown,2026-02-05,23
U01737,2026-01-30 14:16:00,session_end,mobile,2026-01-30,14
U01737,2026-02-08 07:00:00,logout,web,2026-02-08,7
U01738,2026-06-16 22:28:00,login,web,2026-06-16,22
U01738,2026-06-11 15:52:00,login,web,2026-06-11,15
U01738,2026-06-07 03:51:00,login,mobile,2026-06-07,3
U01738,2026-06-13 14:54:00,login,web,2026-06-13,14
U01738,2026-06-08 10:24:00,session_start,web,2026-06-08,10
U01738,2026-06-11 00:34:00,login,mobile,2026-06-11,0
U01738,2026-06-11 12:19:00,session_end,web,2026-06-11,12
U01738,2026-06-17 07:28:00,login,unknown,2026-06-17,7
U01739,2026-01-23 10:03:00,session_end,web,2026-01-23,10
U01739,2026-01-21 20:10:00,page_view,mobile,2026-01-21,20
U01739,2026-01-21 03:23:00,session_end,unknown,2026-01-21,3
U01739,2026-01-21 07:30:00,session_end,web,2026-01-21,7
U01739,2026-01-23 07:07:00,page_view,web,2026-01-23,7
U01739,2026-01-16 03:32:00,page_view,web,2026-01-16,3
U01739,2026-01-22 07:24:00,logout,web,2026-01-22,7
U01739,2026-01-11 08:57:00,session_start,web,2026-01-11,8
U01739,2026-01-15 13:46:00,login,web,2026-01-15,13
U01740,2026-06-17 08:03:00,logout,web,2026-06-17,8
U01740,2026-06-18 17:04:00,login,web,2026-06-18,17
U01740,2026-06-17 07:39:00,login,mobile,2026-06-17,7
U01740,2026-06-15 17:36:00,login,web,2026-06-15,17
U01740,2026-06-17 21:10:00,session_start,web,2026-06-17,21
U01741,2026-03-12 19:32:00,logout,unknown,2026-03-12,19
U01741,2026-03-22 01:40:00,session_start,web,2026-03-22,1
U01741,2026-03-26 09:19:00,logout,web,2026-03-26,9
U01742,2026-05-17 20:27:00,logout,unknown,2026-05-17,20
U01742,2026-05-12 03:30:00,logout,unknown,2026-05-12,3
U01742,2026-05-21 04:53:00,session_end,web,2026-05-21,4
U01743,2026-05-30 00:26:00,logout,unknown,2026-05-30,0
U01743,2026-05-28 17:01:00,login,web,2026-05-28,17
U01743,2026-06-05 04:17:00,page_view,web,2026-06-05,4
U01743,2026-06-01 19:41:00,session_start,unknown,2026-06-01,19
U01743,2026-06-08 21:37:00,page_view,web,2026-06-08,21
U01743,2026-06-08 15:11:00,login,web,2026-06-08,15
U01744,2026-05-15 07:03:00,login,web,2026-05-15,7
U01744,2026-05-20 02:47:00,logout,unknown,2026-05-20,2
U01744,2026-05-16 14:22:00,session_end,unknown,2026-05-16,14
U01745,2026-05-21 04:43:00,login,web,2026-05-21,4
U01745,2026-05-29 14:26:00,login,web,2026-05-29,14
U01745,2026-05-28 08:37:00,logout,web,2026-05-28,8
U01746,2026-04-12 16:59:00,login,mobile,2026-04-12,16
U01746,2026-04-04 02:38:00,session_end,web,2026-04-04,2
U01746,2026-03-31 00:08:00,logout,unknown,2026-03-31,0
U01746,2026-04-02 06:16:00,session_end,mobile,2026-04-02,6
U01746,2026-04-01 14:58:00,logout,unknown,2026-04-01,14
U01747,2026-02-25 15:03:00,session_end,web,2026-02-25,15
U01747,2026-02-23 09:54:00,page_view,mobile,2026-02-23,9
U01747,2026-02-20 16:11:00,login,web,2026-02-20,16
U01747,2026-02-25 11:16:00,login,web,2026-02-25,11
U01747,2026-02-18 17:50:00,login,web,2026-02-18,17
U01747,2026-02-17 16:40:00,login,web,2026-02-17,16
U01747,2026-02-15 10:41:00,logout,web,2026-02-15,10
U01747,2026-02-21 12:38:00,login,web,2026-02-21,12
U01747,2026-02-24 11:55:00,login,mobile,2026-02-24,11
U01747,2026-02-23 17:48:00,login,web,2026-02-23,17
U01748,2026-05-25 07:10:00,login,unknown,2026-05-25,7
U01748,2026-05-18 00:32:00,logout,mobile,2026-05-18,0
U01748,2026-05-22 15:15:00,login,unknown,2026-05-22,15
U01749,2026-01-08 05:52:00,login,mobile,2026-01-08,5
U01749,2026-01-13 22:14:00,login,web,2026-01-13,22
U01749,2026-01-06 08:44:00,login,web,2026-01-06,8
U01749,2026-01-14 06:36:00,login,unknown,2026-01-14,6
U01749,2026-01-15 18:56:00,session_start,web,2026-01-15,18
U01749,2026-01-09 05:35:00,login,unknown,2026-01-09,5
U01749,2026-01-06 07:23:00,login,web,2026-01-06,7
U01749,2026-01-09 22:16:00,logout,web,2026-01-09,22
U01750,2026-04-20 10:46:00,session_end,web,2026-04-20,10
U01750,2026-04-22 09:50:00,session_end,mobile,2026-04-22,9
U01750,2026-04-17 09:02:00,session_start,mobile,2026-04-17,9
U01750,2026-04-16 12:11:00,login,web,2026-04-16,12
U01750,2026-04-16 14:47:00,login,mobile,2026-04-16,14
U01750,2026-04-21 23:47:00,session_start,web,2026-04-21,23
U01751,2026-04-06 13:56:00,logout,mobile,2026-04-06,13
U01751,2026-04-04 20:23:00,logout,unknown,2026-04-04,20
U01751,2026-04-05 06:24:00,login,web,2026-04-05,6
U01751,2026-03-30 11:34:00,login,mobile,2026-03-30,11
U01751,2026-03-31 04:48:00,login,web,2026-03-31,4
U01751,2026-03-31 14:23:00,logout,web,2026-03-31,14
U01752,2026-03-09 02:23:00,login,mobile,2026-03-09,2
U01752,2026-03-18 14:47:00,login,mobile,2026-03-18,14
U01752,2026-03-21 09:49:00,login,web,2026-03-21,9
U01752,2026-03-22 14:30:00,login,unknown,2026-03-22,14
U01752,2026-03-21 22:34:00,session_end,unknown,2026-03-21,22
U01753,2026-03-12 23:31:00,login,mobile,2026-03-12,23
U01753,2026-03-16 18:37:00,session_end,unknown,2026-03-16,18
U01753,2026-03-09 16:01:00,logout,web,2026-03-09,16
U01753,2026-03-12 16:11:00,session_end,web,2026-03-12,16
U01753,2026-03-21 05:45:00,login,mobile,2026-03-21,5
U01753,2026-03-19 19:24:00,logout,web,2026-03-19,19
U01753,2026-03-16 22:47:00,login,mobile,2026-03-16,22
U01753,2026-03-21 20:31:00,logout,unknown,2026-03-21,20
U01754,2026-05-05 09:21:00,login,mobile,2026-05-05,9
U01755,2026-04-14 10:59:00,session_start,mobile,2026-04-14,10
U01755,2026-04-06 04:00:00,session_end,mobile,2026-04-06,4
U01755,2026-04-16 08:49:00,session_start,web,2026-04-16,8
U01755,2026-04-14 08:51:00,login,unknown,2026-04-14,8
U01755,2026-04-05 06:33:00,login,unknown,2026-04-05,6
U01755,2026-04-05 17:43:00,session_start,web,2026-04-05,17
U01755,2026-04-18 23:27:00,session_end,mobile,2026-04-18,23
U01755,2026-04-13 19:16:00,login,web,2026-04-13,19
U01756,2026-02-23 12:42:00,logout,mobile,2026-02-23,12
U01756,2026-03-03 23:09:00,session_end,mobile,2026-03-03,23
U01757,2026-04-07 12:09:00,session_end,unknown,2026-04-07,12
U01757,2026-04-06 09:44:00,login,unknown,2026-04-06,9
U01758,2026-03-21 11:44:00,session_start,web,2026-03-21,11
U01759,2026-02-15 01:15:00,session_start,mobile,2026-02-15,1
U01759,2026-02-13 00:23:00,session_start,web,2026-02-13,0
U01759,2026-02-13 20:48:00,session_start,mobile,2026-02-13,20
U01759,2026-02-08 20:02:00,page_view,unknown,2026-02-08,20
U01759,2026-02-12 09:04:00,login,mobile,2026-02-12,9
U01759,2026-02-08 05:35:00,session_end,web,2026-02-08,5
U01760,2026-03-10 17:56:00,session_end,unknown,2026-03-10,17
U01760,2026-03-12 00:33:00,login,web,2026-03-12,0
U01760,2026-03-14 00:29:00,login,web,2026-03-14,0
U01761,2026-03-11 23:11:00,login,unknown,2026-03-11,23
U01761,2026-03-02 07:49:00,session_start,web,2026-03-02,7
U01761,2026-03-10 20:21:00,session_end,web,2026-03-10,20
U01761,2026-03-06 08:13:00,logout,unknown,2026-03-06,8
U01761,2026-03-04 03:53:00,login,mobile,2026-03-04,3
U01762,2026-04-14 22:45:00,session_start,unknown,2026-04-14,22
U01762,2026-04-21 13:13:00,logout,mobile,2026-04-21,13
U01762,2026-04-20 02:45:00,session_end,web,2026-04-20,2
U01762,2026-04-18 16:03:00,logout,web,2026-04-18,16
U01763,2026-02-11 16:57:00,login,mobile,2026-02-11,16
U01763,2026-02-08 18:30:00,session_end,unknown,2026-02-08,18
U01763,2026-02-13 12:32:00,page_view,web,2026-02-13,12
U01763,2026-02-10 03:35:00,login,web,2026-02-10,3
U01763,2026-02-09 16:54:00,page_view,unknown,2026-02-09,16
U01763,2026-02-12 14:10:00,session_end,web,2026-02-12,14
U01764,2026-02-26 22:57:00,login,web,2026-02-26,22
U01764,2026-02-16 05:24:00,login,unknown,2026-02-16,5
U01764,2026-02-19 12:00:00,login,web,2026-02-19,12
U01764,2026-02-17 21:13:00,login,mobile,2026-02-17,21
U01764,2026-02-16 15:33:00,login,unknown,2026-02-16,15
U01764,2026-02-27 00:19:00,login,mobile,2026-02-27,0
U01765,2026-06-24 04:31:00,logout,web,2026-06-24,4
U01765,2026-06-19 17:35:00,login,web,2026-06-19,17
U01765,2026-06-19 10:39:00,logout,mobile,2026-06-19,10
U01765,2026-06-11 13:13:00,login,web,2026-06-11,13
U01765,2026-06-12 12:22:00,login,unknown,2026-06-12,12
U01766,2026-03-24 12:05:00,session_end,web,2026-03-24,12
U01766,2026-03-22 18:22:00,login,web,2026-03-22,18
U01766,2026-04-05 01:01:00,logout,web,2026-04-05,1
U01766,2026-03-29 19:42:00,logout,mobile,2026-03-29,19
U01766,2026-04-03 10:04:00,login,unknown,2026-04-03,10
U01766,2026-04-04 20:10:00,login,mobile,2026-04-04,20
U01766,2026-03-30 20:01:00,login,mobile,2026-03-30,20
U01766,2026-04-01 14:02:00,login,web,2026-04-01,14
U01766,2026-04-04 18:41:00,session_end,web,2026-04-04,18
U01766,2026-04-04 19:19:00,login,web,2026-04-04,19
U01767,2026-03-19 08:24:00,session_end,unknown,2026-03-19,8
U01767,2026-03-07 22:15:00,logout,unknown,2026-03-07,22
U01767,2026-03-06 14:31:00,login,unknown,2026-03-06,14
U01767,2026-03-08 01:40:00,page_view,web,2026-03-08,1
U01767,2026-03-11 01:44:00,page_view,web,2026-03-11,1
U01767,2026-03-12 23:53:00,login,web,2026-03-12,23
U01767,2026-03-09 07:13:00,login,web,2026-03-09,7
U01767,2026-03-07 12:45:00,login,unknown,2026-03-07,12
U01767,2026-03-08 10:04:00,login,web,2026-03-08,10
U01767,2026-03-19 18:17:00,session_start,web,2026-03-19,18
U01768,2026-01-20 07:02:00,login,web,2026-01-20,7
U01768,2026-01-25 23:21:00,login,mobile,2026-01-25,23
U01768,2026-01-16 21:08:00,login,unknown,2026-01-16,21
U01768,2026-01-20 06:03:00,logout,mobile,2026-01-20,6
U01768,2026-01-17 00:30:00,login,web,2026-01-17,0
U01768,2026-01-23 06:21:00,session_end,unknown,2026-01-23,6
U01769,2026-01-22 10:15:00,login,web,2026-01-22,10
U01769,2026-01-19 12:14:00,page_view,web,2026-01-19,12
U01769,2026-01-23 08:12:00,login,web,2026-01-23,8
U01769,2026-01-25 10:55:00,session_end,web,2026-01-25,10
U01770,2026-05-13 00:01:00,logout,web,2026-05-13,0
U01770,2026-05-03 12:09:00,page_view,unknown,2026-05-03,12
U01770,2026-05-09 11:02:00,login,web,2026-05-09,11
U01770,2026-05-08 16:15:00,page_view,web,2026-05-08,16
U01770,2026-05-06 12:23:00,login,web,2026-05-06,12
U01771,2026-03-30 18:16:00,logout,web,2026-03-30,18
U01771,2026-04-09 11:32:00,page_view,web,2026-04-09,11
U01771,2026-04-02 23:18:00,page_view,mobile,2026-04-02,23
U01771,2026-03-27 03:32:00,login,web,2026-03-27,3
U01771,2026-03-29 06:10:00,login,web,2026-03-29,6
U01771,2026-04-02 11:06:00,session_end,web,2026-04-02,11
U01771,2026-04-02 23:01:00,logout,web,2026-04-02,23
U01771,2026-04-09 15:49:00,login,web,2026-04-09,15
U01771,2026-04-03 10:07:00,page_view,mobile,2026-04-03,10
U01771,2026-04-02 14:30:00,page_view,web,2026-04-02,14
U01771,2026-04-08 00:17:00,session_start,web,2026-04-08,0
U01771,2026-04-10 12:41:00,login,mobile,2026-04-10,12
U01771,2026-04-06 20:58:00,session_end,web,2026-04-06,20
U01771,2026-03-30 23:38:00,page_view,unknown,2026-03-30,23
U01771,2026-04-01 13:34:00,page_view,unknown,2026-04-01,13
U01771,2026-04-08 05:00:00,login,web,2026-04-08,5
U01772,2026-04-07 17:31:00,login,web,2026-04-07,17
U01772,2026-04-16 07:24:00,logout,web,2026-04-16,7
U01772,2026-04-06 09:31:00,session_start,web,2026-04-06,9
U01772,2026-04-04 08:18:00,logout,mobile,2026-04-04,8
U01772,2026-04-14 22:55:00,page_view,unknown,2026-04-14,22
U01772,2026-04-04 21:58:00,session_end,unknown,2026-04-04,21
U01773,2026-03-11 10:13:00,login,web,2026-03-11,10
U01773,2026-03-12 18:23:00,login,web,2026-03-12,18
U01773,2026-03-15 01:03:00,login,web,2026-03-15,1
U01773,2026-03-13 23:37:00,login,web,2026-03-13,23
U01773,2026-03-14 06:20:00,session_start,web,2026-03-14,6
U01773,2026-03-09 14:44:00,login,web,2026-03-09,14
U01773,2026-03-10 13:40:00,login,web,2026-03-10,13
U01773,2026-03-19 19:01:00,session_end,mobile,2026-03-19,19
U01773,2026-03-11 10:03:00,page_view,web,2026-03-11,10
U01774,2026-04-20 22:27:00,page_view,web,2026-04-20,22
U01774,2026-04-23 01:09:00,logout,mobile,2026-04-23,1
U01774,2026-04-22 00:28:00,login,web,2026-04-22,0
U01774,2026-04-23 01:50:00,session_start,web,2026-04-23,1
U01774,2026-04-18 05:23:00,login,web,2026-04-18,5
U01774,2026-04-21 06:42:00,page_view,web,2026-04-21,6
U01775,2026-06-08 08:47:00,login,unknown,2026-06-08,8
U01775,2026-06-11 05:11:00,session_end,web,2026-06-11,5
U01775,2026-06-19 18:22:00,login,web,2026-06-19,18
U01775,2026-06-12 11:17:00,page_view,web,2026-06-12,11
U01775,2026-06-06 12:15:00,session_start,web,2026-06-06,12
U01775,2026-06-10 17:17:00,session_end,mobile,2026-06-10,17
U01775,2026-06-13 03:28:00,login,mobile,2026-06-13,3
U01775,2026-06-08 19:47:00,session_start,web,2026-06-08,19
U01775,2026-06-05 17:10:00,logout,unknown,2026-06-05,17
U01775,2026-06-15 21:22:00,session_start,web,2026-06-15,21
U01776,2026-05-30 01:50:00,logout,unknown,2026-05-30,1
U01776,2026-06-01 12:17:00,page_view,unknown,2026-06-01,12
U01776,2026-06-10 15:24:00,login,unknown,2026-06-10,15
U01776,2026-06-05 11:24:00,login,web,2026-06-05,11
U01776,2026-06-11 01:35:00,login,web,2026-06-11,1
U01776,2026-05-28 23:43:00,login,web,2026-05-28,23
U01776,2026-05-31 18:37:00,session_end,mobile,2026-05-31,18
U01776,2026-06-02 14:56:00,login,mobile,2026-06-02,14
U01777,2026-05-26 13:07:00,login,mobile,2026-05-26,13
U01777,2026-05-26 11:40:00,login,web,2026-05-26,11
U01777,2026-05-22 07:33:00,page_view,mobile,2026-05-22,7
U01777,2026-05-23 21:21:00,login,web,2026-05-23,21
U01777,2026-05-21 05:59:00,page_view,unknown,2026-05-21,5
U01778,2026-04-06 18:07:00,session_end,web,2026-04-06,18
U01778,2026-04-14 18:50:00,logout,web,2026-04-14,18
U01778,2026-04-13 11:11:00,session_end,mobile,2026-04-13,11
U01778,2026-04-13 19:49:00,login,web,2026-04-13,19
U01778,2026-04-04 00:27:00,session_start,mobile,2026-04-04,0
U01778,2026-04-15 00:46:00,page_view,mobile,2026-04-15,0
U01778,2026-04-13 01:14:00,session_end,web,2026-04-13,1
U01778,2026-04-01 03:47:00,session_start,unknown,2026-04-01,3
U01778,2026-04-08 12:37:00,login,web,2026-04-08,12
U01778,2026-04-10 20:07:00,page_view,web,2026-04-10,20
U01778,2026-04-06 00:54:00,session_start,web,2026-04-06,0
U01778,2026-04-10 14:02:00,session_end,web,2026-04-10,14
U01778,2026-04-08 09:58:00,logout,web,2026-04-08,9
U01778,2026-04-06 22:17:00,login,unknown,2026-04-06,22
U01778,2026-04-10 03:56:00,login,mobile,2026-04-10,3
U01778,2026-04-09 14:51:00,session_start,unknown,2026-04-09,14
U01778,2026-04-04 17:41:00,login,mobile,2026-04-04,17
U01779,2026-05-06 22:59:00,page_view,web,2026-05-06,22
U01779,2026-05-16 11:26:00,session_start,unknown,2026-05-16,11
U01779,2026-05-14 10:38:00,session_start,mobile,2026-05-14,10
U01779,2026-05-14 12:11:00,page_view,unknown,2026-05-14,12
U01779,2026-05-08 05:45:00,session_start,mobile,2026-05-08,5
U01779,2026-05-07 08:14:00,session_start,web,2026-05-07,8
U01779,2026-05-08 21:55:00,page_view,web,2026-05-08,21
U01779,2026-05-14 21:02:00,login,unknown,2026-05-14,21
U01779,2026-05-11 10:43:00,logout,web,2026-05-11,10
U01779,2026-05-19 08:04:00,page_view,mobile,2026-05-19,8
U01779,2026-05-09 06:01:00,session_start,unknown,2026-05-09,6
U01779,2026-05-13 20:54:00,login,mobile,2026-05-13,20
U01780,2026-01-30 16:28:00,session_start,web,2026-01-30,16
U01780,2026-01-31 20:47:00,session_start,web,2026-01-31,20
U01781,2026-03-29 11:51:00,page_view,web,2026-03-29,11
U01781,2026-03-24 03:30:00,logout,web,2026-03-24,3
U01781,2026-03-17 21:17:00,login,mobile,2026-03-17,21
U01781,2026-03-21 23:15:00,session_start,web,2026-03-21,23
U01781,2026-03-26 21:13:00,session_start,mobile,2026-03-26,21
U01782,2026-02-15 01:04:00,login,web,2026-02-15,1
U01782,2026-02-15 08:12:00,login,web,2026-02-15,8
U01782,2026-02-10 11:55:00,page_view,unknown,2026-02-10,11
U01782,2026-02-18 03:51:00,session_start,mobile,2026-02-18,3
U01782,2026-02-13 03:04:00,login,web,2026-02-13,3
U01783,2026-04-04 12:59:00,login,web,2026-04-04,12
U01783,2026-04-04 06:16:00,session_start,unknown,2026-04-04,6
U01783,2026-04-11 07:46:00,login,web,2026-04-11,7
U01783,2026-03-29 08:52:00,login,web,2026-03-29,8
U01783,2026-04-09 13:55:00,login,unknown,2026-04-09,13
U01783,2026-04-11 06:04:00,page_view,web,2026-04-11,6
U01784,2026-06-08 12:32:00,session_end,web,2026-06-08,12
U01784,2026-06-05 05:25:00,session_start,mobile,2026-06-05,5
U01784,2026-06-03 20:46:00,login,web,2026-06-03,20
U01784,2026-06-04 20:33:00,session_end,web,2026-06-04,20
U01784,2026-05-30 17:12:00,login,web,2026-05-30,17
U01784,2026-05-31 17:42:00,login,unknown,2026-05-31,17
U01784,2026-06-04 23:56:00,login,unknown,2026-06-04,23
U01785,2026-02-16 13:00:00,session_end,web,2026-02-16,13
U01785,2026-02-25 21:50:00,login,web,2026-02-25,21
U01785,2026-02-19 21:39:00,login,mobile,2026-02-19,21
U01785,2026-02-15 09:25:00,logout,mobile,2026-02-15,9
U01785,2026-02-19 16:50:00,login,unknown,2026-02-19,16
U01785,2026-02-12 14:13:00,login,unknown,2026-02-12,14
U01785,2026-02-11 17:29:00,login,unknown,2026-02-11,17
U01785,2026-02-24 06:05:00,login,mobile,2026-02-24,6
U01785,2026-02-22 02:33:00,login,mobile,2026-02-22,2
U01785,2026-02-18 04:48:00,login,mobile,2026-02-18,4
U01785,2026-02-19 23:00:00,login,web,2026-02-19,23
U01785,2026-02-11 20:14:00,login,mobile,2026-02-11,20
U01785,2026-02-15 18:07:00,page_view,web,2026-02-15,18
U01786,2026-03-28 09:31:00,session_start,web,2026-03-28,9
U01786,2026-03-31 05:46:00,session_start,mobile,2026-03-31,5
U01786,2026-03-30 22:26:00,session_end,web,2026-03-30,22
U01786,2026-03-25 07:59:00,page_view,unknown,2026-03-25,7
U01786,2026-04-01 04:56:00,page_view,mobile,2026-04-01,4
U01787,2026-03-26 15:51:00,page_view,web,2026-03-26,15
U01787,2026-03-24 02:23:00,login,mobile,2026-03-24,2
U01787,2026-03-26 18:11:00,login,mobile,2026-03-26,18
U01787,2026-03-16 05:05:00,login,unknown,2026-03-16,5
U01787,2026-03-23 02:26:00,login,mobile,2026-03-23,2
U01787,2026-03-19 16:19:00,login,unknown,2026-03-19,16
U01787,2026-03-28 16:29:00,session_start,web,2026-03-28,16
U01787,2026-03-18 16:31:00,login,web,2026-03-18,16
U01787,2026-03-23 05:26:00,page_view,web,2026-03-23,5
U01787,2026-03-24 16:04:00,login,web,2026-03-24,16
U01787,2026-03-27 00:15:00,session_end,web,2026-03-27,0
U01787,2026-03-22 15:34:00,login,mobile,2026-03-22,15
U01787,2026-03-24 16:42:00,login,unknown,2026-03-24,16
U01787,2026-03-25 20:14:00,session_end,web,2026-03-25,20
U01788,2026-06-29 20:36:00,login,web,2026-06-29,20
U01788,2026-06-27 17:57:00,login,mobile,2026-06-27,17
U01788,2026-06-27 14:41:00,session_end,web,2026-06-27,14
U01788,2026-06-19 13:36:00,login,mobile,2026-06-19,13
U01788,2026-06-24 10:15:00,logout,unknown,2026-06-24,10
U01788,2026-06-24 16:46:00,login,mobile,2026-06-24,16
U01789,2026-04-15 05:02:00,session_start,mobile,2026-04-15,5
U01789,2026-04-13 09:52:00,session_end,unknown,2026-04-13,9
U01789,2026-04-04 21:05:00,login,unknown,2026-04-04,21
U01789,2026-04-15 21:53:00,logout,mobile,2026-04-15,21
U01789,2026-04-06 01:52:00,page_view,unknown,2026-04-06,1
U01789,2026-04-10 17:01:00,login,web,2026-04-10,17
U01789,2026-04-09 15:02:00,login,web,2026-04-09,15
U01789,2026-04-14 02:54:00,login,web,2026-04-14,2
U01789,2026-04-07 09:28:00,login,mobile,2026-04-07,9
U01789,2026-04-03 17:12:00,logout,unknown,2026-04-03,17
U01790,2026-05-16 09:35:00,session_start,web,2026-05-16,9
U01790,2026-05-22 10:25:00,login,mobile,2026-05-22,10
U01790,2026-05-27 14:34:00,page_view,unknown,2026-05-27,14
U01790,2026-05-25 02:30:00,login,mobile,2026-05-25,2
U01791,2026-03-01 14:29:00,session_start,web,2026-03-01,14
U01792,2026-03-13 13:48:00,login,web,2026-03-13,13
U01792,2026-03-12 02:45:00,login,unknown,2026-03-12,2
U01792,2026-03-10 18:55:00,session_end,web,2026-03-10,18
U01793,2026-01-27 11:49:00,session_start,web,2026-01-27,11
U01793,2026-01-22 22:26:00,session_end,web,2026-01-22,22
U01793,2026-01-31 07:56:00,session_start,unknown,2026-01-31,7
U01793,2026-02-04 22:15:00,page_view,mobile,2026-02-04,22
U01793,2026-01-28 23:53:00,logout,web,2026-01-28,23
U01793,2026-01-27 02:57:00,logout,web,2026-01-27,2
U01793,2026-01-26 07:21:00,session_start,unknown,2026-01-26,7
U01794,2026-04-19 22:31:00,session_end,web,2026-04-19,22
U01794,2026-04-21 04:44:00,session_end,web,2026-04-21,4
U01795,2026-05-07 16:14:00,session_start,web,2026-05-07,16
U01795,2026-05-10 21:59:00,logout,mobile,2026-05-10,21
U01795,2026-05-09 09:19:00,session_end,mobile,2026-05-09,9
U01795,2026-05-05 19:56:00,session_start,web,2026-05-05,19
U01795,2026-05-06 04:17:00,login,web,2026-05-06,4
U01795,2026-05-02 05:22:00,logout,unknown,2026-05-02,5
U01795,2026-05-09 20:03:00,login,web,2026-05-09,20
U01795,2026-05-09 16:11:00,session_end,web,2026-05-09,16
U01795,2026-05-14 18:35:00,session_end,web,2026-05-14,18
U01796,2026-04-26 12:48:00,login,web,2026-04-26,12
U01796,2026-04-15 14:46:00,session_start,mobile,2026-04-15,14
U01796,2026-04-24 05:37:00,login,web,2026-04-24,5
U01796,2026-04-15 16:52:00,page_view,web,2026-04-15,16
U01796,2026-04-16 06:31:00,login,web,2026-04-16,6
U01796,2026-04-22 05:27:00,session_end,web,2026-04-22,5
U01796,2026-04-20 23:24:00,login,web,2026-04-20,23
U01796,2026-04-25 03:00:00,session_end,unknown,2026-04-25,3
U01796,2026-04-24 03:39:00,logout,unknown,2026-04-24,3
U01796,2026-04-26 00:55:00,session_start,mobile,2026-04-26,0
U01796,2026-04-21 06:43:00,login,mobile,2026-04-21,6
U01796,2026-04-14 19:19:00,login,mobile,2026-04-14,19
U01796,2026-04-22 15:50:00,login,web,2026-04-22,15
U01796,2026-04-14 11:57:00,login,web,2026-04-14,11
U01797,2026-02-10 12:23:00,session_start,web,2026-02-10,12
U01798,2026-01-27 10:30:00,login,unknown,2026-01-27,10
U01798,2026-01-25 20:09:00,session_end,web,2026-01-25,20
U01798,2026-01-22 21:58:00,page_view,unknown,2026-01-22,21
U01798,2026-02-01 23:48:00,login,web,2026-02-01,23
U01798,2026-01-28 01:55:00,login,web,2026-01-28,1
U01798,2026-01-29 06:33:00,page_view,web,2026-01-29,6
U01799,2026-03-22 01:36:00,session_start,web,2026-03-22,1
U01799,2026-04-02 00:47:00,session_start,unknown,2026-04-02,0
U01799,2026-04-03 03:26:00,logout,web,2026-04-03,3
U01799,2026-03-31 10:12:00,login,unknown,2026-03-31,10
U01799,2026-03-27 12:01:00,logout,mobile,2026-03-27,12
U01799,2026-03-25 09:44:00,login,unknown,2026-03-25,9
U01799,2026-03-30 14:44:00,session_end,web,2026-03-30,14
U01800,2026-05-02 02:18:00,login,mobile,2026-05-02,2
U01800,2026-05-06 22:57:00,logout,unknown,2026-05-06,22
U01800,2026-05-07 19:28:00,login,unknown,2026-05-07,19
U01800,2026-04-29 11:16:00,session_start,web,2026-04-29,11
U01801,2026-05-21 17:12:00,login,mobile,2026-05-21,17
U01801,2026-05-21 00:23:00,login,mobile,2026-05-21,0
U01801,2026-05-28 16:34:00,login,web,2026-05-28,16
U01801,2026-05-24 22:37:00,session_start,unknown,2026-05-24,22
U01801,2026-05-21 23:03:00,session_end,web,2026-05-21,23
U01801,2026-05-23 14:48:00,login,web,2026-05-23,14
U01802,2026-04-06 03:18:00,page_view,web,2026-04-06,3
U01802,2026-04-05 13:14:00,login,unknown,2026-04-05,13
U01802,2026-04-06 10:06:00,login,unknown,2026-04-06,10
U01802,2026-04-03 18:56:00,login,unknown,2026-04-03,18
U01803,2026-05-09 01:55:00,login,mobile,2026-05-09,1
U01803,2026-05-10 23:57:00,session_end,mobile,2026-05-10,23
U01803,2026-05-14 00:38:00,page_view,web,2026-05-14,0
U01803,2026-05-04 06:04:00,page_view,mobile,2026-05-04,6
U01803,2026-05-01 06:17:00,logout,web,2026-05-01,6
U01803,2026-05-05 14:38:00,session_end,web,2026-05-05,14
U01804,2026-06-04 01:30:00,login,web,2026-06-04,1
U01804,2026-05-27 12:50:00,logout,unknown,2026-05-27,12
U01804,2026-05-23 07:03:00,session_start,mobile,2026-05-23,7
U01804,2026-05-27 11:28:00,logout,mobile,2026-05-27,11
U01804,2026-05-28 22:04:00,page_view,web,2026-05-28,22
U01804,2026-05-22 01:18:00,login,mobile,2026-05-22,1
U01805,2026-05-25 15:29:00,session_start,unknown,2026-05-25,15
U01805,2026-05-26 19:23:00,logout,mobile,2026-05-26,19
U01805,2026-05-30 04:46:00,login,web,2026-05-30,4
U01805,2026-06-01 19:24:00,session_start,mobile,2026-06-01,19
U01806,2026-06-09 02:37:00,session_start,unknown,2026-06-09,2
U01806,2026-06-07 10:49:00,session_start,web,2026-06-07,10
U01806,2026-06-14 04:01:00,logout,web,2026-06-14,4
U01806,2026-06-07 08:42:00,login,mobile,2026-06-07,8
U01806,2026-06-10 22:39:00,page_view,web,2026-06-10,22
U01806,2026-06-16 09:13:00,session_end,mobile,2026-06-16,9
U01806,2026-06-08 18:28:00,session_start,web,2026-06-08,18
U01806,2026-06-03 07:43:00,session_start,unknown,2026-06-03,7
U01806,2026-06-09 08:49:00,session_end,unknown,2026-06-09,8
U01806,2026-06-15 16:38:00,session_end,unknown,2026-06-15,16
U01806,2026-06-11 00:33:00,logout,unknown,2026-06-11,0
U01806,2026-06-10 13:14:00,session_end,web,2026-06-10,13
U01807,2026-04-26 03:34:00,page_view,mobile,2026-04-26,3
U01807,2026-04-27 18:02:00,page_view,web,2026-04-27,18
U01807,2026-05-01 01:43:00,login,web,2026-05-01,1
U01807,2026-04-26 14:17:00,login,unknown,2026-04-26,14
U01807,2026-04-22 14:08:00,login,web,2026-04-22,14
U01807,2026-04-26 10:46:00,login,unknown,2026-04-26,10
U01807,2026-04-30 13:04:00,login,web,2026-04-30,13
U01808,2026-06-17 14:52:00,page_view,mobile,2026-06-17,14
U01808,2026-06-21 15:17:00,login,unknown,2026-06-21,15
U01808,2026-06-18 02:55:00,session_end,mobile,2026-06-18,2
U01808,2026-06-22 03:59:00,login,unknown,2026-06-22,3
U01809,2026-04-11 00:15:00,session_start,mobile,2026-04-11,0
U01809,2026-04-07 00:14:00,login,unknown,2026-04-07,0
U01809,2026-04-07 19:38:00,page_view,web,2026-04-07,19
U01809,2026-04-09 00:35:00,page_view,web,2026-04-09,0
U01809,2026-04-07 15:30:00,session_start,web,2026-04-07,15
U01809,2026-04-13 23:30:00,login,web,2026-04-13,23
U01809,2026-03-31 06:36:00,page_view,mobile,2026-03-31,6
U01809,2026-04-12 19:40:00,login,web,2026-04-12,19
U01809,2026-04-05 14:53:00,session_end,unknown,2026-04-05,14
U01809,2026-04-10 09:49:00,page_view,unknown,2026-04-10,9
U01810,2026-03-13 07:05:00,logout,unknown,2026-03-13,7
U01810,2026-03-12 15:04:00,session_end,unknown,2026-03-12,15
U01810,2026-03-02 13:26:00,page_view,unknown,2026-03-02,13
U01810,2026-03-11 16:26:00,login,unknown,2026-03-11,16
U01810,2026-03-14 07:50:00,login,unknown,2026-03-14,7
U01810,2026-03-03 17:07:00,login,web,2026-03-03,17
U01810,2026-03-03 04:47:00,logout,unknown,2026-03-03,4
U01811,2026-03-22 09:43:00,logout,unknown,2026-03-22,9
U01811,2026-03-24 00:39:00,login,unknown,2026-03-24,0
U01811,2026-03-26 11:51:00,logout,web,2026-03-26,11
U01811,2026-03-29 15:28:00,login,web,2026-03-29,15
U01812,2026-02-12 12:19:00,login,mobile,2026-02-12,12
U01812,2026-02-22 08:36:00,page_view,web,2026-02-22,8
U01812,2026-02-13 03:08:00,login,unknown,2026-02-13,3
U01812,2026-02-15 05:03:00,session_end,web,2026-02-15,5
U01812,2026-02-22 02:44:00,login,mobile,2026-02-22,2
U01812,2026-02-23 08:58:00,session_end,mobile,2026-02-23,8
U01812,2026-02-17 00:58:00,login,mobile,2026-02-17,0
U01812,2026-02-22 00:22:00,login,unknown,2026-02-22,0
U01812,2026-02-14 00:18:00,page_view,web,2026-02-14,0
U01812,2026-02-15 16:27:00,session_end,unknown,2026-02-15,16
U01812,2026-02-18 01:02:00,login,mobile,2026-02-18,1
U01812,2026-02-23 06:12:00,login,web,2026-02-23,6
U01812,2026-02-11 09:00:00,login,web,2026-02-11,9
U01813,2026-05-28 10:40:00,session_start,web,2026-05-28,10
U01813,2026-05-22 22:17:00,page_view,mobile,2026-05-22,22
U01813,2026-05-21 13:33:00,session_start,web,2026-05-21,13
U01813,2026-05-24 05:30:00,session_start,mobile,2026-05-24,5
U01814,2026-03-27 07:14:00,login,web,2026-03-27,7
U01814,2026-03-21 19:19:00,login,web,2026-03-21,19
U01815,2026-05-07 17:17:00,login,web,2026-05-07,17
U01815,2026-05-13 12:24:00,login,unknown,2026-05-13,12
U01815,2026-05-19 22:42:00,login,web,2026-05-19,22
U01815,2026-05-06 23:26:00,login,web,2026-05-06,23
U01815,2026-05-06 06:04:00,session_end,web,2026-05-06,6
U01815,2026-05-07 20:41:00,session_start,mobile,2026-05-07,20
U01815,2026-05-16 05:40:00,session_start,web,2026-05-16,5
U01815,2026-05-19 04:13:00,login,unknown,2026-05-19,4
U01816,2026-01-08 22:57:00,login,web,2026-01-08,22
U01816,2026-01-09 23:04:00,login,web,2026-01-09,23
U01816,2026-01-06 17:17:00,page_view,unknown,2026-01-06,17
U01817,2026-03-08 21:11:00,session_start,web,2026-03-08,21
U01817,2026-03-05 21:03:00,login,mobile,2026-03-05,21
U01817,2026-03-12 16:57:00,session_end,web,2026-03-12,16
U01817,2026-03-15 09:43:00,login,web,2026-03-15,9
U01818,2026-04-09 10:56:00,logout,web,2026-04-09,10
U01818,2026-04-19 05:21:00,page_view,unknown,2026-04-19,5
U01818,2026-04-08 17:42:00,logout,unknown,2026-04-08,17
U01818,2026-04-18 23:41:00,login,unknown,2026-04-18,23
U01818,2026-04-17 16:05:00,logout,mobile,2026-04-17,16
U01818,2026-04-18 16:18:00,page_view,unknown,2026-04-18,16
U01819,2026-06-05 10:54:00,login,mobile,2026-06-05,10
U01819,2026-06-04 08:49:00,login,unknown,2026-06-04,8
U01819,2026-06-03 08:39:00,login,web,2026-06-03,8
U01820,2026-03-05 11:44:00,session_end,mobile,2026-03-05,11
U01820,2026-03-15 08:03:00,logout,web,2026-03-15,8
U01820,2026-03-15 10:49:00,login,unknown,2026-03-15,10
U01820,2026-03-16 11:04:00,login,web,2026-03-16,11
U01820,2026-03-11 19:01:00,page_view,unknown,2026-03-11,19
U01820,2026-03-06 03:39:00,logout,web,2026-03-06,3
U01820,2026-03-17 18:29:00,login,unknown,2026-03-17,18
U01820,2026-03-07 10:15:00,logout,web,2026-03-07,10
U01820,2026-03-08 03:20:00,session_end,web,2026-03-08,3
U01820,2026-03-11 09:14:00,logout,web,2026-03-11,9
U01820,2026-03-09 04:35:00,login,web,2026-03-09,4
U01820,2026-03-09 21:01:00,login,mobile,2026-03-09,21
U01821,2026-04-19 23:48:00,login,web,2026-04-19,23
U01821,2026-04-16 11:59:00,login,unknown,2026-04-16,11
U01821,2026-04-15 15:15:00,login,web,2026-04-15,15
U01821,2026-04-17 06:37:00,login,web,2026-04-17,6
U01821,2026-04-10 08:40:00,page_view,mobile,2026-04-10,8
U01822,2026-04-21 23:39:00,login,unknown,2026-04-21,23
U01822,2026-04-21 00:57:00,login,web,2026-04-21,0
U01822,2026-05-01 22:23:00,page_view,web,2026-05-01,22
U01822,2026-05-03 23:24:00,logout,mobile,2026-05-03,23
U01822,2026-05-03 16:19:00,session_end,unknown,2026-05-03,16
U01822,2026-04-24 12:50:00,login,unknown,2026-04-24,12
U01822,2026-04-27 22:14:00,logout,mobile,2026-04-27,22
U01822,2026-04-28 07:38:00,session_end,web,2026-04-28,7
U01822,2026-04-22 02:01:00,session_end,web,2026-04-22,2
U01823,2026-05-14 17:32:00,session_end,web,2026-05-14,17
U01823,2026-05-25 14:35:00,session_start,mobile,2026-05-25,14
U01824,2026-03-26 16:54:00,login,web,2026-03-26,16
U01824,2026-03-21 05:46:00,logout,mobile,2026-03-21,5
U01824,2026-03-23 14:33:00,login,web,2026-03-23,14
U01825,2026-05-27 02:35:00,session_end,unknown,2026-05-27,2
U01825,2026-05-30 11:40:00,page_view,web,2026-05-30,11
U01825,2026-05-23 20:44:00,page_view,web,2026-05-23,20
U01825,2026-05-30 14:48:00,login,web,2026-05-30,14
U01825,2026-05-30 13:10:00,page_view,web,2026-05-30,13
U01826,2026-02-28 23:24:00,page_view,unknown,2026-02-28,23
U01826,2026-02-18 06:58:00,login,unknown,2026-02-18,6
U01826,2026-02-19 17:51:00,page_view,unknown,2026-02-19,17
U01826,2026-02-23 16:28:00,logout,web,2026-02-23,16
U01826,2026-02-18 18:35:00,logout,web,2026-02-18,18
U01826,2026-02-28 04:02:00,session_start,web,2026-02-28,4
U01826,2026-03-04 21:58:00,login,web,2026-03-04,21
U01826,2026-02-22 12:50:00,session_end,web,2026-02-22,12
U01826,2026-03-04 14:18:00,login,web,2026-03-04,14
U01826,2026-02-28 12:52:00,login,web,2026-02-28,12
U01826,2026-02-25 15:12:00,session_end,mobile,2026-02-25,15
U01826,2026-02-18 04:19:00,page_view,web,2026-02-18,4
U01826,2026-03-03 08:00:00,page_view,unknown,2026-03-03,8
U01827,2026-03-19 20:06:00,session_end,unknown,2026-03-19,20
U01827,2026-03-17 17:41:00,session_end,web,2026-03-17,17
U01827,2026-03-17 02:11:00,login,mobile,2026-03-17,2
U01827,2026-03-28 12:31:00,login,web,2026-03-28,12
U01828,2026-06-19 12:39:00,logout,web,2026-06-19,12
U01828,2026-06-22 04:57:00,session_start,web,2026-06-22,4
U01828,2026-06-18 12:26:00,page_view,unknown,2026-06-18,12
U01828,2026-06-12 15:04:00,login,unknown,2026-06-12,15
U01828,2026-06-19 18:14:00,login,mobile,2026-06-19,18
U01828,2026-06-15 10:26:00,login,mobile,2026-06-15,10
U01828,2026-06-19 22:01:00,session_end,mobile,2026-06-19,22
U01828,2026-06-09 21:57:00,logout,mobile,2026-06-09,21
U01828,2026-06-08 20:00:00,login,unknown,2026-06-08,20
U01828,2026-06-09 20:55:00,session_end,mobile,2026-06-09,20
U01828,2026-06-10 02:21:00,login,web,2026-06-10,2
U01828,2026-06-08 15:18:00,login,unknown,2026-06-08,15
U01828,2026-06-22 12:45:00,page_view,web,2026-06-22,12
U01829,2026-05-09 01:35:00,session_start,web,2026-05-09,1
U01829,2026-05-18 09:09:00,session_end,mobile,2026-05-18,9
U01829,2026-05-07 12:31:00,login,mobile,2026-05-07,12
U01829,2026-05-08 09:24:00,logout,web,2026-05-08,9
U01830,2026-02-12 15:07:00,login,unknown,2026-02-12,15
U01830,2026-02-08 12:03:00,session_start,unknown,2026-02-08,12
U01830,2026-02-18 07:31:00,session_start,mobile,2026-02-18,7
U01830,2026-02-09 08:07:00,session_end,web,2026-02-09,8
U01831,2026-01-06 01:29:00,login,web,2026-01-06,1
U01831,2026-01-14 21:16:00,session_start,web,2026-01-14,21
U01831,2026-01-17 03:41:00,login,unknown,2026-01-17,3
U01831,2026-01-06 23:22:00,logout,unknown,2026-01-06,23
U01831,2026-01-10 14:40:00,logout,unknown,2026-01-10,14
U01831,2026-01-17 10:34:00,page_view,web,2026-01-17,10
U01831,2026-01-13 11:28:00,session_end,web,2026-01-13,11
U01832,2026-03-24 07:51:00,page_view,mobile,2026-03-24,7
U01832,2026-03-16 20:29:00,logout,web,2026-03-16,20
U01832,2026-03-20 18:48:00,page_view,web,2026-03-20,18
U01832,2026-03-22 15:59:00,session_end,web,2026-03-22,15
U01832,2026-03-23 00:52:00,session_end,mobile,2026-03-23,0
U01832,2026-03-21 15:33:00,login,unknown,2026-03-21,15
U01833,2026-04-28 05:13:00,logout,web,2026-04-28,5
U01833,2026-05-01 00:18:00,login,mobile,2026-05-01,0
U01833,2026-04-26 08:56:00,login,web,2026-04-26,8
U01833,2026-04-27 19:52:00,session_end,mobile,2026-04-27,19
U01833,2026-04-23 14:54:00,login,web,2026-04-23,14
U01833,2026-04-23 04:25:00,logout,unknown,2026-04-23,4
U01833,2026-04-28 10:16:00,session_start,web,2026-04-28,10
U01833,2026-04-26 22:49:00,session_end,unknown,2026-04-26,22
U01833,2026-05-05 09:50:00,page_view,web,2026-05-05,9
U01833,2026-04-29 06:33:00,login,web,2026-04-29,6
U01834,2026-01-25 03:30:00,logout,mobile,2026-01-25,3
U01834,2026-02-06 20:12:00,login,mobile,2026-02-06,20
U01834,2026-02-06 11:32:00,login,web,2026-02-06,11
U01834,2026-01-31 05:24:00,login,mobile,2026-01-31,5
U01834,2026-02-06 00:34:00,logout,web,2026-02-06,0
U01834,2026-02-05 23:58:00,login,web,2026-02-05,23
U01834,2026-02-01 22:32:00,page_view,unknown,2026-02-01,22
U01835,2026-05-21 22:05:00,login,mobile,2026-05-21,22
U01835,2026-05-19 11:32:00,login,web,2026-05-19,11
U01835,2026-05-11 22:56:00,login,web,2026-05-11,22
U01835,2026-05-13 10:43:00,logout,unknown,2026-05-13,10
U01835,2026-05-21 15:08:00,login,web,2026-05-21,15
U01835,2026-05-09 14:06:00,page_view,unknown,2026-05-09,14
U01835,2026-05-15 03:00:00,session_end,web,2026-05-15,3
U01836,2026-05-01 21:55:00,session_start,unknown,2026-05-01,21
U01836,2026-05-02 13:14:00,login,mobile,2026-05-02,13
U01836,2026-04-19 10:09:00,session_start,unknown,2026-04-19,10
U01836,2026-04-21 20:28:00,login,web,2026-04-21,20
U01836,2026-04-18 14:48:00,login,unknown,2026-04-18,14
U01836,2026-04-26 13:33:00,page_view,unknown,2026-04-26,13
U01836,2026-04-22 13:47:00,logout,web,2026-04-22,13
U01836,2026-04-19 09:30:00,login,web,2026-04-19,9
U01836,2026-05-01 19:53:00,login,unknown,2026-05-01,19
U01837,2026-05-07 18:21:00,login,unknown,2026-05-07,18
U01837,2026-05-03 05:21:00,login,web,2026-05-03,5
U01837,2026-05-06 14:59:00,session_start,unknown,2026-05-06,14
U01837,2026-05-10 15:51:00,logout,mobile,2026-05-10,15
U01837,2026-05-09 18:23:00,login,unknown,2026-05-09,18
U01837,2026-05-09 12:02:00,login,mobile,2026-05-09,12
U01838,2026-04-05 20:15:00,page_view,unknown,2026-04-05,20
U01838,2026-04-06 00:06:00,login,web,2026-04-06,0
U01839,2026-01-29 19:22:00,page_view,web,2026-01-29,19
U01839,2026-01-25 14:50:00,page_view,web,2026-01-25,14
U01839,2026-01-20 20:49:00,login,unknown,2026-01-20,20
U01839,2026-01-26 21:40:00,page_view,mobile,2026-01-26,21
U01839,2026-01-17 07:03:00,page_view,web,2026-01-17,7
U01839,2026-01-22 15:09:00,login,unknown,2026-01-22,15
U01839,2026-01-16 22:05:00,login,web,2026-01-16,22
U01840,2026-05-30 21:40:00,logout,mobile,2026-05-30,21
U01840,2026-05-23 16:49:00,login,web,2026-05-23,16
U01840,2026-05-26 04:59:00,logout,web,2026-05-26,4
U01841,2026-02-25 05:35:00,page_view,web,2026-02-25,5
U01841,2026-02-24 23:44:00,page_view,unknown,2026-02-24,23
U01841,2026-02-25 01:42:00,logout,mobile,2026-02-25,1
U01842,2026-01-04 18:34:00,login,web,2026-01-04,18
U01842,2026-01-05 20:33:00,login,web,2026-01-05,20
U01842,2026-01-18 06:17:00,logout,mobile,2026-01-18,6
U01842,2026-01-10 07:20:00,session_start,web,2026-01-10,7
U01843,2026-03-16 16:31:00,session_start,mobile,2026-03-16,16
U01843,2026-03-09 15:09:00,login,web,2026-03-09,15
U01843,2026-03-06 22:27:00,session_start,unknown,2026-03-06,22
U01843,2026-03-07 03:51:00,session_end,unknown,2026-03-07,3
U01843,2026-03-16 09:15:00,login,unknown,2026-03-16,9
U01843,2026-03-09 15:19:00,login,mobile,2026-03-09,15
U01843,2026-03-07 12:33:00,login,web,2026-03-07,12
U01843,2026-03-13 15:01:00,session_end,mobile,2026-03-13,15
U01843,2026-03-14 10:06:00,session_start,mobile,2026-03-14,10
U01843,2026-03-13 22:37:00,login,web,2026-03-13,22
U01843,2026-03-10 08:33:00,logout,mobile,2026-03-10,8
U01844,2026-03-11 04:28:00,session_start,mobile,2026-03-11,4
U01844,2026-03-08 03:55:00,login,web,2026-03-08,3
U01844,2026-03-13 03:08:00,page_view,unknown,2026-03-13,3
U01845,2026-05-04 12:14:00,login,web,2026-05-04,12
U01845,2026-05-02 03:39:00,session_start,web,2026-05-02,3
U01845,2026-05-02 14:27:00,login,mobile,2026-05-02,14
U01845,2026-05-11 04:19:00,session_start,unknown,2026-05-11,4
U01845,2026-05-06 10:48:00,login,unknown,2026-05-06,10
U01846,2026-03-04 05:04:00,session_start,web,2026-03-04,5
U01847,2026-03-22 14:06:00,login,web,2026-03-22,14
U01847,2026-04-01 21:09:00,page_view,web,2026-04-01,21
U01847,2026-03-26 08:41:00,session_start,web,2026-03-26,8
U01847,2026-04-01 20:53:00,login,web,2026-04-01,20
U01847,2026-03-31 00:22:00,logout,unknown,2026-03-31,0
U01847,2026-03-25 21:21:00,page_view,web,2026-03-25,21
U01847,2026-03-28 13:26:00,login,unknown,2026-03-28,13
U01847,2026-03-29 09:07:00,login,mobile,2026-03-29,9
U01848,2026-06-12 05:29:00,session_start,web,2026-06-12,5
U01848,2026-06-18 17:49:00,login,mobile,2026-06-18,17
U01848,2026-06-16 19:18:00,session_end,mobile,2026-06-16,19
U01848,2026-06-21 04:58:00,login,web,2026-06-21,4
U01848,2026-06-13 09:52:00,logout,web,2026-06-13,9
U01848,2026-06-17 00:42:00,login,web,2026-06-17,0
U01848,2026-06-23 07:19:00,login,unknown,2026-06-23,7
U01849,2026-05-20 22:53:00,login,web,2026-05-20,22
U01849,2026-05-20 03:51:00,login,web,2026-05-20,3
U01849,2026-05-15 20:49:00,session_end,web,2026-05-15,20
U01849,2026-05-14 20:06:00,login,unknown,2026-05-14,20
U01849,2026-05-27 07:36:00,page_view,web,2026-05-27,7
U01850,2026-05-14 05:53:00,session_end,mobile,2026-05-14,5
U01850,2026-05-16 10:33:00,login,web,2026-05-16,10
U01850,2026-05-12 22:00:00,page_view,web,2026-05-12,22
U01850,2026-05-06 14:30:00,login,mobile,2026-05-06,14
U01850,2026-05-18 14:31:00,page_view,web,2026-05-18,14
U01850,2026-05-18 10:24:00,page_view,web,2026-05-18,10
U01851,2026-02-23 19:00:00,logout,web,2026-02-23,19
U01851,2026-03-02 14:18:00,login,unknown,2026-03-02,14
U01851,2026-03-01 08:00:00,session_end,web,2026-03-01,8
U01851,2026-03-02 06:01:00,logout,mobile,2026-03-02,6
U01851,2026-02-22 18:40:00,login,unknown,2026-02-22,18
U01851,2026-02-24 03:38:00,session_end,unknown,2026-02-24,3
U01851,2026-02-25 17:47:00,login,web,2026-02-25,17
U01851,2026-02-22 22:36:00,login,unknown,2026-02-22,22
U01851,2026-02-26 08:20:00,login,unknown,2026-02-26,8
U01852,2026-03-07 10:35:00,session_start,mobile,2026-03-07,10
U01852,2026-03-05 00:59:00,login,mobile,2026-03-05,0
U01853,2026-06-20 12:20:00,session_start,mobile,2026-06-20,12
U01854,2026-01-10 01:00:00,session_end,web,2026-01-10,1
U01854,2026-01-09 18:34:00,login,web,2026-01-09,18
U01854,2026-01-17 16:49:00,session_end,web,2026-01-17,16
U01854,2026-01-04 22:15:00,login,web,2026-01-04,22
U01854,2026-01-09 06:29:00,session_end,mobile,2026-01-09,6
U01855,2026-02-08 12:55:00,session_end,unknown,2026-02-08,12
U01855,2026-02-10 05:50:00,page_view,mobile,2026-02-10,5
U01855,2026-01-31 06:00:00,session_start,web,2026-01-31,6
U01855,2026-01-31 17:04:00,logout,unknown,2026-01-31,17
U01855,2026-02-09 23:10:00,login,mobile,2026-02-09,23
U01856,2026-01-16 22:37:00,session_start,unknown,2026-01-16,22
U01856,2026-01-13 12:10:00,login,web,2026-01-13,12
U01856,2026-01-07 02:22:00,logout,web,2026-01-07,2
U01856,2026-01-12 17:03:00,session_start,web,2026-01-12,17
U01856,2026-01-16 21:57:00,login,unknown,2026-01-16,21
U01856,2026-01-14 04:39:00,page_view,mobile,2026-01-14,4
U01856,2026-01-16 22:38:00,login,mobile,2026-01-16,22
U01857,2026-06-12 17:26:00,login,web,2026-06-12,17
U01857,2026-06-10 07:19:00,session_end,mobile,2026-06-10,7
U01857,2026-06-13 12:12:00,session_end,unknown,2026-06-13,12
U01858,2026-03-15 20:17:00,session_end,web,2026-03-15,20
U01858,2026-03-10 19:05:00,login,mobile,2026-03-10,19
U01858,2026-03-17 23:14:00,login,web,2026-03-17,23
U01858,2026-03-10 16:32:00,login,unknown,2026-03-10,16
U01858,2026-03-18 04:57:00,session_end,mobile,2026-03-18,4
U01858,2026-03-09 12:41:00,login,web,2026-03-09,12
U01858,2026-03-19 13:05:00,page_view,web,2026-03-19,13
U01859,2026-01-29 10:58:00,session_end,unknown,2026-01-29,10
U01859,2026-01-29 06:01:00,page_view,mobile,2026-01-29,6
U01859,2026-02-02 13:05:00,login,web,2026-02-02,13
U01859,2026-02-05 21:54:00,logout,web,2026-02-05,21
U01859,2026-01-25 13:29:00,session_end,web,2026-01-25,13
U01859,2026-02-03 21:10:00,page_view,web,2026-02-03,21
U01860,2026-03-30 14:38:00,logout,web,2026-03-30,14
U01861,2026-01-20 10:54:00,login,web,2026-01-20,10
U01861,2026-01-28 02:35:00,session_end,web,2026-01-28,2
U01861,2026-01-23 20:10:00,session_end,web,2026-01-23,20
U01861,2026-01-21 16:19:00,session_end,unknown,2026-01-21,16
U01861,2026-01-20 18:16:00,login,web,2026-01-20,18
U01861,2026-01-25 05:26:00,login,unknown,2026-01-25,5
U01861,2026-01-21 23:34:00,logout,web,2026-01-21,23
U01862,2026-06-01 15:42:00,login,web,2026-06-01,15
U01862,2026-05-31 01:35:00,page_view,web,2026-05-31,1
U01862,2026-05-23 14:51:00,login,web,2026-05-23,14
U01862,2026-05-27 15:18:00,logout,mobile,2026-05-27,15
U01863,2026-03-13 21:42:00,login,unknown,2026-03-13,21
U01863,2026-03-06 21:09:00,page_view,mobile,2026-03-06,21
U01863,2026-03-06 11:52:00,page_view,web,2026-03-06,11
U01863,2026-03-14 20:26:00,session_end,web,2026-03-14,20
U01863,2026-03-12 22:35:00,login,unknown,2026-03-12,22
U01863,2026-03-14 19:46:00,login,web,2026-03-14,19
U01864,2026-06-16 10:44:00,page_view,web,2026-06-16,10
U01865,2026-01-08 06:24:00,logout,mobile,2026-01-08,6
U01865,2026-01-10 22:11:00,login,web,2026-01-10,22
U01866,2026-04-14 15:43:00,login,web,2026-04-14,15
U01866,2026-04-04 11:07:00,session_end,web,2026-04-04,11
U01866,2026-04-08 20:28:00,login,web,2026-04-08,20
U01866,2026-04-13 08:49:00,session_start,web,2026-04-13,8
U01866,2026-04-11 11:51:00,session_start,unknown,2026-04-11,11
U01866,2026-04-16 05:53:00,login,unknown,2026-04-16,5
U01867,2026-03-13 09:29:00,session_start,mobile,2026-03-13,9
U01867,2026-03-20 01:43:00,session_end,mobile,2026-03-20,1
U01867,2026-03-11 14:08:00,page_view,web,2026-03-11,14
U01867,2026-03-15 03:54:00,logout,web,2026-03-15,3
U01867,2026-03-06 22:44:00,logout,unknown,2026-03-06,22
U01867,2026-03-09 08:41:00,session_start,web,2026-03-09,8
U01867,2026-03-16 21:05:00,session_end,web,2026-03-16,21
U01868,2026-05-06 08:56:00,logout,mobile,2026-05-06,8
U01868,2026-04-23 21:09:00,login,mobile,2026-04-23,21
U01868,2026-04-23 10:49:00,logout,unknown,2026-04-23,10
U01868,2026-05-07 11:29:00,login,mobile,2026-05-07,11
U01868,2026-05-05 13:35:00,logout,mobile,2026-05-05,13
U01868,2026-05-07 16:54:00,session_start,unknown,2026-05-07,16
U01868,2026-04-28 14:23:00,page_view,web,2026-04-28,14
U01868,2026-04-28 04:21:00,session_end,unknown,2026-04-28,4
U01869,2026-05-27 10:24:00,session_end,web,2026-05-27,10
U01869,2026-05-19 23:27:00,logout,unknown,2026-05-19,23
U01869,2026-05-23 16:30:00,session_end,mobile,2026-05-23,16
U01869,2026-05-29 12:19:00,logout,unknown,2026-05-29,12
U01869,2026-05-20 07:02:00,login,web,2026-05-20,7
U01870,2026-02-20 10:22:00,login,unknown,2026-02-20,10
U01870,2026-02-28 08:21:00,logout,mobile,2026-02-28,8
U01870,2026-02-21 09:28:00,session_end,web,2026-02-21,9
U01870,2026-02-20 18:16:00,page_view,web,2026-02-20,18
U01870,2026-02-22 14:00:00,login,web,2026-02-22,14
U01870,2026-03-01 22:19:00,login,web,2026-03-01,22
U01870,2026-02-23 21:47:00,session_start,mobile,2026-02-23,21
U01871,2026-04-12 06:30:00,login,unknown,2026-04-12,6
U01871,2026-04-09 10:41:00,login,web,2026-04-09,10
U01871,2026-04-08 03:37:00,session_start,web,2026-04-08,3
U01871,2026-04-03 17:41:00,session_start,web,2026-04-03,17
U01872,2026-05-10 19:22:00,login,web,2026-05-10,19
U01872,2026-05-02 05:36:00,session_end,web,2026-05-02,5
U01872,2026-05-10 06:15:00,page_view,mobile,2026-05-10,6
U01872,2026-05-04 02:39:00,page_view,unknown,2026-05-04,2
U01872,2026-05-13 14:46:00,login,web,2026-05-13,14
U01873,2026-05-30 00:55:00,login,unknown,2026-05-30,0
U01873,2026-05-29 22:50:00,session_start,web,2026-05-29,22
U01873,2026-06-04 06:24:00,login,web,2026-06-04,6
U01873,2026-05-30 19:00:00,logout,web,2026-05-30,19
U01873,2026-05-31 04:28:00,login,web,2026-05-31,4
U01873,2026-05-25 21:26:00,session_end,web,2026-05-25,21
U01874,2026-05-23 08:38:00,login,web,2026-05-23,8
U01874,2026-05-28 15:24:00,page_view,mobile,2026-05-28,15
U01874,2026-05-27 16:26:00,login,unknown,2026-05-27,16
U01874,2026-05-26 23:05:00,page_view,unknown,2026-05-26,23
U01874,2026-05-28 14:24:00,login,web,2026-05-28,14
U01874,2026-05-24 21:03:00,session_end,web,2026-05-24,21
U01874,2026-05-19 02:50:00,session_end,unknown,2026-05-19,2
U01874,2026-05-26 10:10:00,page_view,web,2026-05-26,10
U01874,2026-05-30 22:28:00,logout,web,2026-05-30,22
U01875,2026-03-27 00:55:00,login,mobile,2026-03-27,0
U01875,2026-03-27 02:08:00,session_start,web,2026-03-27,2
U01875,2026-03-22 10:44:00,logout,unknown,2026-03-22,10
U01876,2026-04-08 01:08:00,page_view,web,2026-04-08,1
U01876,2026-04-18 10:39:00,login,unknown,2026-04-18,10
U01876,2026-04-10 18:20:00,login,web,2026-04-10,18
U01876,2026-04-14 05:26:00,session_end,web,2026-04-14,5
U01876,2026-04-07 01:31:00,session_end,mobile,2026-04-07,1
U01876,2026-04-11 06:06:00,logout,mobile,2026-04-11,6
U01877,2026-06-18 18:58:00,login,web,2026-06-18,18
U01877,2026-06-15 23:15:00,logout,web,2026-06-15,23
U01877,2026-06-18 18:45:00,login,mobile,2026-06-18,18
U01877,2026-06-15 11:44:00,session_end,web,2026-06-15,11
U01877,2026-06-24 05:18:00,login,web,2026-06-24,5
U01877,2026-06-26 15:04:00,login,unknown,2026-06-26,15
U01877,2026-06-15 22:29:00,login,mobile,2026-06-15,22
U01878,2026-02-22 03:58:00,logout,web,2026-02-22,3
U01878,2026-02-26 04:32:00,logout,unknown,2026-02-26,4
U01878,2026-02-20 04:31:00,page_view,web,2026-02-20,4
U01878,2026-02-19 06:06:00,session_start,web,2026-02-19,6
U01878,2026-02-27 01:08:00,session_end,web,2026-02-27,1
U01878,2026-02-17 12:00:00,logout,unknown,2026-02-17,12
U01879,2026-04-10 07:53:00,login,web,2026-04-10,7
U01879,2026-04-07 06:17:00,page_view,unknown,2026-04-07,6
U01879,2026-04-04 05:41:00,page_view,unknown,2026-04-04,5
U01880,2026-03-27 07:46:00,login,unknown,2026-03-27,7
U01880,2026-03-28 02:45:00,session_start,mobile,2026-03-28,2
U01880,2026-04-02 17:42:00,session_start,web,2026-04-02,17
U01880,2026-04-05 05:21:00,login,web,2026-04-05,5
U01880,2026-03-29 23:46:00,login,web,2026-03-29,23
U01880,2026-04-03 20:46:00,login,web,2026-04-03,20
U01880,2026-04-06 03:30:00,login,mobile,2026-04-06,3
U01880,2026-04-03 12:59:00,session_end,web,2026-04-03,12
U01880,2026-03-24 08:46:00,page_view,web,2026-03-24,8
U01881,2026-04-18 11:10:00,session_start,web,2026-04-18,11
U01881,2026-04-20 04:52:00,page_view,mobile,2026-04-20,4
U01881,2026-04-15 09:41:00,session_start,mobile,2026-04-15,9
U01881,2026-04-24 05:16:00,login,web,2026-04-24,5
U01881,2026-04-24 23:59:00,login,mobile,2026-04-24,23
U01881,2026-04-10 12:57:00,login,web,2026-04-10,12
U01881,2026-04-13 19:01:00,login,web,2026-04-13,19
U01882,2026-05-27 20:33:00,session_end,mobile,2026-05-27,20
U01882,2026-05-29 11:54:00,page_view,mobile,2026-05-29,11
U01882,2026-05-25 08:03:00,session_end,unknown,2026-05-25,8
U01883,2026-03-14 11:26:00,session_end,mobile,2026-03-14,11
U01883,2026-03-17 10:23:00,login,unknown,2026-03-17,10
U01883,2026-03-17 16:23:00,session_end,web,2026-03-17,16
U01883,2026-03-22 04:35:00,login,mobile,2026-03-22,4
U01884,2026-06-23 18:49:00,session_start,web,2026-06-23,18
U01884,2026-06-22 12:37:00,session_end,web,2026-06-22,12
U01884,2026-06-14 11:45:00,login,unknown,2026-06-14,11
U01884,2026-06-25 06:52:00,logout,mobile,2026-06-25,6
U01884,2026-06-28 16:00:00,session_start,mobile,2026-06-28,16
U01884,2026-06-20 20:24:00,login,web,2026-06-20,20
U01885,2026-01-25 09:16:00,session_start,web,2026-01-25,9
U01885,2026-01-25 03:29:00,logout,web,2026-01-25,3
U01885,2026-01-25 10:26:00,page_view,unknown,2026-01-25,10
U01885,2026-01-30 10:33:00,session_end,web,2026-01-30,10
U01885,2026-02-04 12:20:00,session_end,unknown,2026-02-04,12
U01885,2026-02-07 18:31:00,logout,mobile,2026-02-07,18
U01885,2026-01-27 06:10:00,login,mobile,2026-01-27,6
U01885,2026-01-25 08:15:00,login,web,2026-01-25,8
U01885,2026-01-31 07:44:00,login,web,2026-01-31,7
U01885,2026-02-07 01:52:00,session_start,unknown,2026-02-07,1
U01885,2026-02-07 03:47:00,logout,mobile,2026-02-07,3
U01885,2026-01-31 07:21:00,session_end,web,2026-01-31,7
U01885,2026-02-06 21:51:00,logout,web,2026-02-06,21
U01886,2026-01-25 09:45:00,login,web,2026-01-25,9
U01886,2026-01-25 04:35:00,session_start,web,2026-01-25,4
U01886,2026-01-14 04:13:00,login,unknown,2026-01-14,4
U01886,2026-01-22 03:17:00,login,mobile,2026-01-22,3
U01886,2026-01-22 09:59:00,login,web,2026-01-22,9
U01887,2026-02-23 04:16:00,page_view,mobile,2026-02-23,4
U01888,2026-02-21 09:15:00,login,mobile,2026-02-21,9
U01888,2026-02-22 22:08:00,logout,web,2026-02-22,22
U01888,2026-02-19 00:06:00,login,mobile,2026-02-19,0
U01888,2026-02-26 16:38:00,login,mobile,2026-02-26,16
U01888,2026-02-23 21:15:00,login,web,2026-02-23,21
U01888,2026-03-01 18:53:00,session_start,web,2026-03-01,18
U01889,2026-06-07 07:21:00,login,mobile,2026-06-07,7
U01889,2026-06-05 10:24:00,login,unknown,2026-06-05,10
U01889,2026-06-02 05:37:00,login,web,2026-06-02,5
U01889,2026-06-02 23:31:00,logout,unknown,2026-06-02,23
U01889,2026-05-31 01:57:00,logout,unknown,2026-05-31,1
U01889,2026-06-03 18:59:00,login,mobile,2026-06-03,18
U01889,2026-06-02 02:57:00,login,web,2026-06-02,2
U01890,2026-05-14 06:00:00,page_view,unknown,2026-05-14,6
U01890,2026-05-06 19:03:00,session_start,mobile,2026-05-06,19
U01890,2026-05-20 07:24:00,login,mobile,2026-05-20,7
U01890,2026-05-13 06:58:00,login,web,2026-05-13,6
U01890,2026-05-12 15:53:00,page_view,mobile,2026-05-12,15
U01890,2026-05-12 02:31:00,page_view,mobile,2026-05-12,2
U01890,2026-05-12 05:37:00,login,web,2026-05-12,5
U01890,2026-05-11 19:42:00,session_end,unknown,2026-05-11,19
U01890,2026-05-17 14:55:00,session_start,mobile,2026-05-17,14
U01890,2026-05-14 23:47:00,login,web,2026-05-14,23
U01890,2026-05-09 16:09:00,login,web,2026-05-09,16
U01891,2026-06-07 05:38:00,login,mobile,2026-06-07,5
U01891,2026-06-03 05:33:00,logout,mobile,2026-06-03,5
U01891,2026-06-04 16:46:00,logout,web,2026-06-04,16
U01891,2026-06-04 16:59:00,login,mobile,2026-06-04,16
U01891,2026-06-12 05:13:00,login,web,2026-06-12,5
U01891,2026-06-07 04:31:00,page_view,web,2026-06-07,4
U01892,2026-04-16 18:55:00,page_view,web,2026-04-16,18
U01892,2026-04-18 01:56:00,page_view,web,2026-04-18,1
U01892,2026-04-08 09:04:00,login,web,2026-04-08,9
U01892,2026-04-09 05:11:00,session_end,mobile,2026-04-09,5
U01892,2026-04-08 11:24:00,session_start,web,2026-04-08,11
U01892,2026-04-12 21:52:00,page_view,mobile,2026-04-12,21
U01893,2026-01-28 22:14:00,logout,web,2026-01-28,22
U01893,2026-01-19 08:26:00,login,mobile,2026-01-19,8
U01893,2026-01-22 20:29:00,login,web,2026-01-22,20
U01893,2026-01-24 06:54:00,login,mobile,2026-01-24,6
U01893,2026-01-22 22:33:00,session_start,web,2026-01-22,22
U01893,2026-01-31 19:05:00,page_view,web,2026-01-31,19
U01893,2026-01-24 07:48:00,login,web,2026-01-24,7
U01893,2026-01-24 17:30:00,login,web,2026-01-24,17
U01893,2026-01-19 16:44:00,login,web,2026-01-19,16
U01893,2026-01-31 15:08:00,login,mobile,2026-01-31,15
U01894,2026-02-01 22:43:00,login,web,2026-02-01,22
U01894,2026-01-21 15:00:00,session_end,unknown,2026-01-21,15
U01894,2026-02-03 02:35:00,session_start,web,2026-02-03,2
U01894,2026-01-29 09:25:00,page_view,unknown,2026-01-29,9
U01894,2026-01-25 14:46:00,page_view,web,2026-01-25,14
U01894,2026-01-23 23:39:00,login,web,2026-01-23,23
U01895,2026-04-11 07:47:00,login,unknown,2026-04-11,7
U01895,2026-04-16 11:02:00,session_end,unknown,2026-04-16,11
U01895,2026-04-12 04:42:00,logout,mobile,2026-04-12,4
U01896,2026-04-24 21:00:00,page_view,mobile,2026-04-24,21
U01896,2026-04-22 04:43:00,page_view,web,2026-04-22,4
U01896,2026-04-29 20:42:00,page_view,web,2026-04-29,20
U01896,2026-05-01 20:06:00,logout,web,2026-05-01,20
U01896,2026-04-28 21:03:00,logout,web,2026-04-28,21
U01896,2026-04-22 23:26:00,login,web,2026-04-22,23
U01896,2026-04-18 04:27:00,page_view,unknown,2026-04-18,4
U01896,2026-04-24 13:57:00,page_view,web,2026-04-24,13
U01896,2026-04-29 20:59:00,session_end,web,2026-04-29,20
U01897,2026-06-07 23:20:00,session_end,unknown,2026-06-07,23
U01897,2026-06-11 15:02:00,login,mobile,2026-06-11,15
U01897,2026-06-13 08:10:00,logout,web,2026-06-13,8
U01897,2026-06-20 10:48:00,login,mobile,2026-06-20,10
U01897,2026-06-07 13:20:00,login,mobile,2026-06-07,13
U01897,2026-06-09 13:40:00,login,web,2026-06-09,13
U01897,2026-06-10 09:55:00,login,mobile,2026-06-10,9
U01897,2026-06-14 02:22:00,login,web,2026-06-14,2
U01898,2026-01-22 03:02:00,session_end,web,2026-01-22,3
U01898,2026-01-24 21:53:00,session_start,mobile,2026-01-24,21
U01898,2026-01-29 00:39:00,page_view,web,2026-01-29,0
U01898,2026-01-22 23:04:00,page_view,mobile,2026-01-22,23
U01898,2026-01-21 11:10:00,page_view,unknown,2026-01-21,11
U01898,2026-01-23 18:28:00,login,unknown,2026-01-23,18
U01898,2026-01-27 14:03:00,session_start,unknown,2026-01-27,14
U01899,2026-03-07 20:42:00,session_start,web,2026-03-07,20
U01899,2026-03-01 05:32:00,session_start,mobile,2026-03-01,5
U01899,2026-02-25 14:42:00,page_view,web,2026-02-25,14
U01899,2026-03-04 16:05:00,page_view,web,2026-03-04,16
U01899,2026-03-08 02:46:00,login,web,2026-03-08,2
U01899,2026-02-27 09:53:00,login,web,2026-02-27,9
U01900,2026-01-31 12:38:00,page_view,web,2026-01-31,12
U01900,2026-01-28 03:07:00,page_view,unknown,2026-01-28,3
U01900,2026-01-30 22:37:00,page_view,web,2026-01-30,22
U01900,2026-01-26 08:16:00,session_end,web,2026-01-26,8
U01900,2026-02-08 01:42:00,logout,web,2026-02-08,1
U01900,2026-02-02 05:44:00,login,web,2026-02-02,5
U01900,2026-02-06 09:58:00,session_end,mobile,2026-02-06,9
U01900,2026-01-26 09:36:00,session_end,mobile,2026-01-26,9
U01901,2026-05-17 22:26:00,login,web,2026-05-17,22
U01901,2026-05-31 08:05:00,login,web,2026-05-31,8
U01901,2026-05-17 14:02:00,page_view,web,2026-05-17,14
U01901,2026-05-27 06:04:00,login,web,2026-05-27,6
U01901,2026-05-22 00:13:00,login,web,2026-05-22,0
U01901,2026-05-28 16:32:00,session_start,web,2026-05-28,16
U01901,2026-05-17 12:26:00,login,unknown,2026-05-17,12
U01901,2026-05-24 11:41:00,login,web,2026-05-24,11
U01901,2026-05-18 08:33:00,login,web,2026-05-18,8
U01901,2026-05-31 02:21:00,session_start,web,2026-05-31,2
U01901,2026-05-26 11:07:00,login,mobile,2026-05-26,11
U01901,2026-05-31 14:30:00,login,mobile,2026-05-31,14
U01902,2026-02-20 10:49:00,login,unknown,2026-02-20,10
U01902,2026-02-20 03:21:00,login,web,2026-02-20,3
U01902,2026-02-20 22:27:00,login,unknown,2026-02-20,22
U01902,2026-03-04 03:16:00,login,web,2026-03-04,3
U01902,2026-02-28 06:16:00,login,web,2026-02-28,6
U01902,2026-02-25 03:41:00,logout,unknown,2026-02-25,3
U01903,2026-03-10 00:40:00,login,unknown,2026-03-10,0
U01903,2026-03-07 10:22:00,login,web,2026-03-07,10
U01903,2026-03-18 22:02:00,session_start,mobile,2026-03-18,22
U01903,2026-03-12 02:11:00,login,web,2026-03-12,2
U01903,2026-03-12 04:20:00,page_view,web,2026-03-12,4
U01903,2026-03-13 20:19:00,login,mobile,2026-03-13,20
U01903,2026-03-09 00:35:00,session_end,unknown,2026-03-09,0
U01903,2026-03-16 01:47:00,session_end,unknown,2026-03-16,1
U01904,2026-02-25 18:08:00,login,mobile,2026-02-25,18
U01904,2026-02-28 07:26:00,login,web,2026-02-28,7
U01904,2026-02-25 00:59:00,session_end,mobile,2026-02-25,0
U01904,2026-02-27 02:53:00,logout,web,2026-02-27,2
U01904,2026-02-27 22:53:00,login,web,2026-02-27,22
U01904,2026-02-15 19:39:00,page_view,web,2026-02-15,19
U01904,2026-02-17 23:55:00,session_end,unknown,2026-02-17,23
U01904,2026-02-26 03:50:00,session_end,mobile,2026-02-26,3
U01904,2026-02-25 22:54:00,logout,mobile,2026-02-25,22
U01904,2026-02-23 16:28:00,logout,web,2026-02-23,16
U01904,2026-02-26 02:21:00,page_view,web,2026-02-26,2
U01904,2026-02-24 04:51:00,login,web,2026-02-24,4
U01904,2026-02-25 06:19:00,page_view,web,2026-02-25,6
U01904,2026-02-28 01:09:00,session_start,unknown,2026-02-28,1
U01904,2026-02-19 20:11:00,session_start,mobile,2026-02-19,20
U01904,2026-02-23 22:27:00,page_view,unknown,2026-02-23,22
U01904,2026-02-28 13:57:00,login,web,2026-02-28,13
U01905,2026-06-06 02:02:00,login,web,2026-06-06,2
U01905,2026-06-04 05:36:00,page_view,mobile,2026-06-04,5
U01905,2026-06-03 14:09:00,logout,web,2026-06-03,14
U01905,2026-05-26 00:47:00,session_start,unknown,2026-05-26,0
U01905,2026-05-30 15:39:00,session_end,mobile,2026-05-30,15
U01905,2026-06-02 12:29:00,session_start,web,2026-06-02,12
U01905,2026-05-23 15:00:00,session_end,mobile,2026-05-23,15
U01905,2026-05-27 01:32:00,session_end,mobile,2026-05-27,1
U01905,2026-06-02 11:05:00,page_view,mobile,2026-06-02,11
U01906,2026-06-16 23:48:00,login,web,2026-06-16,23
U01906,2026-06-20 18:11:00,login,mobile,2026-06-20,18
U01906,2026-06-23 07:50:00,session_start,unknown,2026-06-23,7
U01906,2026-06-14 22:24:00,page_view,mobile,2026-06-14,22
U01906,2026-06-13 02:28:00,logout,mobile,2026-06-13,2
U01906,2026-06-22 10:46:00,login,mobile,2026-06-22,10
U01906,2026-06-19 20:53:00,logout,unknown,2026-06-19,20
U01907,2026-04-20 21:35:00,logout,unknown,2026-04-20,21
U01907,2026-04-29 13:49:00,login,web,2026-04-29,13
U01908,2026-03-01 00:35:00,login,web,2026-03-01,0
U01908,2026-02-26 07:39:00,login,mobile,2026-02-26,7
U01908,2026-02-26 20:42:00,session_start,unknown,2026-02-26,20
U01909,2026-05-24 15:13:00,logout,unknown,2026-05-24,15
U01909,2026-05-10 16:26:00,login,mobile,2026-05-10,16
U01909,2026-05-13 18:38:00,page_view,web,2026-05-13,18
U01909,2026-05-10 12:25:00,page_view,unknown,2026-05-10,12
U01909,2026-05-20 15:27:00,login,web,2026-05-20,15
U01910,2026-02-15 00:33:00,page_view,web,2026-02-15,0
U01910,2026-02-20 01:21:00,logout,web,2026-02-20,1
U01910,2026-02-20 19:03:00,session_end,mobile,2026-02-20,19
U01910,2026-02-10 13:40:00,session_end,mobile,2026-02-10,13
U01910,2026-02-15 01:44:00,page_view,web,2026-02-15,1
U01910,2026-02-15 11:57:00,session_start,web,2026-02-15,11
U01910,2026-02-14 02:37:00,session_end,web,2026-02-14,2
U01911,2026-05-06 02:54:00,login,web,2026-05-06,2
U01911,2026-04-27 13:04:00,session_start,web,2026-04-27,13
U01911,2026-04-29 00:44:00,login,web,2026-04-29,0
U01911,2026-05-01 12:05:00,session_end,web,2026-05-01,12
U01911,2026-05-06 20:32:00,login,web,2026-05-06,20
U01911,2026-05-03 17:13:00,session_start,unknown,2026-05-03,17
U01911,2026-05-02 08:39:00,login,mobile,2026-05-02,8
U01911,2026-04-26 02:28:00,session_start,web,2026-04-26,2
U01912,2026-05-30 22:05:00,login,unknown,2026-05-30,22
U01912,2026-05-27 14:21:00,login,web,2026-05-27,14
U01912,2026-06-01 21:50:00,login,web,2026-06-01,21
U01912,2026-05-24 15:21:00,page_view,mobile,2026-05-24,15
U01912,2026-06-01 03:21:00,logout,unknown,2026-06-01,3
U01912,2026-05-26 20:42:00,logout,mobile,2026-05-26,20
U01913,2026-06-26 05:39:00,login,web,2026-06-26,5
U01913,2026-06-23 17:15:00,logout,unknown,2026-06-23,17
U01913,2026-06-12 06:37:00,login,mobile,2026-06-12,6
U01913,2026-06-18 15:18:00,session_end,unknown,2026-06-18,15
U01913,2026-06-19 11:56:00,session_start,unknown,2026-06-19,11
U01913,2026-06-17 06:49:00,logout,web,2026-06-17,6
U01913,2026-06-13 10:15:00,login,unknown,2026-06-13,10
U01913,2026-06-16 06:38:00,login,unknown,2026-06-16,6
U01913,2026-06-12 16:06:00,login,web,2026-06-12,16
U01913,2026-06-19 17:02:00,logout,web,2026-06-19,17
U01913,2026-06-15 15:34:00,login,web,2026-06-15,15
U01913,2026-06-13 00:15:00,page_view,mobile,2026-06-13,0
U01913,2026-06-24 00:32:00,login,mobile,2026-06-24,0
U01913,2026-06-16 03:52:00,logout,unknown,2026-06-16,3
U01913,2026-06-12 19:43:00,session_end,web,2026-06-12,19
U01913,2026-06-21 14:22:00,session_start,web,2026-06-21,14
U01914,2026-06-06 12:25:00,login,web,2026-06-06,12
U01914,2026-06-12 12:16:00,login,web,2026-06-12,12
U01914,2026-06-19 19:03:00,login,mobile,2026-06-19,19
U01914,2026-06-17 18:18:00,page_view,unknown,2026-06-17,18
U01914,2026-06-16 02:27:00,page_view,mobile,2026-06-16,2
U01914,2026-06-07 22:10:00,session_start,unknown,2026-06-07,22
U01915,2026-05-22 13:06:00,login,web,2026-05-22,13
U01915,2026-05-24 20:50:00,logout,web,2026-05-24,20
U01915,2026-05-22 23:24:00,login,mobile,2026-05-22,23
U01915,2026-05-28 20:19:00,logout,unknown,2026-05-28,20
U01915,2026-05-25 23:21:00,session_end,mobile,2026-05-25,23
U01915,2026-06-03 02:45:00,session_end,web,2026-06-03,2
U01915,2026-05-26 17:32:00,logout,unknown,2026-05-26,17
U01915,2026-06-03 08:55:00,session_end,mobile,2026-06-03,8
U01916,2026-03-20 06:42:00,session_end,unknown,2026-03-20,6
U01916,2026-03-11 11:12:00,session_end,web,2026-03-11,11
U01916,2026-03-15 01:11:00,login,web,2026-03-15,1
U01916,2026-03-15 14:26:00,login,web,2026-03-15,14
U01916,2026-03-11 08:14:00,page_view,mobile,2026-03-11,8
U01917,2026-04-22 21:49:00,session_start,mobile,2026-04-22,21
U01917,2026-04-18 20:41:00,login,web,2026-04-18,20
U01917,2026-04-20 10:28:00,login,mobile,2026-04-20,10
U01917,2026-04-24 23:29:00,session_end,web,2026-04-24,23
U01918,2026-01-16 12:48:00,login,web,2026-01-16,12
U01918,2026-01-17 22:13:00,page_view,web,2026-01-17,22
U01918,2026-01-11 22:36:00,login,web,2026-01-11,22
U01918,2026-01-11 09:59:00,session_end,mobile,2026-01-11,9
U01919,2026-01-15 15:34:00,logout,web,2026-01-15,15
U01919,2026-01-07 06:18:00,session_start,web,2026-01-07,6
U01919,2026-01-10 02:50:00,login,web,2026-01-10,2
U01920,2026-03-31 13:31:00,session_start,web,2026-03-31,13
U01920,2026-04-01 16:59:00,session_end,unknown,2026-04-01,16
U01921,2026-02-24 02:01:00,session_start,unknown,2026-02-24,2
U01921,2026-03-09 10:32:00,session_end,unknown,2026-03-09,10
U01921,2026-03-04 21:10:00,page_view,web,2026-03-04,21
U01921,2026-02-26 23:23:00,logout,unknown,2026-02-26,23
U01921,2026-03-01 17:08:00,logout,mobile,2026-03-01,17
U01921,2026-03-04 10:16:00,page_view,web,2026-03-04,10
U01921,2026-03-06 21:19:00,page_view,web,2026-03-06,21
U01921,2026-03-06 10:01:00,page_view,mobile,2026-03-06,10
U01921,2026-03-10 18:35:00,session_start,mobile,2026-03-10,18
U01922,2026-05-30 06:47:00,login,unknown,2026-05-30,6
U01922,2026-05-28 19:48:00,login,web,2026-05-28,19
U01922,2026-05-26 09:38:00,session_end,unknown,2026-05-26,9
U01922,2026-05-22 04:38:00,page_view,unknown,2026-05-22,4
U01922,2026-06-03 10:14:00,login,mobile,2026-06-03,10
U01922,2026-06-04 02:22:00,page_view,mobile,2026-06-04,2
U01922,2026-05-22 15:01:00,session_start,web,2026-05-22,15
U01922,2026-05-31 01:50:00,login,unknown,2026-05-31,1
U01922,2026-05-30 13:01:00,login,web,2026-05-30,13
U01922,2026-05-22 16:45:00,logout,mobile,2026-05-22,16
U01922,2026-06-05 07:59:00,login,web,2026-06-05,7
U01923,2026-05-28 05:38:00,session_end,mobile,2026-05-28,5
U01923,2026-06-05 20:47:00,login,web,2026-06-05,20
U01923,2026-05-31 02:32:00,login,mobile,2026-05-31,2
U01923,2026-06-08 15:35:00,session_end,web,2026-06-08,15
U01923,2026-05-31 20:31:00,logout,web,2026-05-31,20
U01923,2026-05-29 11:01:00,session_start,web,2026-05-29,11
U01923,2026-05-30 16:54:00,login,web,2026-05-30,16
U01924,2026-01-23 06:38:00,login,web,2026-01-23,6
U01924,2026-01-20 22:51:00,login,unknown,2026-01-20,22
U01925,2026-02-17 13:28:00,session_start,web,2026-02-17,13
U01925,2026-02-14 00:02:00,logout,web,2026-02-14,0
U01926,2026-06-02 23:20:00,session_start,unknown,2026-06-02,23
U01926,2026-06-10 01:41:00,login,unknown,2026-06-10,1
U01926,2026-06-12 14:13:00,login,unknown,2026-06-12,14
U01926,2026-05-31 08:11:00,login,unknown,2026-05-31,8
U01926,2026-06-03 02:22:00,logout,web,2026-06-03,2
U01926,2026-06-12 13:47:00,login,mobile,2026-06-12,13
U01926,2026-06-08 10:27:00,session_start,web,2026-06-08,10
U01926,2026-06-09 08:32:00,logout,mobile,2026-06-09,8
U01926,2026-06-10 08:41:00,login,unknown,2026-06-10,8
U01926,2026-06-03 17:21:00,login,unknown,2026-06-03,17
U01926,2026-06-07 05:44:00,session_start,web,2026-06-07,5
U01927,2026-03-18 15:30:00,login,web,2026-03-18,15
U01927,2026-03-19 12:04:00,login,unknown,2026-03-19,12
U01927,2026-03-07 02:31:00,page_view,web,2026-03-07,2
U01927,2026-03-19 02:38:00,session_start,web,2026-03-19,2
U01927,2026-03-07 23:03:00,login,mobile,2026-03-07,23
U01927,2026-03-12 13:43:00,session_end,mobile,2026-03-12,13
U01927,2026-03-21 21:21:00,session_end,unknown,2026-03-21,21
U01927,2026-03-20 04:28:00,session_end,mobile,2026-03-20,4
U01927,2026-03-17 17:30:00,session_start,unknown,2026-03-17,17
U01927,2026-03-13 10:16:00,login,mobile,2026-03-13,10
U01927,2026-03-10 09:30:00,logout,web,2026-03-10,9
U01927,2026-03-11 11:07:00,login,unknown,2026-03-11,11
U01928,2026-05-31 21:56:00,login,mobile,2026-05-31,21
U01928,2026-06-04 20:50:00,login,unknown,2026-06-04,20
U01928,2026-06-09 11:51:00,logout,unknown,2026-06-09,11
U01928,2026-06-01 05:36:00,login,unknown,2026-06-01,5
U01929,2026-03-04 11:24:00,login,unknown,2026-03-04,11
U01929,2026-03-02 08:21:00,page_view,web,2026-03-02,8
U01929,2026-02-25 07:49:00,login,mobile,2026-02-25,7
U01929,2026-03-06 14:23:00,session_end,web,2026-03-06,14
U01929,2026-03-02 07:25:00,page_view,web,2026-03-02,7
U01929,2026-03-07 05:11:00,page_view,web,2026-03-07,5
U01929,2026-03-10 18:16:00,session_start,web,2026-03-10,18
U01929,2026-03-02 08:56:00,login,unknown,2026-03-02,8
U01929,2026-03-10 12:22:00,session_end,mobile,2026-03-10,12
U01929,2026-03-06 21:49:00,page_view,web,2026-03-06,21
U01929,2026-02-26 17:46:00,page_view,unknown,2026-02-26,17
U01930,2026-03-31 22:55:00,session_end,mobile,2026-03-31,22
U01930,2026-04-07 14:03:00,login,mobile,2026-04-07,14
U01930,2026-04-02 17:21:00,page_view,mobile,2026-04-02,17
U01930,2026-04-07 16:28:00,login,web,2026-04-07,16
U01930,2026-04-06 22:33:00,login,web,2026-04-06,22
U01930,2026-04-04 20:49:00,login,mobile,2026-04-04,20
U01931,2026-05-28 04:52:00,session_end,unknown,2026-05-28,4
U01931,2026-06-11 22:15:00,session_end,web,2026-06-11,22
U01931,2026-06-01 08:55:00,logout,mobile,2026-06-01,8
U01931,2026-06-09 08:03:00,login,web,2026-06-09,8
U01931,2026-06-10 17:48:00,login,web,2026-06-10,17
U01931,2026-06-08 13:32:00,session_end,unknown,2026-06-08,13
U01931,2026-06-08 23:56:00,page_view,web,2026-06-08,23
U01931,2026-06-05 22:28:00,session_start,mobile,2026-06-05,22
U01932,2026-01-24 08:42:00,login,unknown,2026-01-24,8
U01932,2026-01-12 09:28:00,logout,unknown,2026-01-12,9
U01932,2026-01-11 03:22:00,session_start,unknown,2026-01-11,3
U01932,2026-01-13 15:50:00,session_end,web,2026-01-13,15
U01932,2026-01-15 13:07:00,logout,unknown,2026-01-15,13
U01932,2026-01-12 02:47:00,session_start,mobile,2026-01-12,2
U01932,2026-01-16 15:54:00,login,mobile,2026-01-16,15
U01932,2026-01-21 16:46:00,session_start,mobile,2026-01-21,16
U01932,2026-01-11 09:01:00,page_view,mobile,2026-01-11,9
U01933,2026-02-04 02:36:00,page_view,web,2026-02-04,2
U01933,2026-01-27 13:26:00,logout,web,2026-01-27,13
U01933,2026-01-27 05:19:00,page_view,unknown,2026-01-27,5
U01934,2026-04-09 23:34:00,session_end,unknown,2026-04-09,23
U01934,2026-04-07 12:11:00,page_view,web,2026-04-07,12
U01934,2026-04-08 04:11:00,login,unknown,2026-04-08,4
U01934,2026-04-09 20:40:00,login,mobile,2026-04-09,20
U01935,2026-02-04 15:25:00,page_view,unknown,2026-02-04,15
U01935,2026-02-07 01:43:00,session_start,web,2026-02-07,1
U01935,2026-02-06 14:05:00,page_view,web,2026-02-06,14
U01935,2026-02-08 21:36:00,login,unknown,2026-02-08,21
U01935,2026-02-09 04:21:00,session_start,web,2026-02-09,4
U01935,2026-02-11 05:12:00,login,mobile,2026-02-11,5
U01935,2026-02-09 16:03:00,login,mobile,2026-02-09,16
U01936,2026-01-07 02:14:00,logout,unknown,2026-01-07,2
U01936,2026-01-06 08:21:00,login,mobile,2026-01-06,8
U01936,2026-01-07 15:53:00,logout,web,2026-01-07,15
U01936,2026-01-04 11:56:00,login,mobile,2026-01-04,11
U01936,2026-01-16 05:04:00,session_end,web,2026-01-16,5
U01936,2026-01-16 18:21:00,login,unknown,2026-01-16,18
U01936,2026-01-04 19:00:00,session_start,web,2026-01-04,19
U01937,2026-04-14 14:30:00,page_view,unknown,2026-04-14,14
U01937,2026-04-18 19:12:00,logout,web,2026-04-18,19
U01937,2026-04-11 03:50:00,logout,unknown,2026-04-11,3
U01937,2026-04-22 09:20:00,login,mobile,2026-04-22,9
U01937,2026-04-11 12:56:00,login,mobile,2026-04-11,12
U01937,2026-04-13 10:00:00,logout,mobile,2026-04-13,10
U01938,2026-05-20 07:15:00,page_view,mobile,2026-05-20,7
U01938,2026-05-28 23:05:00,login,web,2026-05-28,23
U01939,2026-05-27 10:19:00,page_view,unknown,2026-05-27,10
U01939,2026-06-01 10:49:00,logout,web,2026-06-01,10
U01939,2026-05-29 18:37:00,page_view,web,2026-05-29,18
U01939,2026-06-07 18:48:00,logout,unknown,2026-06-07,18
U01939,2026-06-01 01:14:00,login,unknown,2026-06-01,1
U01940,2026-02-26 11:27:00,session_end,mobile,2026-02-26,11
U01940,2026-03-03 17:12:00,login,web,2026-03-03,17
U01940,2026-02-27 08:51:00,login,web,2026-02-27,8
U01940,2026-03-02 11:24:00,logout,mobile,2026-03-02,11
U01940,2026-03-10 12:55:00,session_start,mobile,2026-03-10,12
U01940,2026-03-04 16:27:00,login,unknown,2026-03-04,16
U01941,2026-04-21 09:42:00,login,web,2026-04-21,9
U01941,2026-04-25 18:32:00,login,web,2026-04-25,18
U01941,2026-04-21 12:59:00,login,mobile,2026-04-21,12
U01941,2026-04-23 13:55:00,session_start,mobile,2026-04-23,13
U01941,2026-04-20 04:40:00,login,unknown,2026-04-20,4
U01941,2026-04-24 22:50:00,login,web,2026-04-24,22
U01941,2026-04-13 18:18:00,login,mobile,2026-04-13,18
U01941,2026-04-23 02:05:00,session_end,mobile,2026-04-23,2
U01941,2026-04-15 14:16:00,login,web,2026-04-15,14
U01941,2026-04-11 13:38:00,page_view,unknown,2026-04-11,13
U01942,2026-05-18 05:03:00,session_end,mobile,2026-05-18,5
U01942,2026-05-18 15:08:00,logout,web,2026-05-18,15
U01942,2026-05-11 04:59:00,login,mobile,2026-05-11,4
U01942,2026-05-18 04:46:00,session_end,mobile,2026-05-18,4
U01942,2026-05-19 19:56:00,logout,web,2026-05-19,19
U01942,2026-05-11 11:56:00,login,web,2026-05-11,11
U01942,2026-05-19 11:19:00,session_start,unknown,2026-05-19,11
U01942,2026-05-11 13:35:00,logout,web,2026-05-11,13
U01942,2026-05-21 20:24:00,session_end,web,2026-05-21,20
U01942,2026-05-13 01:19:00,page_view,web,2026-05-13,1
U01942,2026-05-10 10:43:00,page_view,web,2026-05-10,10
U01943,2026-03-29 13:33:00,login,web,2026-03-29,13
U01943,2026-03-28 22:49:00,login,web,2026-03-28,22
U01944,2026-02-16 08:13:00,login,unknown,2026-02-16,8
U01944,2026-02-03 11:31:00,login,mobile,2026-02-03,11
U01944,2026-02-05 03:47:00,login,web,2026-02-05,3
U01944,2026-02-17 11:17:00,session_end,web,2026-02-17,11
U01944,2026-02-12 20:47:00,page_view,mobile,2026-02-12,20
U01944,2026-02-12 02:48:00,page_view,unknown,2026-02-12,2
U01945,2026-06-05 23:06:00,session_end,unknown,2026-06-05,23
U01945,2026-06-09 19:51:00,page_view,web,2026-06-09,19
U01946,2026-04-22 02:15:00,session_start,web,2026-04-22,2
U01946,2026-04-14 15:41:00,session_start,web,2026-04-14,15
U01946,2026-04-24 18:08:00,login,web,2026-04-24,18
U01946,2026-04-22 09:34:00,page_view,mobile,2026-04-22,9
U01947,2026-04-25 12:01:00,session_end,web,2026-04-25,12
U01947,2026-04-27 02:26:00,logout,web,2026-04-27,2
U01947,2026-04-14 02:21:00,logout,mobile,2026-04-14,2
U01947,2026-04-24 13:01:00,session_end,unknown,2026-04-24,13
U01947,2026-04-17 06:38:00,login,web,2026-04-17,6
U01948,2026-02-14 06:41:00,login,unknown,2026-02-14,6
U01948,2026-02-07 04:03:00,login,unknown,2026-02-07,4
U01948,2026-02-04 03:23:00,login,web,2026-02-04,3
U01948,2026-02-07 20:50:00,login,web,2026-02-07,20
U01948,2026-02-07 05:50:00,logout,web,2026-02-07,5
U01948,2026-02-10 23:11:00,login,web,2026-02-10,23
U01949,2026-05-18 09:38:00,session_start,web,2026-05-18,9
U01949,2026-05-09 13:17:00,session_end,web,2026-05-09,13
U01949,2026-05-10 11:06:00,page_view,unknown,2026-05-10,11
U01949,2026-05-14 23:13:00,login,web,2026-05-14,23
U01950,2026-05-27 10:57:00,logout,unknown,2026-05-27,10
U01950,2026-06-08 21:50:00,login,web,2026-06-08,21
U01950,2026-05-28 20:36:00,login,web,2026-05-28,20
U01950,2026-05-30 18:06:00,page_view,web,2026-05-30,18
U01950,2026-05-30 16:41:00,logout,web,2026-05-30,16
U01951,2026-06-18 12:52:00,logout,unknown,2026-06-18,12
U01951,2026-06-14 14:43:00,login,web,2026-06-14,14
U01951,2026-06-09 02:32:00,logout,web,2026-06-09,2
U01951,2026-06-17 16:54:00,session_start,web,2026-06-17,16
U01951,2026-06-11 22:12:00,session_end,web,2026-06-11,22
U01951,2026-06-09 18:00:00,login,mobile,2026-06-09,18
U01951,2026-06-12 17:53:00,page_view,web,2026-06-12,17
U01951,2026-06-14 16:50:00,login,web,2026-06-14,16
U01951,2026-06-10 15:01:00,login,unknown,2026-06-10,15
U01951,2026-06-14 06:48:00,login,mobile,2026-06-14,6
U01952,2026-03-04 11:35:00,logout,unknown,2026-03-04,11
U01952,2026-03-13 20:44:00,login,web,2026-03-13,20
U01952,2026-03-07 22:03:00,session_start,web,2026-03-07,22
U01952,2026-03-12 14:35:00,login,mobile,2026-03-12,14
U01952,2026-03-08 00:46:00,session_end,web,2026-03-08,0
U01952,2026-03-15 20:07:00,login,web,2026-03-15,20
U01952,2026-03-09 01:47:00,login,web,2026-03-09,1
U01952,2026-03-07 22:54:00,page_view,unknown,2026-03-07,22
U01952,2026-03-05 15:56:00,login,web,2026-03-05,15
U01953,2026-04-21 08:32:00,logout,web,2026-04-21,8
U01953,2026-04-25 23:42:00,login,mobile,2026-04-25,23
U01953,2026-05-01 06:42:00,login,web,2026-05-01,6
U01953,2026-04-21 23:37:00,login,web,2026-04-21,23
U01954,2026-01-25 10:20:00,login,unknown,2026-01-25,10
U01954,2026-01-25 10:53:00,login,unknown,2026-01-25,10
U01954,2026-01-24 08:17:00,login,mobile,2026-01-24,8
U01954,2026-02-02 22:48:00,page_view,unknown,2026-02-02,22
U01954,2026-01-23 02:58:00,logout,web,2026-01-23,2
U01954,2026-02-01 06:42:00,login,web,2026-02-01,6
U01954,2026-01-28 04:37:00,login,web,2026-01-28,4
U01955,2026-04-26 13:07:00,login,web,2026-04-26,13
U01955,2026-05-03 09:32:00,login,mobile,2026-05-03,9
U01955,2026-04-23 22:02:00,session_end,unknown,2026-04-23,22
U01955,2026-04-30 10:59:00,logout,mobile,2026-04-30,10
U01955,2026-05-03 21:26:00,logout,web,2026-05-03,21
U01955,2026-04-21 03:24:00,logout,unknown,2026-04-21,3
U01955,2026-04-30 18:19:00,session_end,web,2026-04-30,18
U01955,2026-05-03 22:54:00,page_view,web,2026-05-03,22
U01955,2026-04-19 02:04:00,login,mobile,2026-04-19,2
U01955,2026-04-22 22:01:00,login,unknown,2026-04-22,22
U01955,2026-04-26 18:52:00,session_start,web,2026-04-26,18
U01956,2026-02-23 20:24:00,page_view,unknown,2026-02-23,20
U01956,2026-03-04 07:11:00,login,mobile,2026-03-04,7
U01956,2026-02-24 16:19:00,login,web,2026-02-24,16
U01956,2026-02-21 09:18:00,session_start,mobile,2026-02-21,9
U01956,2026-02-20 16:01:00,page_view,unknown,2026-02-20,16
U01956,2026-02-22 21:38:00,page_view,web,2026-02-22,21
U01956,2026-02-23 06:32:00,page_view,web,2026-02-23,6
U01957,2026-06-07 23:39:00,login,web,2026-06-07,23
U01957,2026-06-11 23:17:00,login,web,2026-06-11,23
U01957,2026-06-08 17:14:00,session_start,mobile,2026-06-08,17
U01957,2026-06-07 14:31:00,login,web,2026-06-07,14
U01958,2026-03-20 22:32:00,session_start,mobile,2026-03-20,22
U01959,2026-06-14 09:59:00,login,web,2026-06-14,9
U01959,2026-06-20 11:37:00,login,web,2026-06-20,11
U01959,2026-06-18 14:57:00,logout,web,2026-06-18,14
U01959,2026-06-12 10:21:00,login,web,2026-06-12,10
U01959,2026-06-16 11:45:00,logout,web,2026-06-16,11
U01960,2026-02-09 19:27:00,login,mobile,2026-02-09,19
U01960,2026-02-17 10:08:00,login,web,2026-02-17,10
U01960,2026-02-14 06:08:00,session_end,web,2026-02-14,6
U01960,2026-02-09 08:49:00,session_end,unknown,2026-02-09,8
U01960,2026-02-21 20:42:00,login,web,2026-02-21,20
U01961,2026-03-11 05:01:00,login,web,2026-03-11,5
U01961,2026-03-11 14:11:00,session_start,web,2026-03-11,14
U01961,2026-03-13 03:41:00,page_view,mobile,2026-03-13,3
U01961,2026-03-12 08:09:00,login,web,2026-03-12,8
U01962,2026-04-16 10:53:00,session_start,web,2026-04-16,10
U01962,2026-04-09 03:18:00,login,unknown,2026-04-09,3
U01962,2026-04-08 23:23:00,login,web,2026-04-08,23
U01962,2026-04-09 01:56:00,login,web,2026-04-09,1
U01962,2026-04-19 02:14:00,login,web,2026-04-19,2
U01962,2026-04-07 03:13:00,login,web,2026-04-07,3
U01962,2026-04-12 09:53:00,login,mobile,2026-04-12,9
U01962,2026-04-07 09:15:00,session_start,unknown,2026-04-07,9
U01962,2026-04-14 21:55:00,page_view,web,2026-04-14,21
U01963,2026-02-11 11:21:00,page_view,mobile,2026-02-11,11
U01963,2026-02-09 04:57:00,session_start,unknown,2026-02-09,4
U01963,2026-01-29 21:08:00,session_start,web,2026-01-29,21
U01963,2026-02-09 09:36:00,session_start,unknown,2026-02-09,9
U01963,2026-02-07 20:30:00,session_end,unknown,2026-02-07,20
U01964,2026-03-15 05:22:00,session_start,unknown,2026-03-15,5
U01964,2026-03-14 09:04:00,login,mobile,2026-03-14,9
U01964,2026-03-09 00:54:00,session_start,unknown,2026-03-09,0
U01964,2026-03-16 09:39:00,session_end,unknown,2026-03-16,9
U01965,2026-03-22 05:44:00,session_start,unknown,2026-03-22,5
U01965,2026-03-18 06:36:00,session_start,web,2026-03-18,6
U01965,2026-03-15 14:07:00,login,web,2026-03-15,14
U01965,2026-03-22 10:03:00,page_view,web,2026-03-22,10
U01965,2026-03-25 05:08:00,login,web,2026-03-25,5
U01965,2026-03-16 04:56:00,logout,unknown,2026-03-16,4
U01966,2026-02-11 00:46:00,login,mobile,2026-02-11,0
U01966,2026-01-31 22:23:00,session_end,mobile,2026-01-31,22
U01966,2026-02-01 20:45:00,login,mobile,2026-02-01,20
U01966,2026-02-10 17:05:00,logout,web,2026-02-10,17
U01966,2026-02-01 06:07:00,session_start,web,2026-02-01,6
U01966,2026-02-04 12:47:00,logout,unknown,2026-02-04,12
U01967,2026-01-10 21:19:00,session_start,unknown,2026-01-10,21
U01967,2026-01-06 15:07:00,login,web,2026-01-06,15
U01967,2026-01-20 02:50:00,login,web,2026-01-20,2
U01967,2026-01-11 15:34:00,session_start,mobile,2026-01-11,15
U01967,2026-01-09 18:03:00,login,unknown,2026-01-09,18
U01967,2026-01-07 10:41:00,login,unknown,2026-01-07,10
U01967,2026-01-06 05:25:00,login,mobile,2026-01-06,5
U01967,2026-01-09 12:55:00,login,web,2026-01-09,12
U01967,2026-01-11 16:34:00,page_view,web,2026-01-11,16
U01967,2026-01-17 12:47:00,session_end,mobile,2026-01-17,12
U01967,2026-01-13 02:51:00,login,unknown,2026-01-13,2
U01968,2026-05-28 17:31:00,login,web,2026-05-28,17
U01968,2026-05-26 21:01:00,login,unknown,2026-05-26,21
U01968,2026-05-28 02:04:00,logout,unknown,2026-05-28,2
U01968,2026-05-26 08:40:00,login,web,2026-05-26,8
U01968,2026-05-18 01:09:00,page_view,unknown,2026-05-18,1
U01968,2026-05-31 08:49:00,session_end,web,2026-05-31,8
U01969,2026-05-22 08:19:00,login,unknown,2026-05-22,8
U01969,2026-05-29 06:25:00,session_start,unknown,2026-05-29,6
U01969,2026-05-20 09:19:00,session_end,unknown,2026-05-20,9
U01969,2026-06-01 23:29:00,login,web,2026-06-01,23
U01970,2026-05-29 16:04:00,session_start,web,2026-05-29,16
U01970,2026-05-29 05:47:00,session_start,unknown,2026-05-29,5
U01970,2026-05-31 07:18:00,logout,unknown,2026-05-31,7
U01970,2026-05-28 09:37:00,session_start,unknown,2026-05-28,9
U01970,2026-05-29 23:18:00,login,mobile,2026-05-29,23
U01970,2026-05-28 07:44:00,login,web,2026-05-28,7
U01970,2026-05-31 16:53:00,logout,web,2026-05-31,16
U01970,2026-05-26 13:31:00,login,web,2026-05-26,13
U01970,2026-05-22 06:50:00,login,web,2026-05-22,6
U01970,2026-05-31 20:22:00,login,unknown,2026-05-31,20
U01970,2026-05-30 14:40:00,logout,web,2026-05-30,14
U01970,2026-06-01 14:38:00,logout,web,2026-06-01,14
U01970,2026-05-28 14:41:00,login,web,2026-05-28,14
U01970,2026-05-31 20:23:00,login,mobile,2026-05-31,20
U01971,2026-02-06 00:04:00,session_start,mobile,2026-02-06,0
U01971,2026-02-07 08:06:00,login,unknown,2026-02-07,8
U01972,2026-01-07 11:37:00,login,web,2026-01-07,11
U01972,2026-01-15 05:36:00,page_view,web,2026-01-15,5
U01972,2026-01-11 14:44:00,login,web,2026-01-11,14
U01972,2026-01-05 11:23:00,login,mobile,2026-01-05,11
U01972,2026-01-10 03:31:00,session_start,web,2026-01-10,3
U01972,2026-01-15 17:22:00,session_start,web,2026-01-15,17
U01972,2026-01-07 20:25:00,login,mobile,2026-01-07,20
U01973,2026-01-24 23:17:00,login,unknown,2026-01-24,23
U01973,2026-01-16 04:32:00,page_view,mobile,2026-01-16,4
U01973,2026-01-24 04:01:00,login,mobile,2026-01-24,4
U01973,2026-01-12 08:04:00,login,unknown,2026-01-12,8
U01973,2026-01-16 18:25:00,login,unknown,2026-01-16,18
U01973,2026-01-14 12:21:00,login,web,2026-01-14,12
U01973,2026-01-25 21:06:00,page_view,web,2026-01-25,21
U01974,2026-03-22 14:26:00,login,unknown,2026-03-22,14
U01974,2026-03-21 07:28:00,login,web,2026-03-21,7
U01974,2026-03-14 01:36:00,login,mobile,2026-03-14,1
U01974,2026-03-15 23:36:00,login,unknown,2026-03-15,23
U01975,2026-06-19 19:12:00,logout,mobile,2026-06-19,19
U01975,2026-06-08 11:46:00,login,unknown,2026-06-08,11
U01975,2026-06-19 11:02:00,session_start,unknown,2026-06-19,11
U01975,2026-06-22 20:07:00,page_view,web,2026-06-22,20
U01975,2026-06-22 17:33:00,login,web,2026-06-22,17
U01976,2026-05-10 11:08:00,login,unknown,2026-05-10,11
U01976,2026-05-04 18:58:00,login,web,2026-05-04,18
U01976,2026-05-01 23:01:00,logout,web,2026-05-01,23
U01977,2026-01-30 21:10:00,login,unknown,2026-01-30,21
U01977,2026-01-25 12:47:00,login,web,2026-01-25,12
U01978,2026-04-03 13:09:00,login,mobile,2026-04-03,13
U01979,2026-03-17 11:07:00,page_view,unknown,2026-03-17,11
U01979,2026-03-21 03:38:00,session_start,unknown,2026-03-21,3
U01979,2026-03-25 05:56:00,session_end,unknown,2026-03-25,5
U01979,2026-03-16 10:33:00,session_start,web,2026-03-16,10
U01979,2026-03-19 02:17:00,page_view,mobile,2026-03-19,2
U01979,2026-03-20 05:11:00,login,unknown,2026-03-20,5
U01979,2026-03-29 01:57:00,login,mobile,2026-03-29,1
U01979,2026-03-17 21:02:00,session_start,unknown,2026-03-17,21
U01980,2026-03-03 05:09:00,session_end,unknown,2026-03-03,5
U01980,2026-03-05 19:59:00,session_end,web,2026-03-05,19
U01980,2026-03-15 16:36:00,login,unknown,2026-03-15,16
U01981,2026-03-29 09:10:00,session_end,unknown,2026-03-29,9
U01981,2026-03-22 02:31:00,logout,unknown,2026-03-22,2
U01981,2026-04-05 22:41:00,session_start,unknown,2026-04-05,22
U01981,2026-03-25 16:48:00,session_end,web,2026-03-25,16
U01981,2026-03-23 03:04:00,logout,mobile,2026-03-23,3
U01981,2026-03-22 20:22:00,login,mobile,2026-03-22,20
U01981,2026-03-25 16:14:00,login,mobile,2026-03-25,16
U01981,2026-03-24 06:29:00,session_start,web,2026-03-24,6
U01981,2026-03-22 08:18:00,logout,web,2026-03-22,8
U01981,2026-03-28 20:15:00,page_view,mobile,2026-03-28,20
U01982,2026-01-27 08:35:00,page_view,unknown,2026-01-27,8
U01982,2026-01-31 08:26:00,login,web,2026-01-31,8
U01982,2026-02-05 03:59:00,page_view,mobile,2026-02-05,3
U01982,2026-01-29 03:25:00,page_view,web,2026-01-29,3
U01982,2026-01-28 20:19:00,login,unknown,2026-01-28,20
U01982,2026-02-01 07:12:00,page_view,unknown,2026-02-01,7
U01983,2026-04-28 04:07:00,login,unknown,2026-04-28,4
U01983,2026-04-29 23:24:00,session_end,web,2026-04-29,23
U01983,2026-05-02 15:42:00,session_start,web,2026-05-02,15
U01983,2026-04-28 04:39:00,logout,unknown,2026-04-28,4
U01983,2026-05-08 20:41:00,login,web,2026-05-08,20
U01984,2026-01-15 02:37:00,page_view,web,2026-01-15,2
U01984,2026-01-23 08:12:00,session_start,unknown,2026-01-23,8
U01984,2026-01-24 01:10:00,session_end,unknown,2026-01-24,1
U01984,2026-01-18 01:21:00,login,mobile,2026-01-18,1
U01984,2026-01-16 13:49:00,logout,mobile,2026-01-16,13
U01984,2026-01-14 14:52:00,login,web,2026-01-14,14
U01985,2026-03-26 21:17:00,logout,web,2026-03-26,21
U01985,2026-04-01 12:00:00,login,web,2026-04-01,12
U01985,2026-04-02 02:05:00,session_end,web,2026-04-02,2
U01985,2026-04-03 12:20:00,logout,unknown,2026-04-03,12
U01985,2026-03-31 07:11:00,logout,mobile,2026-03-31,7
U01986,2026-04-21 12:31:00,session_end,web,2026-04-21,12
U01986,2026-04-23 03:04:00,logout,unknown,2026-04-23,3
U01986,2026-04-19 10:07:00,login,web,2026-04-19,10
U01987,2026-01-14 22:10:00,page_view,unknown,2026-01-14,22
U01987,2026-01-07 18:04:00,session_start,web,2026-01-07,18
U01987,2026-01-07 04:08:00,logout,mobile,2026-01-07,4
U01987,2026-01-19 11:15:00,session_end,web,2026-01-19,11
U01987,2026-01-06 17:28:00,login,unknown,2026-01-06,17
U01987,2026-01-19 12:05:00,session_start,unknown,2026-01-19,12
U01988,2026-04-06 21:31:00,login,mobile,2026-04-06,21
U01988,2026-04-11 08:55:00,login,mobile,2026-04-11,8
U01989,2026-05-15 13:00:00,session_start,mobile,2026-05-15,13
U01989,2026-05-12 21:18:00,login,mobile,2026-05-12,21
U01989,2026-05-20 06:30:00,session_end,mobile,2026-05-20,6
U01989,2026-05-15 20:07:00,login,mobile,2026-05-15,20
U01989,2026-05-22 12:26:00,session_end,unknown,2026-05-22,12
U01989,2026-05-15 20:33:00,login,web,2026-05-15,20
U01989,2026-05-16 18:23:00,session_start,web,2026-05-16,18
U01989,2026-05-12 01:01:00,login,mobile,2026-05-12,1
U01989,2026-05-21 04:31:00,login,web,2026-05-21,4
U01989,2026-05-18 06:44:00,session_start,web,2026-05-18,6
U01989,2026-05-13 15:55:00,login,mobile,2026-05-13,15
U01990,2026-06-18 01:15:00,login,unknown,2026-06-18,1
U01990,2026-06-22 02:16:00,login,web,2026-06-22,2
U01990,2026-06-13 15:18:00,session_start,mobile,2026-06-13,15
U01990,2026-06-17 18:14:00,session_end,mobile,2026-06-17,18
U01990,2026-06-20 04:43:00,session_start,web,2026-06-20,4
U01990,2026-06-23 18:20:00,login,mobile,2026-06-23,18
U01990,2026-06-17 13:47:00,login,mobile,2026-06-17,13
U01990,2026-06-21 23:48:00,login,unknown,2026-06-21,23
U01990,2026-06-21 18:55:00,session_end,mobile,2026-06-21,18
U01990,2026-06-12 09:01:00,page_view,unknown,2026-06-12,9
U01990,2026-06-12 16:05:00,logout,web,2026-06-12,16
U01991,2026-06-01 16:06:00,page_view,unknown,2026-06-01,16
U01991,2026-06-06 02:42:00,session_end,web,2026-06-06,2
U01991,2026-06-01 16:52:00,logout,web,2026-06-01,16
U01991,2026-06-01 17:35:00,page_view,web,2026-06-01,17
U01992,2026-02-12 00:39:00,login,mobile,2026-02-12,0
U01992,2026-02-14 23:11:00,session_start,mobile,2026-02-14,23
U01992,2026-02-12 09:21:00,logout,mobile,2026-02-12,9
U01992,2026-02-10 15:23:00,session_end,web,2026-02-10,15
U01993,2026-01-25 12:31:00,login,mobile,2026-01-25,12
U01993,2026-02-03 22:45:00,page_view,unknown,2026-02-03,22
U01993,2026-01-25 05:57:00,login,web,2026-01-25,5
U01994,2026-05-26 10:22:00,login,mobile,2026-05-26,10
U01994,2026-05-19 01:49:00,login,unknown,2026-05-19,1
U01994,2026-05-23 18:12:00,logout,mobile,2026-05-23,18
U01994,2026-05-23 14:16:00,login,web,2026-05-23,14
U01994,2026-05-15 22:42:00,session_start,web,2026-05-15,22
U01995,2026-06-23 22:49:00,logout,web,2026-06-23,22
U01995,2026-06-16 00:34:00,session_start,mobile,2026-06-16,0
U01995,2026-06-22 09:53:00,session_end,web,2026-06-22,9
U01995,2026-06-24 03:14:00,login,unknown,2026-06-24,3
U01995,2026-06-16 23:00:00,page_view,web,2026-06-16,23
U01995,2026-06-23 14:20:00,logout,mobile,2026-06-23,14
U01995,2026-06-20 18:25:00,session_start,web,2026-06-20,18
U01996,2026-03-17 15:04:00,page_view,web,2026-03-17,15
U01996,2026-03-11 02:13:00,login,web,2026-03-11,2
U01996,2026-03-10 04:12:00,page_view,web,2026-03-10,4
U01996,2026-03-12 22:05:00,session_end,web,2026-03-12,22
U01996,2026-03-09 10:59:00,login,web,2026-03-09,10
U01996,2026-03-15 13:59:00,login,unknown,2026-03-15,13
U01997,2026-04-29 22:42:00,logout,web,2026-04-29,22
U01997,2026-05-04 02:24:00,session_start,unknown,2026-05-04,2
U01997,2026-04-30 11:22:00,session_end,web,2026-04-30,11
U01997,2026-04-29 12:52:00,session_start,unknown,2026-04-29,12
U01997,2026-04-26 01:47:00,login,mobile,2026-04-26,1
U01998,2026-04-28 12:17:00,login,web,2026-04-28,12
U01998,2026-05-05 03:54:00,login,mobile,2026-05-05,3
U01998,2026-05-02 21:00:00,page_view,web,2026-05-02,21
U01998,2026-04-28 21:16:00,login,web,2026-04-28,21
U01998,2026-05-04 03:54:00,session_start,mobile,2026-05-04,3
U01998,2026-05-01 06:07:00,session_start,unknown,2026-05-01,6
U01999,2026-03-01 08:45:00,login,mobile,2026-03-01,8
U01999,2026-02-24 04:06:00,logout,mobile,2026-02-24,4
U01999,2026-03-04 09:08:00,page_view,web,2026-03-04,9
U01999,2026-03-06 22:50:00,session_end,unknown,2026-03-06,22
U01999,2026-02-25 16:05:00,page_view,web,2026-02-25,16
U01999,2026-03-08 07:16:00,session_start,mobile,2026-03-08,7
U01999,2026-02-23 14:20:00,login,web,2026-02-23,14
U01999,2026-03-04 05:37:00,login,mobile,2026-03-04,5
U01999,2026-03-05 17:20:00,login,mobile,2026-03-05,17
U02000,2026-05-22 05:30:00,login,web,2026-05-22,5
U02000,2026-05-23 10:13:00,page_view,web,2026-05-23,10
U02000,2026-05-20 06:20:00,page_view,unknown,2026-05-20,6
U02000,2026-05-30 06:43:00,page_view,web,2026-05-30,6
U02000,2026-05-22 02:44:00,session_start,web,2026-05-22,2
U02000,2026-05-28 21:40:00,login,unknown,2026-05-28,21
