user_id,signup_date,trial_end_date,company_size,plan_interested,converted,conversion_date
U00001,2026-06-13,2026-06-27,1-10,starter,True,2026-06-22
U00002,2026-03-04,2026-03-18,11-50,pro,False,
U00003,2026-01-27,2026-02-10,not_provided,business,False,
U00004,2026-05-20,2026-06-03,1-10,pro,True,2026-05-31
U00005,2026-01-09,2026-01-23,1-10,starter,True,2026-01-17
U00006,2026-03-01,2026-03-15,not_provided,pro,True,2026-03-06
U00007,2026-05-24,2026-06-07,11-50,business,True,2026-06-06
U00008,2026-04-18,2026-05-02,11-50,starter,False,
U00009,2026-05-31,2026-06-14,51-200,starter,False,
U00010,2026-02-10,2026-02-24,not_provided,starter,True,2026-02-20
U00011,2026-03-13,2026-03-27,11-50,pro,False,
U00012,2026-03-28,2026-04-11,1-10,starter,False,
U00013,2026-04-08,2026-04-22,1-10,business,False,
U00014,2026-03-30,2026-04-13,not_provided,business,True,2026-04-04
U00015,2026-04-28,2026-05-12,not_provided,starter,True,2026-05-09
U00016,2026-01-21,2026-02-04,not_provided,business,True,2026-02-04
U00017,2026-04-03,2026-04-17,not_provided,pro,False,
U00018,2026-01-18,2026-02-01,1-10,business,True,2026-01-26
U00019,2026-03-16,2026-03-30,1-10,pro,False,
U00020,2026-01-26,2026-02-09,200+,business,True,2026-02-07
U00021,2026-06-12,2026-06-26,51-200,pro,False,
U00022,2026-04-05,2026-04-19,51-200,pro,False,
U00023,2026-03-10,2026-03-24,not_provided,business,False,
U00024,2026-06-15,2026-06-29,1-10,pro,False,
U00025,2026-06-12,2026-06-26,11-50,pro,False,
U00026,2026-03-04,2026-03-18,11-50,starter,True,2026-03-15
U00027,2026-03-11,2026-03-25,not_provided,business,False,
U00028,2026-05-23,2026-06-06,11-50,business,True,2026-06-02
U00029,2026-01-15,2026-01-29,11-50,starter,True,2026-01-25
U00030,2026-04-13,2026-04-27,51-200,starter,False,
U00031,2026-02-24,2026-03-10,not_provided,business,False,
U00032,2026-03-22,2026-04-05,11-50,business,True,2026-04-03
U00033,2026-04-12,2026-04-26,not_provided,starter,False,
U00034,2026-02-06,2026-02-20,51-200,pro,False,
U00035,2026-03-05,2026-03-19,not_provided,pro,False,
U00036,2026-05-18,2026-06-01,51-200,business,False,
U00037,2026-05-30,2026-06-13,200+,pro,True,2026-06-10
U00038,2026-04-03,2026-04-17,11-50,pro,False,
U00039,2026-05-11,2026-05-25,200+,starter,False,
U00040,2026-01-13,2026-01-27,1-10,pro,False,
U00041,2026-06-10,2026-06-24,11-50,business,True,2026-06-21
U00042,2026-06-02,2026-06-16,1-10,starter,False,
U00043,2026-04-08,2026-04-22,not_provided,starter,False,
U00044,2026-05-16,2026-05-30,51-200,pro,False,
U00045,2026-01-03,2026-01-17,not_provided,business,False,
U00046,2026-01-30,2026-02-13,not_provided,pro,False,
U00047,2026-03-10,2026-03-24,not_provided,business,False,
U00048,2026-01-29,2026-02-12,51-200,starter,False,
U00049,2026-02-10,2026-02-24,200+,starter,False,
U00050,2026-03-09,2026-03-23,not_provided,pro,False,
U00051,2026-05-10,2026-05-24,1-10,business,True,2026-05-19
U00052,2026-06-13,2026-06-27,not_provided,pro,False,
U00053,2026-02-20,2026-03-06,11-50,business,True,2026-02-27
U00054,2026-05-19,2026-06-02,not_provided,starter,False,
U00055,2026-06-03,2026-06-17,51-200,starter,False,
U00056,2026-01-05,2026-01-19,1-10,business,False,
U00057,2026-03-20,2026-04-03,11-50,starter,True,2026-03-28
U00058,2026-05-26,2026-06-09,1-10,starter,True,2026-06-07
U00059,2026-01-18,2026-02-01,not_provided,pro,True,2026-01-25
U00060,2026-05-02,2026-05-16,not_provided,pro,False,
U00061,2026-03-09,2026-03-23,not_provided,pro,True,2026-03-20
U00062,2026-02-24,2026-03-10,not_provided,business,False,
U00063,2026-02-21,2026-03-07,not_provided,business,False,
U00064,2026-04-13,2026-04-27,not_provided,business,False,
U00065,2026-04-06,2026-04-20,200+,pro,False,
U00066,2026-04-26,2026-05-10,1-10,pro,False,
U00067,2026-02-27,2026-03-13,1-10,business,False,
U00068,2026-01-06,2026-01-20,not_provided,pro,True,2026-01-14
U00069,2026-05-31,2026-06-14,11-50,starter,False,
U00070,2026-01-19,2026-02-02,not_provided,business,True,2026-01-24
U00071,2026-02-28,2026-03-14,1-10,starter,True,2026-03-10
U00072,2026-01-19,2026-02-02,not_provided,pro,False,
U00073,2026-03-13,2026-03-27,not_provided,starter,False,
U00074,2026-02-24,2026-03-10,not_provided,pro,True,2026-03-10
U00075,2026-05-28,2026-06-11,200+,pro,False,
U00076,2026-05-02,2026-05-16,200+,pro,False,
U00077,2026-01-25,2026-02-08,1-10,business,True,2026-02-05
U00078,2026-04-01,2026-04-15,200+,starter,True,2026-04-13
U00079,2026-01-14,2026-01-28,not_provided,business,False,
U00080,2026-06-15,2026-06-29,1-10,starter,False,
U00081,2026-04-14,2026-04-28,not_provided,business,False,
U00082,2026-01-28,2026-02-11,11-50,pro,True,2026-02-05
U00083,2026-05-18,2026-06-01,200+,pro,False,
U00084,2026-04-19,2026-05-03,11-50,business,True,2026-05-01
U00085,2026-03-05,2026-03-19,1-10,starter,False,
U00086,2026-05-21,2026-06-04,1-10,starter,False,
U00087,2026-06-16,2026-06-30,not_provided,starter,True,2026-06-22
U00088,2026-03-02,2026-03-16,11-50,starter,True,2026-03-14
U00089,2026-05-04,2026-05-18,11-50,starter,True,2026-05-09
U00090,2026-02-12,2026-02-26,200+,starter,False,
U00091,2026-04-10,2026-04-24,51-200,starter,False,
U00092,2026-03-15,2026-03-29,200+,business,False,
U00093,2026-05-23,2026-06-06,not_provided,business,False,
U00094,2026-05-05,2026-05-19,11-50,pro,False,
U00095,2026-03-17,2026-03-31,11-50,starter,False,
U00096,2026-05-29,2026-06-12,not_provided,pro,False,
U00097,2026-01-16,2026-01-30,not_provided,business,True,2026-01-21
U00098,2026-01-13,2026-01-27,not_provided,starter,False,
U00099,2026-05-09,2026-05-23,not_provided,pro,True,2026-05-14
U00100,2026-05-11,2026-05-25,1-10,pro,True,2026-05-17
U00101,2026-06-02,2026-06-16,1-10,business,False,
U00102,2026-03-02,2026-03-16,200+,starter,False,
U00103,2026-05-26,2026-06-09,11-50,pro,False,
U00104,2026-06-02,2026-06-16,1-10,pro,True,2026-06-08
U00105,2026-04-18,2026-05-02,not_provided,pro,False,
U00106,2026-05-25,2026-06-08,not_provided,business,True,2026-06-03
U00107,2026-02-22,2026-03-08,not_provided,business,True,2026-03-04
U00108,2026-03-03,2026-03-17,51-200,starter,False,
U00109,2026-02-03,2026-02-17,not_provided,business,True,2026-02-12
U00110,2026-04-28,2026-05-12,51-200,starter,True,2026-05-03
U00111,2026-04-28,2026-05-12,not_provided,pro,True,2026-05-04
U00112,2026-01-19,2026-02-02,not_provided,pro,False,
U00113,2026-05-10,2026-05-24,51-200,pro,True,2026-05-20
U00114,2026-01-18,2026-02-01,11-50,business,True,2026-01-27
U00115,2026-02-10,2026-02-24,200+,pro,True,2026-02-19
U00116,2026-06-06,2026-06-20,not_provided,pro,True,2026-06-11
U00117,2026-05-22,2026-06-05,51-200,business,True,2026-05-28
U00118,2026-02-04,2026-02-18,51-200,starter,True,2026-02-10
U00119,2026-05-22,2026-06-05,11-50,business,True,2026-05-31
U00120,2026-06-04,2026-06-18,11-50,business,False,
U00121,2026-03-29,2026-04-12,11-50,business,False,
U00122,2026-06-12,2026-06-26,51-200,pro,False,
U00123,2026-05-06,2026-05-20,51-200,starter,False,
U00124,2026-01-24,2026-02-07,not_provided,starter,False,
U00125,2026-03-12,2026-03-26,1-10,starter,False,
U00126,2026-03-27,2026-04-10,11-50,business,False,
U00127,2026-03-09,2026-03-23,11-50,business,False,
U00128,2026-04-24,2026-05-08,not_provided,business,True,2026-05-05
U00129,2026-05-24,2026-06-07,1-10,starter,False,
U00130,2026-01-20,2026-02-03,not_provided,pro,False,
U00131,2026-05-20,2026-06-03,1-10,business,False,
U00132,2026-05-30,2026-06-13,not_provided,pro,False,
U00133,2026-04-21,2026-05-05,11-50,starter,False,
U00134,2026-03-20,2026-04-03,51-200,starter,False,
U00135,2026-04-02,2026-04-16,11-50,business,False,
U00136,2026-03-05,2026-03-19,not_provided,starter,True,2026-03-15
U00137,2026-05-24,2026-06-07,200+,pro,False,
U00138,2026-02-09,2026-02-23,11-50,pro,True,2026-02-16
U00139,2026-04-16,2026-04-30,1-10,pro,False,
U00140,2026-03-27,2026-04-10,200+,business,False,
U00141,2026-03-05,2026-03-19,51-200,pro,False,
U00142,2026-01-28,2026-02-11,200+,starter,False,
U00143,2026-05-01,2026-05-15,11-50,pro,True,2026-05-13
U00144,2026-03-31,2026-04-14,51-200,pro,False,
U00145,2026-02-27,2026-03-13,1-10,business,False,
U00146,2026-02-19,2026-03-05,200+,business,True,2026-02-28
U00147,2026-01-18,2026-02-01,51-200,business,False,
U00148,2026-06-14,2026-06-28,not_provided,starter,False,
U00149,2026-05-18,2026-06-01,51-200,starter,False,
U00150,2026-01-30,2026-02-13,51-200,pro,True,2026-02-13
U00151,2026-03-09,2026-03-23,1-10,starter,False,
U00152,2026-06-02,2026-06-16,200+,business,True,2026-06-12
U00153,2026-04-22,2026-05-06,not_provided,pro,False,
U00154,2026-01-30,2026-02-13,200+,pro,False,
U00155,2026-02-18,2026-03-04,51-200,starter,False,
U00156,2026-04-22,2026-05-06,1-10,pro,True,2026-05-05
U00157,2026-02-20,2026-03-06,51-200,starter,True,2026-02-26
U00158,2026-03-26,2026-04-09,not_provided,business,True,2026-04-01
U00159,2026-03-18,2026-04-01,not_provided,business,False,
U00160,2026-04-15,2026-04-29,51-200,starter,False,
U00161,2026-03-17,2026-03-31,not_provided,pro,False,
U00162,2026-02-19,2026-03-05,200+,business,True,2026-03-02
U00163,2026-02-14,2026-02-28,not_provided,pro,False,
U00164,2026-03-19,2026-04-02,200+,pro,True,2026-03-24
U00165,2026-03-19,2026-04-02,51-200,pro,True,2026-03-30
U00166,2026-05-29,2026-06-12,not_provided,business,False,
U00167,2026-03-24,2026-04-07,200+,starter,False,
U00168,2026-04-24,2026-05-08,not_provided,pro,False,
U00169,2026-05-11,2026-05-25,200+,business,True,2026-05-18
U00170,2026-01-22,2026-02-05,51-200,pro,True,2026-02-05
U00171,2026-03-27,2026-04-10,1-10,pro,True,2026-04-05
U00172,2026-02-27,2026-03-13,11-50,pro,False,
U00173,2026-01-07,2026-01-21,1-10,pro,True,2026-01-19
U00174,2026-06-06,2026-06-20,1-10,starter,True,2026-06-17
U00175,2026-06-11,2026-06-25,not_provided,pro,False,
U00176,2026-04-09,2026-04-23,200+,starter,True,2026-04-17
U00177,2026-02-07,2026-02-21,not_provided,business,True,2026-02-12
U00178,2026-01-28,2026-02-11,200+,pro,False,
U00179,2026-02-15,2026-03-01,not_provided,pro,False,
U00180,2026-04-29,2026-05-13,1-10,pro,True,2026-05-07
U00181,2026-02-01,2026-02-15,200+,pro,False,
U00182,2026-04-29,2026-05-13,not_provided,pro,False,
U00183,2026-05-24,2026-06-07,not_provided,business,True,2026-06-05
U00184,2026-06-06,2026-06-20,not_provided,pro,False,
U00185,2026-04-20,2026-05-04,not_provided,starter,True,2026-04-27
U00186,2026-05-02,2026-05-16,200+,business,False,
U00187,2026-03-05,2026-03-19,not_provided,business,False,
U00188,2026-05-14,2026-05-28,200+,business,False,
U00189,2026-03-03,2026-03-17,51-200,starter,True,2026-03-09
U00190,2026-03-15,2026-03-29,11-50,business,True,2026-03-25
U00191,2026-03-23,2026-04-06,not_provided,starter,True,2026-03-30
U00192,2026-02-08,2026-02-22,11-50,starter,False,
U00193,2026-02-09,2026-02-23,not_provided,pro,False,
U00194,2026-01-17,2026-01-31,200+,starter,False,
U00195,2026-03-26,2026-04-09,not_provided,starter,True,2026-04-06
U00196,2026-01-16,2026-01-30,11-50,starter,False,
U00197,2026-04-10,2026-04-24,not_provided,business,False,
U00198,2026-01-06,2026-01-20,not_provided,starter,True,2026-01-18
U00199,2026-01-02,2026-01-16,51-200,business,True,2026-01-13
U00200,2026-04-18,2026-05-02,not_provided,business,False,
U00201,2026-05-20,2026-06-03,not_provided,pro,False,
U00202,2026-05-05,2026-05-19,11-50,business,False,
U00203,2026-04-22,2026-05-06,200+,starter,False,
U00204,2026-04-10,2026-04-24,51-200,business,False,
U00205,2026-04-14,2026-04-28,not_provided,pro,False,
U00206,2026-04-30,2026-05-14,11-50,pro,True,2026-05-13
U00207,2026-01-07,2026-01-21,200+,pro,True,2026-01-21
U00208,2026-01-07,2026-01-21,1-10,business,False,
U00209,2026-04-20,2026-05-04,11-50,starter,False,
U00210,2026-02-16,2026-03-02,1-10,business,True,2026-02-27
U00211,2026-03-25,2026-04-08,11-50,starter,False,
U00212,2026-03-25,2026-04-08,51-200,starter,True,2026-04-03
U00213,2026-04-18,2026-05-02,51-200,starter,False,
U00214,2026-05-01,2026-05-15,1-10,business,False,
U00215,2026-05-19,2026-06-02,1-10,business,True,2026-05-27
U00216,2026-06-16,2026-06-30,1-10,business,False,
U00217,2026-01-11,2026-01-25,1-10,pro,False,
U00218,2026-02-21,2026-03-07,1-10,pro,False,
U00219,2026-02-09,2026-02-23,11-50,pro,False,
U00220,2026-05-02,2026-05-16,not_provided,starter,False,
U00221,2026-05-25,2026-06-08,11-50,starter,True,2026-06-03
U00222,2026-04-05,2026-04-19,11-50,pro,False,
U00223,2026-06-05,2026-06-19,not_provided,business,True,2026-06-11
U00224,2026-02-11,2026-02-25,51-200,starter,False,
U00225,2026-05-29,2026-06-12,1-10,business,False,
U00226,2026-05-28,2026-06-11,not_provided,starter,False,
U00227,2026-04-12,2026-04-26,not_provided,pro,False,
U00228,2026-01-20,2026-02-03,not_provided,business,True,2026-01-28
U00229,2026-01-27,2026-02-10,not_provided,business,False,
U00230,2026-06-03,2026-06-17,1-10,pro,False,
U00231,2026-01-11,2026-01-25,51-200,pro,False,
U00232,2026-04-20,2026-05-04,not_provided,business,False,
U00233,2026-01-18,2026-02-01,not_provided,business,False,
U00234,2026-03-29,2026-04-12,1-10,starter,True,2026-04-10
U00235,2026-01-28,2026-02-11,200+,business,True,2026-02-09
U00236,2026-02-09,2026-02-23,200+,pro,False,
U00237,2026-05-14,2026-05-28,not_provided,business,True,2026-05-28
U00238,2026-05-18,2026-06-01,200+,starter,True,2026-05-29
U00239,2026-06-01,2026-06-15,51-200,business,False,
U00240,2026-03-04,2026-03-18,1-10,business,False,
U00241,2026-04-26,2026-05-10,11-50,starter,True,2026-05-10
U00242,2026-06-06,2026-06-20,not_provided,starter,True,2026-06-16
U00243,2026-01-08,2026-01-22,200+,business,False,
U00244,2026-02-16,2026-03-02,200+,pro,False,
U00245,2026-04-01,2026-04-15,51-200,business,False,
U00246,2026-03-13,2026-03-27,not_provided,business,True,2026-03-22
U00247,2026-05-23,2026-06-06,1-10,pro,True,2026-05-31
U00248,2026-01-22,2026-02-05,11-50,business,False,
U00249,2026-04-15,2026-04-29,200+,pro,True,2026-04-23
U00250,2026-05-02,2026-05-16,not_provided,business,True,2026-05-14
U00251,2026-04-25,2026-05-09,1-10,starter,False,
U00252,2026-03-17,2026-03-31,11-50,starter,False,
U00253,2026-03-04,2026-03-18,51-200,business,True,2026-03-18
U00254,2026-04-05,2026-04-19,200+,pro,False,
U00255,2026-05-16,2026-05-30,51-200,starter,True,2026-05-29
U00256,2026-03-26,2026-04-09,51-200,business,False,
U00257,2026-04-27,2026-05-11,51-200,business,False,
U00258,2026-03-06,2026-03-20,11-50,starter,False,
U00259,2026-02-19,2026-03-05,51-200,starter,False,
U00260,2026-05-18,2026-06-01,not_provided,pro,True,2026-05-26
U00261,2026-02-25,2026-03-11,not_provided,starter,False,
U00262,2026-03-12,2026-03-26,not_provided,pro,True,2026-03-25
U00263,2026-06-02,2026-06-16,51-200,starter,False,
U00264,2026-02-19,2026-03-05,51-200,pro,False,
U00265,2026-04-03,2026-04-17,11-50,business,False,
U00266,2026-01-04,2026-01-18,not_provided,pro,True,2026-01-11
U00267,2026-03-12,2026-03-26,1-10,starter,False,
U00268,2026-05-22,2026-06-05,51-200,business,True,2026-05-29
U00269,2026-06-13,2026-06-27,200+,starter,True,2026-06-18
U00270,2026-05-27,2026-06-10,51-200,starter,False,
U00271,2026-05-03,2026-05-17,200+,business,True,2026-05-10
U00272,2026-01-14,2026-01-28,51-200,starter,False,
U00273,2026-01-30,2026-02-13,1-10,starter,True,2026-02-11
U00274,2026-01-19,2026-02-02,not_provided,business,False,
U00275,2026-01-14,2026-01-28,11-50,pro,True,2026-01-28
U00276,2026-03-19,2026-04-02,1-10,pro,False,
U00277,2026-01-31,2026-02-14,not_provided,starter,False,
U00278,2026-06-05,2026-06-19,not_provided,pro,False,
U00279,2026-02-27,2026-03-13,not_provided,starter,True,2026-03-11
U00280,2026-04-24,2026-05-08,51-200,pro,True,2026-05-05
U00281,2026-03-20,2026-04-03,not_provided,pro,True,2026-03-25
U00282,2026-06-06,2026-06-20,not_provided,starter,False,
U00283,2026-02-23,2026-03-09,not_provided,pro,True,2026-03-04
U00284,2026-01-21,2026-02-04,11-50,pro,False,
U00285,2026-02-14,2026-02-28,not_provided,starter,True,2026-02-21
U00286,2026-01-01,2026-01-15,200+,starter,False,
U00287,2026-06-02,2026-06-16,200+,business,False,
U00288,2026-01-09,2026-01-23,11-50,business,False,
U00289,2026-03-14,2026-03-28,not_provided,starter,True,2026-03-20
U00290,2026-03-01,2026-03-15,51-200,business,False,
U00291,2026-05-31,2026-06-14,not_provided,pro,False,
U00292,2026-04-19,2026-05-03,1-10,pro,True,2026-04-27
U00293,2026-06-15,2026-06-29,11-50,business,False,
U00294,2026-02-06,2026-02-20,1-10,starter,False,
U00295,2026-02-12,2026-02-26,51-200,pro,False,
U00296,2026-05-26,2026-06-09,51-200,starter,True,2026-06-01
U00297,2026-04-30,2026-05-14,not_provided,business,False,
U00298,2026-04-14,2026-04-28,51-200,pro,False,
U00299,2026-05-19,2026-06-02,200+,starter,False,
U00300,2026-01-21,2026-02-04,not_provided,starter,True,2026-02-01
U00301,2026-03-24,2026-04-07,not_provided,business,False,
U00302,2026-01-07,2026-01-21,1-10,pro,True,2026-01-21
U00303,2026-05-31,2026-06-14,1-10,business,True,2026-06-09
U00304,2026-05-28,2026-06-11,1-10,pro,True,2026-06-09
U00305,2026-05-13,2026-05-27,not_provided,starter,True,2026-05-22
U00306,2026-02-16,2026-03-02,not_provided,starter,False,
U00307,2026-06-12,2026-06-26,200+,starter,True,2026-06-24
U00308,2026-03-31,2026-04-14,200+,business,False,
U00309,2026-03-24,2026-04-07,not_provided,starter,True,2026-03-31
U00310,2026-03-26,2026-04-09,200+,business,True,2026-04-07
U00311,2026-03-15,2026-03-29,not_provided,starter,True,2026-03-28
U00312,2026-01-10,2026-01-24,200+,starter,True,2026-01-20
U00313,2026-03-06,2026-03-20,51-200,starter,False,
U00314,2026-04-14,2026-04-28,not_provided,starter,False,
U00315,2026-05-19,2026-06-02,200+,starter,False,
U00316,2026-01-14,2026-01-28,11-50,pro,True,2026-01-24
U00317,2026-06-09,2026-06-23,200+,business,True,2026-06-21
U00318,2026-01-14,2026-01-28,11-50,business,True,2026-01-27
U00319,2026-02-03,2026-02-17,51-200,starter,True,2026-02-15
U00320,2026-02-01,2026-02-15,1-10,business,True,2026-02-15
U00321,2026-03-03,2026-03-17,not_provided,pro,False,
U00322,2026-03-21,2026-04-04,not_provided,starter,False,
U00323,2026-05-22,2026-06-05,200+,starter,False,
U00324,2026-02-27,2026-03-13,1-10,starter,True,2026-03-05
U00325,2026-06-15,2026-06-29,11-50,starter,False,
U00326,2026-03-16,2026-03-30,not_provided,business,False,
U00327,2026-03-11,2026-03-25,200+,starter,False,
U00328,2026-05-01,2026-05-15,11-50,starter,False,
U00329,2026-05-22,2026-06-05,11-50,starter,False,
U00330,2026-02-18,2026-03-04,not_provided,pro,True,2026-02-25
U00331,2026-01-18,2026-02-01,51-200,starter,False,
U00332,2026-03-29,2026-04-12,not_provided,business,False,
U00333,2026-01-01,2026-01-15,51-200,business,True,2026-01-10
U00334,2026-05-31,2026-06-14,not_provided,business,True,2026-06-12
U00335,2026-02-08,2026-02-22,200+,pro,False,
U00336,2026-05-04,2026-05-18,51-200,business,True,2026-05-17
U00337,2026-05-20,2026-06-03,200+,starter,False,
U00338,2026-03-24,2026-04-07,11-50,business,True,2026-04-01
U00339,2026-05-27,2026-06-10,200+,pro,True,2026-06-07
U00340,2026-01-12,2026-01-26,51-200,business,True,2026-01-24
U00341,2026-04-08,2026-04-22,200+,business,False,
U00342,2026-06-16,2026-06-30,11-50,starter,False,
U00343,2026-01-10,2026-01-24,11-50,pro,True,2026-01-24
U00344,2026-03-26,2026-04-09,1-10,starter,True,2026-04-01
U00345,2026-05-15,2026-05-29,200+,starter,True,2026-05-22
U00346,2026-04-15,2026-04-29,not_provided,pro,False,
U00347,2026-01-20,2026-02-03,200+,business,True,2026-01-30
U00348,2026-06-09,2026-06-23,not_provided,starter,True,2026-06-15
U00349,2026-03-26,2026-04-09,not_provided,pro,False,
U00350,2026-04-08,2026-04-22,51-200,business,False,
U00351,2026-05-05,2026-05-19,not_provided,starter,True,2026-05-19
U00352,2026-01-18,2026-02-01,11-50,business,False,
U00353,2026-03-15,2026-03-29,11-50,business,True,2026-03-21
U00354,2026-04-22,2026-05-06,1-10,business,False,
U00355,2026-01-26,2026-02-09,200+,pro,True,2026-02-04
U00356,2026-01-08,2026-01-22,1-10,business,False,
U00357,2026-01-15,2026-01-29,51-200,business,True,2026-01-25
U00358,2026-04-21,2026-05-05,11-50,pro,True,2026-05-04
U00359,2026-04-16,2026-04-30,not_provided,business,False,
U00360,2026-02-16,2026-03-02,11-50,pro,True,2026-02-22
U00361,2026-06-06,2026-06-20,200+,pro,True,2026-06-14
U00362,2026-05-08,2026-05-22,not_provided,pro,False,
U00363,2026-03-01,2026-03-15,200+,business,False,
U00364,2026-03-07,2026-03-21,200+,business,False,
U00365,2026-01-03,2026-01-17,200+,business,True,2026-01-16
U00366,2026-02-10,2026-02-24,1-10,starter,False,
U00367,2026-03-30,2026-04-13,not_provided,business,False,
U00368,2026-06-13,2026-06-27,200+,business,False,
U00369,2026-03-06,2026-03-20,200+,business,True,2026-03-14
U00370,2026-04-09,2026-04-23,200+,starter,False,
U00371,2026-03-02,2026-03-16,200+,pro,False,
U00372,2026-04-02,2026-04-16,not_provided,business,False,
U00373,2026-03-17,2026-03-31,1-10,business,False,
U00374,2026-04-12,2026-04-26,51-200,starter,True,2026-04-26
U00375,2026-01-13,2026-01-27,not_provided,business,True,2026-01-25
U00376,2026-03-15,2026-03-29,11-50,pro,False,
U00377,2026-04-01,2026-04-15,11-50,business,True,2026-04-09
U00378,2026-06-08,2026-06-22,51-200,business,False,
U00379,2026-02-05,2026-02-19,not_provided,starter,False,
U00380,2026-06-10,2026-06-24,not_provided,starter,False,
U00381,2026-03-21,2026-04-04,200+,starter,False,
U00382,2026-05-29,2026-06-12,51-200,business,True,2026-06-05
U00383,2026-01-24,2026-02-07,51-200,business,False,
U00384,2026-04-17,2026-05-01,11-50,pro,False,
U00385,2026-02-03,2026-02-17,not_provided,business,False,
U00386,2026-05-16,2026-05-30,not_provided,business,False,
U00387,2026-02-12,2026-02-26,51-200,starter,True,2026-02-21
U00388,2026-03-28,2026-04-11,1-10,starter,False,
U00389,2026-01-20,2026-02-03,11-50,pro,False,
U00390,2026-04-12,2026-04-26,not_provided,business,False,
U00391,2026-01-24,2026-02-07,200+,starter,False,
U00392,2026-03-09,2026-03-23,not_provided,starter,False,
U00393,2026-04-27,2026-05-11,51-200,business,True,2026-05-06
U00394,2026-05-30,2026-06-13,200+,business,True,2026-06-09
U00395,2026-01-28,2026-02-11,not_provided,pro,False,
U00396,2026-05-01,2026-05-15,1-10,pro,False,
U00397,2026-05-24,2026-06-07,51-200,pro,True,2026-06-01
U00398,2026-06-15,2026-06-29,1-10,business,False,
U00399,2026-04-29,2026-05-13,not_provided,business,False,
U00400,2026-06-16,2026-06-30,200+,starter,False,
U00401,2026-02-05,2026-02-19,1-10,starter,True,2026-02-14
U00402,2026-05-07,2026-05-21,1-10,starter,False,
U00403,2026-03-02,2026-03-16,not_provided,pro,False,
U00404,2026-04-10,2026-04-24,200+,business,False,
U00405,2026-05-19,2026-06-02,200+,pro,True,2026-05-26
U00406,2026-04-17,2026-05-01,not_provided,starter,True,2026-04-29
U00407,2026-06-07,2026-06-21,200+,business,False,
U00408,2026-01-09,2026-01-23,not_provided,business,True,2026-01-17
U00409,2026-04-24,2026-05-08,200+,pro,False,
U00410,2026-04-03,2026-04-17,1-10,business,True,2026-04-13
U00411,2026-05-20,2026-06-03,not_provided,business,False,
U00412,2026-01-16,2026-01-30,200+,business,False,
U00413,2026-02-18,2026-03-04,1-10,starter,False,
U00414,2026-01-24,2026-02-07,not_provided,pro,True,2026-02-07
U00415,2026-01-06,2026-01-20,1-10,business,True,2026-01-14
U00416,2026-02-02,2026-02-16,not_provided,pro,False,
U00417,2026-01-18,2026-02-01,not_provided,pro,False,
U00418,2026-05-31,2026-06-14,11-50,pro,False,
U00419,2026-03-26,2026-04-09,11-50,pro,True,2026-03-31
U00420,2026-03-12,2026-03-26,11-50,pro,True,2026-03-25
U00421,2026-03-06,2026-03-20,11-50,starter,False,
U00422,2026-01-07,2026-01-21,11-50,starter,False,
U00423,2026-04-02,2026-04-16,11-50,pro,False,
U00424,2026-03-24,2026-04-07,1-10,pro,True,2026-04-02
U00425,2026-01-14,2026-01-28,11-50,business,True,2026-01-25
U00426,2026-05-15,2026-05-29,1-10,business,False,
U00427,2026-01-17,2026-01-31,200+,starter,True,2026-01-27
U00428,2026-05-12,2026-05-26,not_provided,starter,False,
U00429,2026-04-26,2026-05-10,not_provided,pro,True,2026-05-10
U00430,2026-01-12,2026-01-26,not_provided,business,True,2026-01-25
U00431,2026-03-19,2026-04-02,200+,business,False,
U00432,2026-01-08,2026-01-22,1-10,starter,False,
U00433,2026-04-13,2026-04-27,200+,business,True,2026-04-19
U00434,2026-05-06,2026-05-20,not_provided,starter,False,
U00435,2026-01-19,2026-02-02,1-10,business,True,2026-02-02
U00436,2026-02-07,2026-02-21,1-10,pro,False,
U00437,2026-03-12,2026-03-26,not_provided,business,False,
U00438,2026-05-30,2026-06-13,not_provided,business,False,
U00439,2026-03-25,2026-04-08,200+,pro,False,
U00440,2026-05-16,2026-05-30,51-200,starter,True,2026-05-29
U00441,2026-06-04,2026-06-18,200+,starter,False,
U00442,2026-01-30,2026-02-13,not_provided,business,False,
U00443,2026-05-22,2026-06-05,not_provided,pro,True,2026-06-02
U00444,2026-04-26,2026-05-10,11-50,starter,False,
U00445,2026-03-28,2026-04-11,200+,starter,False,
U00446,2026-04-17,2026-05-01,not_provided,starter,False,
U00447,2026-03-22,2026-04-05,200+,business,False,
U00448,2026-03-07,2026-03-21,51-200,pro,False,
U00449,2026-05-02,2026-05-16,1-10,starter,True,2026-05-08
U00450,2026-01-24,2026-02-07,200+,starter,False,
U00451,2026-04-06,2026-04-20,11-50,pro,False,
U00452,2026-01-16,2026-01-30,not_provided,pro,True,2026-01-29
U00453,2026-03-26,2026-04-09,not_provided,starter,False,
U00454,2026-04-16,2026-04-30,51-200,business,True,2026-04-27
U00455,2026-01-14,2026-01-28,51-200,pro,True,2026-01-23
U00456,2026-04-01,2026-04-15,1-10,pro,False,
U00457,2026-05-10,2026-05-24,11-50,pro,False,
U00458,2026-05-04,2026-05-18,11-50,starter,False,
U00459,2026-03-31,2026-04-14,not_provided,business,True,2026-04-06
U00460,2026-03-13,2026-03-27,not_provided,pro,False,
U00461,2026-04-20,2026-05-04,not_provided,pro,True,2026-05-04
U00462,2026-06-14,2026-06-28,not_provided,starter,True,2026-06-28
U00463,2026-03-10,2026-03-24,1-10,pro,True,2026-03-19
U00464,2026-03-21,2026-04-04,51-200,business,True,2026-03-26
U00465,2026-02-16,2026-03-02,11-50,pro,True,2026-02-27
U00466,2026-01-18,2026-02-01,11-50,business,False,
U00467,2026-06-12,2026-06-26,1-10,starter,True,2026-06-25
U00468,2026-02-25,2026-03-11,200+,starter,False,
U00469,2026-04-27,2026-05-11,51-200,pro,False,
U00470,2026-04-05,2026-04-19,51-200,business,False,
U00471,2026-03-25,2026-04-08,not_provided,pro,False,
U00472,2026-01-22,2026-02-05,1-10,pro,True,2026-01-29
U00473,2026-06-08,2026-06-22,1-10,business,True,2026-06-14
U00474,2026-03-11,2026-03-25,200+,business,False,
U00475,2026-04-19,2026-05-03,200+,pro,False,
U00476,2026-04-24,2026-05-08,200+,business,True,2026-05-02
U00477,2026-05-12,2026-05-26,1-10,business,True,2026-05-23
U00478,2026-01-29,2026-02-12,51-200,business,False,
U00479,2026-06-01,2026-06-15,200+,pro,False,
U00480,2026-03-20,2026-04-03,1-10,pro,False,
U00481,2026-04-12,2026-04-26,not_provided,starter,False,
U00482,2026-01-02,2026-01-16,11-50,business,True,2026-01-10
U00483,2026-02-05,2026-02-19,51-200,business,True,2026-02-15
U00484,2026-01-31,2026-02-14,1-10,starter,True,2026-02-11
U00485,2026-02-14,2026-02-28,11-50,starter,False,
U00486,2026-05-17,2026-05-31,not_provided,pro,False,
U00487,2026-05-09,2026-05-23,not_provided,business,False,
U00488,2026-04-01,2026-04-15,1-10,starter,True,2026-04-06
U00489,2026-04-22,2026-05-06,1-10,starter,False,
U00490,2026-01-20,2026-02-03,51-200,pro,False,
U00491,2026-04-20,2026-05-04,not_provided,starter,False,
U00492,2026-06-13,2026-06-27,200+,business,True,2026-06-19
U00493,2026-04-14,2026-04-28,1-10,business,False,
U00494,2026-02-13,2026-02-27,not_provided,starter,False,
U00495,2026-04-03,2026-04-17,1-10,starter,False,
U00496,2026-01-28,2026-02-11,11-50,starter,False,
U00497,2026-05-31,2026-06-14,200+,pro,False,
U00498,2026-01-21,2026-02-04,200+,business,False,
U00499,2026-03-28,2026-04-11,11-50,business,True,2026-04-04
U00500,2026-01-20,2026-02-03,not_provided,business,False,
U00501,2026-01-30,2026-02-13,not_provided,pro,True,2026-02-07
U00502,2026-03-31,2026-04-14,51-200,business,False,
U00503,2026-06-15,2026-06-29,11-50,pro,True,2026-06-21
U00504,2026-02-07,2026-02-21,51-200,pro,True,2026-02-14
U00505,2026-06-04,2026-06-18,11-50,business,True,2026-06-10
U00506,2026-02-15,2026-03-01,not_provided,starter,False,
U00507,2026-04-29,2026-05-13,not_provided,pro,False,
U00508,2026-04-25,2026-05-09,not_provided,pro,False,
U00509,2026-06-14,2026-06-28,not_provided,pro,True,2026-06-24
U00510,2026-06-10,2026-06-24,51-200,pro,False,
U00511,2026-04-23,2026-05-07,1-10,starter,True,2026-05-05
U00512,2026-06-11,2026-06-25,51-200,business,True,2026-06-25
U00513,2026-01-15,2026-01-29,51-200,pro,False,
U00514,2026-01-19,2026-02-02,51-200,starter,True,2026-01-31
U00515,2026-01-10,2026-01-24,1-10,business,False,
U00516,2026-03-15,2026-03-29,1-10,business,False,
U00517,2026-01-24,2026-02-07,not_provided,pro,True,2026-02-06
U00518,2026-04-09,2026-04-23,200+,pro,True,2026-04-22
U00519,2026-01-11,2026-01-25,200+,pro,False,
U00520,2026-06-16,2026-06-30,11-50,business,False,
U00521,2026-06-04,2026-06-18,200+,pro,False,
U00522,2026-02-08,2026-02-22,1-10,starter,True,2026-02-14
U00523,2026-03-29,2026-04-12,not_provided,starter,False,
U00524,2026-05-10,2026-05-24,not_provided,pro,False,
U00525,2026-01-11,2026-01-25,11-50,business,False,
U00526,2026-04-23,2026-05-07,200+,pro,False,
U00527,2026-05-14,2026-05-28,not_provided,pro,True,2026-05-24
U00528,2026-04-06,2026-04-20,51-200,starter,False,
U00529,2026-04-15,2026-04-29,51-200,business,False,
U00530,2026-06-03,2026-06-17,1-10,business,False,
U00531,2026-06-15,2026-06-29,51-200,starter,False,
U00532,2026-03-26,2026-04-09,1-10,pro,False,
U00533,2026-04-09,2026-04-23,51-200,business,False,
U00534,2026-06-04,2026-06-18,11-50,business,False,
U00535,2026-01-21,2026-02-04,not_provided,business,True,2026-01-28
U00536,2026-03-31,2026-04-14,51-200,business,False,
U00537,2026-04-11,2026-04-25,11-50,pro,False,
U00538,2026-01-22,2026-02-05,51-200,pro,False,
U00539,2026-04-07,2026-04-21,not_provided,business,True,2026-04-14
U00540,2026-05-15,2026-05-29,1-10,business,True,2026-05-26
U00541,2026-05-11,2026-05-25,51-200,starter,False,
U00542,2026-04-03,2026-04-17,51-200,pro,True,2026-04-11
U00543,2026-03-29,2026-04-12,200+,pro,False,
U00544,2026-02-27,2026-03-13,11-50,pro,False,
U00545,2026-01-20,2026-02-03,51-200,starter,False,
U00546,2026-05-10,2026-05-24,not_provided,business,True,2026-05-23
U00547,2026-01-10,2026-01-24,not_provided,business,True,2026-01-24
U00548,2026-02-03,2026-02-17,not_provided,starter,False,
U00549,2026-02-09,2026-02-23,11-50,pro,True,2026-02-23
U00550,2026-02-12,2026-02-26,not_provided,starter,True,2026-02-17
U00551,2026-04-16,2026-04-30,51-200,business,False,
U00552,2026-03-02,2026-03-16,200+,pro,False,
U00553,2026-03-14,2026-03-28,not_provided,starter,False,
U00554,2026-03-01,2026-03-15,not_provided,pro,True,2026-03-10
U00555,2026-05-01,2026-05-15,11-50,business,True,2026-05-15
U00556,2026-04-23,2026-05-07,200+,business,False,
U00557,2026-04-08,2026-04-22,not_provided,pro,False,
U00558,2026-04-18,2026-05-02,11-50,pro,False,
U00559,2026-06-04,2026-06-18,11-50,business,False,
U00560,2026-01-14,2026-01-28,not_provided,starter,False,
U00561,2026-04-06,2026-04-20,not_provided,starter,True,2026-04-19
U00562,2026-02-01,2026-02-15,51-200,starter,False,
U00563,2026-02-11,2026-02-25,51-200,starter,False,
U00564,2026-05-12,2026-05-26,11-50,starter,False,
U00565,2026-01-24,2026-02-07,11-50,starter,True,2026-02-03
U00566,2026-01-07,2026-01-21,200+,starter,False,
U00567,2026-04-12,2026-04-26,not_provided,business,True,2026-04-20
U00568,2026-04-09,2026-04-23,1-10,business,False,
U00569,2026-02-27,2026-03-13,1-10,business,True,2026-03-05
U00570,2026-06-16,2026-06-30,51-200,pro,True,2026-06-23
U00571,2026-01-10,2026-01-24,51-200,starter,False,
U00572,2026-02-05,2026-02-19,not_provided,starter,True,2026-02-17
U00573,2026-06-07,2026-06-21,1-10,starter,False,
U00574,2026-01-05,2026-01-19,51-200,pro,True,2026-01-12
U00575,2026-05-21,2026-06-04,not_provided,pro,True,2026-06-03
U00576,2026-04-19,2026-05-03,1-10,business,False,
U00577,2026-03-02,2026-03-16,51-200,starter,False,
U00578,2026-01-13,2026-01-27,11-50,starter,False,
U00579,2026-06-13,2026-06-27,not_provided,starter,True,2026-06-19
U00580,2026-01-29,2026-02-12,200+,pro,False,
U00581,2026-05-18,2026-06-01,1-10,business,False,
U00582,2026-05-12,2026-05-26,not_provided,pro,False,
U00583,2026-02-06,2026-02-20,51-200,starter,False,
U00584,2026-01-01,2026-01-15,not_provided,business,True,2026-01-09
U00585,2026-05-27,2026-06-10,200+,pro,False,
U00586,2026-01-22,2026-02-05,not_provided,business,False,
U00587,2026-01-18,2026-02-01,not_provided,pro,False,
U00588,2026-05-10,2026-05-24,not_provided,pro,True,2026-05-15
U00589,2026-04-10,2026-04-24,200+,starter,False,
U00590,2026-06-12,2026-06-26,200+,business,False,
U00591,2026-03-06,2026-03-20,not_provided,starter,True,2026-03-16
U00592,2026-01-18,2026-02-01,51-200,pro,True,2026-01-24
U00593,2026-05-29,2026-06-12,not_provided,business,True,2026-06-05
U00594,2026-01-12,2026-01-26,51-200,pro,False,
U00595,2026-03-28,2026-04-11,not_provided,pro,True,2026-04-09
U00596,2026-05-03,2026-05-17,not_provided,pro,True,2026-05-10
U00597,2026-01-17,2026-01-31,not_provided,starter,False,
U00598,2026-01-10,2026-01-24,51-200,pro,False,
U00599,2026-01-12,2026-01-26,11-50,starter,True,2026-01-22
U00600,2026-03-21,2026-04-04,not_provided,starter,True,2026-04-03
U00601,2026-05-02,2026-05-16,51-200,starter,False,
U00602,2026-06-15,2026-06-29,11-50,business,True,2026-06-25
U00603,2026-01-13,2026-01-27,not_provided,business,True,2026-01-22
U00604,2026-02-01,2026-02-15,51-200,starter,True,2026-02-12
U00605,2026-04-23,2026-05-07,200+,business,True,2026-04-30
U00606,2026-05-08,2026-05-22,not_provided,starter,True,2026-05-18
U00607,2026-05-13,2026-05-27,51-200,starter,False,
U00608,2026-04-19,2026-05-03,1-10,starter,True,2026-05-03
U00609,2026-02-16,2026-03-02,not_provided,business,False,
U00610,2026-03-24,2026-04-07,1-10,starter,False,
U00611,2026-03-25,2026-04-08,not_provided,business,False,
U00612,2026-03-20,2026-04-03,200+,pro,True,2026-03-31
U00613,2026-02-12,2026-02-26,not_provided,starter,False,
U00614,2026-03-31,2026-04-14,200+,starter,True,2026-04-10
U00615,2026-06-07,2026-06-21,200+,business,False,
U00616,2026-06-13,2026-06-27,1-10,starter,False,
U00617,2026-06-13,2026-06-27,200+,business,True,2026-06-26
U00618,2026-02-10,2026-02-24,1-10,pro,True,2026-02-24
U00619,2026-04-23,2026-05-07,1-10,pro,False,
U00620,2026-01-18,2026-02-01,11-50,business,False,
U00621,2026-04-04,2026-04-18,51-200,starter,True,2026-04-18
U00622,2026-01-09,2026-01-23,not_provided,pro,False,
U00623,2026-04-26,2026-05-10,51-200,business,True,2026-05-08
U00624,2026-01-20,2026-02-03,not_provided,pro,False,
U00625,2026-05-16,2026-05-30,51-200,starter,False,
U00626,2026-03-22,2026-04-05,not_provided,business,True,2026-03-30
U00627,2026-01-30,2026-02-13,1-10,business,True,2026-02-06
U00628,2026-05-08,2026-05-22,not_provided,starter,True,2026-05-21
U00629,2026-01-31,2026-02-14,51-200,business,False,
U00630,2026-04-25,2026-05-09,11-50,pro,False,
U00631,2026-03-15,2026-03-29,not_provided,starter,False,
U00632,2026-02-21,2026-03-07,1-10,pro,True,2026-02-27
U00633,2026-04-26,2026-05-10,11-50,business,False,
U00634,2026-04-24,2026-05-08,1-10,business,False,
U00635,2026-03-23,2026-04-06,not_provided,business,False,
U00636,2026-01-17,2026-01-31,not_provided,pro,False,
U00637,2026-03-16,2026-03-30,51-200,pro,False,
U00638,2026-06-13,2026-06-27,11-50,business,True,2026-06-26
U00639,2026-02-27,2026-03-13,1-10,pro,False,
U00640,2026-02-05,2026-02-19,11-50,starter,True,2026-02-10
U00641,2026-04-03,2026-04-17,not_provided,pro,True,2026-04-13
U00642,2026-04-30,2026-05-14,not_provided,pro,False,
U00643,2026-06-06,2026-06-20,1-10,starter,True,2026-06-15
U00644,2026-04-12,2026-04-26,not_provided,business,False,
U00645,2026-05-03,2026-05-17,not_provided,starter,True,2026-05-14
U00646,2026-05-28,2026-06-11,1-10,pro,False,
U00647,2026-03-23,2026-04-06,not_provided,starter,True,2026-04-04
U00648,2026-04-30,2026-05-14,not_provided,pro,False,
U00649,2026-03-30,2026-04-13,11-50,pro,False,
U00650,2026-06-13,2026-06-27,not_provided,pro,True,2026-06-20
U00651,2026-04-21,2026-05-05,not_provided,starter,False,
U00652,2026-02-01,2026-02-15,not_provided,pro,False,
U00653,2026-03-19,2026-04-02,11-50,pro,False,
U00654,2026-03-24,2026-04-07,not_provided,pro,True,2026-04-03
U00655,2026-05-13,2026-05-27,51-200,starter,True,2026-05-22
U00656,2026-02-20,2026-03-06,not_provided,pro,False,
U00657,2026-03-12,2026-03-26,11-50,business,True,2026-03-21
U00658,2026-06-07,2026-06-21,not_provided,starter,False,
U00659,2026-05-09,2026-05-23,not_provided,pro,False,
U00660,2026-06-01,2026-06-15,not_provided,pro,True,2026-06-08
U00661,2026-06-09,2026-06-23,not_provided,pro,False,
U00662,2026-03-28,2026-04-11,not_provided,starter,True,2026-04-02
U00663,2026-01-21,2026-02-04,1-10,business,True,2026-02-04
U00664,2026-03-09,2026-03-23,not_provided,pro,False,
U00665,2026-05-27,2026-06-10,200+,pro,False,
U00666,2026-06-13,2026-06-27,1-10,starter,False,
U00667,2026-06-10,2026-06-24,not_provided,business,False,
U00668,2026-06-14,2026-06-28,51-200,starter,True,2026-06-22
U00669,2026-04-14,2026-04-28,51-200,starter,False,
U00670,2026-01-19,2026-02-02,not_provided,starter,False,
U00671,2026-02-10,2026-02-24,200+,starter,True,2026-02-22
U00672,2026-04-29,2026-05-13,11-50,business,False,
U00673,2026-06-05,2026-06-19,11-50,business,False,
U00674,2026-03-23,2026-04-06,not_provided,business,False,
U00675,2026-04-13,2026-04-27,11-50,business,False,
U00676,2026-05-12,2026-05-26,not_provided,starter,False,
U00677,2026-03-23,2026-04-06,11-50,starter,True,2026-03-29
U00678,2026-03-10,2026-03-24,200+,pro,True,2026-03-17
U00679,2026-01-25,2026-02-08,1-10,business,False,
U00680,2026-04-09,2026-04-23,not_provided,starter,True,2026-04-17
U00681,2026-02-10,2026-02-24,51-200,pro,True,2026-02-20
U00682,2026-02-18,2026-03-04,11-50,starter,False,
U00683,2026-05-12,2026-05-26,200+,starter,True,2026-05-21
U00684,2026-05-08,2026-05-22,1-10,starter,False,
U00685,2026-04-11,2026-04-25,not_provided,starter,True,2026-04-19
U00686,2026-02-25,2026-03-11,not_provided,business,True,2026-03-02
U00687,2026-01-13,2026-01-27,51-200,starter,False,
U00688,2026-06-02,2026-06-16,not_provided,business,False,
U00689,2026-05-01,2026-05-15,51-200,pro,True,2026-05-06
U00690,2026-01-28,2026-02-11,200+,pro,False,
U00691,2026-03-09,2026-03-23,not_provided,business,True,2026-03-20
U00692,2026-04-04,2026-04-18,1-10,starter,False,
U00693,2026-01-14,2026-01-28,not_provided,pro,False,
U00694,2026-02-19,2026-03-05,51-200,pro,True,2026-02-28
U00695,2026-01-19,2026-02-02,200+,pro,True,2026-01-31
U00696,2026-05-21,2026-06-04,51-200,pro,True,2026-06-04
U00697,2026-01-31,2026-02-14,11-50,starter,False,
U00698,2026-04-11,2026-04-25,51-200,business,False,
U00699,2026-05-23,2026-06-06,51-200,pro,True,2026-05-31
U00700,2026-06-04,2026-06-18,not_provided,starter,True,2026-06-17
U00701,2026-01-11,2026-01-25,1-10,starter,False,
U00702,2026-02-05,2026-02-19,not_provided,business,False,
U00703,2026-05-02,2026-05-16,not_provided,starter,False,
U00704,2026-02-08,2026-02-22,not_provided,pro,False,
U00705,2026-02-05,2026-02-19,51-200,pro,False,
U00706,2026-03-23,2026-04-06,11-50,starter,False,
U00707,2026-06-07,2026-06-21,not_provided,business,False,
U00708,2026-06-01,2026-06-15,51-200,pro,True,2026-06-14
U00709,2026-05-17,2026-05-31,200+,business,True,2026-05-31
U00710,2026-03-18,2026-04-01,200+,starter,True,2026-03-28
U00711,2026-03-26,2026-04-09,not_provided,starter,True,2026-04-06
U00712,2026-05-30,2026-06-13,51-200,business,False,
U00713,2026-06-11,2026-06-25,1-10,pro,False,
U00714,2026-05-02,2026-05-16,51-200,business,False,
U00715,2026-05-29,2026-06-12,not_provided,pro,True,2026-06-03
U00716,2026-05-30,2026-06-13,200+,pro,False,
U00717,2026-05-15,2026-05-29,not_provided,business,True,2026-05-29
U00718,2026-04-08,2026-04-22,11-50,business,False,
U00719,2026-03-04,2026-03-18,1-10,pro,False,
U00720,2026-01-29,2026-02-12,11-50,starter,False,
U00721,2026-04-23,2026-05-07,51-200,starter,True,2026-04-30
U00722,2026-04-16,2026-04-30,not_provided,pro,False,
U00723,2026-04-16,2026-04-30,not_provided,pro,False,
U00724,2026-05-01,2026-05-15,not_provided,business,False,
U00725,2026-01-16,2026-01-30,not_provided,pro,True,2026-01-29
U00726,2026-02-23,2026-03-09,not_provided,business,True,2026-03-07
U00727,2026-05-15,2026-05-29,200+,business,False,
U00728,2026-02-14,2026-02-28,200+,pro,True,2026-02-24
U00729,2026-05-20,2026-06-03,51-200,business,True,2026-05-29
U00730,2026-06-06,2026-06-20,200+,pro,False,
U00731,2026-03-05,2026-03-19,51-200,pro,True,2026-03-14
U00732,2026-02-27,2026-03-13,51-200,business,True,2026-03-07
U00733,2026-05-06,2026-05-20,51-200,starter,False,
U00734,2026-03-31,2026-04-14,not_provided,business,False,
U00735,2026-03-12,2026-03-26,51-200,starter,False,
U00736,2026-05-27,2026-06-10,not_provided,pro,False,
U00737,2026-04-08,2026-04-22,200+,business,False,
U00738,2026-02-07,2026-02-21,51-200,starter,False,
U00739,2026-03-15,2026-03-29,not_provided,starter,False,
U00740,2026-03-30,2026-04-13,200+,business,False,
U00741,2026-03-07,2026-03-21,not_provided,starter,True,2026-03-15
U00742,2026-02-21,2026-03-07,not_provided,business,False,
U00743,2026-05-24,2026-06-07,not_provided,business,False,
U00744,2026-02-05,2026-02-19,1-10,pro,True,2026-02-19
U00745,2026-03-03,2026-03-17,11-50,starter,False,
U00746,2026-05-16,2026-05-30,11-50,business,False,
U00747,2026-03-01,2026-03-15,1-10,starter,True,2026-03-12
U00748,2026-03-26,2026-04-09,not_provided,starter,True,2026-04-01
U00749,2026-02-05,2026-02-19,1-10,pro,True,2026-02-12
U00750,2026-04-15,2026-04-29,not_provided,starter,False,
U00751,2026-05-03,2026-05-17,not_provided,pro,False,
U00752,2026-03-15,2026-03-29,51-200,business,True,2026-03-20
U00753,2026-01-23,2026-02-06,not_provided,pro,False,
U00754,2026-03-01,2026-03-15,not_provided,business,True,2026-03-06
U00755,2026-02-14,2026-02-28,200+,pro,True,2026-02-19
U00756,2026-04-12,2026-04-26,200+,pro,False,
U00757,2026-03-16,2026-03-30,1-10,starter,False,
U00758,2026-03-18,2026-04-01,not_provided,pro,True,2026-03-24
U00759,2026-03-27,2026-04-10,51-200,starter,False,
U00760,2026-06-14,2026-06-28,not_provided,pro,False,
U00761,2026-05-07,2026-05-21,11-50,pro,False,
U00762,2026-04-30,2026-05-14,51-200,pro,False,
U00763,2026-01-29,2026-02-12,51-200,pro,False,
U00764,2026-04-28,2026-05-12,not_provided,business,False,
U00765,2026-02-17,2026-03-03,1-10,business,False,
U00766,2026-03-28,2026-04-11,51-200,pro,False,
U00767,2026-02-19,2026-03-05,11-50,pro,False,
U00768,2026-06-13,2026-06-27,200+,starter,True,2026-06-26
U00769,2026-03-25,2026-04-08,1-10,starter,False,
U00770,2026-01-25,2026-02-08,11-50,pro,False,
U00771,2026-05-03,2026-05-17,51-200,pro,False,
U00772,2026-01-02,2026-01-16,51-200,starter,False,
U00773,2026-03-02,2026-03-16,200+,business,False,
U00774,2026-03-26,2026-04-09,51-200,pro,True,2026-04-09
U00775,2026-01-03,2026-01-17,51-200,business,True,2026-01-13
U00776,2026-03-02,2026-03-16,1-10,business,False,
U00777,2026-01-31,2026-02-14,200+,business,False,
U00778,2026-02-10,2026-02-24,200+,business,False,
U00779,2026-05-09,2026-05-23,not_provided,business,True,2026-05-15
U00780,2026-06-13,2026-06-27,51-200,business,True,2026-06-27
U00781,2026-02-26,2026-03-12,11-50,pro,True,2026-03-10
U00782,2026-02-09,2026-02-23,200+,business,False,
U00783,2026-06-05,2026-06-19,51-200,starter,False,
U00784,2026-05-21,2026-06-04,200+,pro,True,2026-05-29
U00785,2026-03-05,2026-03-19,not_provided,pro,False,
U00786,2026-01-21,2026-02-04,not_provided,starter,True,2026-02-03
U00787,2026-04-03,2026-04-17,1-10,pro,True,2026-04-09
U00788,2026-01-16,2026-01-30,not_provided,pro,False,
U00789,2026-02-21,2026-03-07,not_provided,pro,False,
U00790,2026-02-08,2026-02-22,11-50,business,False,
U00791,2026-05-14,2026-05-28,200+,starter,False,
U00792,2026-02-22,2026-03-08,not_provided,pro,False,
U00793,2026-05-06,2026-05-20,1-10,pro,False,
U00794,2026-04-25,2026-05-09,1-10,starter,True,2026-05-02
U00795,2026-05-12,2026-05-26,200+,starter,False,
U00796,2026-05-25,2026-06-08,1-10,pro,True,2026-06-06
U00797,2026-03-20,2026-04-03,not_provided,starter,False,
U00798,2026-04-12,2026-04-26,51-200,starter,False,
U00799,2026-02-25,2026-03-11,not_provided,starter,True,2026-03-02
U00800,2026-04-19,2026-05-03,51-200,business,False,
U00801,2026-01-17,2026-01-31,not_provided,starter,True,2026-01-23
U00802,2026-05-01,2026-05-15,1-10,business,False,
U00803,2026-04-15,2026-04-29,11-50,pro,True,2026-04-26
U00804,2026-04-06,2026-04-20,200+,starter,False,
U00805,2026-04-07,2026-04-21,200+,starter,True,2026-04-20
U00806,2026-02-04,2026-02-18,not_provided,business,False,
U00807,2026-01-31,2026-02-14,11-50,pro,True,2026-02-11
U00808,2026-05-16,2026-05-30,11-50,business,False,
U00809,2026-02-27,2026-03-13,1-10,starter,True,2026-03-08
U00810,2026-04-29,2026-05-13,not_provided,business,True,2026-05-12
U00811,2026-04-19,2026-05-03,not_provided,starter,False,
U00812,2026-02-28,2026-03-14,11-50,starter,False,
U00813,2026-03-30,2026-04-13,11-50,business,False,
U00814,2026-02-18,2026-03-04,not_provided,starter,False,
U00815,2026-01-09,2026-01-23,not_provided,starter,True,2026-01-23
U00816,2026-01-05,2026-01-19,11-50,pro,False,
U00817,2026-01-18,2026-02-01,1-10,pro,True,2026-01-23
U00818,2026-04-25,2026-05-09,not_provided,business,False,
U00819,2026-01-13,2026-01-27,11-50,business,False,
U00820,2026-01-12,2026-01-26,200+,starter,False,
U00821,2026-03-01,2026-03-15,not_provided,pro,False,
U00822,2026-01-15,2026-01-29,11-50,pro,True,2026-01-24
U00823,2026-03-01,2026-03-15,not_provided,pro,False,
U00824,2026-03-23,2026-04-06,not_provided,pro,False,
U00825,2026-03-24,2026-04-07,11-50,business,True,2026-03-31
U00826,2026-05-14,2026-05-28,11-50,starter,True,2026-05-23
U00827,2026-03-12,2026-03-26,1-10,pro,False,
U00828,2026-06-01,2026-06-15,not_provided,pro,False,
U00829,2026-06-10,2026-06-24,not_provided,starter,False,
U00830,2026-05-23,2026-06-06,200+,starter,True,2026-06-02
U00831,2026-06-14,2026-06-28,not_provided,starter,False,
U00832,2026-05-15,2026-05-29,51-200,business,True,2026-05-26
U00833,2026-04-15,2026-04-29,11-50,business,False,
U00834,2026-04-07,2026-04-21,11-50,pro,False,
U00835,2026-05-02,2026-05-16,11-50,pro,False,
U00836,2026-03-18,2026-04-01,not_provided,pro,False,
U00837,2026-04-29,2026-05-13,1-10,pro,False,
U00838,2026-04-16,2026-04-30,200+,pro,False,
U00839,2026-05-16,2026-05-30,11-50,starter,True,2026-05-24
U00840,2026-03-07,2026-03-21,11-50,business,True,2026-03-13
U00841,2026-04-26,2026-05-10,51-200,starter,False,
U00842,2026-05-18,2026-06-01,not_provided,pro,True,2026-05-23
U00843,2026-03-10,2026-03-24,200+,business,False,
U00844,2026-06-04,2026-06-18,not_provided,starter,False,
U00845,2026-01-19,2026-02-02,11-50,pro,False,
U00846,2026-05-24,2026-06-07,11-50,starter,True,2026-06-01
U00847,2026-03-27,2026-04-10,51-200,starter,False,
U00848,2026-02-24,2026-03-10,11-50,business,False,
U00849,2026-01-31,2026-02-14,not_provided,starter,False,
U00850,2026-03-04,2026-03-18,not_provided,pro,False,
U00851,2026-02-22,2026-03-08,200+,pro,True,2026-03-07
U00852,2026-03-24,2026-04-07,51-200,starter,False,
U00853,2026-04-30,2026-05-14,not_provided,business,False,
U00854,2026-04-02,2026-04-16,51-200,business,False,
U00855,2026-04-03,2026-04-17,not_provided,starter,True,2026-04-15
U00856,2026-01-26,2026-02-09,not_provided,starter,False,
U00857,2026-03-23,2026-04-06,11-50,business,False,
U00858,2026-03-22,2026-04-05,200+,starter,True,2026-04-05
U00859,2026-02-26,2026-03-12,not_provided,pro,False,
U00860,2026-01-05,2026-01-19,51-200,pro,True,2026-01-19
U00861,2026-05-29,2026-06-12,not_provided,starter,False,
U00862,2026-03-17,2026-03-31,11-50,pro,True,2026-03-27
U00863,2026-02-28,2026-03-14,200+,pro,True,2026-03-08
U00864,2026-05-08,2026-05-22,not_provided,business,False,
U00865,2026-03-28,2026-04-11,51-200,starter,False,
U00866,2026-06-14,2026-06-28,not_provided,starter,True,2026-06-26
U00867,2026-02-13,2026-02-27,not_provided,business,True,2026-02-20
U00868,2026-02-05,2026-02-19,not_provided,pro,True,2026-02-17
U00869,2026-02-17,2026-03-03,not_provided,business,True,2026-02-22
U00870,2026-05-15,2026-05-29,1-10,starter,True,2026-05-20
U00871,2026-01-02,2026-01-16,200+,pro,True,2026-01-10
U00872,2026-01-18,2026-02-01,not_provided,pro,True,2026-01-23
U00873,2026-02-25,2026-03-11,not_provided,starter,False,
U00874,2026-04-06,2026-04-20,1-10,pro,False,
U00875,2026-06-13,2026-06-27,not_provided,pro,False,
U00876,2026-05-04,2026-05-18,not_provided,starter,False,
U00877,2026-01-05,2026-01-19,1-10,pro,False,
U00878,2026-05-22,2026-06-05,200+,starter,False,
U00879,2026-01-05,2026-01-19,not_provided,business,True,2026-01-14
U00880,2026-05-18,2026-06-01,51-200,starter,False,
U00881,2026-05-09,2026-05-23,not_provided,business,True,2026-05-20
U00882,2026-02-15,2026-03-01,1-10,starter,True,2026-02-28
U00883,2026-02-08,2026-02-22,11-50,pro,False,
U00884,2026-06-08,2026-06-22,not_provided,business,True,2026-06-18
U00885,2026-03-10,2026-03-24,200+,starter,False,
U00886,2026-04-06,2026-04-20,200+,starter,False,
U00887,2026-05-25,2026-06-08,11-50,business,True,2026-06-02
U00888,2026-03-18,2026-04-01,not_provided,starter,True,2026-03-23
U00889,2026-01-24,2026-02-07,200+,starter,False,
U00890,2026-04-07,2026-04-21,not_provided,starter,False,
U00891,2026-01-15,2026-01-29,not_provided,starter,True,2026-01-22
U00892,2026-01-22,2026-02-05,200+,starter,True,2026-02-01
U00893,2026-05-25,2026-06-08,1-10,pro,False,
U00894,2026-01-11,2026-01-25,11-50,pro,False,
U00895,2026-05-26,2026-06-09,200+,business,False,
U00896,2026-01-12,2026-01-26,1-10,business,False,
U00897,2026-03-13,2026-03-27,not_provided,pro,True,2026-03-18
U00898,2026-02-15,2026-03-01,51-200,starter,True,2026-02-23
U00899,2026-05-31,2026-06-14,11-50,business,True,2026-06-11
U00900,2026-01-20,2026-02-03,51-200,pro,True,2026-02-03
U00901,2026-03-03,2026-03-17,not_provided,starter,True,2026-03-16
U00902,2026-03-26,2026-04-09,200+,business,False,
U00903,2026-02-05,2026-02-19,not_provided,business,False,
U00904,2026-01-21,2026-02-04,not_provided,business,True,2026-01-31
U00905,2026-01-14,2026-01-28,1-10,starter,True,2026-01-22
U00906,2026-01-20,2026-02-03,51-200,pro,False,
U00907,2026-06-07,2026-06-21,not_provided,starter,True,2026-06-17
U00908,2026-01-08,2026-01-22,not_provided,business,True,2026-01-20
U00909,2026-05-06,2026-05-20,11-50,business,True,2026-05-19
U00910,2026-04-07,2026-04-21,200+,pro,False,
U00911,2026-05-30,2026-06-13,not_provided,starter,False,
U00912,2026-01-22,2026-02-05,not_provided,business,False,
U00913,2026-03-05,2026-03-19,not_provided,starter,False,
U00914,2026-01-22,2026-02-05,51-200,pro,False,
U00915,2026-04-08,2026-04-22,not_provided,business,False,
U00916,2026-02-09,2026-02-23,not_provided,starter,False,
U00917,2026-03-23,2026-04-06,51-200,starter,False,
U00918,2026-01-24,2026-02-07,1-10,business,False,
U00919,2026-04-24,2026-05-08,51-200,business,True,2026-04-30
U00920,2026-02-03,2026-02-17,1-10,pro,True,2026-02-14
U00921,2026-04-25,2026-05-09,not_provided,pro,True,2026-05-08
U00922,2026-04-15,2026-04-29,1-10,starter,True,2026-04-21
U00923,2026-04-01,2026-04-15,not_provided,starter,True,2026-04-15
U00924,2026-06-03,2026-06-17,51-200,starter,False,
U00925,2026-01-04,2026-01-18,51-200,starter,False,
U00926,2026-04-10,2026-04-24,1-10,business,True,2026-04-23
U00927,2026-03-04,2026-03-18,not_provided,pro,True,2026-03-11
U00928,2026-04-08,2026-04-22,11-50,pro,False,
U00929,2026-03-10,2026-03-24,51-200,business,False,
U00930,2026-05-07,2026-05-21,11-50,starter,False,
U00931,2026-02-12,2026-02-26,200+,business,False,
U00932,2026-04-18,2026-05-02,51-200,starter,True,2026-04-24
U00933,2026-04-03,2026-04-17,51-200,pro,False,
U00934,2026-06-10,2026-06-24,200+,pro,True,2026-06-24
U00935,2026-02-20,2026-03-06,200+,starter,False,
U00936,2026-02-04,2026-02-18,51-200,starter,False,
U00937,2026-04-12,2026-04-26,51-200,pro,False,
U00938,2026-04-08,2026-04-22,51-200,starter,False,
U00939,2026-03-27,2026-04-10,200+,business,True,2026-04-10
U00940,2026-02-04,2026-02-18,51-200,business,True,2026-02-18
U00941,2026-02-21,2026-03-07,200+,business,False,
U00942,2026-02-15,2026-03-01,200+,business,False,
U00943,2026-03-16,2026-03-30,not_provided,business,True,2026-03-28
U00944,2026-05-28,2026-06-11,11-50,business,False,
U00945,2026-04-07,2026-04-21,51-200,starter,True,2026-04-17
U00946,2026-01-30,2026-02-13,not_provided,pro,False,
U00947,2026-06-01,2026-06-15,not_provided,pro,True,2026-06-14
U00948,2026-01-07,2026-01-21,not_provided,starter,True,2026-01-15
U00949,2026-04-23,2026-05-07,51-200,business,False,
U00950,2026-01-18,2026-02-01,200+,business,False,
U00951,2026-05-08,2026-05-22,11-50,business,False,
U00952,2026-03-19,2026-04-02,11-50,business,False,
U00953,2026-02-09,2026-02-23,not_provided,starter,False,
U00954,2026-04-07,2026-04-21,1-10,starter,True,2026-04-21
U00955,2026-05-03,2026-05-17,not_provided,starter,False,
U00956,2026-05-17,2026-05-31,not_provided,business,False,
U00957,2026-04-18,2026-05-02,not_provided,starter,False,
U00958,2026-04-03,2026-04-17,not_provided,pro,False,
U00959,2026-06-02,2026-06-16,not_provided,starter,False,
U00960,2026-01-28,2026-02-11,11-50,business,False,
U00961,2026-04-01,2026-04-15,11-50,business,False,
U00962,2026-06-06,2026-06-20,1-10,pro,False,
U00963,2026-06-15,2026-06-29,not_provided,business,True,2026-06-26
U00964,2026-03-26,2026-04-09,200+,starter,True,2026-03-31
U00965,2026-01-26,2026-02-09,51-200,pro,False,
U00966,2026-05-11,2026-05-25,not_provided,pro,False,
U00967,2026-05-23,2026-06-06,not_provided,business,False,
U00968,2026-05-28,2026-06-11,11-50,starter,False,
U00969,2026-04-06,2026-04-20,200+,starter,False,
U00970,2026-05-31,2026-06-14,not_provided,pro,False,
U00971,2026-02-08,2026-02-22,51-200,starter,False,
U00972,2026-05-04,2026-05-18,1-10,business,False,
U00973,2026-04-17,2026-05-01,1-10,starter,False,
U00974,2026-02-06,2026-02-20,51-200,business,True,2026-02-16
U00975,2026-04-27,2026-05-11,11-50,pro,True,2026-05-09
U00976,2026-03-31,2026-04-14,200+,starter,False,
U00977,2026-04-23,2026-05-07,not_provided,business,True,2026-05-05
U00978,2026-03-23,2026-04-06,1-10,business,True,2026-03-28
U00979,2026-01-30,2026-02-13,1-10,business,False,
U00980,2026-06-15,2026-06-29,1-10,business,False,
U00981,2026-02-12,2026-02-26,not_provided,pro,True,2026-02-25
U00982,2026-02-14,2026-02-28,not_provided,pro,False,
U00983,2026-03-26,2026-04-09,not_provided,starter,True,2026-04-07
U00984,2026-03-01,2026-03-15,200+,business,True,2026-03-08
U00985,2026-02-17,2026-03-03,not_provided,business,True,2026-02-28
U00986,2026-04-12,2026-04-26,1-10,business,False,
U00987,2026-06-07,2026-06-21,11-50,starter,False,
U00988,2026-06-01,2026-06-15,200+,starter,True,2026-06-06
U00989,2026-02-24,2026-03-10,11-50,business,False,
U00990,2026-01-17,2026-01-31,not_provided,starter,False,
U00991,2026-05-18,2026-06-01,11-50,business,False,
U00992,2026-03-25,2026-04-08,11-50,starter,False,
U00993,2026-01-30,2026-02-13,51-200,business,True,2026-02-11
U00994,2026-05-16,2026-05-30,not_provided,business,False,
U00995,2026-06-02,2026-06-16,200+,pro,True,2026-06-13
U00996,2026-05-31,2026-06-14,1-10,business,False,
U00997,2026-04-01,2026-04-15,200+,pro,False,
U00998,2026-02-14,2026-02-28,not_provided,business,True,2026-02-23
U00999,2026-06-07,2026-06-21,not_provided,starter,False,
U01000,2026-02-04,2026-02-18,51-200,starter,True,2026-02-12
U01001,2026-03-20,2026-04-03,1-10,pro,True,2026-03-30
U01002,2026-02-06,2026-02-20,not_provided,starter,True,2026-02-17
U01003,2026-06-02,2026-06-16,11-50,pro,False,
U01004,2026-04-09,2026-04-23,200+,pro,False,
U01005,2026-05-05,2026-05-19,not_provided,pro,False,
U01006,2026-06-15,2026-06-29,11-50,pro,False,
U01007,2026-02-12,2026-02-26,200+,business,True,2026-02-19
U01008,2026-02-17,2026-03-03,51-200,starter,True,2026-03-03
U01009,2026-01-14,2026-01-28,51-200,starter,False,
U01010,2026-05-05,2026-05-19,11-50,pro,False,
U01011,2026-04-09,2026-04-23,not_provided,pro,True,2026-04-21
U01012,2026-04-15,2026-04-29,not_provided,starter,True,2026-04-26
U01013,2026-04-24,2026-05-08,200+,pro,True,2026-04-30
U01014,2026-05-25,2026-06-08,1-10,pro,False,
U01015,2026-03-16,2026-03-30,1-10,business,False,
U01016,2026-02-27,2026-03-13,not_provided,business,True,2026-03-06
U01017,2026-04-28,2026-05-12,not_provided,business,False,
U01018,2026-05-07,2026-05-21,not_provided,pro,False,
U01019,2026-01-29,2026-02-12,not_provided,starter,False,
U01020,2026-03-10,2026-03-24,not_provided,business,True,2026-03-23
U01021,2026-01-11,2026-01-25,not_provided,starter,False,
U01022,2026-05-20,2026-06-03,11-50,starter,False,
U01023,2026-01-27,2026-02-10,not_provided,business,True,2026-02-04
U01024,2026-03-18,2026-04-01,1-10,starter,True,2026-03-27
U01025,2026-03-31,2026-04-14,1-10,starter,True,2026-04-06
U01026,2026-03-02,2026-03-16,11-50,business,False,
U01027,2026-05-31,2026-06-14,not_provided,business,True,2026-06-14
U01028,2026-06-11,2026-06-25,200+,pro,False,
U01029,2026-06-07,2026-06-21,11-50,pro,False,
U01030,2026-02-22,2026-03-08,1-10,pro,False,
U01031,2026-03-31,2026-04-14,not_provided,business,True,2026-04-14
U01032,2026-05-18,2026-06-01,11-50,business,False,
U01033,2026-03-16,2026-03-30,51-200,pro,False,
U01034,2026-03-10,2026-03-24,not_provided,business,False,
U01035,2026-01-25,2026-02-08,11-50,starter,False,
U01036,2026-01-16,2026-01-30,51-200,business,True,2026-01-23
U01037,2026-02-03,2026-02-17,11-50,pro,False,
U01038,2026-03-24,2026-04-07,11-50,business,False,
U01039,2026-04-11,2026-04-25,200+,pro,True,2026-04-25
U01040,2026-06-11,2026-06-25,51-200,business,False,
U01041,2026-04-17,2026-05-01,200+,starter,False,
U01042,2026-01-20,2026-02-03,not_provided,starter,False,
U01043,2026-04-14,2026-04-28,not_provided,business,False,
U01044,2026-03-13,2026-03-27,not_provided,business,False,
U01045,2026-04-27,2026-05-11,200+,business,False,
U01046,2026-05-29,2026-06-12,1-10,business,False,
U01047,2026-01-24,2026-02-07,not_provided,starter,False,
U01048,2026-06-12,2026-06-26,not_provided,business,True,2026-06-22
U01049,2026-01-17,2026-01-31,not_provided,starter,False,
U01050,2026-02-25,2026-03-11,200+,pro,False,
U01051,2026-05-07,2026-05-21,51-200,business,True,2026-05-16
U01052,2026-03-28,2026-04-11,not_provided,pro,False,
U01053,2026-02-03,2026-02-17,not_provided,starter,True,2026-02-13
U01054,2026-01-13,2026-01-27,1-10,starter,True,2026-01-25
U01055,2026-01-05,2026-01-19,1-10,pro,False,
U01056,2026-04-23,2026-05-07,200+,starter,False,
U01057,2026-04-20,2026-05-04,11-50,business,True,2026-04-27
U01058,2026-06-16,2026-06-30,51-200,pro,False,
U01059,2026-03-12,2026-03-26,1-10,business,False,
U01060,2026-04-03,2026-04-17,51-200,starter,False,
U01061,2026-04-06,2026-04-20,not_provided,business,False,
U01062,2026-02-12,2026-02-26,1-10,starter,True,2026-02-21
U01063,2026-03-01,2026-03-15,200+,business,True,2026-03-07
U01064,2026-01-25,2026-02-08,1-10,pro,False,
U01065,2026-05-03,2026-05-17,1-10,pro,False,
U01066,2026-06-01,2026-06-15,11-50,pro,False,
U01067,2026-04-24,2026-05-08,1-10,starter,False,
U01068,2026-03-29,2026-04-12,1-10,starter,False,
U01069,2026-02-03,2026-02-17,200+,starter,True,2026-02-11
U01070,2026-04-09,2026-04-23,1-10,business,False,
U01071,2026-01-27,2026-02-10,1-10,business,False,
U01072,2026-04-05,2026-04-19,51-200,pro,False,
U01073,2026-04-08,2026-04-22,11-50,business,False,
U01074,2026-02-06,2026-02-20,1-10,pro,False,
U01075,2026-05-25,2026-06-08,1-10,pro,False,
U01076,2026-06-16,2026-06-30,11-50,starter,True,2026-06-26
U01077,2026-02-24,2026-03-10,not_provided,business,True,2026-03-03
U01078,2026-04-16,2026-04-30,not_provided,business,True,2026-04-28
U01079,2026-02-25,2026-03-11,1-10,starter,False,
U01080,2026-02-05,2026-02-19,1-10,pro,False,
U01081,2026-04-09,2026-04-23,51-200,starter,True,2026-04-19
U01082,2026-02-05,2026-02-19,11-50,business,True,2026-02-11
U01083,2026-03-05,2026-03-19,not_provided,pro,False,
U01084,2026-06-03,2026-06-17,not_provided,pro,True,2026-06-12
U01085,2026-01-07,2026-01-21,not_provided,business,False,
U01086,2026-02-22,2026-03-08,not_provided,pro,True,2026-03-07
U01087,2026-02-18,2026-03-04,not_provided,starter,True,2026-02-27
U01088,2026-06-15,2026-06-29,1-10,pro,False,
U01089,2026-05-07,2026-05-21,200+,starter,False,
U01090,2026-03-03,2026-03-17,200+,business,False,
U01091,2026-06-02,2026-06-16,1-10,pro,False,
U01092,2026-01-04,2026-01-18,51-200,business,True,2026-01-11
U01093,2026-04-10,2026-04-24,not_provided,starter,False,
U01094,2026-04-04,2026-04-18,not_provided,business,True,2026-04-11
U01095,2026-05-01,2026-05-15,1-10,starter,True,2026-05-15
U01096,2026-01-18,2026-02-01,1-10,business,False,
U01097,2026-02-25,2026-03-11,1-10,starter,True,2026-03-08
U01098,2026-05-10,2026-05-24,51-200,business,True,2026-05-23
U01099,2026-04-17,2026-05-01,200+,business,True,2026-04-28
U01100,2026-01-22,2026-02-05,not_provided,pro,False,
U01101,2026-05-18,2026-06-01,not_provided,pro,True,2026-05-27
U01102,2026-01-22,2026-02-05,51-200,starter,True,2026-02-04
U01103,2026-02-22,2026-03-08,11-50,pro,True,2026-03-04
U01104,2026-04-11,2026-04-25,not_provided,business,False,
U01105,2026-06-16,2026-06-30,not_provided,business,True,2026-06-22
U01106,2026-03-21,2026-04-04,not_provided,starter,True,2026-03-29
U01107,2026-01-15,2026-01-29,11-50,starter,False,
U01108,2026-04-22,2026-05-06,1-10,starter,False,
U01109,2026-06-06,2026-06-20,not_provided,starter,False,
U01110,2026-03-21,2026-04-04,not_provided,business,False,
U01111,2026-02-14,2026-02-28,1-10,starter,False,
U01112,2026-02-05,2026-02-19,not_provided,starter,False,
U01113,2026-02-11,2026-02-25,200+,business,False,
U01114,2026-05-14,2026-05-28,not_provided,business,False,
U01115,2026-03-08,2026-03-22,11-50,business,False,
U01116,2026-02-02,2026-02-16,not_provided,business,False,
U01117,2026-01-31,2026-02-14,1-10,business,False,
U01118,2026-04-20,2026-05-04,51-200,pro,False,
U01119,2026-01-17,2026-01-31,51-200,business,False,
U01120,2026-05-28,2026-06-11,not_provided,starter,True,2026-06-09
U01121,2026-04-27,2026-05-11,not_provided,business,False,
U01122,2026-01-15,2026-01-29,200+,pro,False,
U01123,2026-02-12,2026-02-26,51-200,pro,False,
U01124,2026-03-07,2026-03-21,1-10,pro,True,2026-03-13
U01125,2026-02-28,2026-03-14,not_provided,pro,True,2026-03-05
U01126,2026-01-12,2026-01-26,1-10,pro,False,
U01127,2026-01-12,2026-01-26,200+,business,True,2026-01-23
U01128,2026-02-08,2026-02-22,11-50,starter,True,2026-02-21
U01129,2026-04-18,2026-05-02,11-50,business,True,2026-04-26
U01130,2026-04-17,2026-05-01,not_provided,business,False,
U01131,2026-03-11,2026-03-25,1-10,pro,True,2026-03-21
U01132,2026-01-31,2026-02-14,not_provided,business,True,2026-02-05
U01133,2026-02-15,2026-03-01,11-50,pro,False,
U01134,2026-01-12,2026-01-26,200+,starter,True,2026-01-24
U01135,2026-03-14,2026-03-28,51-200,business,True,2026-03-20
U01136,2026-05-22,2026-06-05,200+,starter,False,
U01137,2026-04-05,2026-04-19,11-50,business,False,
U01138,2026-05-25,2026-06-08,51-200,business,False,
U01139,2026-06-09,2026-06-23,11-50,starter,True,2026-06-19
U01140,2026-06-01,2026-06-15,200+,pro,True,2026-06-14
U01141,2026-03-04,2026-03-18,11-50,starter,False,
U01142,2026-04-15,2026-04-29,1-10,pro,True,2026-04-28
U01143,2026-03-30,2026-04-13,not_provided,business,False,
U01144,2026-01-03,2026-01-17,51-200,starter,True,2026-01-14
U01145,2026-03-20,2026-04-03,1-10,pro,False,
U01146,2026-05-16,2026-05-30,11-50,starter,False,
U01147,2026-05-06,2026-05-20,1-10,pro,True,2026-05-15
U01148,2026-01-24,2026-02-07,1-10,pro,True,2026-02-06
U01149,2026-04-16,2026-04-30,not_provided,business,False,
U01150,2026-04-28,2026-05-12,not_provided,starter,True,2026-05-12
U01151,2026-01-25,2026-02-08,not_provided,pro,False,
U01152,2026-06-13,2026-06-27,200+,starter,True,2026-06-27
U01153,2026-05-26,2026-06-09,1-10,starter,True,2026-06-02
U01154,2026-03-02,2026-03-16,51-200,business,False,
U01155,2026-03-22,2026-04-05,200+,business,False,
U01156,2026-03-25,2026-04-08,51-200,starter,False,
U01157,2026-03-11,2026-03-25,11-50,starter,False,
U01158,2026-02-21,2026-03-07,11-50,pro,False,
U01159,2026-01-28,2026-02-11,11-50,starter,False,
U01160,2026-02-12,2026-02-26,200+,starter,True,2026-02-22
U01161,2026-04-15,2026-04-29,1-10,pro,False,
U01162,2026-04-02,2026-04-16,11-50,starter,False,
U01163,2026-03-20,2026-04-03,200+,business,False,
U01164,2026-01-31,2026-02-14,1-10,pro,True,2026-02-09
U01165,2026-06-04,2026-06-18,1-10,pro,False,
U01166,2026-03-25,2026-04-08,11-50,starter,False,
U01167,2026-03-05,2026-03-19,51-200,starter,True,2026-03-18
U01168,2026-01-13,2026-01-27,not_provided,business,True,2026-01-22
U01169,2026-02-14,2026-02-28,1-10,starter,True,2026-02-26
U01170,2026-05-23,2026-06-06,not_provided,pro,False,
U01171,2026-03-05,2026-03-19,1-10,starter,False,
U01172,2026-01-27,2026-02-10,11-50,starter,False,
U01173,2026-01-04,2026-01-18,1-10,pro,False,
U01174,2026-02-03,2026-02-17,11-50,starter,False,
U01175,2026-04-06,2026-04-20,not_provided,business,False,
U01176,2026-06-15,2026-06-29,1-10,pro,True,2026-06-29
U01177,2026-03-08,2026-03-22,1-10,starter,False,
U01178,2026-01-17,2026-01-31,11-50,business,False,
U01179,2026-04-24,2026-05-08,11-50,starter,False,
U01180,2026-03-26,2026-04-09,1-10,starter,False,
U01181,2026-04-29,2026-05-13,1-10,pro,True,2026-05-13
U01182,2026-04-21,2026-05-05,not_provided,starter,False,
U01183,2026-05-08,2026-05-22,1-10,starter,False,
U01184,2026-04-20,2026-05-04,11-50,business,False,
U01185,2026-02-24,2026-03-10,11-50,business,False,
U01186,2026-03-13,2026-03-27,200+,pro,False,
U01187,2026-01-09,2026-01-23,not_provided,pro,True,2026-01-23
U01188,2026-03-04,2026-03-18,not_provided,business,False,
U01189,2026-05-08,2026-05-22,200+,pro,False,
U01190,2026-05-03,2026-05-17,1-10,starter,True,2026-05-12
U01191,2026-04-09,2026-04-23,11-50,starter,False,
U01192,2026-02-21,2026-03-07,not_provided,pro,False,
U01193,2026-03-05,2026-03-19,not_provided,pro,False,
U01194,2026-01-05,2026-01-19,200+,business,False,
U01195,2026-04-02,2026-04-16,200+,pro,True,2026-04-14
U01196,2026-03-30,2026-04-13,not_provided,pro,True,2026-04-09
U01197,2026-04-10,2026-04-24,51-200,pro,False,
U01198,2026-01-07,2026-01-21,51-200,pro,True,2026-01-15
U01199,2026-01-08,2026-01-22,51-200,starter,True,2026-01-20
U01200,2026-05-16,2026-05-30,51-200,pro,False,
U01201,2026-03-01,2026-03-15,11-50,starter,False,
U01202,2026-03-05,2026-03-19,not_provided,pro,True,2026-03-14
U01203,2026-05-17,2026-05-31,not_provided,starter,True,2026-05-25
U01204,2026-05-28,2026-06-11,200+,business,False,
U01205,2026-02-14,2026-02-28,11-50,pro,False,
U01206,2026-06-01,2026-06-15,51-200,business,False,
U01207,2026-04-02,2026-04-16,not_provided,starter,False,
U01208,2026-04-01,2026-04-15,not_provided,pro,True,2026-04-08
U01209,2026-05-25,2026-06-08,11-50,starter,False,
U01210,2026-05-19,2026-06-02,51-200,pro,True,2026-05-31
U01211,2026-01-10,2026-01-24,1-10,starter,False,
U01212,2026-03-01,2026-03-15,not_provided,pro,True,2026-03-06
U01213,2026-05-15,2026-05-29,200+,starter,False,
U01214,2026-03-26,2026-04-09,not_provided,pro,False,
U01215,2026-02-03,2026-02-17,51-200,business,True,2026-02-10
U01216,2026-03-24,2026-04-07,1-10,starter,False,
U01217,2026-02-07,2026-02-21,not_provided,business,True,2026-02-14
U01218,2026-01-29,2026-02-12,not_provided,business,False,
U01219,2026-01-19,2026-02-02,51-200,business,True,2026-01-30
U01220,2026-05-31,2026-06-14,1-10,business,False,
U01221,2026-03-19,2026-04-02,51-200,pro,True,2026-03-26
U01222,2026-04-22,2026-05-06,not_provided,starter,True,2026-05-02
U01223,2026-02-14,2026-02-28,not_provided,pro,False,
U01224,2026-06-07,2026-06-21,51-200,pro,False,
U01225,2026-05-31,2026-06-14,11-50,starter,False,
U01226,2026-03-20,2026-04-03,not_provided,business,True,2026-03-29
U01227,2026-02-02,2026-02-16,11-50,business,False,
U01228,2026-01-01,2026-01-15,not_provided,pro,True,2026-01-12
U01229,2026-05-26,2026-06-09,1-10,pro,True,2026-06-09
U01230,2026-03-23,2026-04-06,not_provided,pro,False,
U01231,2026-06-13,2026-06-27,not_provided,starter,True,2026-06-25
U01232,2026-02-06,2026-02-20,51-200,business,True,2026-02-12
U01233,2026-03-02,2026-03-16,51-200,business,True,2026-03-09
U01234,2026-06-12,2026-06-26,1-10,business,False,
U01235,2026-06-13,2026-06-27,not_provided,business,True,2026-06-25
U01236,2026-01-03,2026-01-17,51-200,pro,False,
U01237,2026-03-05,2026-03-19,not_provided,starter,True,2026-03-15
U01238,2026-03-07,2026-03-21,1-10,business,True,2026-03-12
U01239,2026-01-13,2026-01-27,200+,starter,False,
U01240,2026-04-18,2026-05-02,11-50,starter,False,
U01241,2026-05-07,2026-05-21,200+,business,True,2026-05-20
U01242,2026-04-07,2026-04-21,1-10,starter,False,
U01243,2026-05-28,2026-06-11,not_provided,business,True,2026-06-05
U01244,2026-02-11,2026-02-25,200+,starter,True,2026-02-16
U01245,2026-03-17,2026-03-31,1-10,business,True,2026-03-26
U01246,2026-01-27,2026-02-10,1-10,business,True,2026-02-03
U01247,2026-04-07,2026-04-21,11-50,business,False,
U01248,2026-01-20,2026-02-03,not_provided,starter,False,
U01249,2026-03-28,2026-04-11,not_provided,pro,False,
U01250,2026-05-04,2026-05-18,not_provided,starter,False,
U01251,2026-04-21,2026-05-05,not_provided,pro,False,
U01252,2026-06-05,2026-06-19,200+,pro,True,2026-06-10
U01253,2026-01-26,2026-02-09,51-200,pro,False,
U01254,2026-02-18,2026-03-04,200+,business,False,
U01255,2026-05-22,2026-06-05,not_provided,business,True,2026-06-04
U01256,2026-03-09,2026-03-23,not_provided,business,True,2026-03-18
U01257,2026-03-02,2026-03-16,1-10,starter,False,
U01258,2026-04-11,2026-04-25,not_provided,pro,False,
U01259,2026-05-06,2026-05-20,11-50,starter,False,
U01260,2026-04-03,2026-04-17,1-10,starter,False,
U01261,2026-01-23,2026-02-06,51-200,business,False,
U01262,2026-06-10,2026-06-24,not_provided,starter,False,
U01263,2026-02-21,2026-03-07,1-10,starter,False,
U01264,2026-02-22,2026-03-08,11-50,business,True,2026-03-03
U01265,2026-01-21,2026-02-04,200+,starter,False,
U01266,2026-03-20,2026-04-03,200+,starter,False,
U01267,2026-05-06,2026-05-20,not_provided,business,False,
U01268,2026-01-24,2026-02-07,not_provided,pro,False,
U01269,2026-04-10,2026-04-24,11-50,business,False,
U01270,2026-04-08,2026-04-22,51-200,pro,True,2026-04-20
U01271,2026-01-12,2026-01-26,51-200,starter,False,
U01272,2026-04-30,2026-05-14,51-200,pro,False,
U01273,2026-03-10,2026-03-24,not_provided,starter,False,
U01274,2026-02-08,2026-02-22,not_provided,business,False,
U01275,2026-01-25,2026-02-08,1-10,business,False,
U01276,2026-03-30,2026-04-13,not_provided,starter,False,
U01277,2026-05-31,2026-06-14,11-50,pro,False,
U01278,2026-01-16,2026-01-30,200+,pro,False,
U01279,2026-04-18,2026-05-02,not_provided,business,True,2026-04-30
U01280,2026-05-27,2026-06-10,11-50,starter,False,
U01281,2026-03-18,2026-04-01,1-10,starter,False,
U01282,2026-01-09,2026-01-23,not_provided,pro,False,
U01283,2026-05-13,2026-05-27,not_provided,business,True,2026-05-27
U01284,2026-02-07,2026-02-21,1-10,starter,False,
U01285,2026-02-14,2026-02-28,11-50,pro,False,
U01286,2026-02-19,2026-03-05,11-50,starter,False,
U01287,2026-04-19,2026-05-03,1-10,business,False,
U01288,2026-04-22,2026-05-06,11-50,business,False,
U01289,2026-02-07,2026-02-21,not_provided,business,False,
U01290,2026-03-23,2026-04-06,not_provided,starter,False,
U01291,2026-01-23,2026-02-06,200+,pro,False,
U01292,2026-04-12,2026-04-26,not_provided,business,False,
U01293,2026-03-12,2026-03-26,not_provided,starter,True,2026-03-17
U01294,2026-06-09,2026-06-23,not_provided,pro,True,2026-06-20
U01295,2026-01-29,2026-02-12,200+,pro,False,
U01296,2026-02-07,2026-02-21,not_provided,pro,True,2026-02-21
U01297,2026-01-26,2026-02-09,1-10,pro,True,2026-02-01
U01298,2026-03-15,2026-03-29,not_provided,business,False,
U01299,2026-04-16,2026-04-30,51-200,starter,False,
U01300,2026-05-05,2026-05-19,not_provided,pro,False,
U01301,2026-05-02,2026-05-16,1-10,pro,False,
U01302,2026-03-12,2026-03-26,200+,pro,True,2026-03-26
U01303,2026-06-05,2026-06-19,not_provided,business,False,
U01304,2026-04-13,2026-04-27,1-10,starter,True,2026-04-23
U01305,2026-03-02,2026-03-16,1-10,business,False,
U01306,2026-05-02,2026-05-16,51-200,business,False,
U01307,2026-01-06,2026-01-20,51-200,business,True,2026-01-15
U01308,2026-03-13,2026-03-27,200+,business,False,
U01309,2026-01-26,2026-02-09,11-50,pro,False,
U01310,2026-03-18,2026-04-01,not_provided,starter,False,
U01311,2026-03-24,2026-04-07,51-200,business,False,
U01312,2026-04-17,2026-05-01,not_provided,business,False,
U01313,2026-01-23,2026-02-06,11-50,starter,False,
U01314,2026-02-24,2026-03-10,200+,business,True,2026-03-08
U01315,2026-05-13,2026-05-27,51-200,starter,False,
U01316,2026-05-12,2026-05-26,11-50,starter,True,2026-05-21
U01317,2026-05-10,2026-05-24,200+,pro,True,2026-05-23
U01318,2026-05-26,2026-06-09,1-10,pro,True,2026-06-03
U01319,2026-02-21,2026-03-07,1-10,pro,True,2026-02-26
U01320,2026-04-27,2026-05-11,1-10,business,False,
U01321,2026-02-20,2026-03-06,51-200,business,True,2026-03-04
U01322,2026-05-10,2026-05-24,200+,business,True,2026-05-16
U01323,2026-01-08,2026-01-22,11-50,business,True,2026-01-20
U01324,2026-06-02,2026-06-16,200+,pro,False,
U01325,2026-05-02,2026-05-16,not_provided,pro,True,2026-05-12
U01326,2026-03-30,2026-04-13,11-50,business,False,
U01327,2026-01-24,2026-02-07,51-200,starter,False,
U01328,2026-04-09,2026-04-23,1-10,pro,False,
U01329,2026-05-27,2026-06-10,11-50,pro,False,
U01330,2026-06-15,2026-06-29,11-50,business,True,2026-06-23
U01331,2026-03-10,2026-03-24,not_provided,starter,False,
U01332,2026-05-12,2026-05-26,1-10,business,True,2026-05-17
U01333,2026-05-02,2026-05-16,11-50,business,True,2026-05-09
U01334,2026-06-03,2026-06-17,1-10,pro,False,
U01335,2026-03-06,2026-03-20,not_provided,business,True,2026-03-15
U01336,2026-04-19,2026-05-03,200+,business,True,2026-05-01
U01337,2026-03-06,2026-03-20,11-50,starter,False,
U01338,2026-03-19,2026-04-02,not_provided,pro,False,
U01339,2026-06-09,2026-06-23,200+,pro,False,
U01340,2026-01-27,2026-02-10,1-10,pro,True,2026-02-06
U01341,2026-05-24,2026-06-07,not_provided,pro,True,2026-06-07
U01342,2026-03-14,2026-03-28,51-200,business,False,
U01343,2026-01-28,2026-02-11,200+,starter,False,
U01344,2026-03-28,2026-04-11,51-200,business,False,
U01345,2026-03-25,2026-04-08,51-200,business,False,
U01346,2026-06-16,2026-06-30,51-200,pro,False,
U01347,2026-02-08,2026-02-22,not_provided,pro,False,
U01348,2026-01-15,2026-01-29,not_provided,starter,False,
U01349,2026-03-23,2026-04-06,not_provided,pro,False,
U01350,2026-01-07,2026-01-21,not_provided,starter,False,
U01351,2026-03-17,2026-03-31,51-200,starter,True,2026-03-28
U01352,2026-04-10,2026-04-24,not_provided,starter,False,
U01353,2026-05-30,2026-06-13,not_provided,pro,False,
U01354,2026-02-18,2026-03-04,51-200,business,False,
U01355,2026-02-26,2026-03-12,not_provided,pro,False,
U01356,2026-06-13,2026-06-27,200+,business,False,
U01357,2026-04-02,2026-04-16,not_provided,business,True,2026-04-09
U01358,2026-05-23,2026-06-06,11-50,business,True,2026-05-29
U01359,2026-05-01,2026-05-15,11-50,business,True,2026-05-10
U01360,2026-05-24,2026-06-07,11-50,business,False,
U01361,2026-03-27,2026-04-10,not_provided,starter,False,
U01362,2026-02-26,2026-03-12,51-200,pro,False,
U01363,2026-03-20,2026-04-03,200+,business,False,
U01364,2026-04-06,2026-04-20,51-200,pro,True,2026-04-15
U01365,2026-04-29,2026-05-13,1-10,starter,True,2026-05-04
U01366,2026-06-12,2026-06-26,not_provided,pro,False,
U01367,2026-06-08,2026-06-22,1-10,starter,True,2026-06-16
U01368,2026-05-09,2026-05-23,1-10,business,False,
U01369,2026-04-08,2026-04-22,not_provided,business,False,
U01370,2026-04-16,2026-04-30,1-10,pro,True,2026-04-23
U01371,2026-02-21,2026-03-07,51-200,starter,True,2026-03-07
U01372,2026-04-28,2026-05-12,11-50,business,False,
U01373,2026-02-16,2026-03-02,1-10,starter,True,2026-02-26
U01374,2026-06-11,2026-06-25,11-50,business,False,
U01375,2026-06-12,2026-06-26,1-10,starter,True,2026-06-24
U01376,2026-03-12,2026-03-26,11-50,pro,True,2026-03-26
U01377,2026-02-10,2026-02-24,200+,starter,False,
U01378,2026-02-03,2026-02-17,not_provided,starter,False,
U01379,2026-06-12,2026-06-26,200+,starter,True,2026-06-23
U01380,2026-05-03,2026-05-17,200+,starter,True,2026-05-08
U01381,2026-05-17,2026-05-31,11-50,business,False,
U01382,2026-04-06,2026-04-20,1-10,business,False,
U01383,2026-05-16,2026-05-30,11-50,starter,True,2026-05-21
U01384,2026-06-10,2026-06-24,not_provided,pro,True,2026-06-18
U01385,2026-03-30,2026-04-13,51-200,pro,True,2026-04-05
U01386,2026-04-09,2026-04-23,not_provided,pro,False,
U01387,2026-03-20,2026-04-03,11-50,starter,False,
U01388,2026-01-12,2026-01-26,51-200,business,False,
U01389,2026-04-27,2026-05-11,not_provided,pro,True,2026-05-11
U01390,2026-05-15,2026-05-29,51-200,starter,False,
U01391,2026-02-04,2026-02-18,51-200,starter,False,
U01392,2026-04-02,2026-04-16,11-50,pro,False,
U01393,2026-04-14,2026-04-28,1-10,pro,False,
U01394,2026-02-27,2026-03-13,not_provided,pro,False,
U01395,2026-02-24,2026-03-10,not_provided,starter,False,
U01396,2026-05-31,2026-06-14,not_provided,pro,False,
U01397,2026-02-01,2026-02-15,51-200,business,True,2026-02-06
U01398,2026-04-07,2026-04-21,not_provided,business,False,
U01399,2026-05-17,2026-05-31,not_provided,starter,False,
U01400,2026-06-02,2026-06-16,1-10,business,True,2026-06-08
U01401,2026-01-06,2026-01-20,1-10,business,False,
U01402,2026-01-30,2026-02-13,200+,starter,False,
U01403,2026-04-08,2026-04-22,1-10,pro,False,
U01404,2026-03-06,2026-03-20,200+,business,True,2026-03-13
U01405,2026-02-22,2026-03-08,not_provided,business,False,
U01406,2026-06-11,2026-06-25,1-10,business,True,2026-06-22
U01407,2026-01-26,2026-02-09,not_provided,pro,False,
U01408,2026-03-11,2026-03-25,not_provided,pro,False,
U01409,2026-02-05,2026-02-19,200+,starter,False,
U01410,2026-05-11,2026-05-25,not_provided,pro,True,2026-05-17
U01411,2026-03-14,2026-03-28,1-10,starter,False,
U01412,2026-05-08,2026-05-22,11-50,pro,False,
U01413,2026-02-21,2026-03-07,51-200,pro,False,
U01414,2026-02-21,2026-03-07,51-200,business,True,2026-03-04
U01415,2026-03-17,2026-03-31,11-50,starter,False,
U01416,2026-05-21,2026-06-04,200+,pro,False,
U01417,2026-05-04,2026-05-18,51-200,pro,False,
U01418,2026-01-01,2026-01-15,1-10,business,True,2026-01-07
U01419,2026-01-29,2026-02-12,not_provided,business,False,
U01420,2026-05-07,2026-05-21,11-50,starter,True,2026-05-20
U01421,2026-01-20,2026-02-03,not_provided,business,False,
U01422,2026-01-26,2026-02-09,51-200,business,False,
U01423,2026-03-01,2026-03-15,200+,business,False,
U01424,2026-03-09,2026-03-23,200+,starter,False,
U01425,2026-01-26,2026-02-09,11-50,starter,True,2026-02-04
U01426,2026-04-03,2026-04-17,not_provided,business,False,
U01427,2026-04-20,2026-05-04,not_provided,starter,False,
U01428,2026-01-25,2026-02-08,1-10,starter,True,2026-02-01
U01429,2026-06-15,2026-06-29,11-50,business,False,
U01430,2026-04-02,2026-04-16,200+,pro,True,2026-04-11
U01431,2026-01-24,2026-02-07,51-200,business,False,
U01432,2026-02-16,2026-03-02,1-10,starter,False,
U01433,2026-04-13,2026-04-27,200+,business,False,
U01434,2026-04-09,2026-04-23,not_provided,starter,False,
U01435,2026-04-18,2026-05-02,not_provided,pro,False,
U01436,2026-01-29,2026-02-12,11-50,business,True,2026-02-03
U01437,2026-02-10,2026-02-24,1-10,starter,False,
U01438,2026-06-01,2026-06-15,200+,pro,False,
U01439,2026-04-23,2026-05-07,11-50,pro,False,
U01440,2026-04-08,2026-04-22,51-200,pro,False,
U01441,2026-01-08,2026-01-22,not_provided,business,True,2026-01-15
U01442,2026-05-04,2026-05-18,200+,starter,True,2026-05-15
U01443,2026-04-23,2026-05-07,1-10,starter,True,2026-05-02
U01444,2026-03-22,2026-04-05,1-10,business,False,
U01445,2026-05-15,2026-05-29,not_provided,pro,False,
U01446,2026-05-25,2026-06-08,11-50,business,False,
U01447,2026-03-28,2026-04-11,not_provided,pro,False,
U01448,2026-06-08,2026-06-22,1-10,starter,False,
U01449,2026-03-05,2026-03-19,200+,business,True,2026-03-16
U01450,2026-02-08,2026-02-22,not_provided,pro,False,
U01451,2026-01-14,2026-01-28,1-10,business,True,2026-01-21
U01452,2026-05-10,2026-05-24,200+,starter,False,
U01453,2026-02-12,2026-02-26,1-10,starter,False,
U01454,2026-03-24,2026-04-07,11-50,business,True,2026-04-02
U01455,2026-01-13,2026-01-27,not_provided,pro,False,
U01456,2026-05-21,2026-06-04,not_provided,starter,True,2026-06-01
U01457,2026-03-02,2026-03-16,1-10,starter,False,
U01458,2026-04-24,2026-05-08,not_provided,starter,True,2026-04-30
U01459,2026-05-08,2026-05-22,200+,business,True,2026-05-14
U01460,2026-05-08,2026-05-22,not_provided,business,False,
U01461,2026-01-05,2026-01-19,1-10,starter,False,
U01462,2026-04-16,2026-04-30,1-10,pro,False,
U01463,2026-05-21,2026-06-04,1-10,starter,True,2026-06-04
U01464,2026-06-08,2026-06-22,not_provided,business,True,2026-06-21
U01465,2026-05-24,2026-06-07,11-50,business,True,2026-06-05
U01466,2026-03-29,2026-04-12,51-200,starter,False,
U01467,2026-02-27,2026-03-13,200+,business,False,
U01468,2026-05-24,2026-06-07,not_provided,pro,True,2026-06-05
U01469,2026-04-04,2026-04-18,not_provided,starter,False,
U01470,2026-01-30,2026-02-13,1-10,business,False,
U01471,2026-02-26,2026-03-12,1-10,business,False,
U01472,2026-04-01,2026-04-15,not_provided,business,True,2026-04-14
U01473,2026-05-14,2026-05-28,51-200,business,True,2026-05-20
U01474,2026-01-12,2026-01-26,11-50,starter,False,
U01475,2026-02-05,2026-02-19,not_provided,business,True,2026-02-16
U01476,2026-01-28,2026-02-11,51-200,pro,False,
U01477,2026-02-20,2026-03-06,11-50,starter,False,
U01478,2026-04-11,2026-04-25,11-50,starter,False,
U01479,2026-02-18,2026-03-04,not_provided,business,True,2026-02-24
U01480,2026-04-17,2026-05-01,1-10,business,False,
U01481,2026-05-31,2026-06-14,1-10,starter,False,
U01482,2026-04-28,2026-05-12,not_provided,pro,False,
U01483,2026-05-10,2026-05-24,11-50,starter,False,
U01484,2026-01-02,2026-01-16,not_provided,business,False,
U01485,2026-01-13,2026-01-27,not_provided,starter,True,2026-01-27
U01486,2026-05-04,2026-05-18,not_provided,pro,True,2026-05-18
U01487,2026-02-14,2026-02-28,not_provided,pro,True,2026-02-20
U01488,2026-04-10,2026-04-24,not_provided,pro,False,
U01489,2026-06-05,2026-06-19,51-200,pro,True,2026-06-16
U01490,2026-04-18,2026-05-02,not_provided,business,True,2026-04-26
U01491,2026-03-12,2026-03-26,200+,business,False,
U01492,2026-03-17,2026-03-31,200+,pro,True,2026-03-24
U01493,2026-04-16,2026-04-30,not_provided,business,False,
U01494,2026-05-12,2026-05-26,51-200,business,False,
U01495,2026-05-21,2026-06-04,51-200,business,False,
U01496,2026-05-22,2026-06-05,not_provided,pro,True,2026-05-30
U01497,2026-02-23,2026-03-09,not_provided,business,False,
U01498,2026-03-16,2026-03-30,not_provided,business,True,2026-03-23
U01499,2026-06-16,2026-06-30,11-50,pro,True,2026-06-29
U01500,2026-06-13,2026-06-27,51-200,business,True,2026-06-19
U01501,2026-04-01,2026-04-15,not_provided,starter,True,2026-04-15
U01502,2026-05-27,2026-06-10,not_provided,business,False,
U01503,2026-04-17,2026-05-01,not_provided,business,False,
U01504,2026-05-17,2026-05-31,51-200,starter,True,2026-05-22
U01505,2026-05-14,2026-05-28,1-10,starter,True,2026-05-25
U01506,2026-02-07,2026-02-21,1-10,business,False,
U01507,2026-01-15,2026-01-29,11-50,business,True,2026-01-22
U01508,2026-03-15,2026-03-29,not_provided,business,True,2026-03-22
U01509,2026-01-16,2026-01-30,not_provided,business,True,2026-01-24
U01510,2026-05-19,2026-06-02,1-10,business,False,
U01511,2026-04-26,2026-05-10,1-10,pro,False,
U01512,2026-05-24,2026-06-07,11-50,business,False,
U01513,2026-06-15,2026-06-29,not_provided,starter,False,
U01514,2026-03-02,2026-03-16,not_provided,business,False,
U01515,2026-03-15,2026-03-29,not_provided,business,True,2026-03-20
U01516,2026-04-08,2026-04-22,200+,starter,False,
U01517,2026-03-22,2026-04-05,not_provided,starter,False,
U01518,2026-01-04,2026-01-18,not_provided,business,False,
U01519,2026-02-21,2026-03-07,not_provided,starter,False,
U01520,2026-02-27,2026-03-13,not_provided,business,False,
U01521,2026-06-15,2026-06-29,51-200,pro,False,
U01522,2026-05-20,2026-06-03,not_provided,pro,False,
U01523,2026-02-20,2026-03-06,not_provided,pro,False,
U01524,2026-03-17,2026-03-31,200+,pro,False,
U01525,2026-01-20,2026-02-03,11-50,pro,False,
U01526,2026-05-12,2026-05-26,1-10,starter,True,2026-05-17
U01527,2026-04-20,2026-05-04,51-200,pro,False,
U01528,2026-03-09,2026-03-23,11-50,pro,False,
U01529,2026-05-30,2026-06-13,51-200,starter,True,2026-06-09
U01530,2026-04-30,2026-05-14,not_provided,pro,True,2026-05-05
U01531,2026-02-09,2026-02-23,51-200,pro,False,
U01532,2026-01-14,2026-01-28,not_provided,pro,True,2026-01-23
U01533,2026-05-06,2026-05-20,not_provided,pro,False,
U01534,2026-04-02,2026-04-16,1-10,business,True,2026-04-12
U01535,2026-05-15,2026-05-29,11-50,pro,True,2026-05-28
U01536,2026-01-18,2026-02-01,not_provided,pro,True,2026-01-29
U01537,2026-05-20,2026-06-03,not_provided,starter,False,
U01538,2026-01-24,2026-02-07,51-200,pro,True,2026-02-01
U01539,2026-03-26,2026-04-09,51-200,business,False,
U01540,2026-03-17,2026-03-31,11-50,pro,True,2026-03-30
U01541,2026-05-02,2026-05-16,not_provided,business,True,2026-05-07
U01542,2026-01-30,2026-02-13,not_provided,business,False,
U01543,2026-04-25,2026-05-09,11-50,business,False,
U01544,2026-06-07,2026-06-21,not_provided,pro,True,2026-06-12
U01545,2026-03-24,2026-04-07,200+,starter,True,2026-04-04
U01546,2026-03-07,2026-03-21,not_provided,business,False,
U01547,2026-03-14,2026-03-28,1-10,pro,True,2026-03-24
U01548,2026-05-12,2026-05-26,not_provided,starter,False,
U01549,2026-05-05,2026-05-19,1-10,business,True,2026-05-13
U01550,2026-03-24,2026-04-07,not_provided,starter,False,
U01551,2026-01-25,2026-02-08,11-50,pro,False,
U01552,2026-05-17,2026-05-31,1-10,business,False,
U01553,2026-01-17,2026-01-31,11-50,business,True,2026-01-25
U01554,2026-04-19,2026-05-03,1-10,pro,True,2026-05-02
U01555,2026-04-22,2026-05-06,not_provided,starter,True,2026-04-29
U01556,2026-01-07,2026-01-21,200+,business,False,
U01557,2026-03-26,2026-04-09,1-10,starter,True,2026-04-01
U01558,2026-01-14,2026-01-28,11-50,business,True,2026-01-27
U01559,2026-01-19,2026-02-02,not_provided,pro,False,
U01560,2026-03-08,2026-03-22,200+,starter,True,2026-03-20
U01561,2026-06-11,2026-06-25,200+,starter,True,2026-06-21
U01562,2026-01-05,2026-01-19,200+,business,False,
U01563,2026-01-31,2026-02-14,not_provided,starter,False,
U01564,2026-06-14,2026-06-28,not_provided,pro,False,
U01565,2026-01-17,2026-01-31,not_provided,pro,True,2026-01-22
U01566,2026-01-19,2026-02-02,51-200,pro,True,2026-01-25
U01567,2026-03-16,2026-03-30,not_provided,business,True,2026-03-30
U01568,2026-01-23,2026-02-06,51-200,starter,True,2026-02-03
U01569,2026-04-12,2026-04-26,not_provided,starter,True,2026-04-24
U01570,2026-02-10,2026-02-24,not_provided,pro,False,
U01571,2026-02-04,2026-02-18,not_provided,starter,True,2026-02-17
U01572,2026-03-17,2026-03-31,not_provided,pro,False,
U01573,2026-03-18,2026-04-01,not_provided,business,False,
U01574,2026-06-15,2026-06-29,51-200,starter,False,
U01575,2026-05-22,2026-06-05,not_provided,pro,False,
U01576,2026-02-01,2026-02-15,1-10,starter,True,2026-02-15
U01577,2026-06-02,2026-06-16,200+,pro,False,
U01578,2026-05-21,2026-06-04,1-10,business,False,
U01579,2026-02-23,2026-03-09,not_provided,business,False,
U01580,2026-03-30,2026-04-13,11-50,starter,False,
U01581,2026-06-15,2026-06-29,not_provided,pro,True,2026-06-22
U01582,2026-02-17,2026-03-03,11-50,pro,False,
U01583,2026-03-06,2026-03-20,11-50,starter,False,
U01584,2026-02-16,2026-03-02,not_provided,pro,False,
U01585,2026-01-14,2026-01-28,not_provided,starter,True,2026-01-27
U01586,2026-01-19,2026-02-02,51-200,business,True,2026-01-25
U01587,2026-03-06,2026-03-20,1-10,pro,True,2026-03-20
U01588,2026-05-05,2026-05-19,51-200,business,False,
U01589,2026-02-02,2026-02-16,not_provided,business,False,
U01590,2026-03-02,2026-03-16,1-10,business,False,
U01591,2026-06-08,2026-06-22,1-10,pro,False,
U01592,2026-03-23,2026-04-06,200+,starter,True,2026-04-02
U01593,2026-06-07,2026-06-21,not_provided,business,False,
U01594,2026-05-30,2026-06-13,11-50,pro,False,
U01595,2026-05-26,2026-06-09,51-200,business,False,
U01596,2026-04-20,2026-05-04,11-50,starter,True,2026-04-30
U01597,2026-03-05,2026-03-19,11-50,business,True,2026-03-16
U01598,2026-03-12,2026-03-26,51-200,pro,True,2026-03-22
U01599,2026-05-03,2026-05-17,200+,starter,False,
U01600,2026-04-02,2026-04-16,51-200,starter,True,2026-04-15
U01601,2026-01-28,2026-02-11,11-50,business,False,
U01602,2026-06-05,2026-06-19,1-10,business,True,2026-06-12
U01603,2026-05-18,2026-06-01,11-50,business,True,2026-05-24
U01604,2026-01-20,2026-02-03,1-10,pro,False,
U01605,2026-06-11,2026-06-25,1-10,pro,True,2026-06-25
U01606,2026-04-14,2026-04-28,not_provided,pro,True,2026-04-19
U01607,2026-05-22,2026-06-05,51-200,pro,False,
U01608,2026-05-19,2026-06-02,200+,business,False,
U01609,2026-02-08,2026-02-22,51-200,starter,False,
U01610,2026-02-27,2026-03-13,not_provided,business,True,2026-03-08
U01611,2026-02-04,2026-02-18,200+,pro,True,2026-02-17
U01612,2026-01-24,2026-02-07,200+,business,False,
U01613,2026-05-09,2026-05-23,1-10,business,True,2026-05-17
U01614,2026-06-07,2026-06-21,not_provided,pro,False,
U01615,2026-05-12,2026-05-26,11-50,starter,True,2026-05-19
U01616,2026-02-15,2026-03-01,not_provided,pro,True,2026-02-22
U01617,2026-05-04,2026-05-18,51-200,starter,False,
U01618,2026-02-26,2026-03-12,200+,pro,False,
U01619,2026-01-17,2026-01-31,51-200,business,False,
U01620,2026-03-01,2026-03-15,1-10,business,True,2026-03-09
U01621,2026-05-13,2026-05-27,51-200,starter,False,
U01622,2026-05-01,2026-05-15,200+,starter,False,
U01623,2026-01-11,2026-01-25,not_provided,business,False,
U01624,2026-01-27,2026-02-10,not_provided,pro,False,
U01625,2026-06-12,2026-06-26,51-200,business,False,
U01626,2026-03-09,2026-03-23,not_provided,pro,False,
U01627,2026-05-26,2026-06-09,11-50,starter,False,
U01628,2026-04-07,2026-04-21,51-200,pro,False,
U01629,2026-01-20,2026-02-03,not_provided,business,False,
U01630,2026-04-07,2026-04-21,11-50,pro,False,
U01631,2026-04-14,2026-04-28,51-200,business,False,
U01632,2026-05-05,2026-05-19,200+,pro,False,
U01633,2026-01-02,2026-01-16,not_provided,pro,False,
U01634,2026-04-23,2026-05-07,11-50,pro,True,2026-04-29
U01635,2026-05-12,2026-05-26,not_provided,business,False,
U01636,2026-02-24,2026-03-10,11-50,pro,False,
U01637,2026-02-10,2026-02-24,51-200,pro,False,
U01638,2026-01-31,2026-02-14,not_provided,pro,False,
U01639,2026-04-17,2026-05-01,51-200,business,False,
U01640,2026-01-30,2026-02-13,200+,business,False,
U01641,2026-05-03,2026-05-17,200+,pro,True,2026-05-17
U01642,2026-02-11,2026-02-25,not_provided,starter,False,
U01643,2026-01-06,2026-01-20,11-50,starter,True,2026-01-13
U01644,2026-05-27,2026-06-10,not_provided,pro,False,
U01645,2026-02-04,2026-02-18,not_provided,pro,False,
U01646,2026-01-11,2026-01-25,not_provided,pro,True,2026-01-16
U01647,2026-02-12,2026-02-26,51-200,pro,True,2026-02-25
U01648,2026-04-14,2026-04-28,not_provided,pro,False,
U01649,2026-06-13,2026-06-27,1-10,business,False,
U01650,2026-03-14,2026-03-28,1-10,pro,True,2026-03-26
U01651,2026-06-05,2026-06-19,200+,starter,False,
U01652,2026-02-13,2026-02-27,11-50,starter,True,2026-02-27
U01653,2026-02-06,2026-02-20,not_provided,pro,False,
U01654,2026-06-09,2026-06-23,not_provided,pro,True,2026-06-18
U01655,2026-02-12,2026-02-26,not_provided,business,False,
U01656,2026-03-29,2026-04-12,200+,pro,False,
U01657,2026-06-01,2026-06-15,1-10,pro,True,2026-06-12
U01658,2026-04-09,2026-04-23,11-50,starter,False,
U01659,2026-01-05,2026-01-19,11-50,pro,False,
U01660,2026-05-10,2026-05-24,not_provided,starter,False,
U01661,2026-02-08,2026-02-22,not_provided,starter,False,
U01662,2026-02-15,2026-03-01,200+,pro,True,2026-03-01
U01663,2026-01-10,2026-01-24,not_provided,pro,False,
U01664,2026-01-31,2026-02-14,1-10,starter,False,
U01665,2026-02-03,2026-02-17,not_provided,pro,True,2026-02-08
U01666,2026-06-16,2026-06-30,200+,pro,False,
U01667,2026-04-18,2026-05-02,51-200,starter,False,
U01668,2026-05-16,2026-05-30,200+,pro,False,
U01669,2026-05-04,2026-05-18,200+,business,False,
U01670,2026-05-31,2026-06-14,not_provided,business,True,2026-06-14
U01671,2026-01-26,2026-02-09,200+,pro,False,
U01672,2026-03-07,2026-03-21,200+,pro,False,
U01673,2026-01-22,2026-02-05,51-200,pro,True,2026-02-04
U01674,2026-04-15,2026-04-29,51-200,pro,True,2026-04-20
U01675,2026-01-02,2026-01-16,not_provided,pro,False,
U01676,2026-01-31,2026-02-14,not_provided,starter,False,
U01677,2026-04-07,2026-04-21,not_provided,pro,True,2026-04-17
U01678,2026-04-15,2026-04-29,51-200,starter,False,
U01679,2026-02-09,2026-02-23,200+,business,False,
U01680,2026-05-30,2026-06-13,51-200,business,False,
U01681,2026-05-18,2026-06-01,200+,pro,False,
U01682,2026-04-04,2026-04-18,not_provided,business,False,
U01683,2026-04-12,2026-04-26,11-50,starter,False,
U01684,2026-05-22,2026-06-05,not_provided,starter,False,
U01685,2026-02-15,2026-03-01,51-200,pro,True,2026-02-28
U01686,2026-05-04,2026-05-18,51-200,business,False,
U01687,2026-05-28,2026-06-11,51-200,business,False,
U01688,2026-04-12,2026-04-26,not_provided,pro,True,2026-04-18
U01689,2026-02-28,2026-03-14,200+,business,False,
U01690,2026-02-11,2026-02-25,1-10,pro,True,2026-02-24
U01691,2026-04-13,2026-04-27,51-200,pro,False,
U01692,2026-06-07,2026-06-21,not_provided,business,False,
U01693,2026-01-14,2026-01-28,11-50,starter,True,2026-01-19
U01694,2026-01-24,2026-02-07,11-50,starter,False,
U01695,2026-06-03,2026-06-17,200+,starter,False,
U01696,2026-01-17,2026-01-31,51-200,pro,False,
U01697,2026-04-05,2026-04-19,1-10,pro,False,
U01698,2026-01-10,2026-01-24,not_provided,starter,False,
U01699,2026-04-13,2026-04-27,not_provided,business,True,2026-04-26
U01700,2026-03-15,2026-03-29,not_provided,pro,True,2026-03-20
U01701,2026-02-14,2026-02-28,not_provided,starter,False,
U01702,2026-04-23,2026-05-07,1-10,pro,False,
U01703,2026-05-13,2026-05-27,51-200,pro,False,
U01704,2026-01-09,2026-01-23,not_provided,pro,False,
U01705,2026-05-13,2026-05-27,not_provided,pro,True,2026-05-27
U01706,2026-02-13,2026-02-27,not_provided,starter,False,
U01707,2026-04-03,2026-04-17,11-50,business,False,
U01708,2026-01-01,2026-01-15,11-50,starter,False,
U01709,2026-03-12,2026-03-26,200+,business,False,
U01710,2026-04-12,2026-04-26,200+,pro,True,2026-04-20
U01711,2026-05-13,2026-05-27,1-10,business,True,2026-05-19
U01712,2026-01-24,2026-02-07,not_provided,business,True,2026-02-06
U01713,2026-05-30,2026-06-13,51-200,business,False,
U01714,2026-03-12,2026-03-26,11-50,pro,True,2026-03-20
U01715,2026-04-27,2026-05-11,200+,pro,True,2026-05-02
U01716,2026-03-08,2026-03-22,11-50,starter,True,2026-03-21
U01717,2026-01-28,2026-02-11,not_provided,starter,True,2026-02-10
U01718,2026-03-17,2026-03-31,51-200,starter,False,
U01719,2026-05-12,2026-05-26,51-200,pro,False,
U01720,2026-05-28,2026-06-11,51-200,business,True,2026-06-09
U01721,2026-04-07,2026-04-21,not_provided,starter,True,2026-04-15
U01722,2026-03-28,2026-04-11,200+,business,False,
U01723,2026-04-28,2026-05-12,not_provided,starter,False,
U01724,2026-05-04,2026-05-18,1-10,business,True,2026-05-10
U01725,2026-04-08,2026-04-22,not_provided,pro,True,2026-04-16
U01726,2026-03-22,2026-04-05,200+,business,False,
U01727,2026-05-13,2026-05-27,not_provided,starter,True,2026-05-22
U01728,2026-03-05,2026-03-19,51-200,starter,True,2026-03-16
U01729,2026-03-29,2026-04-12,1-10,pro,True,2026-04-05
U01730,2026-05-02,2026-05-16,51-200,business,False,
U01731,2026-02-25,2026-03-11,not_provided,business,True,2026-03-04
U01732,2026-02-18,2026-03-04,200+,business,False,
U01733,2026-02-21,2026-03-07,11-50,business,False,
U01734,2026-03-03,2026-03-17,51-200,pro,False,
U01735,2026-02-28,2026-03-14,11-50,pro,False,
U01736,2026-06-08,2026-06-22,51-200,pro,False,
U01737,2026-01-28,2026-02-11,1-10,starter,True,2026-02-09
U01738,2026-06-07,2026-06-21,1-10,pro,False,
U01739,2026-01-11,2026-01-25,200+,business,False,
U01740,2026-06-08,2026-06-22,51-200,starter,True,2026-06-22
U01741,2026-03-12,2026-03-26,200+,pro,False,
U01742,2026-05-11,2026-05-25,51-200,starter,True,2026-05-19
U01743,2026-05-28,2026-06-11,11-50,starter,False,
U01744,2026-05-15,2026-05-29,200+,starter,False,
U01745,2026-05-19,2026-06-02,1-10,pro,False,
U01746,2026-03-30,2026-04-13,200+,business,False,
U01747,2026-02-14,2026-02-28,200+,starter,False,
U01748,2026-05-13,2026-05-27,200+,business,False,
U01749,2026-01-03,2026-01-17,1-10,business,True,2026-01-11
U01750,2026-04-08,2026-04-22,not_provided,starter,False,
U01751,2026-03-25,2026-04-08,51-200,pro,False,
U01752,2026-03-08,2026-03-22,11-50,pro,False,
U01753,2026-03-09,2026-03-23,11-50,business,False,
U01754,2026-05-01,2026-05-15,not_provided,business,False,
U01755,2026-04-04,2026-04-18,11-50,starter,True,2026-04-15
U01756,2026-02-23,2026-03-09,200+,business,False,
U01757,2026-04-06,2026-04-20,51-200,starter,False,
U01758,2026-03-13,2026-03-27,200+,pro,True,2026-03-27
U01759,2026-02-03,2026-02-17,not_provided,business,False,
U01760,2026-02-28,2026-03-14,1-10,business,True,2026-03-09
U01761,2026-03-02,2026-03-16,not_provided,starter,False,
U01762,2026-04-08,2026-04-22,11-50,pro,False,
U01763,2026-02-08,2026-02-22,200+,starter,False,
U01764,2026-02-15,2026-03-01,200+,starter,True,2026-02-22
U01765,2026-06-11,2026-06-25,not_provided,pro,False,
U01766,2026-03-22,2026-04-05,200+,business,False,
U01767,2026-03-06,2026-03-20,not_provided,pro,False,
U01768,2026-01-13,2026-01-27,200+,starter,True,2026-01-20
U01769,2026-01-16,2026-01-30,11-50,business,False,
U01770,2026-05-02,2026-05-16,not_provided,starter,True,2026-05-14
U01771,2026-03-27,2026-04-10,51-200,business,False,
U01772,2026-04-03,2026-04-17,not_provided,pro,False,
U01773,2026-03-07,2026-03-21,51-200,starter,False,
U01774,2026-04-16,2026-04-30,1-10,business,False,
U01775,2026-06-05,2026-06-19,11-50,pro,False,
U01776,2026-05-28,2026-06-11,not_provided,business,False,
U01777,2026-05-18,2026-06-01,11-50,business,False,
U01778,2026-04-01,2026-04-15,51-200,business,True,2026-04-14
U01779,2026-05-05,2026-05-19,not_provided,starter,False,
U01780,2026-01-21,2026-02-04,200+,pro,False,
U01781,2026-03-15,2026-03-29,200+,business,False,
U01782,2026-02-07,2026-02-21,11-50,business,False,
U01783,2026-03-28,2026-04-11,200+,business,True,2026-04-11
U01784,2026-05-27,2026-06-10,200+,starter,True,2026-06-02
U01785,2026-02-11,2026-02-25,51-200,pro,False,
U01786,2026-03-22,2026-04-05,51-200,business,False,
U01787,2026-03-16,2026-03-30,not_provided,business,True,2026-03-30
U01788,2026-06-15,2026-06-29,200+,business,True,2026-06-27
U01789,2026-04-03,2026-04-17,not_provided,pro,False,
U01790,2026-05-14,2026-05-28,200+,starter,True,2026-05-21
U01791,2026-02-17,2026-03-03,1-10,pro,False,
U01792,2026-03-02,2026-03-16,not_provided,business,False,
U01793,2026-01-21,2026-02-04,11-50,pro,False,
U01794,2026-04-12,2026-04-26,1-10,starter,True,2026-04-18
U01795,2026-05-02,2026-05-16,not_provided,starter,True,2026-05-07
U01796,2026-04-12,2026-04-26,not_provided,starter,False,
U01797,2026-01-27,2026-02-10,51-200,pro,True,2026-02-03
U01798,2026-01-22,2026-02-05,not_provided,starter,False,
U01799,2026-03-21,2026-04-04,11-50,pro,True,2026-03-30
U01800,2026-04-24,2026-05-08,not_provided,pro,True,2026-05-01
U01801,2026-05-15,2026-05-29,11-50,starter,True,2026-05-20
U01802,2026-04-02,2026-04-16,51-200,starter,False,
U01803,2026-04-30,2026-05-14,not_provided,business,False,
U01804,2026-05-21,2026-06-04,200+,pro,False,
U01805,2026-05-19,2026-06-02,11-50,pro,False,
U01806,2026-06-02,2026-06-16,200+,business,True,2026-06-16
U01807,2026-04-22,2026-05-06,not_provided,business,False,
U01808,2026-06-13,2026-06-27,not_provided,business,False,
U01809,2026-03-30,2026-04-13,200+,pro,False,
U01810,2026-02-28,2026-03-14,1-10,starter,False,
U01811,2026-03-20,2026-04-03,51-200,starter,True,2026-03-29
U01812,2026-02-09,2026-02-23,51-200,starter,True,2026-02-14
U01813,2026-05-14,2026-05-28,11-50,business,False,
U01814,2026-03-15,2026-03-29,200+,pro,True,2026-03-20
U01815,2026-05-06,2026-05-20,200+,business,False,
U01816,2026-01-03,2026-01-17,200+,business,True,2026-01-17
U01817,2026-03-01,2026-03-15,1-10,pro,False,
U01818,2026-04-06,2026-04-20,11-50,starter,False,
U01819,2026-05-24,2026-06-07,200+,starter,False,
U01820,2026-03-05,2026-03-19,11-50,business,True,2026-03-16
U01821,2026-04-07,2026-04-21,11-50,business,True,2026-04-13
U01822,2026-04-19,2026-05-03,not_provided,pro,False,
U01823,2026-05-13,2026-05-27,not_provided,business,True,2026-05-22
U01824,2026-03-14,2026-03-28,not_provided,business,False,
U01825,2026-05-17,2026-05-31,51-200,starter,False,
U01826,2026-02-18,2026-03-04,1-10,pro,True,2026-02-25
U01827,2026-03-16,2026-03-30,1-10,business,True,2026-03-28
U01828,2026-06-08,2026-06-22,200+,business,True,2026-06-22
U01829,2026-05-06,2026-05-20,11-50,business,True,2026-05-11
U01830,2026-02-08,2026-02-22,1-10,pro,False,
U01831,2026-01-06,2026-01-20,11-50,starter,True,2026-01-15
U01832,2026-03-10,2026-03-24,11-50,business,False,
U01833,2026-04-23,2026-05-07,not_provided,starter,True,2026-05-01
U01834,2026-01-24,2026-02-07,11-50,starter,False,
U01835,2026-05-07,2026-05-21,11-50,business,False,
U01836,2026-04-18,2026-05-02,51-200,starter,True,2026-04-28
U01837,2026-04-29,2026-05-13,not_provided,starter,False,
U01838,2026-03-26,2026-04-09,1-10,pro,False,
U01839,2026-01-15,2026-01-29,51-200,starter,True,2026-01-21
U01840,2026-05-20,2026-06-03,200+,pro,False,
U01841,2026-02-19,2026-03-05,51-200,starter,False,
U01842,2026-01-04,2026-01-18,1-10,business,False,
U01843,2026-03-05,2026-03-19,200+,starter,False,
U01844,2026-03-05,2026-03-19,not_provided,starter,True,2026-03-13
U01845,2026-04-28,2026-05-12,not_provided,starter,True,2026-05-11
U01846,2026-02-23,2026-03-09,200+,starter,False,
U01847,2026-03-21,2026-04-04,51-200,pro,False,
U01848,2026-06-11,2026-06-25,not_provided,starter,True,2026-06-24
U01849,2026-05-14,2026-05-28,1-10,business,False,
U01850,2026-05-04,2026-05-18,not_provided,business,False,
U01851,2026-02-20,2026-03-06,51-200,starter,False,
U01852,2026-02-25,2026-03-11,1-10,pro,False,
U01853,2026-06-12,2026-06-26,200+,business,False,
U01854,2026-01-04,2026-01-18,11-50,business,True,2026-01-18
U01855,2026-01-31,2026-02-14,200+,pro,False,
U01856,2026-01-03,2026-01-17,1-10,pro,True,2026-01-15
U01857,2026-06-02,2026-06-16,11-50,business,True,2026-06-08
U01858,2026-03-05,2026-03-19,11-50,starter,False,
U01859,2026-01-24,2026-02-07,not_provided,pro,False,
U01860,2026-03-28,2026-04-11,not_provided,starter,False,
U01861,2026-01-16,2026-01-30,51-200,business,True,2026-01-23
U01862,2026-05-18,2026-06-01,1-10,pro,True,2026-05-30
U01863,2026-03-01,2026-03-15,51-200,pro,False,
U01864,2026-06-15,2026-06-29,51-200,starter,True,2026-06-23
U01865,2026-01-06,2026-01-20,not_provided,starter,False,
U01866,2026-04-02,2026-04-16,not_provided,pro,False,
U01867,2026-03-06,2026-03-20,1-10,starter,False,
U01868,2026-04-23,2026-05-07,not_provided,business,False,
U01869,2026-05-19,2026-06-02,not_provided,starter,False,
U01870,2026-02-18,2026-03-04,not_provided,pro,True,2026-03-03
U01871,2026-03-31,2026-04-14,51-200,business,False,
U01872,2026-04-30,2026-05-14,51-200,pro,False,
U01873,2026-05-22,2026-06-05,11-50,starter,False,
U01874,2026-05-16,2026-05-30,11-50,starter,False,
U01875,2026-03-17,2026-03-31,51-200,pro,False,
U01876,2026-04-04,2026-04-18,200+,starter,False,
U01877,2026-06-13,2026-06-27,not_provided,starter,False,
U01878,2026-02-17,2026-03-03,1-10,pro,False,
U01879,2026-04-04,2026-04-18,not_provided,pro,False,
U01880,2026-03-24,2026-04-07,not_provided,starter,True,2026-04-06
U01881,2026-04-10,2026-04-24,11-50,pro,True,2026-04-22
U01882,2026-05-22,2026-06-05,11-50,pro,False,
U01883,2026-03-14,2026-03-28,51-200,starter,False,
U01884,2026-06-14,2026-06-28,51-200,starter,False,
U01885,2026-01-25,2026-02-08,not_provided,business,True,2026-01-31
U01886,2026-01-12,2026-01-26,11-50,pro,True,2026-01-17
U01887,2026-02-21,2026-03-07,1-10,starter,False,
U01888,2026-02-19,2026-03-05,1-10,starter,False,
U01889,2026-05-27,2026-06-10,not_provided,starter,False,
U01890,2026-05-06,2026-05-20,not_provided,pro,False,
U01891,2026-06-01,2026-06-15,51-200,starter,False,
U01892,2026-04-04,2026-04-18,11-50,pro,False,
U01893,2026-01-19,2026-02-02,1-10,pro,True,2026-01-31
U01894,2026-01-21,2026-02-04,200+,business,True,2026-01-26
U01895,2026-04-03,2026-04-17,not_provided,business,False,
U01896,2026-04-17,2026-05-01,51-200,business,True,2026-04-22
U01897,2026-06-07,2026-06-21,51-200,pro,True,2026-06-12
U01898,2026-01-19,2026-02-02,51-200,starter,False,
U01899,2026-02-25,2026-03-11,not_provided,starter,False,
U01900,2026-01-26,2026-02-09,not_provided,pro,False,
U01901,2026-05-17,2026-05-31,200+,pro,False,
U01902,2026-02-19,2026-03-05,not_provided,business,False,
U01903,2026-03-05,2026-03-19,not_provided,business,False,
U01904,2026-02-15,2026-03-01,not_provided,business,False,
U01905,2026-05-23,2026-06-06,200+,business,True,2026-05-29
U01906,2026-06-13,2026-06-27,not_provided,business,True,2026-06-25
U01907,2026-04-20,2026-05-04,1-10,pro,False,
U01908,2026-02-16,2026-03-02,not_provided,starter,False,
U01909,2026-05-10,2026-05-24,51-200,business,False,
U01910,2026-02-10,2026-02-24,not_provided,pro,False,
U01911,2026-04-24,2026-05-08,51-200,business,False,
U01912,2026-05-21,2026-06-04,51-200,business,True,2026-06-01
U01913,2026-06-12,2026-06-26,200+,business,True,2026-06-22
U01914,2026-06-05,2026-06-19,11-50,pro,False,
U01915,2026-05-20,2026-06-03,11-50,starter,True,2026-06-02
U01916,2026-03-07,2026-03-21,51-200,starter,True,2026-03-19
U01917,2026-04-12,2026-04-26,1-10,business,False,
U01918,2026-01-09,2026-01-23,51-200,pro,False,
U01919,2026-01-05,2026-01-19,not_provided,pro,False,
U01920,2026-03-19,2026-04-02,1-10,business,True,2026-03-27
U01921,2026-02-24,2026-03-10,51-200,starter,True,2026-03-05
U01922,2026-05-22,2026-06-05,not_provided,pro,False,
U01923,2026-05-27,2026-06-10,not_provided,pro,True,2026-06-02
U01924,2026-01-10,2026-01-24,200+,business,False,
U01925,2026-02-09,2026-02-23,11-50,business,True,2026-02-19
U01926,2026-05-30,2026-06-13,11-50,pro,False,
U01927,2026-03-07,2026-03-21,51-200,starter,False,
U01928,2026-05-27,2026-06-10,200+,pro,False,
U01929,2026-02-25,2026-03-11,not_provided,starter,False,
U01930,2026-03-25,2026-04-08,200+,pro,True,2026-04-06
U01931,2026-05-28,2026-06-11,1-10,pro,True,2026-06-06
U01932,2026-01-10,2026-01-24,not_provided,pro,True,2026-01-21
U01933,2026-01-21,2026-02-04,1-10,business,False,
U01934,2026-03-31,2026-04-14,200+,starter,False,
U01935,2026-01-31,2026-02-14,11-50,business,True,2026-02-14
U01936,2026-01-03,2026-01-17,not_provided,business,False,
U01937,2026-04-08,2026-04-22,1-10,business,False,
U01938,2026-05-15,2026-05-29,1-10,business,True,2026-05-28
U01939,2026-05-25,2026-06-08,11-50,business,True,2026-06-07
U01940,2026-02-26,2026-03-12,11-50,starter,False,
U01941,2026-04-11,2026-04-25,200+,pro,True,2026-04-25
U01942,2026-05-10,2026-05-24,1-10,pro,True,2026-05-21
U01943,2026-03-16,2026-03-30,200+,pro,False,
U01944,2026-02-03,2026-02-17,51-200,starter,True,2026-02-15
U01945,2026-05-27,2026-06-10,not_provided,starter,True,2026-06-09
U01946,2026-04-13,2026-04-27,51-200,starter,False,
U01947,2026-04-13,2026-04-27,not_provided,starter,True,2026-04-20
U01948,2026-02-04,2026-02-18,200+,pro,True,2026-02-12
U01949,2026-05-05,2026-05-19,200+,business,False,
U01950,2026-05-27,2026-06-10,11-50,pro,False,
U01951,2026-06-07,2026-06-21,not_provided,pro,True,2026-06-15
U01952,2026-03-04,2026-03-18,1-10,business,False,
U01953,2026-04-21,2026-05-05,51-200,business,True,2026-05-05
U01954,2026-01-23,2026-02-06,1-10,business,True,2026-02-03
U01955,2026-04-19,2026-05-03,51-200,business,False,
U01956,2026-02-18,2026-03-04,51-200,business,False,
U01957,2026-06-02,2026-06-16,not_provided,starter,False,
U01958,2026-03-20,2026-04-03,11-50,business,False,
U01959,2026-06-07,2026-06-21,200+,pro,False,
U01960,2026-02-07,2026-02-21,200+,starter,False,
U01961,2026-03-01,2026-03-15,11-50,business,False,
U01962,2026-04-06,2026-04-20,11-50,business,True,2026-04-12
U01963,2026-01-29,2026-02-12,not_provided,starter,False,
U01964,2026-03-04,2026-03-18,not_provided,pro,False,
U01965,2026-03-15,2026-03-29,1-10,business,False,
U01966,2026-01-29,2026-02-12,51-200,starter,True,2026-02-10
U01967,2026-01-06,2026-01-20,51-200,pro,False,
U01968,2026-05-18,2026-06-01,11-50,pro,False,
U01969,2026-05-20,2026-06-03,not_provided,business,False,
U01970,2026-05-21,2026-06-04,200+,pro,False,
U01971,2026-02-06,2026-02-20,not_provided,business,False,
U01972,2026-01-05,2026-01-19,200+,pro,True,2026-01-18
U01973,2026-01-12,2026-01-26,51-200,pro,True,2026-01-17
U01974,2026-03-14,2026-03-28,11-50,business,False,
U01975,2026-06-08,2026-06-22,51-200,starter,False,
U01976,2026-04-30,2026-05-14,not_provided,starter,False,
U01977,2026-01-18,2026-02-01,200+,business,True,2026-01-27
U01978,2026-04-03,2026-04-17,1-10,starter,False,
U01979,2026-03-16,2026-03-30,not_provided,starter,False,
U01980,2026-03-01,2026-03-15,200+,pro,True,2026-03-07
U01981,2026-03-22,2026-04-05,200+,pro,True,2026-04-04
U01982,2026-01-23,2026-02-06,11-50,pro,True,2026-02-05
U01983,2026-04-28,2026-05-12,not_provided,business,True,2026-05-03
U01984,2026-01-11,2026-01-25,11-50,pro,False,
U01985,2026-03-20,2026-04-03,51-200,starter,False,
U01986,2026-04-11,2026-04-25,not_provided,pro,False,
U01987,2026-01-05,2026-01-19,51-200,business,True,2026-01-15
U01988,2026-04-01,2026-04-15,not_provided,business,True,2026-04-09
U01989,2026-05-09,2026-05-23,51-200,starter,False,
U01990,2026-06-10,2026-06-24,51-200,starter,True,2026-06-15
U01991,2026-05-23,2026-06-06,51-200,pro,False,
U01992,2026-02-08,2026-02-22,51-200,starter,True,2026-02-15
U01993,2026-01-23,2026-02-06,not_provided,starter,False,
U01994,2026-05-14,2026-05-28,not_provided,pro,False,
U01995,2026-06-10,2026-06-24,not_provided,pro,True,2026-06-21
U01996,2026-03-03,2026-03-17,not_provided,pro,False,
U01997,2026-04-20,2026-05-04,51-200,pro,True,2026-04-30
U01998,2026-04-25,2026-05-09,not_provided,pro,False,
U01999,2026-02-22,2026-03-08,not_provided,pro,True,2026-03-08
U02000,2026-05-19,2026-06-02,not_provided,pro,False,
