user_id,signup_date,trial_end_date,company_size,plan_interested,converted,conversion_date,total_sessions,first_activity,last_activity,distinct_active_days,distinct_features_used,total_feature_events,first_feature_use
U00001,2026-06-13,2026-06-27,1-10,starter,True,2026-06-22,5,2026-06-15 10:53:00,2026-06-26 04:19:00,5,5,34,2026-06-13 12:00:00
U00002,2026-03-04,2026-03-18,11-50,pro,False,,7,2026-03-04 19:39:00,2026-03-15 20:23:00,6,5,35,2026-03-05 13:00:00
U00003,2026-01-27,2026-02-10,not_provided,business,False,,3,2026-01-30 01:26:00,2026-02-10 08:26:00,3,2,14,2026-01-27 13:00:00
U00004,2026-05-20,2026-06-03,1-10,pro,True,2026-05-31,1,2026-06-01 06:04:00,2026-06-01 06:04:00,1,2,20,2026-05-22 01:00:00
U00005,2026-01-09,2026-01-23,1-10,starter,True,2026-01-17,6,2026-01-15 01:38:00,2026-01-23 07:33:00,5,5,88,2026-01-09 03:00:00
U00006,2026-03-01,2026-03-15,not_provided,pro,True,2026-03-06,6,2026-03-03 18:57:00,2026-03-13 09:29:00,6,9,132,2026-03-01 05:00:00
U00007,2026-05-24,2026-06-07,11-50,business,True,2026-06-06,6,2026-05-26 14:37:00,2026-06-07 14:05:00,4,3,24,2026-05-24 17:00:00
U00008,2026-04-18,2026-05-02,11-50,starter,False,,1,2026-04-26 22:24:00,2026-04-26 22:24:00,1,3,11,2026-04-19 13:00:00
U00009,2026-05-31,2026-06-14,51-200,starter,False,,7,2026-05-31 14:31:00,2026-06-14 10:36:00,6,8,101,2026-05-31 17:00:00
U00010,2026-02-10,2026-02-24,not_provided,starter,True,2026-02-20,3,2026-02-13 18:42:00,2026-02-18 00:38:00,3,1,26,2026-02-10 05:00:00
U00011,2026-03-13,2026-03-27,11-50,pro,False,,3,2026-03-13 04:54:00,2026-03-16 17:17:00,2,5,37,2026-03-13 06:00:00
U00012,2026-03-28,2026-04-11,1-10,starter,False,,9,2026-03-29 09:20:00,2026-04-10 02:48:00,8,5,35,2026-03-28 15:00:00
U00013,2026-04-08,2026-04-22,1-10,business,False,,2,2026-04-14 19:54:00,2026-04-15 23:44:00,2,4,25,2026-04-09 06:00:00
U00014,2026-03-30,2026-04-13,not_provided,business,True,2026-04-04,3,2026-04-06 05:56:00,2026-04-08 18:31:00,3,7,73,2026-03-30 22:00:00
U00015,2026-04-28,2026-05-12,not_provided,starter,True,2026-05-09,6,2026-04-28 14:40:00,2026-05-09 09:12:00,4,4,28,2026-05-02 11:00:00
U00016,2026-01-21,2026-02-04,not_provided,business,True,2026-02-04,10,2026-01-26 12:46:00,2026-02-04 21:30:00,6,6,62,2026-01-21 09:00:00
U00017,2026-04-03,2026-04-17,not_provided,pro,False,,3,2026-04-12 19:24:00,2026-04-16 09:45:00,2,6,49,2026-04-03 14:00:00
U00018,2026-01-18,2026-02-01,1-10,business,True,2026-01-26,8,2026-01-21 16:19:00,2026-02-01 16:09:00,6,5,78,2026-01-19 00:00:00
U00019,2026-03-16,2026-03-30,1-10,pro,False,,8,2026-03-16 09:59:00,2026-03-29 16:43:00,8,6,48,2026-03-16 16:00:00
U00020,2026-01-26,2026-02-09,200+,business,True,2026-02-07,12,2026-01-26 02:27:00,2026-02-09 14:36:00,7,6,60,2026-01-26 02:00:00
U00021,2026-06-12,2026-06-26,51-200,pro,False,,4,2026-06-16 21:41:00,2026-06-26 11:25:00,4,3,22,2026-06-13 16:00:00
U00022,2026-04-05,2026-04-19,51-200,pro,False,,5,2026-04-06 15:07:00,2026-04-17 10:29:00,5,2,18,2026-04-05 09:00:00
U00023,2026-03-10,2026-03-24,not_provided,business,False,,3,2026-03-13 19:15:00,2026-03-18 20:04:00,2,2,9,2026-03-14 12:00:00
U00024,2026-06-15,2026-06-29,1-10,pro,False,,1,2026-06-22 12:04:00,2026-06-22 12:04:00,1,3,5,2026-06-16 09:00:00
U00025,2026-06-12,2026-06-26,11-50,pro,False,,7,2026-06-13 18:38:00,2026-06-25 22:37:00,7,2,14,2026-06-14 22:00:00
U00026,2026-03-04,2026-03-18,11-50,starter,True,2026-03-15,10,2026-03-05 06:52:00,2026-03-17 04:54:00,7,6,76,2026-03-04 14:00:00
U00027,2026-03-11,2026-03-25,not_provided,business,False,,1,2026-03-17 22:37:00,2026-03-17 22:37:00,1,1,5,2026-03-22 18:00:00
U00028,2026-05-23,2026-06-06,11-50,business,True,2026-06-02,7,2026-05-25 00:04:00,2026-06-05 13:09:00,4,5,57,2026-05-24 15:00:00
U00029,2026-01-15,2026-01-29,11-50,starter,True,2026-01-25,6,2026-01-17 13:38:00,2026-01-28 23:15:00,5,3,24,2026-01-15 04:00:00
U00030,2026-04-13,2026-04-27,51-200,starter,False,,11,2026-04-13 18:30:00,2026-04-24 18:16:00,9,4,21,2026-04-13 04:00:00
U00031,2026-02-24,2026-03-10,not_provided,business,False,,6,2026-02-28 08:00:00,2026-03-09 08:16:00,5,5,41,2026-02-24 00:00:00
U00032,2026-03-22,2026-04-05,11-50,business,True,2026-04-03,4,2026-03-23 04:38:00,2026-04-03 16:55:00,4,2,34,2026-03-22 23:00:00
U00033,2026-04-12,2026-04-26,not_provided,starter,False,,2,2026-04-15 21:28:00,2026-04-25 15:48:00,2,1,3,2026-04-19 12:00:00
U00034,2026-02-06,2026-02-20,51-200,pro,False,,5,2026-02-06 05:29:00,2026-02-12 21:45:00,4,6,21,2026-02-06 06:00:00
U00035,2026-03-05,2026-03-19,not_provided,pro,False,,3,2026-03-05 09:59:00,2026-03-11 21:20:00,3,4,18,2026-03-05 22:00:00
U00036,2026-05-18,2026-06-01,51-200,business,False,,2,2026-05-19 17:40:00,2026-05-27 20:54:00,2,1,7,2026-05-31 16:00:00
U00037,2026-05-30,2026-06-13,200+,pro,True,2026-06-10,6,2026-06-03 08:51:00,2026-06-12 02:00:00,6,5,28,2026-05-30 22:00:00
U00038,2026-04-03,2026-04-17,11-50,pro,False,,8,2026-04-03 00:39:00,2026-04-17 03:44:00,7,3,21,2026-04-05 11:00:00
U00039,2026-05-11,2026-05-25,200+,starter,False,,11,2026-05-11 02:04:00,2026-05-25 14:45:00,8,5,45,2026-05-12 00:00:00
U00040,2026-01-13,2026-01-27,1-10,pro,False,,10,2026-01-14 18:34:00,2026-01-26 14:48:00,9,4,24,2026-01-13 12:00:00
U00041,2026-06-10,2026-06-24,11-50,business,True,2026-06-21,2,2026-06-17 02:56:00,2026-06-24 03:40:00,2,4,32,2026-06-10 02:00:00
U00042,2026-06-02,2026-06-16,1-10,starter,False,,10,2026-06-02 01:21:00,2026-06-16 02:02:00,8,5,38,2026-06-03 00:00:00
U00043,2026-04-08,2026-04-22,not_provided,starter,False,,1,2026-04-11 22:41:00,2026-04-11 22:41:00,1,1,1,2026-04-20 17:00:00
U00044,2026-05-16,2026-05-30,51-200,pro,False,,7,2026-05-17 06:27:00,2026-05-29 03:07:00,5,3,16,2026-05-17 02:00:00
U00045,2026-01-03,2026-01-17,not_provided,business,False,,7,2026-01-03 00:11:00,2026-01-15 13:10:00,6,7,51,2026-01-03 05:00:00
U00046,2026-01-30,2026-02-13,not_provided,pro,False,,5,2026-02-02 03:33:00,2026-02-10 15:39:00,5,3,14,2026-01-30 12:00:00
U00047,2026-03-10,2026-03-24,not_provided,business,False,,14,2026-03-10 06:07:00,2026-03-24 17:11:00,11,7,59,2026-03-10 20:00:00
U00048,2026-01-29,2026-02-12,51-200,starter,False,,5,2026-01-29 13:09:00,2026-02-09 06:40:00,5,7,60,2026-01-29 06:00:00
U00049,2026-02-10,2026-02-24,200+,starter,False,,5,2026-02-13 09:38:00,2026-02-19 17:54:00,4,8,64,2026-02-10 01:00:00
U00050,2026-03-09,2026-03-23,not_provided,pro,False,,10,2026-03-09 15:42:00,2026-03-23 18:09:00,7,6,47,2026-03-09 12:00:00
U00051,2026-05-10,2026-05-24,1-10,business,True,2026-05-19,5,2026-05-12 11:40:00,2026-05-23 20:04:00,5,3,25,2026-05-10 00:00:00
U00052,2026-06-13,2026-06-27,not_provided,pro,False,,8,2026-06-15 20:35:00,2026-06-27 01:07:00,7,4,36,2026-06-13 23:00:00
U00053,2026-02-20,2026-03-06,11-50,business,True,2026-02-27,7,2026-02-23 14:05:00,2026-03-04 23:48:00,5,2,4,2026-02-21 02:00:00
U00054,2026-05-19,2026-06-02,not_provided,starter,False,,1,2026-06-02 05:18:00,2026-06-02 05:18:00,1,1,1,2026-05-26 07:00:00
U00055,2026-06-03,2026-06-17,51-200,starter,False,,5,2026-06-05 08:07:00,2026-06-10 11:26:00,3,5,39,2026-06-03 11:00:00
U00056,2026-01-05,2026-01-19,1-10,business,False,,2,2026-01-14 10:41:00,2026-01-18 16:41:00,2,3,17,2026-01-05 22:00:00
U00057,2026-03-20,2026-04-03,11-50,starter,True,2026-03-28,5,2026-03-22 08:14:00,2026-03-27 18:42:00,3,5,59,2026-03-21 13:00:00
U00058,2026-05-26,2026-06-09,1-10,starter,True,2026-06-07,10,2026-05-27 00:25:00,2026-06-07 18:42:00,6,5,98,2026-05-26 02:00:00
U00059,2026-01-18,2026-02-01,not_provided,pro,True,2026-01-25,9,2026-01-22 00:25:00,2026-02-01 01:08:00,7,6,62,2026-01-18 03:00:00
U00060,2026-05-02,2026-05-16,not_provided,pro,False,,3,2026-05-07 11:19:00,2026-05-08 04:45:00,2,5,34,2026-05-03 16:00:00
U00061,2026-03-09,2026-03-23,not_provided,pro,True,2026-03-20,7,2026-03-09 13:40:00,2026-03-21 14:18:00,6,5,70,2026-03-09 11:00:00
U00062,2026-02-24,2026-03-10,not_provided,business,False,,9,2026-02-24 03:48:00,2026-03-09 18:19:00,7,4,30,2026-02-24 00:00:00
U00063,2026-02-21,2026-03-07,not_provided,business,False,,7,2026-02-23 10:29:00,2026-03-06 08:10:00,7,10,95,2026-02-21 09:00:00
U00064,2026-04-13,2026-04-27,not_provided,business,False,,3,2026-04-21 06:49:00,2026-04-25 03:38:00,2,4,24,2026-04-14 11:00:00
U00065,2026-04-06,2026-04-20,200+,pro,False,,4,2026-04-06 04:33:00,2026-04-18 15:26:00,4,5,31,2026-04-06 05:00:00
U00066,2026-04-26,2026-05-10,1-10,pro,False,,6,2026-04-27 06:09:00,2026-05-09 14:56:00,4,3,29,2026-04-28 08:00:00
U00067,2026-02-27,2026-03-13,1-10,business,False,,5,2026-02-28 00:49:00,2026-03-10 07:19:00,4,2,9,2026-03-04 15:00:00
U00068,2026-01-06,2026-01-20,not_provided,pro,True,2026-01-14,4,2026-01-06 06:06:00,2026-01-18 03:58:00,4,2,18,2026-01-08 06:00:00
U00069,2026-05-31,2026-06-14,11-50,starter,False,,2,2026-05-31 02:09:00,2026-06-09 06:11:00,2,2,4,2026-05-31 04:00:00
U00070,2026-01-19,2026-02-02,not_provided,business,True,2026-01-24,9,2026-01-21 17:00:00,2026-02-02 06:58:00,7,4,44,2026-01-19 06:00:00
U00071,2026-02-28,2026-03-14,1-10,starter,True,2026-03-10,4,2026-03-01 10:31:00,2026-03-12 11:45:00,4,6,50,2026-02-28 18:00:00
U00072,2026-01-19,2026-02-02,not_provided,pro,False,,4,2026-01-19 21:31:00,2026-02-02 15:43:00,4,2,3,2026-01-27 22:00:00
U00073,2026-03-13,2026-03-27,not_provided,starter,False,,4,2026-03-14 04:25:00,2026-03-24 05:04:00,4,7,57,2026-03-13 15:00:00
U00074,2026-02-24,2026-03-10,not_provided,pro,True,2026-03-10,4,2026-02-25 07:53:00,2026-03-08 20:25:00,4,5,34,2026-02-24 11:00:00
U00075,2026-05-28,2026-06-11,200+,pro,False,,10,2026-05-28 03:47:00,2026-06-09 01:27:00,8,8,80,2026-05-28 00:00:00
U00076,2026-05-02,2026-05-16,200+,pro,False,,1,2026-05-09 10:54:00,2026-05-09 10:54:00,1,3,15,2026-05-03 08:00:00
U00077,2026-01-25,2026-02-08,1-10,business,True,2026-02-05,2,2026-02-01 01:02:00,2026-02-08 22:10:00,2,4,54,2026-01-26 14:00:00
U00078,2026-04-01,2026-04-15,200+,starter,True,2026-04-13,11,2026-04-01 21:15:00,2026-04-13 20:21:00,8,6,69,2026-04-01 08:00:00
U00079,2026-01-14,2026-01-28,not_provided,business,False,,6,2026-01-14 17:20:00,2026-01-27 09:07:00,5,4,37,2026-01-17 00:00:00
U00080,2026-06-15,2026-06-29,1-10,starter,False,,1,2026-06-24 03:51:00,2026-06-24 03:51:00,1,2,8,2026-06-15 03:00:00
U00081,2026-04-14,2026-04-28,not_provided,business,False,,4,2026-04-19 13:12:00,2026-04-27 17:13:00,4,5,24,2026-04-17 14:00:00
U00082,2026-01-28,2026-02-11,11-50,pro,True,2026-02-05,8,2026-01-28 09:36:00,2026-02-07 17:11:00,4,8,101,2026-01-28 01:00:00
U00083,2026-05-18,2026-06-01,200+,pro,False,,6,2026-05-21 04:47:00,2026-06-01 18:46:00,6,4,26,2026-05-19 01:00:00
U00084,2026-04-19,2026-05-03,11-50,business,True,2026-05-01,6,2026-04-20 04:12:00,2026-05-02 09:41:00,5,6,63,2026-04-19 05:00:00
U00085,2026-03-05,2026-03-19,1-10,starter,False,,3,2026-03-07 08:08:00,2026-03-17 08:42:00,3,1,8,2026-03-12 12:00:00
U00086,2026-05-21,2026-06-04,1-10,starter,False,,4,2026-05-21 02:20:00,2026-06-03 23:53:00,3,3,14,2026-05-25 00:00:00
U00087,2026-06-16,2026-06-30,not_provided,starter,True,2026-06-22,1,2026-06-17 18:47:00,2026-06-17 18:47:00,1,3,35,2026-06-16 20:00:00
U00088,2026-03-02,2026-03-16,11-50,starter,True,2026-03-14,7,2026-03-05 04:06:00,2026-03-14 23:47:00,5,1,14,2026-03-03 08:00:00
U00089,2026-05-04,2026-05-18,11-50,starter,True,2026-05-09,13,2026-05-04 12:59:00,2026-05-18 14:40:00,9,8,116,2026-05-04 08:00:00
U00090,2026-02-12,2026-02-26,200+,starter,False,,9,2026-02-13 05:15:00,2026-02-25 19:43:00,7,6,80,2026-02-12 13:00:00
U00091,2026-04-10,2026-04-24,51-200,starter,False,,9,2026-04-10 00:59:00,2026-04-24 02:29:00,8,7,62,2026-04-11 23:00:00
U00092,2026-03-15,2026-03-29,200+,business,False,,8,2026-03-15 09:16:00,2026-03-29 07:23:00,6,8,75,2026-03-15 17:00:00
U00093,2026-05-23,2026-06-06,not_provided,business,False,,6,2026-05-23 08:32:00,2026-06-03 13:47:00,5,3,8,2026-05-24 11:00:00
U00094,2026-05-05,2026-05-19,11-50,pro,False,,5,2026-05-06 10:02:00,2026-05-19 17:02:00,4,2,6,2026-05-05 05:00:00
U00095,2026-03-17,2026-03-31,11-50,starter,False,,5,2026-03-17 06:09:00,2026-03-30 08:47:00,5,5,29,2026-03-18 18:00:00
U00096,2026-05-29,2026-06-12,not_provided,pro,False,,14,2026-05-29 09:43:00,2026-06-09 14:27:00,10,8,81,2026-05-29 10:00:00
U00097,2026-01-16,2026-01-30,not_provided,business,True,2026-01-21,1,2026-01-21 23:46:00,2026-01-21 23:46:00,1,5,70,2026-01-16 11:00:00
U00098,2026-01-13,2026-01-27,not_provided,starter,False,,2,2026-01-16 01:51:00,2026-01-18 01:47:00,2,4,8,2026-01-15 09:00:00
U00099,2026-05-09,2026-05-23,not_provided,pro,True,2026-05-14,4,2026-05-10 12:16:00,2026-05-21 12:05:00,4,8,98,2026-05-09 04:00:00
U00100,2026-05-11,2026-05-25,1-10,pro,True,2026-05-17,6,2026-05-15 18:38:00,2026-05-25 21:38:00,5,3,50,2026-05-11 13:00:00
U00101,2026-06-02,2026-06-16,1-10,business,False,,12,2026-06-03 14:42:00,2026-06-15 07:33:00,8,6,116,2026-06-02 02:00:00
U00102,2026-03-02,2026-03-16,200+,starter,False,,12,2026-03-02 12:07:00,2026-03-15 21:47:00,10,8,97,2026-03-02 12:00:00
U00103,2026-05-26,2026-06-09,11-50,pro,False,,3,2026-05-26 06:07:00,2026-06-06 06:54:00,3,3,13,2026-05-28 14:00:00
U00104,2026-06-02,2026-06-16,1-10,pro,True,2026-06-08,16,2026-06-02 10:00:00,2026-06-16 04:47:00,9,8,106,2026-06-02 03:00:00
U00105,2026-04-18,2026-05-02,not_provided,pro,False,,5,2026-04-20 09:46:00,2026-05-02 19:54:00,5,4,39,2026-04-19 00:00:00
U00106,2026-05-25,2026-06-08,not_provided,business,True,2026-06-03,7,2026-05-25 11:56:00,2026-06-06 02:21:00,6,7,66,2026-05-25 06:00:00
U00107,2026-02-22,2026-03-08,not_provided,business,True,2026-03-04,6,2026-03-01 08:21:00,2026-03-08 04:54:00,5,5,39,2026-02-22 22:00:00
U00108,2026-03-03,2026-03-17,51-200,starter,False,,4,2026-03-05 20:07:00,2026-03-17 11:10:00,3,3,17,2026-03-04 02:00:00
U00109,2026-02-03,2026-02-17,not_provided,business,True,2026-02-12,10,2026-02-03 14:09:00,2026-02-16 16:50:00,9,4,30,2026-02-03 16:00:00
U00110,2026-04-28,2026-05-12,51-200,starter,True,2026-05-03,7,2026-04-28 12:48:00,2026-05-12 18:03:00,6,5,75,2026-04-28 02:00:00
U00111,2026-04-28,2026-05-12,not_provided,pro,True,2026-05-04,9,2026-04-28 17:21:00,2026-05-12 17:39:00,6,7,90,2026-04-28 03:00:00
U00112,2026-01-19,2026-02-02,not_provided,pro,False,,8,2026-01-20 10:33:00,2026-01-31 20:07:00,7,7,77,2026-01-19 18:00:00
U00113,2026-05-10,2026-05-24,51-200,pro,True,2026-05-20,4,2026-05-11 01:27:00,2026-05-23 11:29:00,4,6,65,2026-05-10 03:00:00
U00114,2026-01-18,2026-02-01,11-50,business,True,2026-01-27,6,2026-01-25 22:29:00,2026-01-31 08:37:00,4,5,34,2026-01-21 08:00:00
U00115,2026-02-10,2026-02-24,200+,pro,True,2026-02-19,13,2026-02-10 03:35:00,2026-02-24 09:13:00,10,4,34,2026-02-10 06:00:00
U00116,2026-06-06,2026-06-20,not_provided,pro,True,2026-06-11,8,2026-06-09 19:34:00,2026-06-19 23:20:00,6,8,98,2026-06-06 01:00:00
U00117,2026-05-22,2026-06-05,51-200,business,True,2026-05-28,10,2026-05-22 08:50:00,2026-06-04 22:53:00,8,8,76,2026-05-22 18:00:00
U00118,2026-02-04,2026-02-18,51-200,starter,True,2026-02-10,8,2026-02-04 10:29:00,2026-02-16 19:37:00,7,4,37,2026-02-05 04:00:00
U00119,2026-05-22,2026-06-05,11-50,business,True,2026-05-31,5,2026-05-25 17:41:00,2026-06-05 00:17:00,5,4,48,2026-05-22 01:00:00
U00120,2026-06-04,2026-06-18,11-50,business,False,,11,2026-06-04 00:52:00,2026-06-18 21:21:00,8,5,45,2026-06-04 14:00:00
U00121,2026-03-29,2026-04-12,11-50,business,False,,8,2026-04-06 00:57:00,2026-04-12 00:43:00,4,2,11,2026-03-31 12:00:00
U00122,2026-06-12,2026-06-26,51-200,pro,False,,4,2026-06-17 06:28:00,2026-06-25 22:00:00,3,2,3,2026-06-12 18:00:00
U00123,2026-05-06,2026-05-20,51-200,starter,False,,4,2026-05-06 06:52:00,2026-05-18 22:14:00,4,6,56,2026-05-07 23:00:00
U00124,2026-01-24,2026-02-07,not_provided,starter,False,,7,2026-01-25 08:36:00,2026-02-07 16:46:00,5,5,54,2026-01-24 00:00:00
U00125,2026-03-12,2026-03-26,1-10,starter,False,,7,2026-03-12 12:12:00,2026-03-26 23:14:00,6,8,74,2026-03-12 00:00:00
U00126,2026-03-27,2026-04-10,11-50,business,False,,9,2026-03-27 15:27:00,2026-04-10 18:51:00,9,5,38,2026-03-27 11:00:00
U00127,2026-03-09,2026-03-23,11-50,business,False,,7,2026-03-09 01:24:00,2026-03-21 04:03:00,6,5,72,2026-03-09 17:00:00
U00128,2026-04-24,2026-05-08,not_provided,business,True,2026-05-05,4,2026-04-25 00:38:00,2026-05-08 19:39:00,4,4,12,2026-04-27 11:00:00
U00129,2026-05-24,2026-06-07,1-10,starter,False,,8,2026-05-26 09:37:00,2026-06-03 16:16:00,6,2,22,2026-05-25 08:00:00
U00130,2026-01-20,2026-02-03,not_provided,pro,False,,8,2026-01-20 07:32:00,2026-02-03 01:31:00,7,6,62,2026-01-21 19:00:00
U00131,2026-05-20,2026-06-03,1-10,business,False,,4,2026-05-22 00:23:00,2026-06-01 23:24:00,4,4,13,2026-05-20 05:00:00
U00132,2026-05-30,2026-06-13,not_provided,pro,False,,7,2026-05-30 00:12:00,2026-06-04 17:15:00,4,7,66,2026-05-30 00:00:00
U00133,2026-04-21,2026-05-05,11-50,starter,False,,1,2026-04-26 11:42:00,2026-04-26 11:42:00,1,2,10,2026-04-29 14:00:00
U00134,2026-03-20,2026-04-03,51-200,starter,False,,4,2026-03-28 12:44:00,2026-04-03 22:04:00,3,7,58,2026-03-23 22:00:00
U00135,2026-04-02,2026-04-16,11-50,business,False,,3,2026-04-12 08:55:00,2026-04-14 19:37:00,2,4,37,2026-04-05 20:00:00
U00136,2026-03-05,2026-03-19,not_provided,starter,True,2026-03-15,3,2026-03-08 23:05:00,2026-03-17 21:39:00,3,4,33,2026-03-08 06:00:00
U00137,2026-05-24,2026-06-07,200+,pro,False,,9,2026-05-27 06:28:00,2026-06-04 15:30:00,7,3,30,2026-05-26 06:00:00
U00138,2026-02-09,2026-02-23,11-50,pro,True,2026-02-16,3,2026-02-14 15:20:00,2026-02-18 01:29:00,3,4,25,2026-02-11 08:00:00
U00139,2026-04-16,2026-04-30,1-10,pro,False,,2,2026-04-16 05:28:00,2026-04-26 02:22:00,2,2,6,2026-04-16 02:00:00
U00140,2026-03-27,2026-04-10,200+,business,False,,9,2026-03-27 09:18:00,2026-04-09 16:32:00,8,8,94,2026-03-27 02:00:00
U00141,2026-03-05,2026-03-19,51-200,pro,False,,6,2026-03-08 14:28:00,2026-03-18 12:14:00,5,2,5,2026-03-10 23:00:00
U00142,2026-01-28,2026-02-11,200+,starter,False,,7,2026-01-31 15:06:00,2026-02-11 04:09:00,7,3,21,2026-01-29 01:00:00
U00143,2026-05-01,2026-05-15,11-50,pro,True,2026-05-13,2,2026-05-11 09:05:00,2026-05-11 17:11:00,1,3,41,2026-05-01 13:00:00
U00144,2026-03-31,2026-04-14,51-200,pro,False,,12,2026-03-31 05:12:00,2026-04-13 12:38:00,7,6,64,2026-03-31 08:00:00
U00145,2026-02-27,2026-03-13,1-10,business,False,,8,2026-03-03 20:34:00,2026-03-13 19:46:00,6,9,132,2026-02-27 11:00:00
U00146,2026-02-19,2026-03-05,200+,business,True,2026-02-28,1,2026-03-02 23:46:00,2026-03-02 23:46:00,1,4,30,2026-02-21 15:00:00
U00147,2026-01-18,2026-02-01,51-200,business,False,,9,2026-01-24 01:00:00,2026-01-30 03:32:00,6,3,33,2026-01-18 07:00:00
U00148,2026-06-14,2026-06-28,not_provided,starter,False,,3,2026-06-23 03:11:00,2026-06-27 05:10:00,3,3,6,2026-06-14 18:00:00
U00149,2026-05-18,2026-06-01,51-200,starter,False,,4,2026-05-25 11:11:00,2026-06-01 21:34:00,4,3,23,2026-05-19 14:00:00
U00150,2026-01-30,2026-02-13,51-200,pro,True,2026-02-13,3,2026-02-05 22:19:00,2026-02-10 01:53:00,3,1,29,2026-02-04 15:00:00
U00151,2026-03-09,2026-03-23,1-10,starter,False,,1,2026-03-21 06:59:00,2026-03-21 06:59:00,1,1,12,2026-03-09 01:00:00
U00152,2026-06-02,2026-06-16,200+,business,True,2026-06-12,5,2026-06-02 13:32:00,2026-06-16 07:12:00,5,5,38,2026-06-03 02:00:00
U00153,2026-04-22,2026-05-06,not_provided,pro,False,,10,2026-04-22 02:56:00,2026-05-06 17:25:00,8,5,54,2026-04-22 13:00:00
U00154,2026-01-30,2026-02-13,200+,pro,False,,2,2026-01-31 10:01:00,2026-02-09 22:20:00,2,5,14,2026-01-31 01:00:00
U00155,2026-02-18,2026-03-04,51-200,starter,False,,4,2026-02-18 19:48:00,2026-02-26 18:45:00,4,4,37,2026-02-18 14:00:00
U00156,2026-04-22,2026-05-06,1-10,pro,True,2026-05-05,14,2026-04-23 06:03:00,2026-05-05 23:21:00,8,7,100,2026-04-23 04:00:00
U00157,2026-02-20,2026-03-06,51-200,starter,True,2026-02-26,2,2026-02-24 05:46:00,2026-02-26 05:38:00,2,4,44,2026-02-21 03:00:00
U00158,2026-03-26,2026-04-09,not_provided,business,True,2026-04-01,8,2026-03-30 15:05:00,2026-04-08 15:01:00,5,5,41,2026-03-26 02:00:00
U00159,2026-03-18,2026-04-01,not_provided,business,False,,9,2026-03-20 22:30:00,2026-04-01 06:00:00,7,4,45,2026-03-19 10:00:00
U00160,2026-04-15,2026-04-29,51-200,starter,False,,9,2026-04-15 03:49:00,2026-04-29 13:10:00,6,9,92,2026-04-15 04:00:00
U00161,2026-03-17,2026-03-31,not_provided,pro,False,,10,2026-03-17 05:52:00,2026-03-31 23:25:00,9,4,37,2026-03-17 09:00:00
U00162,2026-02-19,2026-03-05,200+,business,True,2026-03-02,6,2026-02-20 12:07:00,2026-03-04 20:10:00,6,2,19,2026-02-23 16:00:00
U00163,2026-02-14,2026-02-28,not_provided,pro,False,,2,2026-02-14 08:48:00,2026-02-21 21:48:00,2,5,35,2026-02-15 05:00:00
U00164,2026-03-19,2026-04-02,200+,pro,True,2026-03-24,8,2026-03-20 06:33:00,2026-04-02 15:30:00,7,5,75,2026-03-19 07:00:00
U00165,2026-03-19,2026-04-02,51-200,pro,True,2026-03-30,10,2026-03-24 13:59:00,2026-04-01 16:17:00,6,6,79,2026-03-19 02:00:00
U00166,2026-05-29,2026-06-12,not_provided,business,False,,3,2026-05-31 14:07:00,2026-06-11 21:35:00,2,3,10,2026-05-31 12:00:00
U00167,2026-03-24,2026-04-07,200+,starter,False,,6,2026-03-25 13:45:00,2026-04-07 21:07:00,3,5,53,2026-03-24 11:00:00
U00168,2026-04-24,2026-05-08,not_provided,pro,False,,5,2026-04-25 22:21:00,2026-05-08 18:49:00,4,4,32,2026-04-24 04:00:00
U00169,2026-05-11,2026-05-25,200+,business,True,2026-05-18,8,2026-05-11 18:34:00,2026-05-22 18:59:00,7,4,40,2026-05-11 05:00:00
U00170,2026-01-22,2026-02-05,51-200,pro,True,2026-02-05,9,2026-01-24 23:42:00,2026-02-04 23:59:00,8,6,47,2026-01-22 23:00:00
U00171,2026-03-27,2026-04-10,1-10,pro,True,2026-04-05,9,2026-03-27 17:25:00,2026-04-09 22:19:00,7,8,112,2026-03-27 03:00:00
U00172,2026-02-27,2026-03-13,11-50,pro,False,,1,2026-03-03 04:13:00,2026-03-03 04:13:00,1,5,36,2026-02-27 05:00:00
U00173,2026-01-07,2026-01-21,1-10,pro,True,2026-01-19,7,2026-01-09 01:07:00,2026-01-21 01:06:00,7,4,32,2026-01-07 04:00:00
U00174,2026-06-06,2026-06-20,1-10,starter,True,2026-06-17,7,2026-06-06 03:07:00,2026-06-18 14:55:00,5,1,8,2026-06-09 15:00:00
U00175,2026-06-11,2026-06-25,not_provided,pro,False,,7,2026-06-12 16:53:00,2026-06-24 19:44:00,5,5,29,2026-06-11 17:00:00
U00176,2026-04-09,2026-04-23,200+,starter,True,2026-04-17,11,2026-04-09 04:36:00,2026-04-22 06:08:00,7,5,77,2026-04-09 16:00:00
U00177,2026-02-07,2026-02-21,not_provided,business,True,2026-02-12,4,2026-02-08 17:16:00,2026-02-17 05:25:00,4,6,82,2026-02-07 01:00:00
U00178,2026-01-28,2026-02-11,200+,pro,False,,6,2026-02-01 03:34:00,2026-02-07 22:41:00,5,7,80,2026-01-28 07:00:00
U00179,2026-02-15,2026-03-01,not_provided,pro,False,,4,2026-02-16 10:40:00,2026-03-01 10:49:00,4,5,38,2026-02-17 15:00:00
U00180,2026-04-29,2026-05-13,1-10,pro,True,2026-05-07,8,2026-04-30 16:22:00,2026-05-09 16:45:00,6,7,77,2026-04-30 03:00:00
U00181,2026-02-01,2026-02-15,200+,pro,False,,7,2026-02-01 23:40:00,2026-02-11 19:26:00,7,7,56,2026-02-01 00:00:00
U00182,2026-04-29,2026-05-13,not_provided,pro,False,,5,2026-05-05 00:39:00,2026-05-08 01:05:00,4,3,24,2026-05-01 09:00:00
U00183,2026-05-24,2026-06-07,not_provided,business,True,2026-06-05,4,2026-05-26 02:23:00,2026-06-04 13:44:00,4,5,47,2026-05-24 21:00:00
U00184,2026-06-06,2026-06-20,not_provided,pro,False,,3,2026-06-12 05:23:00,2026-06-20 21:15:00,3,3,12,2026-06-06 08:00:00
U00185,2026-04-20,2026-05-04,not_provided,starter,True,2026-04-27,8,2026-04-20 03:27:00,2026-05-04 14:57:00,5,8,123,2026-04-20 04:00:00
U00186,2026-05-02,2026-05-16,200+,business,False,,6,2026-05-03 14:42:00,2026-05-07 13:57:00,4,4,36,2026-05-05 12:00:00
U00187,2026-03-05,2026-03-19,not_provided,business,False,,6,2026-03-05 11:56:00,2026-03-17 21:45:00,5,2,14,2026-03-05 22:00:00
U00188,2026-05-14,2026-05-28,200+,business,False,,8,2026-05-16 03:06:00,2026-05-26 21:15:00,5,4,24,2026-05-14 15:00:00
U00189,2026-03-03,2026-03-17,51-200,starter,True,2026-03-09,1,2026-03-15 03:55:00,2026-03-15 03:55:00,1,2,18,2026-03-05 13:00:00
U00190,2026-03-15,2026-03-29,11-50,business,True,2026-03-25,1,2026-03-25 13:12:00,2026-03-25 13:12:00,1,2,16,2026-03-21 16:00:00
U00191,2026-03-23,2026-04-06,not_provided,starter,True,2026-03-30,4,2026-03-26 03:08:00,2026-04-03 23:32:00,3,5,46,2026-03-24 23:00:00
U00192,2026-02-08,2026-02-22,11-50,starter,False,,6,2026-02-08 19:12:00,2026-02-19 13:15:00,6,5,46,2026-02-08 12:00:00
U00193,2026-02-09,2026-02-23,not_provided,pro,False,,4,2026-02-11 01:00:00,2026-02-15 05:16:00,4,8,72,2026-02-09 01:00:00
U00194,2026-01-17,2026-01-31,200+,starter,False,,7,2026-01-17 18:58:00,2026-01-28 18:33:00,6,6,57,2026-01-17 20:00:00
U00195,2026-03-26,2026-04-09,not_provided,starter,True,2026-04-06,8,2026-03-26 04:12:00,2026-04-09 17:22:00,8,3,32,2026-03-27 00:00:00
U00196,2026-01-16,2026-01-30,11-50,starter,False,,7,2026-01-18 14:48:00,2026-01-27 12:31:00,6,7,68,2026-01-16 01:00:00
U00197,2026-04-10,2026-04-24,not_provided,business,False,,5,2026-04-18 03:00:00,2026-04-24 08:59:00,3,4,13,2026-04-12 14:00:00
U00198,2026-01-06,2026-01-20,not_provided,starter,True,2026-01-18,2,2026-01-16 19:23:00,2026-01-17 17:16:00,2,5,39,2026-01-06 08:00:00
U00199,2026-01-02,2026-01-16,51-200,business,True,2026-01-13,14,2026-01-04 14:14:00,2026-01-16 05:52:00,10,6,72,2026-01-02 09:00:00
U00200,2026-04-18,2026-05-02,not_provided,business,False,,1,2026-04-19 04:04:00,2026-04-19 04:04:00,1,5,17,2026-04-20 14:00:00
U00201,2026-05-20,2026-06-03,not_provided,pro,False,,4,2026-05-26 00:07:00,2026-06-01 20:59:00,4,3,10,2026-05-21 11:00:00
U00202,2026-05-05,2026-05-19,11-50,business,False,,10,2026-05-05 01:06:00,2026-05-18 22:05:00,8,3,32,2026-05-05 14:00:00
U00203,2026-04-22,2026-05-06,200+,starter,False,,4,2026-04-24 03:14:00,2026-05-02 22:52:00,3,6,65,2026-04-22 22:00:00
U00204,2026-04-10,2026-04-24,51-200,business,False,,8,2026-04-12 13:33:00,2026-04-24 15:42:00,7,6,45,2026-04-10 20:00:00
U00205,2026-04-14,2026-04-28,not_provided,pro,False,,6,2026-04-16 05:49:00,2026-04-27 02:07:00,6,5,41,2026-04-14 05:00:00
U00206,2026-04-30,2026-05-14,11-50,pro,True,2026-05-13,9,2026-05-01 18:45:00,2026-05-13 17:59:00,6,5,42,2026-05-01 23:00:00
U00207,2026-01-07,2026-01-21,200+,pro,True,2026-01-21,7,2026-01-07 22:06:00,2026-01-18 16:44:00,5,5,74,2026-01-07 01:00:00
U00208,2026-01-07,2026-01-21,1-10,business,False,,3,2026-01-11 03:09:00,2026-01-16 05:32:00,3,1,3,2026-01-18 10:00:00
U00209,2026-04-20,2026-05-04,11-50,starter,False,,2,2026-04-26 13:43:00,2026-05-04 18:32:00,2,4,56,2026-04-20 13:00:00
U00210,2026-02-16,2026-03-02,1-10,business,True,2026-02-27,10,2026-02-16 07:18:00,2026-03-01 22:29:00,8,4,32,2026-02-16 10:00:00
U00211,2026-03-25,2026-04-08,11-50,starter,False,,2,2026-03-28 08:05:00,2026-03-28 17:12:00,1,5,24,2026-03-27 11:00:00
U00212,2026-03-25,2026-04-08,51-200,starter,True,2026-04-03,2,2026-03-26 09:00:00,2026-04-03 15:02:00,2,4,29,2026-03-26 12:00:00
U00213,2026-04-18,2026-05-02,51-200,starter,False,,5,2026-04-23 13:57:00,2026-04-29 11:08:00,5,1,1,2026-04-22 00:00:00
U00214,2026-05-01,2026-05-15,1-10,business,False,,11,2026-05-02 20:05:00,2026-05-15 06:51:00,10,3,29,2026-05-01 17:00:00
U00215,2026-05-19,2026-06-02,1-10,business,True,2026-05-27,7,2026-05-19 11:54:00,2026-05-29 04:07:00,6,3,15,2026-05-20 01:00:00
U00216,2026-06-16,2026-06-30,1-10,business,False,,5,2026-06-18 03:18:00,2026-06-27 07:44:00,5,3,24,2026-06-16 06:00:00
U00217,2026-01-11,2026-01-25,1-10,pro,False,,4,2026-01-12 02:11:00,2026-01-25 12:49:00,4,5,30,2026-01-12 04:00:00
U00218,2026-02-21,2026-03-07,1-10,pro,False,,4,2026-02-22 08:29:00,2026-03-02 15:13:00,4,5,31,2026-02-25 13:00:00
U00219,2026-02-09,2026-02-23,11-50,pro,False,,4,2026-02-09 11:50:00,2026-02-21 21:27:00,4,6,29,2026-02-09 07:00:00
U00220,2026-05-02,2026-05-16,not_provided,starter,False,,11,2026-05-02 04:57:00,2026-05-15 13:33:00,10,2,11,2026-05-03 17:00:00
U00221,2026-05-25,2026-06-08,11-50,starter,True,2026-06-03,7,2026-05-25 06:47:00,2026-06-07 04:40:00,7,5,44,2026-05-25 08:00:00
U00222,2026-04-05,2026-04-19,11-50,pro,False,,6,2026-04-11 11:11:00,2026-04-15 09:44:00,3,8,55,2026-04-05 23:00:00
U00223,2026-06-05,2026-06-19,not_provided,business,True,2026-06-11,3,2026-06-06 03:05:00,2026-06-15 14:32:00,3,5,44,2026-06-06 00:00:00
U00224,2026-02-11,2026-02-25,51-200,starter,False,,5,2026-02-11 11:50:00,2026-02-21 09:54:00,4,1,8,2026-02-14 04:00:00
U00225,2026-05-29,2026-06-12,1-10,business,False,,1,2026-06-02 21:16:00,2026-06-02 21:16:00,1,1,1,2026-06-08 21:00:00
U00226,2026-05-28,2026-06-11,not_provided,starter,False,,11,2026-05-28 00:09:00,2026-06-10 20:58:00,8,7,60,2026-05-28 16:00:00
U00227,2026-04-12,2026-04-26,not_provided,pro,False,,9,2026-04-12 19:45:00,2026-04-24 08:42:00,9,5,81,2026-04-12 02:00:00
U00228,2026-01-20,2026-02-03,not_provided,business,True,2026-01-28,3,2026-01-21 02:31:00,2026-01-21 14:59:00,1,1,2,2026-02-03 16:00:00
U00229,2026-01-27,2026-02-10,not_provided,business,False,,4,2026-02-02 10:40:00,2026-02-10 06:25:00,4,4,25,2026-01-28 01:00:00
U00230,2026-06-03,2026-06-17,1-10,pro,False,,9,2026-06-04 10:22:00,2026-06-16 11:07:00,7,5,40,2026-06-03 08:00:00
U00231,2026-01-11,2026-01-25,51-200,pro,False,,7,2026-01-13 06:43:00,2026-01-25 14:27:00,6,2,21,2026-01-12 16:00:00
U00232,2026-04-20,2026-05-04,not_provided,business,False,,3,2026-04-22 01:32:00,2026-05-04 20:52:00,3,4,22,2026-04-23 06:00:00
U00233,2026-01-18,2026-02-01,not_provided,business,False,,1,2026-01-22 19:52:00,2026-01-22 19:52:00,1,4,36,2026-01-18 03:00:00
U00234,2026-03-29,2026-04-12,1-10,starter,True,2026-04-10,6,2026-04-01 21:23:00,2026-04-10 10:07:00,5,6,66,2026-03-29 04:00:00
U00235,2026-01-28,2026-02-11,200+,business,True,2026-02-09,4,2026-02-05 02:24:00,2026-02-08 19:56:00,3,3,29,2026-01-29 12:00:00
U00236,2026-02-09,2026-02-23,200+,pro,False,,3,2026-02-14 10:12:00,2026-02-21 15:31:00,3,1,2,2026-02-18 21:00:00
U00237,2026-05-14,2026-05-28,not_provided,business,True,2026-05-28,6,2026-05-14 17:58:00,2026-05-28 14:18:00,5,6,30,2026-05-14 01:00:00
U00238,2026-05-18,2026-06-01,200+,starter,True,2026-05-29,9,2026-05-19 10:55:00,2026-05-31 17:00:00,7,7,60,2026-05-19 09:00:00
U00239,2026-06-01,2026-06-15,51-200,business,False,,3,2026-06-02 04:20:00,2026-06-05 22:10:00,2,3,11,2026-06-03 04:00:00
U00240,2026-03-04,2026-03-18,1-10,business,False,,10,2026-03-07 00:42:00,2026-03-17 12:12:00,9,6,108,2026-03-04 05:00:00
U00241,2026-04-26,2026-05-10,11-50,starter,True,2026-05-10,4,2026-05-08 09:45:00,2026-05-10 11:24:00,3,4,20,2026-04-26 15:00:00
U00242,2026-06-06,2026-06-20,not_provided,starter,True,2026-06-16,10,2026-06-08 14:56:00,2026-06-16 12:46:00,8,7,78,2026-06-06 05:00:00
U00243,2026-01-08,2026-01-22,200+,business,False,,4,2026-01-09 07:07:00,2026-01-17 08:15:00,3,4,23,2026-01-10 06:00:00
U00244,2026-02-16,2026-03-02,200+,pro,False,,3,2026-02-20 07:56:00,2026-02-23 06:10:00,3,2,5,2026-02-24 15:00:00
U00245,2026-04-01,2026-04-15,51-200,business,False,,5,2026-04-03 10:43:00,2026-04-12 09:54:00,3,4,21,2026-04-02 16:00:00
U00246,2026-03-13,2026-03-27,not_provided,business,True,2026-03-22,8,2026-03-13 05:16:00,2026-03-25 03:06:00,6,6,66,2026-03-13 08:00:00
U00247,2026-05-23,2026-06-06,1-10,pro,True,2026-05-31,7,2026-05-23 11:19:00,2026-06-06 16:49:00,7,3,29,2026-05-23 04:00:00
U00248,2026-01-22,2026-02-05,11-50,business,False,,5,2026-01-27 06:47:00,2026-02-05 20:43:00,2,4,23,2026-01-22 19:00:00
U00249,2026-04-15,2026-04-29,200+,pro,True,2026-04-23,11,2026-04-15 08:08:00,2026-04-28 19:07:00,7,6,38,2026-04-16 16:00:00
U00250,2026-05-02,2026-05-16,not_provided,business,True,2026-05-14,7,2026-05-03 22:17:00,2026-05-14 21:40:00,6,4,52,2026-05-02 05:00:00
U00251,2026-04-25,2026-05-09,1-10,starter,False,,5,2026-04-26 04:33:00,2026-05-05 06:16:00,4,2,5,2026-04-30 00:00:00
U00252,2026-03-17,2026-03-31,11-50,starter,False,,9,2026-03-17 12:08:00,2026-03-29 13:05:00,8,3,9,2026-03-19 01:00:00
U00253,2026-03-04,2026-03-18,51-200,business,True,2026-03-18,3,2026-03-05 23:37:00,2026-03-13 15:44:00,3,4,44,2026-03-04 12:00:00
U00254,2026-04-05,2026-04-19,200+,pro,False,,4,2026-04-07 07:57:00,2026-04-17 15:39:00,4,8,70,2026-04-05 07:00:00
U00255,2026-05-16,2026-05-30,51-200,starter,True,2026-05-29,8,2026-05-17 02:00:00,2026-05-29 21:39:00,6,7,86,2026-05-16 15:00:00
U00256,2026-03-26,2026-04-09,51-200,business,False,,5,2026-04-01 12:44:00,2026-04-08 23:42:00,5,6,63,2026-03-27 01:00:00
U00257,2026-04-27,2026-05-11,51-200,business,False,,6,2026-04-27 09:29:00,2026-05-04 13:52:00,4,7,72,2026-04-27 15:00:00
U00258,2026-03-06,2026-03-20,11-50,starter,False,,8,2026-03-06 00:54:00,2026-03-20 20:30:00,6,10,115,2026-03-06 03:00:00
U00259,2026-02-19,2026-03-05,51-200,starter,False,,4,2026-02-22 03:42:00,2026-03-05 21:30:00,3,4,56,2026-02-19 11:00:00
U00260,2026-05-18,2026-06-01,not_provided,pro,True,2026-05-26,4,2026-05-19 01:54:00,2026-06-01 05:20:00,3,5,34,2026-05-18 11:00:00
U00261,2026-02-25,2026-03-11,not_provided,starter,False,,4,2026-02-28 06:47:00,2026-03-10 16:51:00,3,7,57,2026-02-26 05:00:00
U00262,2026-03-12,2026-03-26,not_provided,pro,True,2026-03-25,6,2026-03-13 18:01:00,2026-03-20 11:22:00,4,5,59,2026-03-12 10:00:00
U00263,2026-06-02,2026-06-16,51-200,starter,False,,1,2026-06-14 02:28:00,2026-06-14 02:28:00,1,3,19,2026-06-02 08:00:00
U00264,2026-02-19,2026-03-05,51-200,pro,False,,6,2026-02-19 07:52:00,2026-03-04 02:36:00,6,3,28,2026-02-20 03:00:00
U00265,2026-04-03,2026-04-17,11-50,business,False,,8,2026-04-03 10:26:00,2026-04-17 21:58:00,7,6,50,2026-04-04 03:00:00
U00266,2026-01-04,2026-01-18,not_provided,pro,True,2026-01-11,8,2026-01-04 01:01:00,2026-01-18 17:30:00,5,5,67,2026-01-05 18:00:00
U00267,2026-03-12,2026-03-26,1-10,starter,False,,2,2026-03-20 04:07:00,2026-03-26 19:57:00,2,2,14,2026-03-17 13:00:00
U00268,2026-05-22,2026-06-05,51-200,business,True,2026-05-29,7,2026-05-25 02:37:00,2026-06-04 01:04:00,6,5,92,2026-05-22 13:00:00
U00269,2026-06-13,2026-06-27,200+,starter,True,2026-06-18,15,2026-06-13 07:44:00,2026-06-27 07:28:00,10,5,76,2026-06-13 00:00:00
U00270,2026-05-27,2026-06-10,51-200,starter,False,,2,2026-05-29 21:27:00,2026-06-03 01:14:00,2,5,18,2026-05-28 13:00:00
U00271,2026-05-03,2026-05-17,200+,business,True,2026-05-10,4,2026-05-13 09:02:00,2026-05-17 08:51:00,3,6,67,2026-05-03 18:00:00
U00272,2026-01-14,2026-01-28,51-200,starter,False,,15,2026-01-14 11:30:00,2026-01-28 19:35:00,9,7,85,2026-01-14 03:00:00
U00273,2026-01-30,2026-02-13,1-10,starter,True,2026-02-11,7,2026-01-30 22:16:00,2026-02-09 11:34:00,6,5,77,2026-01-30 16:00:00
U00274,2026-01-19,2026-02-02,not_provided,business,False,,7,2026-01-22 06:20:00,2026-02-02 09:09:00,7,4,39,2026-01-19 05:00:00
U00275,2026-01-14,2026-01-28,11-50,pro,True,2026-01-28,4,2026-01-15 19:13:00,2026-01-24 23:09:00,4,3,25,2026-01-14 15:00:00
U00276,2026-03-19,2026-04-02,1-10,pro,False,,3,2026-03-20 07:36:00,2026-03-28 15:42:00,3,3,22,2026-03-20 06:00:00
U00277,2026-01-31,2026-02-14,not_provided,starter,False,,9,2026-02-03 14:20:00,2026-02-14 17:15:00,6,3,26,2026-02-02 21:00:00
U00278,2026-06-05,2026-06-19,not_provided,pro,False,,8,2026-06-06 04:32:00,2026-06-19 05:56:00,7,5,45,2026-06-06 10:00:00
U00279,2026-02-27,2026-03-13,not_provided,starter,True,2026-03-11,2,2026-03-10 17:15:00,2026-03-13 13:22:00,2,3,8,2026-03-03 09:00:00
U00280,2026-04-24,2026-05-08,51-200,pro,True,2026-05-05,1,2026-04-25 10:57:00,2026-04-25 10:57:00,1,3,26,2026-04-24 12:00:00
U00281,2026-03-20,2026-04-03,not_provided,pro,True,2026-03-25,10,2026-03-21 23:58:00,2026-04-03 13:40:00,10,8,117,2026-03-20 06:00:00
U00282,2026-06-06,2026-06-20,not_provided,starter,False,,16,2026-06-06 15:53:00,2026-06-20 07:42:00,10,7,74,2026-06-06 04:00:00
U00283,2026-02-23,2026-03-09,not_provided,pro,True,2026-03-04,4,2026-02-24 22:50:00,2026-03-06 22:20:00,3,5,26,2026-02-25 19:00:00
U00284,2026-01-21,2026-02-04,11-50,pro,False,,6,2026-01-24 17:42:00,2026-02-01 15:18:00,5,4,32,2026-01-21 03:00:00
U00285,2026-02-14,2026-02-28,not_provided,starter,True,2026-02-21,3,2026-02-14 13:04:00,2026-02-25 05:02:00,3,6,100,2026-02-14 17:00:00
U00286,2026-01-01,2026-01-15,200+,starter,False,,1,2026-01-11 11:30:00,2026-01-11 11:30:00,1,4,36,2026-01-03 06:00:00
U00287,2026-06-02,2026-06-16,200+,business,False,,7,2026-06-03 05:29:00,2026-06-16 09:53:00,6,5,60,2026-06-02 13:00:00
U00288,2026-01-09,2026-01-23,11-50,business,False,,8,2026-01-09 17:49:00,2026-01-21 15:53:00,7,7,69,2026-01-09 12:00:00
U00289,2026-03-14,2026-03-28,not_provided,starter,True,2026-03-20,5,2026-03-22 06:49:00,2026-03-26 22:21:00,5,4,32,2026-03-14 06:00:00
U00290,2026-03-01,2026-03-15,51-200,business,False,,2,2026-03-09 06:10:00,2026-03-14 22:14:00,2,6,42,2026-03-01 01:00:00
U00291,2026-05-31,2026-06-14,not_provided,pro,False,,10,2026-05-31 00:47:00,2026-06-14 11:21:00,7,3,21,2026-06-01 22:00:00
U00292,2026-04-19,2026-05-03,1-10,pro,True,2026-04-27,5,2026-04-20 23:37:00,2026-04-29 18:30:00,5,6,68,2026-04-19 11:00:00
U00293,2026-06-15,2026-06-29,11-50,business,False,,11,2026-06-15 15:16:00,2026-06-25 09:21:00,8,6,48,2026-06-15 19:00:00
U00294,2026-02-06,2026-02-20,1-10,starter,False,,4,2026-02-11 22:36:00,2026-02-19 00:17:00,4,6,36,2026-02-07 11:00:00
U00295,2026-02-12,2026-02-26,51-200,pro,False,,9,2026-02-14 20:51:00,2026-02-26 03:27:00,7,6,36,2026-02-12 02:00:00
U00296,2026-05-26,2026-06-09,51-200,starter,True,2026-06-01,2,2026-05-30 23:59:00,2026-06-03 10:39:00,2,6,44,2026-05-28 02:00:00
U00297,2026-04-30,2026-05-14,not_provided,business,False,,5,2026-04-30 10:26:00,2026-05-12 19:45:00,4,3,23,2026-04-30 00:00:00
U00298,2026-04-14,2026-04-28,51-200,pro,False,,5,2026-04-17 22:06:00,2026-04-23 05:04:00,4,2,6,2026-04-14 21:00:00
U00299,2026-05-19,2026-06-02,200+,starter,False,,6,2026-05-20 18:09:00,2026-05-27 17:41:00,5,3,19,2026-05-20 13:00:00
U00300,2026-01-21,2026-02-04,not_provided,starter,True,2026-02-01,6,2026-01-23 05:30:00,2026-02-02 23:55:00,4,5,29,2026-01-22 03:00:00
U00301,2026-03-24,2026-04-07,not_provided,business,False,,1,2026-04-01 14:27:00,2026-04-01 14:27:00,1,1,5,2026-03-25 22:00:00
U00302,2026-01-07,2026-01-21,1-10,pro,True,2026-01-21,8,2026-01-09 20:53:00,2026-01-20 13:35:00,7,9,106,2026-01-07 03:00:00
U00303,2026-05-31,2026-06-14,1-10,business,True,2026-06-09,5,2026-05-31 18:19:00,2026-06-13 14:49:00,5,4,30,2026-06-02 06:00:00
U00304,2026-05-28,2026-06-11,1-10,pro,True,2026-06-09,11,2026-05-28 11:01:00,2026-06-11 11:58:00,10,6,95,2026-05-28 09:00:00
U00305,2026-05-13,2026-05-27,not_provided,starter,True,2026-05-22,8,2026-05-13 08:38:00,2026-05-27 18:46:00,8,5,46,2026-05-13 05:00:00
U00306,2026-02-16,2026-03-02,not_provided,starter,False,,5,2026-02-18 23:05:00,2026-02-25 20:01:00,4,7,77,2026-02-16 13:00:00
U00307,2026-06-12,2026-06-26,200+,starter,True,2026-06-24,10,2026-06-13 15:22:00,2026-06-25 06:17:00,9,8,144,2026-06-12 00:00:00
U00308,2026-03-31,2026-04-14,200+,business,False,,7,2026-03-31 18:24:00,2026-04-11 13:22:00,6,2,19,2026-04-01 13:00:00
U00309,2026-03-24,2026-04-07,not_provided,starter,True,2026-03-31,9,2026-03-28 23:23:00,2026-04-07 11:19:00,8,6,73,2026-03-25 03:00:00
U00310,2026-03-26,2026-04-09,200+,business,True,2026-04-07,7,2026-04-01 13:49:00,2026-04-09 09:56:00,5,5,62,2026-03-26 15:00:00
U00311,2026-03-15,2026-03-29,not_provided,starter,True,2026-03-28,8,2026-03-15 15:10:00,2026-03-29 15:42:00,6,4,35,2026-03-16 09:00:00
U00312,2026-01-10,2026-01-24,200+,starter,True,2026-01-20,7,2026-01-12 10:48:00,2026-01-22 10:57:00,7,7,93,2026-01-10 05:00:00
U00313,2026-03-06,2026-03-20,51-200,starter,False,,6,2026-03-06 06:19:00,2026-03-16 07:08:00,5,4,32,2026-03-06 23:00:00
U00314,2026-04-14,2026-04-28,not_provided,starter,False,,7,2026-04-16 10:08:00,2026-04-25 20:07:00,5,7,71,2026-04-14 12:00:00
U00315,2026-05-19,2026-06-02,200+,starter,False,,7,2026-05-20 15:29:00,2026-06-01 17:23:00,6,3,24,2026-05-21 11:00:00
U00316,2026-01-14,2026-01-28,11-50,pro,True,2026-01-24,9,2026-01-16 23:09:00,2026-01-28 19:43:00,7,5,46,2026-01-14 20:00:00
U00317,2026-06-09,2026-06-23,200+,business,True,2026-06-21,8,2026-06-09 02:20:00,2026-06-23 23:52:00,6,6,51,2026-06-09 00:00:00
U00318,2026-01-14,2026-01-28,11-50,business,True,2026-01-27,4,2026-01-17 13:17:00,2026-01-25 01:23:00,4,7,94,2026-01-14 03:00:00
U00319,2026-02-03,2026-02-17,51-200,starter,True,2026-02-15,4,2026-02-03 13:13:00,2026-02-17 05:43:00,4,8,124,2026-02-03 02:00:00
U00320,2026-02-01,2026-02-15,1-10,business,True,2026-02-15,10,2026-02-02 19:18:00,2026-02-11 15:35:00,8,6,72,2026-02-01 17:00:00
U00321,2026-03-03,2026-03-17,not_provided,pro,False,,2,2026-03-03 04:39:00,2026-03-07 10:28:00,2,5,31,2026-03-04 03:00:00
U00322,2026-03-21,2026-04-04,not_provided,starter,False,,7,2026-03-23 05:49:00,2026-04-02 00:48:00,6,2,3,2026-03-23 17:00:00
U00323,2026-05-22,2026-06-05,200+,starter,False,,8,2026-05-26 14:10:00,2026-06-04 12:31:00,6,2,12,2026-05-22 11:00:00
U00324,2026-02-27,2026-03-13,1-10,starter,True,2026-03-05,10,2026-03-01 15:59:00,2026-03-09 02:23:00,8,6,60,2026-02-27 09:00:00
U00325,2026-06-15,2026-06-29,11-50,starter,False,,12,2026-06-15 23:02:00,2026-06-28 16:30:00,10,5,57,2026-06-15 01:00:00
U00326,2026-03-16,2026-03-30,not_provided,business,False,,2,2026-03-18 07:50:00,2026-03-27 05:23:00,2,2,25,2026-03-16 02:00:00
U00327,2026-03-11,2026-03-25,200+,starter,False,,11,2026-03-13 19:18:00,2026-03-23 08:21:00,8,6,61,2026-03-11 08:00:00
U00328,2026-05-01,2026-05-15,11-50,starter,False,,5,2026-05-05 11:46:00,2026-05-11 04:37:00,4,4,56,2026-05-01 01:00:00
U00329,2026-05-22,2026-06-05,11-50,starter,False,,5,2026-05-24 15:57:00,2026-06-01 05:55:00,4,3,39,2026-05-24 10:00:00
U00330,2026-02-18,2026-03-04,not_provided,pro,True,2026-02-25,7,2026-02-21 08:51:00,2026-03-02 01:28:00,7,3,36,2026-02-19 02:00:00
U00331,2026-01-18,2026-02-01,51-200,starter,False,,8,2026-01-21 07:15:00,2026-02-01 04:33:00,6,8,77,2026-01-18 05:00:00
U00332,2026-03-29,2026-04-12,not_provided,business,False,,3,2026-03-30 14:05:00,2026-04-02 18:00:00,2,4,14,2026-04-01 20:00:00
U00333,2026-01-01,2026-01-15,51-200,business,True,2026-01-10,6,2026-01-01 08:48:00,2026-01-14 17:15:00,5,6,64,2026-01-01 05:00:00
U00334,2026-05-31,2026-06-14,not_provided,business,True,2026-06-12,10,2026-06-01 05:31:00,2026-06-14 16:30:00,7,3,37,2026-05-31 07:00:00
U00335,2026-02-08,2026-02-22,200+,pro,False,,3,2026-02-11 08:30:00,2026-02-18 19:50:00,3,5,30,2026-02-08 04:00:00
U00336,2026-05-04,2026-05-18,51-200,business,True,2026-05-17,8,2026-05-04 12:03:00,2026-05-17 23:20:00,7,4,24,2026-05-05 16:00:00
U00337,2026-05-20,2026-06-03,200+,starter,False,,5,2026-05-20 21:24:00,2026-06-02 08:06:00,5,2,6,2026-05-30 11:00:00
U00338,2026-03-24,2026-04-07,11-50,business,True,2026-04-01,6,2026-03-24 03:03:00,2026-04-06 04:37:00,6,3,44,2026-03-26 14:00:00
U00339,2026-05-27,2026-06-10,200+,pro,True,2026-06-07,9,2026-05-29 02:55:00,2026-06-09 11:57:00,8,7,101,2026-05-28 00:00:00
U00340,2026-01-12,2026-01-26,51-200,business,True,2026-01-24,8,2026-01-12 16:55:00,2026-01-26 16:23:00,7,8,112,2026-01-12 00:00:00
U00341,2026-04-08,2026-04-22,200+,business,False,,4,2026-04-08 19:53:00,2026-04-22 00:25:00,4,2,8,2026-04-10 21:00:00
U00342,2026-06-16,2026-06-30,11-50,starter,False,,6,2026-06-16 07:20:00,2026-06-28 18:59:00,6,4,23,2026-06-16 08:00:00
U00343,2026-01-10,2026-01-24,11-50,pro,True,2026-01-24,7,2026-01-10 14:55:00,2026-01-22 04:34:00,6,5,42,2026-01-10 10:00:00
U00344,2026-03-26,2026-04-09,1-10,starter,True,2026-04-01,4,2026-03-27 05:32:00,2026-04-06 10:26:00,4,3,30,2026-03-26 02:00:00
U00345,2026-05-15,2026-05-29,200+,starter,True,2026-05-22,6,2026-05-16 16:23:00,2026-05-25 20:51:00,5,2,18,2026-05-17 20:00:00
U00346,2026-04-15,2026-04-29,not_provided,pro,False,,4,2026-04-15 04:54:00,2026-04-24 00:08:00,3,8,71,2026-04-15 12:00:00
U00347,2026-01-20,2026-02-03,200+,business,True,2026-01-30,3,2026-01-20 19:51:00,2026-01-26 05:11:00,3,7,97,2026-01-20 08:00:00
U00348,2026-06-09,2026-06-23,not_provided,starter,True,2026-06-15,6,2026-06-13 12:40:00,2026-06-21 05:01:00,5,6,50,2026-06-11 03:00:00
U00349,2026-03-26,2026-04-09,not_provided,pro,False,,4,2026-03-27 13:04:00,2026-04-03 12:48:00,4,5,30,2026-03-28 22:00:00
U00350,2026-04-08,2026-04-22,51-200,business,False,,1,2026-04-10 19:51:00,2026-04-10 19:51:00,1,3,21,2026-04-09 13:00:00
U00351,2026-05-05,2026-05-19,not_provided,starter,True,2026-05-19,7,2026-05-07 07:32:00,2026-05-16 12:18:00,6,3,39,2026-05-06 11:00:00
U00352,2026-01-18,2026-02-01,11-50,business,False,,4,2026-01-23 22:29:00,2026-01-30 04:20:00,4,1,4,2026-01-23 06:00:00
U00353,2026-03-15,2026-03-29,11-50,business,True,2026-03-21,8,2026-03-15 18:30:00,2026-03-29 05:16:00,8,3,28,2026-03-19 12:00:00
U00354,2026-04-22,2026-05-06,1-10,business,False,,10,2026-04-23 11:27:00,2026-05-05 03:07:00,7,6,59,2026-04-22 15:00:00
U00355,2026-01-26,2026-02-09,200+,pro,True,2026-02-04,5,2026-01-27 21:10:00,2026-02-08 22:09:00,4,3,8,2026-01-27 14:00:00
U00356,2026-01-08,2026-01-22,1-10,business,False,,3,2026-01-12 12:57:00,2026-01-22 15:29:00,3,3,10,2026-01-08 07:00:00
U00357,2026-01-15,2026-01-29,51-200,business,True,2026-01-25,7,2026-01-15 13:08:00,2026-01-29 23:39:00,7,4,26,2026-01-16 02:00:00
U00358,2026-04-21,2026-05-05,11-50,pro,True,2026-05-04,1,2026-04-22 23:47:00,2026-04-22 23:47:00,1,2,19,2026-04-21 09:00:00
U00359,2026-04-16,2026-04-30,not_provided,business,False,,6,2026-04-17 23:21:00,2026-04-28 10:00:00,4,1,1,2026-04-24 11:00:00
U00360,2026-02-16,2026-03-02,11-50,pro,True,2026-02-22,8,2026-02-17 23:38:00,2026-03-01 23:46:00,6,3,19,2026-02-20 16:00:00
U00361,2026-06-06,2026-06-20,200+,pro,True,2026-06-14,4,2026-06-09 18:31:00,2026-06-16 08:06:00,4,4,46,2026-06-07 18:00:00
U00362,2026-05-08,2026-05-22,not_provided,pro,False,,8,2026-05-08 19:06:00,2026-05-21 12:45:00,5,7,43,2026-05-08 23:00:00
U00363,2026-03-01,2026-03-15,200+,business,False,,8,2026-03-01 20:21:00,2026-03-15 13:51:00,6,3,39,2026-03-05 08:00:00
U00364,2026-03-07,2026-03-21,200+,business,False,,2,2026-03-12 09:06:00,2026-03-12 19:34:00,1,1,6,2026-03-07 13:00:00
U00365,2026-01-03,2026-01-17,200+,business,True,2026-01-16,7,2026-01-05 10:01:00,2026-01-15 17:34:00,5,6,59,2026-01-05 01:00:00
U00366,2026-02-10,2026-02-24,1-10,starter,False,,6,2026-02-11 22:38:00,2026-02-23 08:09:00,4,3,19,2026-02-10 23:00:00
U00367,2026-03-30,2026-04-13,not_provided,business,False,,5,2026-03-30 09:15:00,2026-04-12 22:14:00,4,6,44,2026-03-30 18:00:00
U00368,2026-06-13,2026-06-27,200+,business,False,,5,2026-06-19 05:54:00,2026-06-26 14:26:00,4,3,11,2026-06-16 19:00:00
U00369,2026-03-06,2026-03-20,200+,business,True,2026-03-14,8,2026-03-07 05:01:00,2026-03-17 22:41:00,5,3,52,2026-03-06 08:00:00
U00370,2026-04-09,2026-04-23,200+,starter,False,,5,2026-04-10 23:17:00,2026-04-23 23:01:00,5,3,18,2026-04-09 10:00:00
U00371,2026-03-02,2026-03-16,200+,pro,False,,5,2026-03-04 17:43:00,2026-03-15 00:39:00,5,5,38,2026-03-02 16:00:00
U00372,2026-04-02,2026-04-16,not_provided,business,False,,10,2026-04-04 10:11:00,2026-04-15 05:01:00,9,6,57,2026-04-03 03:00:00
U00373,2026-03-17,2026-03-31,1-10,business,False,,9,2026-03-17 19:03:00,2026-03-30 21:58:00,8,8,101,2026-03-18 05:00:00
U00374,2026-04-12,2026-04-26,51-200,starter,True,2026-04-26,3,2026-04-12 19:02:00,2026-04-24 09:59:00,3,2,12,2026-04-16 07:00:00
U00375,2026-01-13,2026-01-27,not_provided,business,True,2026-01-25,4,2026-01-18 21:11:00,2026-01-27 03:31:00,4,6,51,2026-01-13 18:00:00
U00376,2026-03-15,2026-03-29,11-50,pro,False,,8,2026-03-15 11:03:00,2026-03-29 16:36:00,6,3,21,2026-03-19 01:00:00
U00377,2026-04-01,2026-04-15,11-50,business,True,2026-04-09,4,2026-04-02 10:35:00,2026-04-13 21:44:00,4,3,12,2026-04-01 01:00:00
U00378,2026-06-08,2026-06-22,51-200,business,False,,4,2026-06-08 09:24:00,2026-06-18 10:47:00,4,5,47,2026-06-08 06:00:00
U00379,2026-02-05,2026-02-19,not_provided,starter,False,,5,2026-02-13 11:43:00,2026-02-19 07:45:00,3,5,43,2026-02-05 04:00:00
U00380,2026-06-10,2026-06-24,not_provided,starter,False,,7,2026-06-10 12:13:00,2026-06-24 13:43:00,5,8,98,2026-06-10 04:00:00
U00381,2026-03-21,2026-04-04,200+,starter,False,,1,2026-04-01 00:26:00,2026-04-01 00:26:00,1,1,2,2026-03-29 18:00:00
U00382,2026-05-29,2026-06-12,51-200,business,True,2026-06-05,6,2026-05-29 22:49:00,2026-06-08 22:14:00,5,5,54,2026-05-29 07:00:00
U00383,2026-01-24,2026-02-07,51-200,business,False,,8,2026-01-25 03:14:00,2026-02-04 08:43:00,5,5,41,2026-01-24 18:00:00
U00384,2026-04-17,2026-05-01,11-50,pro,False,,1,2026-04-28 04:28:00,2026-04-28 04:28:00,1,3,20,2026-04-22 15:00:00
U00385,2026-02-03,2026-02-17,not_provided,business,False,,4,2026-02-05 10:55:00,2026-02-14 10:02:00,4,1,1,2026-02-14 19:00:00
U00386,2026-05-16,2026-05-30,not_provided,business,False,,5,2026-05-17 07:38:00,2026-05-26 23:28:00,5,6,49,2026-05-16 05:00:00
U00387,2026-02-12,2026-02-26,51-200,starter,True,2026-02-21,4,2026-02-12 03:43:00,2026-02-26 03:43:00,4,5,36,2026-02-12 01:00:00
U00388,2026-03-28,2026-04-11,1-10,starter,False,,13,2026-03-28 20:52:00,2026-04-11 23:15:00,10,8,102,2026-03-28 18:00:00
U00389,2026-01-20,2026-02-03,11-50,pro,False,,7,2026-01-22 23:33:00,2026-02-03 14:35:00,6,6,32,2026-01-20 09:00:00
U00390,2026-04-12,2026-04-26,not_provided,business,False,,3,2026-04-14 15:06:00,2026-04-17 20:19:00,3,1,6,2026-04-19 20:00:00
U00391,2026-01-24,2026-02-07,200+,starter,False,,11,2026-01-24 00:58:00,2026-02-07 16:27:00,8,5,54,2026-01-24 16:00:00
U00392,2026-03-09,2026-03-23,not_provided,starter,False,,7,2026-03-13 03:51:00,2026-03-23 04:10:00,6,4,36,2026-03-09 01:00:00
U00393,2026-04-27,2026-05-11,51-200,business,True,2026-05-06,13,2026-04-28 11:04:00,2026-05-10 08:12:00,8,4,54,2026-04-27 08:00:00
U00394,2026-05-30,2026-06-13,200+,business,True,2026-06-09,4,2026-05-30 20:15:00,2026-06-07 00:31:00,3,3,45,2026-05-30 04:00:00
U00395,2026-01-28,2026-02-11,not_provided,pro,False,,3,2026-01-30 19:00:00,2026-02-07 02:21:00,3,3,22,2026-01-28 13:00:00
U00396,2026-05-01,2026-05-15,1-10,pro,False,,4,2026-05-07 01:44:00,2026-05-12 12:21:00,2,5,33,2026-05-04 22:00:00
U00397,2026-05-24,2026-06-07,51-200,pro,True,2026-06-01,4,2026-05-24 04:51:00,2026-06-05 21:58:00,4,3,9,2026-05-24 17:00:00
U00398,2026-06-15,2026-06-29,1-10,business,False,,5,2026-06-17 18:40:00,2026-06-28 02:00:00,4,6,49,2026-06-15 03:00:00
U00399,2026-04-29,2026-05-13,not_provided,business,False,,9,2026-04-30 22:05:00,2026-05-11 21:14:00,7,2,8,2026-04-30 07:00:00
U00400,2026-06-16,2026-06-30,200+,starter,False,,6,2026-06-18 12:40:00,2026-06-27 07:33:00,4,9,88,2026-06-16 06:00:00
U00401,2026-02-05,2026-02-19,1-10,starter,True,2026-02-14,14,2026-02-05 23:43:00,2026-02-19 12:29:00,7,8,142,2026-02-05 00:00:00
U00402,2026-05-07,2026-05-21,1-10,starter,False,,10,2026-05-07 12:30:00,2026-05-17 01:22:00,6,4,25,2026-05-07 02:00:00
U00403,2026-03-02,2026-03-16,not_provided,pro,False,,1,2026-03-04 07:33:00,2026-03-04 07:33:00,1,1,5,2026-03-06 20:00:00
U00404,2026-04-10,2026-04-24,200+,business,False,,6,2026-04-15 18:30:00,2026-04-19 03:38:00,4,3,29,2026-04-12 13:00:00
U00405,2026-05-19,2026-06-02,200+,pro,True,2026-05-26,1,2026-05-24 22:14:00,2026-05-24 22:14:00,1,2,23,2026-05-21 04:00:00
U00406,2026-04-17,2026-05-01,not_provided,starter,True,2026-04-29,5,2026-04-22 20:36:00,2026-05-01 00:20:00,5,6,66,2026-04-18 05:00:00
U00407,2026-06-07,2026-06-21,200+,business,False,,5,2026-06-08 14:24:00,2026-06-20 01:30:00,5,2,13,2026-06-08 04:00:00
U00408,2026-01-09,2026-01-23,not_provided,business,True,2026-01-17,4,2026-01-16 10:38:00,2026-01-22 20:12:00,4,4,46,2026-01-10 06:00:00
U00409,2026-04-24,2026-05-08,200+,pro,False,,11,2026-04-24 00:41:00,2026-05-08 08:29:00,9,4,31,2026-04-24 15:00:00
U00410,2026-04-03,2026-04-17,1-10,business,True,2026-04-13,3,2026-04-03 10:35:00,2026-04-11 00:40:00,3,3,12,2026-04-03 04:00:00
U00411,2026-05-20,2026-06-03,not_provided,business,False,,6,2026-05-21 11:22:00,2026-06-03 16:03:00,6,7,57,2026-05-20 22:00:00
U00412,2026-01-16,2026-01-30,200+,business,False,,1,2026-01-22 10:48:00,2026-01-22 10:48:00,1,5,42,2026-01-16 09:00:00
U00413,2026-02-18,2026-03-04,1-10,starter,False,,4,2026-02-24 17:03:00,2026-03-03 06:28:00,4,2,7,2026-02-19 01:00:00
U00414,2026-01-24,2026-02-07,not_provided,pro,True,2026-02-07,6,2026-01-24 07:48:00,2026-02-06 04:32:00,5,4,45,2026-01-24 18:00:00
U00415,2026-01-06,2026-01-20,1-10,business,True,2026-01-14,5,2026-01-09 07:37:00,2026-01-14 05:25:00,3,7,91,2026-01-06 04:00:00
U00416,2026-02-02,2026-02-16,not_provided,pro,False,,2,2026-02-04 06:48:00,2026-02-06 17:23:00,2,2,10,2026-02-05 19:00:00
U00417,2026-01-18,2026-02-01,not_provided,pro,False,,8,2026-01-19 20:18:00,2026-01-31 22:43:00,6,5,24,2026-01-20 08:00:00
U00418,2026-05-31,2026-06-14,11-50,pro,False,,11,2026-06-04 00:13:00,2026-06-14 15:30:00,7,4,33,2026-05-31 01:00:00
U00419,2026-03-26,2026-04-09,11-50,pro,True,2026-03-31,7,2026-03-27 23:15:00,2026-04-09 15:11:00,6,8,110,2026-03-26 00:00:00
U00420,2026-03-12,2026-03-26,11-50,pro,True,2026-03-25,4,2026-03-12 15:27:00,2026-03-18 05:00:00,3,1,6,2026-03-15 20:00:00
U00421,2026-03-06,2026-03-20,11-50,starter,False,,3,2026-03-06 21:17:00,2026-03-17 15:12:00,3,2,11,2026-03-08 00:00:00
U00422,2026-01-07,2026-01-21,11-50,starter,False,,1,2026-01-10 22:28:00,2026-01-10 22:28:00,1,2,11,2026-01-07 07:00:00
U00423,2026-04-02,2026-04-16,11-50,pro,False,,7,2026-04-03 19:23:00,2026-04-13 23:03:00,4,4,42,2026-04-04 04:00:00
U00424,2026-03-24,2026-04-07,1-10,pro,True,2026-04-02,12,2026-03-25 19:16:00,2026-04-07 11:41:00,7,5,103,2026-03-24 07:00:00
U00425,2026-01-14,2026-01-28,11-50,business,True,2026-01-25,4,2026-01-15 10:46:00,2026-01-28 17:42:00,4,4,25,2026-01-15 21:00:00
U00426,2026-05-15,2026-05-29,1-10,business,False,,6,2026-05-17 22:57:00,2026-05-26 03:14:00,4,8,95,2026-05-15 01:00:00
U00427,2026-01-17,2026-01-31,200+,starter,True,2026-01-27,7,2026-01-17 00:01:00,2026-01-25 20:06:00,6,3,24,2026-01-18 04:00:00
U00428,2026-05-12,2026-05-26,not_provided,starter,False,,6,2026-05-17 00:16:00,2026-05-25 12:48:00,5,5,70,2026-05-12 00:00:00
U00429,2026-04-26,2026-05-10,not_provided,pro,True,2026-05-10,10,2026-04-27 07:46:00,2026-05-07 18:24:00,7,8,109,2026-04-26 00:00:00
U00430,2026-01-12,2026-01-26,not_provided,business,True,2026-01-25,5,2026-01-12 09:38:00,2026-01-24 12:02:00,5,7,96,2026-01-13 01:00:00
U00431,2026-03-19,2026-04-02,200+,business,False,,6,2026-03-19 22:33:00,2026-03-29 17:06:00,5,5,54,2026-03-19 01:00:00
U00432,2026-01-08,2026-01-22,1-10,starter,False,,7,2026-01-08 08:27:00,2026-01-18 06:28:00,6,4,48,2026-01-08 22:00:00
U00433,2026-04-13,2026-04-27,200+,business,True,2026-04-19,7,2026-04-13 16:50:00,2026-04-25 06:12:00,7,6,63,2026-04-13 15:00:00
U00434,2026-05-06,2026-05-20,not_provided,starter,False,,3,2026-05-08 21:08:00,2026-05-19 02:30:00,3,5,35,2026-05-09 12:00:00
U00435,2026-01-19,2026-02-02,1-10,business,True,2026-02-02,9,2026-01-22 21:46:00,2026-02-01 20:23:00,7,3,18,2026-01-20 13:00:00
U00436,2026-02-07,2026-02-21,1-10,pro,False,,4,2026-02-11 17:38:00,2026-02-19 20:02:00,3,5,53,2026-02-07 19:00:00
U00437,2026-03-12,2026-03-26,not_provided,business,False,,10,2026-03-16 06:52:00,2026-03-26 07:36:00,7,4,39,2026-03-13 00:00:00
U00438,2026-05-30,2026-06-13,not_provided,business,False,,3,2026-06-10 17:35:00,2026-06-11 22:18:00,2,4,29,2026-05-30 02:00:00
U00439,2026-03-25,2026-04-08,200+,pro,False,,6,2026-03-26 23:46:00,2026-04-08 18:29:00,4,6,54,2026-03-25 06:00:00
U00440,2026-05-16,2026-05-30,51-200,starter,True,2026-05-29,8,2026-05-16 02:12:00,2026-05-30 15:29:00,6,4,47,2026-05-16 12:00:00
U00441,2026-06-04,2026-06-18,200+,starter,False,,1,2026-06-06 03:59:00,2026-06-06 03:59:00,1,7,69,2026-06-04 09:00:00
U00442,2026-01-30,2026-02-13,not_provided,business,False,,3,2026-01-30 03:21:00,2026-02-03 13:15:00,3,3,10,2026-02-02 19:00:00
U00443,2026-05-22,2026-06-05,not_provided,pro,True,2026-06-02,12,2026-05-23 18:47:00,2026-06-05 17:22:00,10,5,53,2026-05-23 04:00:00
U00444,2026-04-26,2026-05-10,11-50,starter,False,,7,2026-04-26 17:48:00,2026-05-10 21:31:00,7,4,21,2026-04-26 10:00:00
U00445,2026-03-28,2026-04-11,200+,starter,False,,5,2026-03-28 21:59:00,2026-04-11 07:24:00,5,3,11,2026-03-30 05:00:00
U00446,2026-04-17,2026-05-01,not_provided,starter,False,,10,2026-04-17 15:27:00,2026-05-01 13:05:00,10,3,64,2026-04-17 11:00:00
U00447,2026-03-22,2026-04-05,200+,business,False,,5,2026-03-24 16:04:00,2026-03-31 01:36:00,4,3,30,2026-03-22 01:00:00
U00448,2026-03-07,2026-03-21,51-200,pro,False,,9,2026-03-08 03:17:00,2026-03-20 04:15:00,8,4,41,2026-03-07 06:00:00
U00449,2026-05-02,2026-05-16,1-10,starter,True,2026-05-08,4,2026-05-03 12:08:00,2026-05-09 16:51:00,3,3,21,2026-05-02 05:00:00
U00450,2026-01-24,2026-02-07,200+,starter,False,,5,2026-01-27 02:38:00,2026-02-05 08:33:00,4,4,49,2026-01-24 07:00:00
U00451,2026-04-06,2026-04-20,11-50,pro,False,,4,2026-04-07 19:57:00,2026-04-13 06:48:00,3,3,23,2026-04-06 23:00:00
U00452,2026-01-16,2026-01-30,not_provided,pro,True,2026-01-29,6,2026-01-16 07:09:00,2026-01-29 18:50:00,5,6,53,2026-01-18 03:00:00
U00453,2026-03-26,2026-04-09,not_provided,starter,False,,7,2026-03-26 00:32:00,2026-04-09 12:56:00,5,4,39,2026-03-26 07:00:00
U00454,2026-04-16,2026-04-30,51-200,business,True,2026-04-27,3,2026-04-16 14:25:00,2026-04-21 19:20:00,2,6,29,2026-04-17 09:00:00
U00455,2026-01-14,2026-01-28,51-200,pro,True,2026-01-23,7,2026-01-16 06:05:00,2026-01-26 15:27:00,5,7,60,2026-01-14 01:00:00
U00456,2026-04-01,2026-04-15,1-10,pro,False,,6,2026-04-01 02:10:00,2026-04-10 06:26:00,6,5,41,2026-04-01 17:00:00
U00457,2026-05-10,2026-05-24,11-50,pro,False,,4,2026-05-14 18:35:00,2026-05-20 21:53:00,3,2,9,2026-05-11 00:00:00
U00458,2026-05-04,2026-05-18,11-50,starter,False,,4,2026-05-04 18:19:00,2026-05-17 00:27:00,4,3,18,2026-05-04 17:00:00
U00459,2026-03-31,2026-04-14,not_provided,business,True,2026-04-06,4,2026-04-01 04:35:00,2026-04-14 07:29:00,3,4,11,2026-04-03 12:00:00
U00460,2026-03-13,2026-03-27,not_provided,pro,False,,2,2026-03-17 02:15:00,2026-03-27 21:04:00,2,1,4,2026-03-27 04:00:00
U00461,2026-04-20,2026-05-04,not_provided,pro,True,2026-05-04,9,2026-04-22 13:30:00,2026-05-04 15:59:00,7,3,27,2026-04-20 14:00:00
U00462,2026-06-14,2026-06-28,not_provided,starter,True,2026-06-28,10,2026-06-14 00:30:00,2026-06-28 09:21:00,7,2,15,2026-06-14 00:00:00
U00463,2026-03-10,2026-03-24,1-10,pro,True,2026-03-19,3,2026-03-10 12:54:00,2026-03-17 19:14:00,3,3,23,2026-03-10 21:00:00
U00464,2026-03-21,2026-04-04,51-200,business,True,2026-03-26,10,2026-03-21 18:56:00,2026-04-04 20:42:00,9,5,108,2026-03-21 13:00:00
U00465,2026-02-16,2026-03-02,11-50,pro,True,2026-02-27,8,2026-02-16 05:16:00,2026-03-02 22:13:00,7,7,58,2026-02-16 13:00:00
U00466,2026-01-18,2026-02-01,11-50,business,False,,5,2026-01-18 00:40:00,2026-02-01 06:46:00,5,6,44,2026-01-18 07:00:00
U00467,2026-06-12,2026-06-26,1-10,starter,True,2026-06-25,7,2026-06-12 09:21:00,2026-06-23 18:35:00,7,5,63,2026-06-12 06:00:00
U00468,2026-02-25,2026-03-11,200+,starter,False,,7,2026-02-25 07:52:00,2026-03-11 10:53:00,5,1,6,2026-02-26 14:00:00
U00469,2026-04-27,2026-05-11,51-200,pro,False,,5,2026-04-27 16:55:00,2026-05-09 19:42:00,3,6,53,2026-04-28 00:00:00
U00470,2026-04-05,2026-04-19,51-200,business,False,,4,2026-04-05 21:27:00,2026-04-15 07:30:00,4,2,3,2026-04-05 21:00:00
U00471,2026-03-25,2026-04-08,not_provided,pro,False,,9,2026-03-26 04:55:00,2026-04-04 09:42:00,6,5,58,2026-03-25 03:00:00
U00472,2026-01-22,2026-02-05,1-10,pro,True,2026-01-29,5,2026-01-23 05:09:00,2026-02-03 02:22:00,4,1,4,2026-02-05 02:00:00
U00473,2026-06-08,2026-06-22,1-10,business,True,2026-06-14,5,2026-06-09 16:49:00,2026-06-22 20:22:00,5,2,4,2026-06-08 18:00:00
U00474,2026-03-11,2026-03-25,200+,business,False,,2,2026-03-19 14:24:00,2026-03-22 07:53:00,2,4,24,2026-03-12 13:00:00
U00475,2026-04-19,2026-05-03,200+,pro,False,,5,2026-04-19 18:22:00,2026-04-29 10:26:00,5,2,13,2026-04-25 09:00:00
U00476,2026-04-24,2026-05-08,200+,business,True,2026-05-02,14,2026-04-25 15:19:00,2026-05-08 16:38:00,9,9,146,2026-04-24 02:00:00
U00477,2026-05-12,2026-05-26,1-10,business,True,2026-05-23,2,2026-05-16 17:48:00,2026-05-24 22:35:00,2,6,39,2026-05-12 13:00:00
U00478,2026-01-29,2026-02-12,51-200,business,False,,1,2026-02-12 17:42:00,2026-02-12 17:42:00,1,3,13,2026-02-03 07:00:00
U00479,2026-06-01,2026-06-15,200+,pro,False,,3,2026-06-05 23:03:00,2026-06-15 13:05:00,2,4,51,2026-06-01 11:00:00
U00480,2026-03-20,2026-04-03,1-10,pro,False,,6,2026-03-20 15:51:00,2026-03-30 00:30:00,5,3,26,2026-03-23 09:00:00
U00481,2026-04-12,2026-04-26,not_provided,starter,False,,4,2026-04-15 19:42:00,2026-04-21 23:49:00,4,2,15,2026-04-15 06:00:00
U00482,2026-01-02,2026-01-16,11-50,business,True,2026-01-10,5,2026-01-02 03:25:00,2026-01-15 16:18:00,5,9,94,2026-01-02 01:00:00
U00483,2026-02-05,2026-02-19,51-200,business,True,2026-02-15,7,2026-02-07 06:17:00,2026-02-18 20:37:00,5,5,41,2026-02-06 20:00:00
U00484,2026-01-31,2026-02-14,1-10,starter,True,2026-02-11,12,2026-01-31 01:47:00,2026-02-13 11:20:00,8,9,129,2026-01-31 00:00:00
U00485,2026-02-14,2026-02-28,11-50,starter,False,,6,2026-02-15 08:46:00,2026-02-25 03:17:00,6,3,19,2026-02-17 05:00:00
U00486,2026-05-17,2026-05-31,not_provided,pro,False,,6,2026-05-17 10:49:00,2026-05-29 21:59:00,6,7,33,2026-05-17 03:00:00
U00487,2026-05-09,2026-05-23,not_provided,business,False,,3,2026-05-11 03:46:00,2026-05-19 12:42:00,3,4,15,2026-05-09 06:00:00
U00488,2026-04-01,2026-04-15,1-10,starter,True,2026-04-06,7,2026-04-02 12:30:00,2026-04-15 07:20:00,6,8,81,2026-04-01 13:00:00
U00489,2026-04-22,2026-05-06,1-10,starter,False,,7,2026-04-23 01:16:00,2026-05-06 06:05:00,5,4,36,2026-04-22 12:00:00
U00490,2026-01-20,2026-02-03,51-200,pro,False,,8,2026-01-20 15:44:00,2026-02-03 18:17:00,7,7,72,2026-01-20 02:00:00
U00491,2026-04-20,2026-05-04,not_provided,starter,False,,9,2026-04-22 11:02:00,2026-05-03 21:27:00,7,3,17,2026-04-20 22:00:00
U00492,2026-06-13,2026-06-27,200+,business,True,2026-06-19,3,2026-06-16 02:09:00,2026-06-23 13:06:00,3,4,22,2026-06-15 22:00:00
U00493,2026-04-14,2026-04-28,1-10,business,False,,7,2026-04-17 12:18:00,2026-04-28 23:51:00,4,5,59,2026-04-14 02:00:00
U00494,2026-02-13,2026-02-27,not_provided,starter,False,,10,2026-02-13 13:31:00,2026-02-25 22:08:00,7,4,32,2026-02-13 08:00:00
U00495,2026-04-03,2026-04-17,1-10,starter,False,,10,2026-04-04 22:12:00,2026-04-16 23:01:00,8,6,45,2026-04-03 04:00:00
U00496,2026-01-28,2026-02-11,11-50,starter,False,,8,2026-01-30 05:52:00,2026-02-09 09:16:00,7,1,7,2026-01-31 21:00:00
U00497,2026-05-31,2026-06-14,200+,pro,False,,10,2026-05-31 21:16:00,2026-06-11 16:17:00,7,8,131,2026-05-31 01:00:00
U00498,2026-01-21,2026-02-04,200+,business,False,,8,2026-01-23 02:03:00,2026-02-04 03:55:00,8,3,37,2026-01-21 23:00:00
U00499,2026-03-28,2026-04-11,11-50,business,True,2026-04-04,9,2026-03-29 14:55:00,2026-04-11 13:48:00,8,2,11,2026-04-04 22:00:00
U00500,2026-01-20,2026-02-03,not_provided,business,False,,12,2026-01-22 12:50:00,2026-02-02 09:32:00,7,5,55,2026-01-20 10:00:00
U00501,2026-01-30,2026-02-13,not_provided,pro,True,2026-02-07,7,2026-02-02 06:58:00,2026-02-11 11:12:00,5,3,13,2026-01-30 19:00:00
U00502,2026-03-31,2026-04-14,51-200,business,False,,3,2026-04-03 01:56:00,2026-04-09 02:40:00,3,3,12,2026-03-31 02:00:00
U00503,2026-06-15,2026-06-29,11-50,pro,True,2026-06-21,4,2026-06-15 05:13:00,2026-06-27 10:24:00,4,4,40,2026-06-16 05:00:00
U00504,2026-02-07,2026-02-21,51-200,pro,True,2026-02-14,4,2026-02-18 12:21:00,2026-02-20 19:33:00,3,4,22,2026-02-07 20:00:00
U00505,2026-06-04,2026-06-18,11-50,business,True,2026-06-10,7,2026-06-05 17:18:00,2026-06-16 03:55:00,6,2,13,2026-06-06 07:00:00
U00506,2026-02-15,2026-03-01,not_provided,starter,False,,6,2026-02-16 07:28:00,2026-03-01 01:44:00,5,5,54,2026-02-15 18:00:00
U00507,2026-04-29,2026-05-13,not_provided,pro,False,,4,2026-04-30 23:08:00,2026-05-12 11:40:00,4,3,14,2026-05-05 02:00:00
U00508,2026-04-25,2026-05-09,not_provided,pro,False,,6,2026-04-25 06:55:00,2026-05-08 00:24:00,5,5,52,2026-04-25 14:00:00
U00509,2026-06-14,2026-06-28,not_provided,pro,True,2026-06-24,7,2026-06-15 07:19:00,2026-06-26 16:28:00,5,5,53,2026-06-14 03:00:00
U00510,2026-06-10,2026-06-24,51-200,pro,False,,10,2026-06-11 16:18:00,2026-06-24 00:45:00,6,4,46,2026-06-10 20:00:00
U00511,2026-04-23,2026-05-07,1-10,starter,True,2026-05-05,12,2026-04-23 16:56:00,2026-05-06 00:57:00,8,9,130,2026-04-23 01:00:00
U00512,2026-06-11,2026-06-25,51-200,business,True,2026-06-25,4,2026-06-16 00:35:00,2026-06-25 21:07:00,3,9,94,2026-06-12 06:00:00
U00513,2026-01-15,2026-01-29,51-200,pro,False,,5,2026-01-24 10:59:00,2026-01-29 06:00:00,3,1,4,2026-01-22 21:00:00
U00514,2026-01-19,2026-02-02,51-200,starter,True,2026-01-31,5,2026-01-23 06:49:00,2026-02-01 16:17:00,4,6,65,2026-01-19 10:00:00
U00515,2026-01-10,2026-01-24,1-10,business,False,,7,2026-01-10 02:24:00,2026-01-23 19:21:00,5,4,27,2026-01-10 23:00:00
U00516,2026-03-15,2026-03-29,1-10,business,False,,2,2026-03-15 14:26:00,2026-03-28 20:33:00,2,1,3,2026-03-17 00:00:00
U00517,2026-01-24,2026-02-07,not_provided,pro,True,2026-02-06,6,2026-01-24 22:28:00,2026-02-05 13:42:00,6,3,15,2026-01-25 14:00:00
U00518,2026-04-09,2026-04-23,200+,pro,True,2026-04-22,7,2026-04-10 06:12:00,2026-04-23 12:59:00,7,6,73,2026-04-09 17:00:00
U00519,2026-01-11,2026-01-25,200+,pro,False,,9,2026-01-11 12:07:00,2026-01-21 03:05:00,7,1,3,2026-01-15 18:00:00
U00520,2026-06-16,2026-06-30,11-50,business,False,,5,2026-06-16 07:28:00,2026-06-29 18:20:00,3,5,32,2026-06-17 06:00:00
U00521,2026-06-04,2026-06-18,200+,pro,False,,3,2026-06-14 16:10:00,2026-06-18 04:57:00,3,5,16,2026-06-05 21:00:00
U00522,2026-02-08,2026-02-22,1-10,starter,True,2026-02-14,6,2026-02-08 05:40:00,2026-02-22 18:34:00,6,5,34,2026-02-08 02:00:00
U00523,2026-03-29,2026-04-12,not_provided,starter,False,,5,2026-04-03 07:36:00,2026-04-11 17:15:00,5,3,12,2026-03-29 05:00:00
U00524,2026-05-10,2026-05-24,not_provided,pro,False,,7,2026-05-10 10:34:00,2026-05-23 00:23:00,7,9,115,2026-05-10 03:00:00
U00525,2026-01-11,2026-01-25,11-50,business,False,,2,2026-01-21 08:25:00,2026-01-22 02:33:00,2,2,22,2026-01-11 14:00:00
U00526,2026-04-23,2026-05-07,200+,pro,False,,5,2026-04-24 18:08:00,2026-05-05 17:55:00,5,5,55,2026-04-24 08:00:00
U00527,2026-05-14,2026-05-28,not_provided,pro,True,2026-05-24,10,2026-05-14 19:28:00,2026-05-28 19:21:00,7,7,60,2026-05-14 02:00:00
U00528,2026-04-06,2026-04-20,51-200,starter,False,,2,2026-04-13 19:34:00,2026-04-18 02:39:00,2,3,13,2026-04-07 07:00:00
U00529,2026-04-15,2026-04-29,51-200,business,False,,15,2026-04-15 22:17:00,2026-04-28 04:20:00,8,8,94,2026-04-15 17:00:00
U00530,2026-06-03,2026-06-17,1-10,business,False,,6,2026-06-08 12:10:00,2026-06-17 10:24:00,6,6,36,2026-06-03 11:00:00
U00531,2026-06-15,2026-06-29,51-200,starter,False,,3,2026-06-16 07:55:00,2026-06-21 18:14:00,3,5,37,2026-06-15 00:00:00
U00532,2026-03-26,2026-04-09,1-10,pro,False,,7,2026-03-26 20:31:00,2026-04-09 03:58:00,7,6,64,2026-03-26 04:00:00
U00533,2026-04-09,2026-04-23,51-200,business,False,,7,2026-04-10 10:18:00,2026-04-22 13:30:00,6,8,78,2026-04-09 00:00:00
U00534,2026-06-04,2026-06-18,11-50,business,False,,7,2026-06-04 00:39:00,2026-06-16 02:02:00,6,1,8,2026-06-04 05:00:00
U00535,2026-01-21,2026-02-04,not_provided,business,True,2026-01-28,4,2026-01-21 08:23:00,2026-02-03 16:33:00,4,6,79,2026-01-21 01:00:00
U00536,2026-03-31,2026-04-14,51-200,business,False,,1,2026-04-13 18:32:00,2026-04-13 18:32:00,1,1,5,2026-04-03 19:00:00
U00537,2026-04-11,2026-04-25,11-50,pro,False,,2,2026-04-13 15:45:00,2026-04-19 14:17:00,2,4,22,2026-04-15 00:00:00
U00538,2026-01-22,2026-02-05,51-200,pro,False,,1,2026-02-02 21:17:00,2026-02-02 21:17:00,1,1,4,2026-01-30 17:00:00
U00539,2026-04-07,2026-04-21,not_provided,business,True,2026-04-14,5,2026-04-08 22:27:00,2026-04-19 22:53:00,4,6,27,2026-04-09 21:00:00
U00540,2026-05-15,2026-05-29,1-10,business,True,2026-05-26,5,2026-05-17 09:23:00,2026-05-27 10:55:00,4,4,13,2026-05-15 06:00:00
U00541,2026-05-11,2026-05-25,51-200,starter,False,,7,2026-05-11 16:13:00,2026-05-22 09:41:00,6,2,9,2026-05-11 04:00:00
U00542,2026-04-03,2026-04-17,51-200,pro,True,2026-04-11,5,2026-04-11 06:51:00,2026-04-17 11:18:00,3,3,26,2026-04-05 13:00:00
U00543,2026-03-29,2026-04-12,200+,pro,False,,3,2026-03-31 06:38:00,2026-04-08 09:39:00,3,1,3,2026-04-05 08:00:00
U00544,2026-02-27,2026-03-13,11-50,pro,False,,4,2026-03-05 08:31:00,2026-03-10 17:29:00,3,2,8,2026-03-06 01:00:00
U00545,2026-01-20,2026-02-03,51-200,starter,False,,7,2026-01-22 05:57:00,2026-01-28 20:17:00,5,7,107,2026-01-20 00:00:00
U00546,2026-05-10,2026-05-24,not_provided,business,True,2026-05-23,6,2026-05-12 02:29:00,2026-05-24 18:41:00,5,4,35,2026-05-10 13:00:00
U00547,2026-01-10,2026-01-24,not_provided,business,True,2026-01-24,10,2026-01-11 15:46:00,2026-01-21 23:56:00,7,4,32,2026-01-11 08:00:00
U00548,2026-02-03,2026-02-17,not_provided,starter,False,,8,2026-02-03 05:36:00,2026-02-14 03:13:00,6,3,26,2026-02-03 11:00:00
U00549,2026-02-09,2026-02-23,11-50,pro,True,2026-02-23,6,2026-02-11 11:25:00,2026-02-19 16:22:00,5,6,95,2026-02-09 13:00:00
U00550,2026-02-12,2026-02-26,not_provided,starter,True,2026-02-17,11,2026-02-12 04:41:00,2026-02-26 12:41:00,8,3,16,2026-02-13 02:00:00
U00551,2026-04-16,2026-04-30,51-200,business,False,,6,2026-04-16 03:38:00,2026-04-27 04:07:00,6,5,43,2026-04-16 05:00:00
U00552,2026-03-02,2026-03-16,200+,pro,False,,6,2026-03-02 09:36:00,2026-03-16 07:12:00,6,7,69,2026-03-02 09:00:00
U00553,2026-03-14,2026-03-28,not_provided,starter,False,,3,2026-03-16 03:05:00,2026-03-26 16:06:00,3,4,28,2026-03-14 19:00:00
U00554,2026-03-01,2026-03-15,not_provided,pro,True,2026-03-10,11,2026-03-03 00:53:00,2026-03-15 10:55:00,6,5,70,2026-03-01 12:00:00
U00555,2026-05-01,2026-05-15,11-50,business,True,2026-05-15,9,2026-05-01 04:30:00,2026-05-14 18:01:00,7,5,77,2026-05-01 02:00:00
U00556,2026-04-23,2026-05-07,200+,business,False,,6,2026-04-23 07:03:00,2026-05-06 21:40:00,5,3,17,2026-04-25 04:00:00
U00557,2026-04-08,2026-04-22,not_provided,pro,False,,4,2026-04-11 08:30:00,2026-04-22 09:39:00,4,4,44,2026-04-08 02:00:00
U00558,2026-04-18,2026-05-02,11-50,pro,False,,4,2026-04-18 23:50:00,2026-04-30 16:07:00,4,2,16,2026-04-23 11:00:00
U00559,2026-06-04,2026-06-18,11-50,business,False,,7,2026-06-05 14:25:00,2026-06-17 23:06:00,5,3,21,2026-06-06 00:00:00
U00560,2026-01-14,2026-01-28,not_provided,starter,False,,2,2026-01-14 09:23:00,2026-01-21 22:14:00,2,4,28,2026-01-16 10:00:00
U00561,2026-04-06,2026-04-20,not_provided,starter,True,2026-04-19,3,2026-04-06 18:27:00,2026-04-13 09:12:00,3,7,73,2026-04-06 07:00:00
U00562,2026-02-01,2026-02-15,51-200,starter,False,,3,2026-02-07 22:27:00,2026-02-09 16:43:00,3,7,47,2026-02-01 03:00:00
U00563,2026-02-11,2026-02-25,51-200,starter,False,,7,2026-02-11 01:03:00,2026-02-25 08:53:00,6,3,39,2026-02-11 04:00:00
U00564,2026-05-12,2026-05-26,11-50,starter,False,,3,2026-05-22 14:07:00,2026-05-24 03:03:00,2,5,29,2026-05-14 04:00:00
U00565,2026-01-24,2026-02-07,11-50,starter,True,2026-02-03,6,2026-01-24 23:41:00,2026-02-07 12:50:00,6,7,90,2026-01-24 00:00:00
U00566,2026-01-07,2026-01-21,200+,starter,False,,8,2026-01-08 13:58:00,2026-01-20 13:24:00,6,6,66,2026-01-07 08:00:00
U00567,2026-04-12,2026-04-26,not_provided,business,True,2026-04-20,2,2026-04-21 18:58:00,2026-04-24 00:04:00,2,6,61,2026-04-13 11:00:00
U00568,2026-04-09,2026-04-23,1-10,business,False,,6,2026-04-09 06:29:00,2026-04-22 17:54:00,5,7,84,2026-04-09 14:00:00
U00569,2026-02-27,2026-03-13,1-10,business,True,2026-03-05,6,2026-03-04 21:44:00,2026-03-13 21:32:00,4,5,29,2026-02-28 02:00:00
U00570,2026-06-16,2026-06-30,51-200,pro,True,2026-06-23,4,2026-06-23 11:33:00,2026-06-30 00:34:00,4,6,34,2026-06-19 03:00:00
U00571,2026-01-10,2026-01-24,51-200,starter,False,,5,2026-01-11 20:42:00,2026-01-23 05:53:00,5,7,51,2026-01-10 04:00:00
U00572,2026-02-05,2026-02-19,not_provided,starter,True,2026-02-17,10,2026-02-06 11:27:00,2026-02-19 17:41:00,9,5,69,2026-02-06 02:00:00
U00573,2026-06-07,2026-06-21,1-10,starter,False,,2,2026-06-09 09:40:00,2026-06-19 14:37:00,2,5,42,2026-06-07 10:00:00
U00574,2026-01-05,2026-01-19,51-200,pro,True,2026-01-12,10,2026-01-06 12:09:00,2026-01-19 19:27:00,8,3,28,2026-01-05 00:00:00
U00575,2026-05-21,2026-06-04,not_provided,pro,True,2026-06-03,12,2026-05-21 08:20:00,2026-06-04 05:23:00,8,7,106,2026-05-21 09:00:00
U00576,2026-04-19,2026-05-03,1-10,business,False,,3,2026-04-25 10:41:00,2026-04-30 09:17:00,3,4,26,2026-04-22 12:00:00
U00577,2026-03-02,2026-03-16,51-200,starter,False,,4,2026-03-08 02:30:00,2026-03-16 23:04:00,4,3,14,2026-03-03 05:00:00
U00578,2026-01-13,2026-01-27,11-50,starter,False,,8,2026-01-14 08:05:00,2026-01-26 12:29:00,7,5,66,2026-01-13 00:00:00
U00579,2026-06-13,2026-06-27,not_provided,starter,True,2026-06-19,3,2026-06-18 21:03:00,2026-06-24 02:20:00,3,5,42,2026-06-14 20:00:00
U00580,2026-01-29,2026-02-12,200+,pro,False,,7,2026-01-29 21:49:00,2026-02-11 19:34:00,6,7,70,2026-01-29 12:00:00
U00581,2026-05-18,2026-06-01,1-10,business,False,,2,2026-05-23 11:38:00,2026-05-25 00:03:00,2,5,25,2026-05-18 01:00:00
U00582,2026-05-12,2026-05-26,not_provided,pro,False,,7,2026-05-14 01:18:00,2026-05-25 09:20:00,6,5,43,2026-05-12 04:00:00
U00583,2026-02-06,2026-02-20,51-200,starter,False,,5,2026-02-09 06:50:00,2026-02-19 20:11:00,5,4,25,2026-02-07 03:00:00
U00584,2026-01-01,2026-01-15,not_provided,business,True,2026-01-09,16,2026-01-01 17:00:00,2026-01-15 00:59:00,10,7,87,2026-01-01 02:00:00
U00585,2026-05-27,2026-06-10,200+,pro,False,,6,2026-05-27 06:33:00,2026-06-09 05:40:00,6,7,61,2026-05-27 00:00:00
U00586,2026-01-22,2026-02-05,not_provided,business,False,,5,2026-01-30 05:19:00,2026-02-04 20:10:00,3,4,42,2026-01-22 06:00:00
U00587,2026-01-18,2026-02-01,not_provided,pro,False,,6,2026-01-20 06:09:00,2026-01-31 06:54:00,5,6,49,2026-01-18 00:00:00
U00588,2026-05-10,2026-05-24,not_provided,pro,True,2026-05-15,7,2026-05-15 22:00:00,2026-05-22 06:15:00,4,5,78,2026-05-10 01:00:00
U00589,2026-04-10,2026-04-24,200+,starter,False,,7,2026-04-10 12:38:00,2026-04-23 07:56:00,6,6,37,2026-04-10 04:00:00
U00590,2026-06-12,2026-06-26,200+,business,False,,2,2026-06-19 15:32:00,2026-06-20 02:45:00,2,2,6,2026-06-19 02:00:00
U00591,2026-03-06,2026-03-20,not_provided,starter,True,2026-03-16,15,2026-03-06 02:55:00,2026-03-20 22:38:00,11,9,112,2026-03-06 06:00:00
U00592,2026-01-18,2026-02-01,51-200,pro,True,2026-01-24,3,2026-01-27 14:10:00,2026-02-01 06:53:00,3,4,33,2026-01-18 14:00:00
U00593,2026-05-29,2026-06-12,not_provided,business,True,2026-06-05,7,2026-05-29 05:14:00,2026-06-12 18:13:00,6,7,54,2026-05-30 10:00:00
U00594,2026-01-12,2026-01-26,51-200,pro,False,,18,2026-01-12 02:44:00,2026-01-26 20:25:00,10,3,35,2026-01-12 01:00:00
U00595,2026-03-28,2026-04-11,not_provided,pro,True,2026-04-09,7,2026-03-29 12:39:00,2026-04-10 02:45:00,6,2,12,2026-03-28 05:00:00
U00596,2026-05-03,2026-05-17,not_provided,pro,True,2026-05-10,7,2026-05-03 22:38:00,2026-05-15 19:04:00,6,5,48,2026-05-04 04:00:00
U00597,2026-01-17,2026-01-31,not_provided,starter,False,,5,2026-01-17 02:08:00,2026-01-29 18:23:00,4,4,31,2026-01-17 19:00:00
U00598,2026-01-10,2026-01-24,51-200,pro,False,,2,2026-01-11 14:31:00,2026-01-21 02:42:00,2,3,22,2026-01-10 06:00:00
U00599,2026-01-12,2026-01-26,11-50,starter,True,2026-01-22,7,2026-01-14 13:17:00,2026-01-24 02:06:00,5,5,44,2026-01-12 10:00:00
U00600,2026-03-21,2026-04-04,not_provided,starter,True,2026-04-03,8,2026-03-21 18:09:00,2026-04-01 01:04:00,7,8,94,2026-03-21 03:00:00
U00601,2026-05-02,2026-05-16,51-200,starter,False,,3,2026-05-04 16:10:00,2026-05-16 23:56:00,3,5,48,2026-05-02 00:00:00
U00602,2026-06-15,2026-06-29,11-50,business,True,2026-06-25,4,2026-06-15 01:05:00,2026-06-21 17:59:00,4,4,31,2026-06-16 02:00:00
U00603,2026-01-13,2026-01-27,not_provided,business,True,2026-01-22,9,2026-01-13 15:04:00,2026-01-26 21:05:00,8,6,110,2026-01-13 08:00:00
U00604,2026-02-01,2026-02-15,51-200,starter,True,2026-02-12,2,2026-02-01 15:16:00,2026-02-15 16:36:00,2,1,9,2026-02-09 13:00:00
U00605,2026-04-23,2026-05-07,200+,business,True,2026-04-30,3,2026-04-26 20:09:00,2026-05-01 22:20:00,3,4,13,2026-04-23 17:00:00
U00606,2026-05-08,2026-05-22,not_provided,starter,True,2026-05-18,2,2026-05-12 15:49:00,2026-05-21 13:22:00,2,5,58,2026-05-08 00:00:00
U00607,2026-05-13,2026-05-27,51-200,starter,False,,5,2026-05-16 23:49:00,2026-05-26 23:05:00,5,3,19,2026-05-13 05:00:00
U00608,2026-04-19,2026-05-03,1-10,starter,True,2026-05-03,7,2026-04-22 21:11:00,2026-05-03 09:13:00,6,6,57,2026-04-20 06:00:00
U00609,2026-02-16,2026-03-02,not_provided,business,False,,7,2026-02-17 11:25:00,2026-03-02 08:45:00,5,2,7,2026-02-16 19:00:00
U00610,2026-03-24,2026-04-07,1-10,starter,False,,10,2026-03-25 01:31:00,2026-04-07 07:20:00,7,3,24,2026-03-24 21:00:00
U00611,2026-03-25,2026-04-08,not_provided,business,False,,5,2026-04-01 10:50:00,2026-04-08 02:42:00,5,5,38,2026-03-25 02:00:00
U00612,2026-03-20,2026-04-03,200+,pro,True,2026-03-31,8,2026-03-20 14:18:00,2026-04-03 11:51:00,7,3,23,2026-03-21 19:00:00
U00613,2026-02-12,2026-02-26,not_provided,starter,False,,5,2026-02-12 00:25:00,2026-02-26 06:27:00,4,2,27,2026-02-12 12:00:00
U00614,2026-03-31,2026-04-14,200+,starter,True,2026-04-10,11,2026-03-31 01:26:00,2026-04-14 17:03:00,8,2,26,2026-03-31 22:00:00
U00615,2026-06-07,2026-06-21,200+,business,False,,4,2026-06-07 00:25:00,2026-06-13 05:21:00,4,5,54,2026-06-07 07:00:00
U00616,2026-06-13,2026-06-27,1-10,starter,False,,9,2026-06-14 00:47:00,2026-06-23 18:44:00,7,4,28,2026-06-13 14:00:00
U00617,2026-06-13,2026-06-27,200+,business,True,2026-06-26,6,2026-06-17 21:21:00,2026-06-27 03:05:00,6,3,36,2026-06-13 19:00:00
U00618,2026-02-10,2026-02-24,1-10,pro,True,2026-02-24,1,2026-02-12 18:47:00,2026-02-12 18:47:00,1,2,19,2026-02-10 07:00:00
U00619,2026-04-23,2026-05-07,1-10,pro,False,,12,2026-04-24 02:51:00,2026-05-06 07:26:00,9,6,59,2026-04-24 04:00:00
U00620,2026-01-18,2026-02-01,11-50,business,False,,2,2026-01-19 03:32:00,2026-01-28 11:36:00,2,2,6,2026-01-20 01:00:00
U00621,2026-04-04,2026-04-18,51-200,starter,True,2026-04-18,7,2026-04-05 17:24:00,2026-04-16 10:58:00,5,2,21,2026-04-04 14:00:00
U00622,2026-01-09,2026-01-23,not_provided,pro,False,,6,2026-01-11 00:03:00,2026-01-18 09:34:00,4,5,23,2026-01-09 00:00:00
U00623,2026-04-26,2026-05-10,51-200,business,True,2026-05-08,4,2026-04-27 08:17:00,2026-05-07 00:43:00,3,2,3,2026-05-05 05:00:00
U00624,2026-01-20,2026-02-03,not_provided,pro,False,,3,2026-01-22 01:40:00,2026-02-02 04:08:00,3,2,11,2026-01-24 04:00:00
U00625,2026-05-16,2026-05-30,51-200,starter,False,,10,2026-05-18 02:43:00,2026-05-30 14:29:00,7,6,57,2026-05-16 12:00:00
U00626,2026-03-22,2026-04-05,not_provided,business,True,2026-03-30,6,2026-03-23 00:16:00,2026-04-04 05:37:00,4,5,49,2026-03-22 15:00:00
U00627,2026-01-30,2026-02-13,1-10,business,True,2026-02-06,4,2026-01-31 18:32:00,2026-02-12 12:29:00,4,6,65,2026-01-31 03:00:00
U00628,2026-05-08,2026-05-22,not_provided,starter,True,2026-05-21,10,2026-05-09 09:09:00,2026-05-20 13:42:00,8,5,54,2026-05-08 05:00:00
U00629,2026-01-31,2026-02-14,51-200,business,False,,6,2026-02-04 07:12:00,2026-02-11 19:59:00,4,4,11,2026-02-01 19:00:00
U00630,2026-04-25,2026-05-09,11-50,pro,False,,4,2026-04-29 06:52:00,2026-05-07 07:56:00,4,2,10,2026-04-25 08:00:00
U00631,2026-03-15,2026-03-29,not_provided,starter,False,,5,2026-03-15 11:46:00,2026-03-29 22:36:00,4,6,71,2026-03-16 15:00:00
U00632,2026-02-21,2026-03-07,1-10,pro,True,2026-02-27,2,2026-02-28 10:50:00,2026-03-02 22:57:00,2,4,43,2026-02-21 06:00:00
U00633,2026-04-26,2026-05-10,11-50,business,False,,2,2026-04-29 13:23:00,2026-05-07 20:21:00,2,4,28,2026-04-26 20:00:00
U00634,2026-04-24,2026-05-08,1-10,business,False,,7,2026-04-26 02:11:00,2026-05-07 08:25:00,6,3,14,2026-04-24 10:00:00
U00635,2026-03-23,2026-04-06,not_provided,business,False,,1,2026-04-04 11:36:00,2026-04-04 11:36:00,1,1,3,2026-04-06 05:00:00
U00636,2026-01-17,2026-01-31,not_provided,pro,False,,8,2026-01-17 14:55:00,2026-01-28 01:28:00,4,8,101,2026-01-17 03:00:00
U00637,2026-03-16,2026-03-30,51-200,pro,False,,7,2026-03-17 17:17:00,2026-03-24 20:43:00,5,1,3,2026-03-21 21:00:00
U00638,2026-06-13,2026-06-27,11-50,business,True,2026-06-26,5,2026-06-13 03:31:00,2026-06-26 20:59:00,4,4,34,2026-06-13 02:00:00
U00639,2026-02-27,2026-03-13,1-10,pro,False,,1,2026-03-13 23:52:00,2026-03-13 23:52:00,1,1,1,2026-03-02 14:00:00
U00640,2026-02-05,2026-02-19,11-50,starter,True,2026-02-10,13,2026-02-05 00:58:00,2026-02-19 20:44:00,8,6,112,2026-02-05 05:00:00
U00641,2026-04-03,2026-04-17,not_provided,pro,True,2026-04-13,7,2026-04-04 06:24:00,2026-04-15 07:22:00,6,9,117,2026-04-03 04:00:00
U00642,2026-04-30,2026-05-14,not_provided,pro,False,,5,2026-04-30 09:23:00,2026-05-14 07:09:00,5,4,15,2026-04-30 18:00:00
U00643,2026-06-06,2026-06-20,1-10,starter,True,2026-06-15,7,2026-06-06 15:25:00,2026-06-18 16:51:00,4,5,37,2026-06-06 04:00:00
U00644,2026-04-12,2026-04-26,not_provided,business,False,,9,2026-04-13 04:25:00,2026-04-26 22:48:00,7,3,16,2026-04-16 20:00:00
U00645,2026-05-03,2026-05-17,not_provided,starter,True,2026-05-14,7,2026-05-05 23:22:00,2026-05-16 07:04:00,6,5,41,2026-05-04 02:00:00
U00646,2026-05-28,2026-06-11,1-10,pro,False,,3,2026-06-01 03:52:00,2026-06-05 01:17:00,3,3,22,2026-05-29 02:00:00
U00647,2026-03-23,2026-04-06,not_provided,starter,True,2026-04-04,11,2026-03-24 13:46:00,2026-04-06 20:42:00,9,4,68,2026-03-23 05:00:00
U00648,2026-04-30,2026-05-14,not_provided,pro,False,,10,2026-05-01 06:36:00,2026-05-14 19:25:00,7,5,18,2026-05-02 15:00:00
U00649,2026-03-30,2026-04-13,11-50,pro,False,,1,2026-04-05 01:36:00,2026-04-05 01:36:00,1,3,23,2026-03-31 09:00:00
U00650,2026-06-13,2026-06-27,not_provided,pro,True,2026-06-20,5,2026-06-15 14:41:00,2026-06-27 15:14:00,5,5,72,2026-06-13 18:00:00
U00651,2026-04-21,2026-05-05,not_provided,starter,False,,4,2026-04-23 07:07:00,2026-05-04 20:59:00,4,2,20,2026-04-21 11:00:00
U00652,2026-02-01,2026-02-15,not_provided,pro,False,,4,2026-02-03 03:37:00,2026-02-14 00:49:00,3,4,8,2026-02-01 15:00:00
U00653,2026-03-19,2026-04-02,11-50,pro,False,,2,2026-03-19 04:26:00,2026-03-25 09:19:00,2,6,49,2026-03-20 04:00:00
U00654,2026-03-24,2026-04-07,not_provided,pro,True,2026-04-03,10,2026-03-24 00:26:00,2026-04-04 01:16:00,7,2,23,2026-03-24 00:00:00
U00655,2026-05-13,2026-05-27,51-200,starter,True,2026-05-22,1,2026-05-18 06:03:00,2026-05-18 06:03:00,1,3,26,2026-05-14 11:00:00
U00656,2026-02-20,2026-03-06,not_provided,pro,False,,9,2026-02-24 07:05:00,2026-03-04 08:55:00,6,7,62,2026-02-20 17:00:00
U00657,2026-03-12,2026-03-26,11-50,business,True,2026-03-21,2,2026-03-21 19:37:00,2026-03-24 09:39:00,2,4,39,2026-03-12 09:00:00
U00658,2026-06-07,2026-06-21,not_provided,starter,False,,7,2026-06-08 07:10:00,2026-06-21 13:16:00,7,2,12,2026-06-10 04:00:00
U00659,2026-05-09,2026-05-23,not_provided,pro,False,,3,2026-05-20 05:07:00,2026-05-23 18:28:00,3,3,20,2026-05-10 05:00:00
U00660,2026-06-01,2026-06-15,not_provided,pro,True,2026-06-08,6,2026-06-01 09:17:00,2026-06-15 16:22:00,5,6,38,2026-06-01 19:00:00
U00661,2026-06-09,2026-06-23,not_provided,pro,False,,1,2026-06-20 19:14:00,2026-06-20 19:14:00,1,3,19,2026-06-11 04:00:00
U00662,2026-03-28,2026-04-11,not_provided,starter,True,2026-04-02,8,2026-03-28 17:27:00,2026-04-11 18:39:00,7,7,93,2026-03-28 06:00:00
U00663,2026-01-21,2026-02-04,1-10,business,True,2026-02-04,4,2026-01-24 08:44:00,2026-02-04 17:35:00,3,4,15,2026-01-22 01:00:00
U00664,2026-03-09,2026-03-23,not_provided,pro,False,,9,2026-03-09 07:12:00,2026-03-22 13:10:00,7,7,56,2026-03-10 06:00:00
U00665,2026-05-27,2026-06-10,200+,pro,False,,7,2026-05-27 04:14:00,2026-06-08 10:46:00,6,2,12,2026-05-30 07:00:00
U00666,2026-06-13,2026-06-27,1-10,starter,False,,1,2026-06-16 06:08:00,2026-06-16 06:08:00,1,3,7,2026-06-15 08:00:00
U00667,2026-06-10,2026-06-24,not_provided,business,False,,9,2026-06-10 07:12:00,2026-06-24 00:28:00,8,6,72,2026-06-10 00:00:00
U00668,2026-06-14,2026-06-28,51-200,starter,True,2026-06-22,5,2026-06-14 02:57:00,2026-06-27 15:10:00,5,6,99,2026-06-14 02:00:00
U00669,2026-04-14,2026-04-28,51-200,starter,False,,7,2026-04-14 04:34:00,2026-04-28 08:42:00,5,4,32,2026-04-14 11:00:00
U00670,2026-01-19,2026-02-02,not_provided,starter,False,,4,2026-01-21 21:30:00,2026-02-02 08:03:00,4,4,23,2026-01-19 00:00:00
U00671,2026-02-10,2026-02-24,200+,starter,True,2026-02-22,12,2026-02-11 04:05:00,2026-02-22 23:39:00,9,4,45,2026-02-10 23:00:00
U00672,2026-04-29,2026-05-13,11-50,business,False,,11,2026-05-01 04:07:00,2026-05-13 06:47:00,5,6,46,2026-04-30 13:00:00
U00673,2026-06-05,2026-06-19,11-50,business,False,,4,2026-06-09 09:19:00,2026-06-13 19:37:00,2,3,24,2026-06-05 20:00:00
U00674,2026-03-23,2026-04-06,not_provided,business,False,,6,2026-03-23 11:39:00,2026-04-04 16:43:00,6,5,34,2026-03-23 07:00:00
U00675,2026-04-13,2026-04-27,11-50,business,False,,4,2026-04-16 08:11:00,2026-04-27 11:36:00,4,6,37,2026-04-13 20:00:00
U00676,2026-05-12,2026-05-26,not_provided,starter,False,,10,2026-05-12 20:23:00,2026-05-22 21:35:00,8,8,87,2026-05-12 01:00:00
U00677,2026-03-23,2026-04-06,11-50,starter,True,2026-03-29,11,2026-03-23 08:36:00,2026-04-04 02:23:00,9,6,91,2026-03-23 06:00:00
U00678,2026-03-10,2026-03-24,200+,pro,True,2026-03-17,4,2026-03-10 12:11:00,2026-03-23 10:33:00,4,4,49,2026-03-10 22:00:00
U00679,2026-01-25,2026-02-08,1-10,business,False,,3,2026-02-03 13:46:00,2026-02-05 09:49:00,3,6,35,2026-01-25 02:00:00
U00680,2026-04-09,2026-04-23,not_provided,starter,True,2026-04-17,9,2026-04-10 06:11:00,2026-04-20 13:51:00,5,2,6,2026-04-10 19:00:00
U00681,2026-02-10,2026-02-24,51-200,pro,True,2026-02-20,6,2026-02-10 07:56:00,2026-02-24 06:47:00,6,5,58,2026-02-10 13:00:00
U00682,2026-02-18,2026-03-04,11-50,starter,False,,1,2026-02-18 10:40:00,2026-02-18 10:40:00,1,4,8,2026-02-19 20:00:00
U00683,2026-05-12,2026-05-26,200+,starter,True,2026-05-21,5,2026-05-12 14:25:00,2026-05-26 13:53:00,5,3,30,2026-05-12 01:00:00
U00684,2026-05-08,2026-05-22,1-10,starter,False,,9,2026-05-08 02:12:00,2026-05-22 16:39:00,7,5,73,2026-05-08 15:00:00
U00685,2026-04-11,2026-04-25,not_provided,starter,True,2026-04-19,3,2026-04-12 21:34:00,2026-04-19 15:20:00,3,4,44,2026-04-11 09:00:00
U00686,2026-02-25,2026-03-11,not_provided,business,True,2026-03-02,4,2026-03-03 15:31:00,2026-03-10 20:52:00,3,3,21,2026-02-26 00:00:00
U00687,2026-01-13,2026-01-27,51-200,starter,False,,2,2026-01-22 14:26:00,2026-01-25 02:39:00,2,4,17,2026-01-17 04:00:00
U00688,2026-06-02,2026-06-16,not_provided,business,False,,6,2026-06-04 23:43:00,2026-06-16 16:44:00,5,5,50,2026-06-04 12:00:00
U00689,2026-05-01,2026-05-15,51-200,pro,True,2026-05-06,6,2026-05-04 09:39:00,2026-05-13 14:47:00,5,5,60,2026-05-01 02:00:00
U00690,2026-01-28,2026-02-11,200+,pro,False,,5,2026-02-01 21:43:00,2026-02-07 15:09:00,5,6,77,2026-01-28 00:00:00
U00691,2026-03-09,2026-03-23,not_provided,business,True,2026-03-20,2,2026-03-15 08:04:00,2026-03-17 11:43:00,2,5,27,2026-03-14 06:00:00
U00692,2026-04-04,2026-04-18,1-10,starter,False,,3,2026-04-05 13:29:00,2026-04-17 14:33:00,3,3,19,2026-04-08 23:00:00
U00693,2026-01-14,2026-01-28,not_provided,pro,False,,11,2026-01-14 17:56:00,2026-01-28 00:20:00,10,7,103,2026-01-14 01:00:00
U00694,2026-02-19,2026-03-05,51-200,pro,True,2026-02-28,6,2026-02-25 07:00:00,2026-03-04 23:06:00,5,6,60,2026-02-19 01:00:00
U00695,2026-01-19,2026-02-02,200+,pro,True,2026-01-31,6,2026-01-19 06:02:00,2026-02-01 14:34:00,6,8,110,2026-01-19 11:00:00
U00696,2026-05-21,2026-06-04,51-200,pro,True,2026-06-04,3,2026-05-27 14:36:00,2026-06-04 23:58:00,3,1,20,2026-05-21 04:00:00
U00697,2026-01-31,2026-02-14,11-50,starter,False,,3,2026-01-31 03:40:00,2026-02-06 11:56:00,2,4,10,2026-02-04 01:00:00
U00698,2026-04-11,2026-04-25,51-200,business,False,,4,2026-04-13 09:02:00,2026-04-17 17:57:00,3,3,14,2026-04-12 02:00:00
U00699,2026-05-23,2026-06-06,51-200,pro,True,2026-05-31,4,2026-05-25 05:07:00,2026-06-04 04:07:00,3,3,33,2026-05-23 10:00:00
U00700,2026-06-04,2026-06-18,not_provided,starter,True,2026-06-17,7,2026-06-04 15:53:00,2026-06-17 07:34:00,6,8,62,2026-06-04 00:00:00
U00701,2026-01-11,2026-01-25,1-10,starter,False,,7,2026-01-11 23:15:00,2026-01-25 22:49:00,6,4,29,2026-01-11 06:00:00
U00702,2026-02-05,2026-02-19,not_provided,business,False,,3,2026-02-13 10:10:00,2026-02-14 11:35:00,2,4,47,2026-02-05 05:00:00
U00703,2026-05-02,2026-05-16,not_provided,starter,False,,8,2026-05-04 21:53:00,2026-05-13 10:06:00,7,6,35,2026-05-02 20:00:00
U00704,2026-02-08,2026-02-22,not_provided,pro,False,,10,2026-02-09 14:07:00,2026-02-20 17:04:00,6,4,26,2026-02-08 08:00:00
U00705,2026-02-05,2026-02-19,51-200,pro,False,,8,2026-02-09 08:55:00,2026-02-18 21:13:00,5,5,63,2026-02-05 03:00:00
U00706,2026-03-23,2026-04-06,11-50,starter,False,,2,2026-03-24 23:30:00,2026-04-06 05:37:00,2,7,104,2026-03-23 10:00:00
U00707,2026-06-07,2026-06-21,not_provided,business,False,,6,2026-06-11 10:03:00,2026-06-21 12:40:00,6,4,28,2026-06-07 15:00:00
U00708,2026-06-01,2026-06-15,51-200,pro,True,2026-06-14,11,2026-06-02 14:47:00,2026-06-14 21:45:00,6,3,38,2026-06-01 03:00:00
U00709,2026-05-17,2026-05-31,200+,business,True,2026-05-31,10,2026-05-19 23:13:00,2026-05-31 10:51:00,7,3,45,2026-05-18 07:00:00
U00710,2026-03-18,2026-04-01,200+,starter,True,2026-03-28,13,2026-03-18 07:54:00,2026-04-01 13:37:00,10,9,132,2026-03-18 02:00:00
U00711,2026-03-26,2026-04-09,not_provided,starter,True,2026-04-06,9,2026-03-27 10:59:00,2026-04-08 18:30:00,6,7,103,2026-03-26 00:00:00
U00712,2026-05-30,2026-06-13,51-200,business,False,,4,2026-06-02 11:15:00,2026-06-13 14:05:00,4,5,34,2026-06-01 07:00:00
U00713,2026-06-11,2026-06-25,1-10,pro,False,,6,2026-06-14 12:43:00,2026-06-24 13:05:00,5,3,16,2026-06-11 15:00:00
U00714,2026-05-02,2026-05-16,51-200,business,False,,8,2026-05-03 01:57:00,2026-05-15 05:34:00,7,2,10,2026-05-11 13:00:00
U00715,2026-05-29,2026-06-12,not_provided,pro,True,2026-06-03,2,2026-06-06 20:58:00,2026-06-11 08:02:00,2,4,45,2026-05-29 11:00:00
U00716,2026-05-30,2026-06-13,200+,pro,False,,2,2026-05-30 06:42:00,2026-06-01 15:13:00,2,1,4,2026-06-12 22:00:00
U00717,2026-05-15,2026-05-29,not_provided,business,True,2026-05-29,4,2026-05-16 16:48:00,2026-05-25 08:43:00,3,7,104,2026-05-15 09:00:00
U00718,2026-04-08,2026-04-22,11-50,business,False,,7,2026-04-14 15:25:00,2026-04-21 22:15:00,3,4,36,2026-04-08 11:00:00
U00719,2026-03-04,2026-03-18,1-10,pro,False,,4,2026-03-12 23:57:00,2026-03-18 06:01:00,4,4,26,2026-03-04 03:00:00
U00720,2026-01-29,2026-02-12,11-50,starter,False,,9,2026-01-30 07:45:00,2026-02-10 23:49:00,7,1,2,2026-02-03 16:00:00
U00721,2026-04-23,2026-05-07,51-200,starter,True,2026-04-30,8,2026-04-23 05:34:00,2026-05-06 07:57:00,5,6,50,2026-04-23 04:00:00
U00722,2026-04-16,2026-04-30,not_provided,pro,False,,6,2026-04-16 19:30:00,2026-04-28 08:34:00,5,5,50,2026-04-17 12:00:00
U00723,2026-04-16,2026-04-30,not_provided,pro,False,,2,2026-04-18 23:24:00,2026-04-19 05:11:00,2,5,17,2026-04-16 11:00:00
U00724,2026-05-01,2026-05-15,not_provided,business,False,,7,2026-05-01 06:19:00,2026-05-08 22:41:00,5,1,3,2026-05-11 22:00:00
U00725,2026-01-16,2026-01-30,not_provided,pro,True,2026-01-29,13,2026-01-16 01:06:00,2026-01-30 04:49:00,7,7,75,2026-01-16 05:00:00
U00726,2026-02-23,2026-03-09,not_provided,business,True,2026-03-07,9,2026-02-23 04:52:00,2026-03-07 03:31:00,8,6,59,2026-02-23 14:00:00
U00727,2026-05-15,2026-05-29,200+,business,False,,11,2026-05-15 04:06:00,2026-05-27 15:56:00,7,6,70,2026-05-15 20:00:00
U00728,2026-02-14,2026-02-28,200+,pro,True,2026-02-24,6,2026-02-16 06:29:00,2026-02-28 00:32:00,5,6,70,2026-02-14 01:00:00
U00729,2026-05-20,2026-06-03,51-200,business,True,2026-05-29,10,2026-05-21 07:36:00,2026-06-02 06:50:00,6,4,71,2026-05-21 01:00:00
U00730,2026-06-06,2026-06-20,200+,pro,False,,10,2026-06-06 00:01:00,2026-06-20 06:48:00,8,9,133,2026-06-06 01:00:00
U00731,2026-03-05,2026-03-19,51-200,pro,True,2026-03-14,6,2026-03-05 17:50:00,2026-03-18 07:08:00,5,4,61,2026-03-05 06:00:00
U00732,2026-02-27,2026-03-13,51-200,business,True,2026-03-07,13,2026-02-27 00:58:00,2026-03-13 03:46:00,9,7,78,2026-02-27 03:00:00
U00733,2026-05-06,2026-05-20,51-200,starter,False,,6,2026-05-10 18:56:00,2026-05-20 04:41:00,4,2,30,2026-05-06 23:00:00
U00734,2026-03-31,2026-04-14,not_provided,business,False,,3,2026-04-02 01:33:00,2026-04-09 09:00:00,3,3,8,2026-03-31 10:00:00
U00735,2026-03-12,2026-03-26,51-200,starter,False,,11,2026-03-12 01:05:00,2026-03-26 01:03:00,10,5,62,2026-03-12 06:00:00
U00736,2026-05-27,2026-06-10,not_provided,pro,False,,2,2026-05-28 23:56:00,2026-06-04 04:29:00,2,4,16,2026-05-31 22:00:00
U00737,2026-04-08,2026-04-22,200+,business,False,,4,2026-04-08 15:47:00,2026-04-18 08:34:00,4,4,19,2026-04-09 00:00:00
U00738,2026-02-07,2026-02-21,51-200,starter,False,,10,2026-02-08 15:26:00,2026-02-19 10:14:00,7,3,54,2026-02-08 20:00:00
U00739,2026-03-15,2026-03-29,not_provided,starter,False,,3,2026-03-17 10:48:00,2026-03-28 14:42:00,3,2,7,2026-03-18 02:00:00
U00740,2026-03-30,2026-04-13,200+,business,False,,2,2026-04-01 04:17:00,2026-04-10 12:59:00,2,6,42,2026-03-30 12:00:00
U00741,2026-03-07,2026-03-21,not_provided,starter,True,2026-03-15,3,2026-03-14 14:53:00,2026-03-21 13:54:00,3,4,43,2026-03-08 23:00:00
U00742,2026-02-21,2026-03-07,not_provided,business,False,,10,2026-02-21 01:26:00,2026-03-05 06:19:00,7,7,30,2026-02-21 10:00:00
U00743,2026-05-24,2026-06-07,not_provided,business,False,,6,2026-05-24 12:42:00,2026-06-06 21:27:00,4,3,8,2026-05-24 23:00:00
U00744,2026-02-05,2026-02-19,1-10,pro,True,2026-02-19,6,2026-02-08 10:43:00,2026-02-18 03:02:00,3,5,48,2026-02-05 06:00:00
U00745,2026-03-03,2026-03-17,11-50,starter,False,,5,2026-03-04 22:25:00,2026-03-16 07:31:00,4,7,57,2026-03-04 09:00:00
U00746,2026-05-16,2026-05-30,11-50,business,False,,4,2026-05-16 01:12:00,2026-05-27 23:41:00,3,2,4,2026-05-21 03:00:00
U00747,2026-03-01,2026-03-15,1-10,starter,True,2026-03-12,7,2026-03-01 06:19:00,2026-03-15 04:48:00,6,2,29,2026-03-01 15:00:00
U00748,2026-03-26,2026-04-09,not_provided,starter,True,2026-04-01,3,2026-04-06 16:16:00,2026-04-08 20:29:00,2,2,10,2026-03-26 04:00:00
U00749,2026-02-05,2026-02-19,1-10,pro,True,2026-02-12,5,2026-02-05 15:59:00,2026-02-17 14:38:00,5,3,15,2026-02-06 14:00:00
U00750,2026-04-15,2026-04-29,not_provided,starter,False,,1,2026-04-26 07:29:00,2026-04-26 07:29:00,1,1,4,2026-04-15 06:00:00
U00751,2026-05-03,2026-05-17,not_provided,pro,False,,8,2026-05-03 14:56:00,2026-05-17 00:11:00,7,2,6,2026-05-10 01:00:00
U00752,2026-03-15,2026-03-29,51-200,business,True,2026-03-20,3,2026-03-15 05:41:00,2026-03-27 11:29:00,3,7,59,2026-03-15 01:00:00
U00753,2026-01-23,2026-02-06,not_provided,pro,False,,10,2026-01-24 10:03:00,2026-02-05 13:57:00,7,5,29,2026-01-23 09:00:00
U00754,2026-03-01,2026-03-15,not_provided,business,True,2026-03-06,6,2026-03-04 06:23:00,2026-03-15 05:18:00,6,6,59,2026-03-03 03:00:00
U00755,2026-02-14,2026-02-28,200+,pro,True,2026-02-19,3,2026-02-14 04:06:00,2026-02-27 00:20:00,3,5,69,2026-02-14 15:00:00
U00756,2026-04-12,2026-04-26,200+,pro,False,,2,2026-04-15 21:55:00,2026-04-23 09:25:00,2,2,8,2026-04-19 19:00:00
U00757,2026-03-16,2026-03-30,1-10,starter,False,,7,2026-03-16 10:01:00,2026-03-30 08:58:00,7,4,31,2026-03-17 06:00:00
U00758,2026-03-18,2026-04-01,not_provided,pro,True,2026-03-24,7,2026-03-20 07:37:00,2026-04-01 15:21:00,4,9,107,2026-03-18 00:00:00
U00759,2026-03-27,2026-04-10,51-200,starter,False,,5,2026-03-28 11:24:00,2026-04-08 23:53:00,5,6,43,2026-03-29 21:00:00
U00760,2026-06-14,2026-06-28,not_provided,pro,False,,1,2026-06-26 20:30:00,2026-06-26 20:30:00,1,4,8,2026-06-15 04:00:00
U00761,2026-05-07,2026-05-21,11-50,pro,False,,9,2026-05-07 05:36:00,2026-05-18 14:42:00,7,5,41,2026-05-07 02:00:00
U00762,2026-04-30,2026-05-14,51-200,pro,False,,4,2026-05-02 00:28:00,2026-05-13 22:13:00,4,5,33,2026-04-30 09:00:00
U00763,2026-01-29,2026-02-12,51-200,pro,False,,4,2026-02-01 16:27:00,2026-02-10 08:33:00,4,3,10,2026-01-29 16:00:00
U00764,2026-04-28,2026-05-12,not_provided,business,False,,6,2026-05-02 00:22:00,2026-05-12 10:38:00,6,2,24,2026-04-30 08:00:00
U00765,2026-02-17,2026-03-03,1-10,business,False,,6,2026-02-20 21:41:00,2026-02-28 10:22:00,4,2,9,2026-02-26 00:00:00
U00766,2026-03-28,2026-04-11,51-200,pro,False,,11,2026-03-29 09:17:00,2026-04-10 14:53:00,8,4,21,2026-03-28 02:00:00
U00767,2026-02-19,2026-03-05,11-50,pro,False,,10,2026-02-21 00:57:00,2026-03-05 10:43:00,5,4,33,2026-02-19 09:00:00
U00768,2026-06-13,2026-06-27,200+,starter,True,2026-06-26,10,2026-06-14 22:38:00,2026-06-27 11:39:00,8,7,108,2026-06-13 00:00:00
U00769,2026-03-25,2026-04-08,1-10,starter,False,,9,2026-03-27 13:45:00,2026-04-08 18:07:00,8,7,85,2026-03-25 04:00:00
U00770,2026-01-25,2026-02-08,11-50,pro,False,,7,2026-01-25 14:46:00,2026-02-08 07:39:00,6,2,12,2026-01-26 05:00:00
U00771,2026-05-03,2026-05-17,51-200,pro,False,,4,2026-05-05 05:22:00,2026-05-08 02:02:00,4,3,24,2026-05-04 06:00:00
U00772,2026-01-02,2026-01-16,51-200,starter,False,,7,2026-01-05 05:18:00,2026-01-16 20:51:00,6,4,28,2026-01-02 00:00:00
U00773,2026-03-02,2026-03-16,200+,business,False,,2,2026-03-02 17:01:00,2026-03-03 04:53:00,2,4,26,2026-03-05 02:00:00
U00774,2026-03-26,2026-04-09,51-200,pro,True,2026-04-09,4,2026-03-26 03:09:00,2026-04-07 08:05:00,4,3,32,2026-03-26 12:00:00
U00775,2026-01-03,2026-01-17,51-200,business,True,2026-01-13,7,2026-01-04 00:24:00,2026-01-13 02:36:00,6,6,101,2026-01-03 01:00:00
U00776,2026-03-02,2026-03-16,1-10,business,False,,3,2026-03-04 13:54:00,2026-03-07 04:42:00,3,2,19,2026-03-03 20:00:00
U00777,2026-01-31,2026-02-14,200+,business,False,,2,2026-02-12 07:01:00,2026-02-14 19:27:00,2,4,27,2026-02-02 03:00:00
U00778,2026-02-10,2026-02-24,200+,business,False,,6,2026-02-10 10:06:00,2026-02-21 07:55:00,5,1,6,2026-02-14 06:00:00
U00779,2026-05-09,2026-05-23,not_provided,business,True,2026-05-15,3,2026-05-13 07:42:00,2026-05-19 04:16:00,3,4,39,2026-05-09 19:00:00
U00780,2026-06-13,2026-06-27,51-200,business,True,2026-06-27,8,2026-06-15 02:32:00,2026-06-26 18:12:00,6,3,22,2026-06-13 13:00:00
U00781,2026-02-26,2026-03-12,11-50,pro,True,2026-03-10,8,2026-02-28 10:29:00,2026-03-10 10:44:00,6,7,82,2026-02-27 22:00:00
U00782,2026-02-09,2026-02-23,200+,business,False,,4,2026-02-11 17:10:00,2026-02-20 11:05:00,3,3,11,2026-02-10 14:00:00
U00783,2026-06-05,2026-06-19,51-200,starter,False,,5,2026-06-07 09:28:00,2026-06-18 11:00:00,5,2,4,2026-06-07 07:00:00
U00784,2026-05-21,2026-06-04,200+,pro,True,2026-05-29,8,2026-05-21 04:26:00,2026-06-02 05:15:00,6,3,37,2026-05-21 00:00:00
U00785,2026-03-05,2026-03-19,not_provided,pro,False,,4,2026-03-05 22:14:00,2026-03-08 11:48:00,3,5,45,2026-03-05 12:00:00
U00786,2026-01-21,2026-02-04,not_provided,starter,True,2026-02-03,7,2026-01-21 16:09:00,2026-02-03 01:30:00,5,5,57,2026-01-21 05:00:00
U00787,2026-04-03,2026-04-17,1-10,pro,True,2026-04-09,13,2026-04-03 00:36:00,2026-04-16 07:43:00,8,3,39,2026-04-03 10:00:00
U00788,2026-01-16,2026-01-30,not_provided,pro,False,,7,2026-01-18 09:44:00,2026-01-30 05:18:00,6,4,18,2026-01-16 12:00:00
U00789,2026-02-21,2026-03-07,not_provided,pro,False,,5,2026-02-22 15:10:00,2026-03-02 00:10:00,5,1,8,2026-02-28 07:00:00
U00790,2026-02-08,2026-02-22,11-50,business,False,,5,2026-02-09 20:00:00,2026-02-20 17:23:00,5,3,18,2026-02-09 02:00:00
U00791,2026-05-14,2026-05-28,200+,starter,False,,9,2026-05-17 16:55:00,2026-05-26 18:38:00,6,6,84,2026-05-14 00:00:00
U00792,2026-02-22,2026-03-08,not_provided,pro,False,,7,2026-02-26 13:54:00,2026-03-08 22:05:00,6,5,36,2026-02-22 10:00:00
U00793,2026-05-06,2026-05-20,1-10,pro,False,,4,2026-05-06 04:28:00,2026-05-15 03:00:00,3,3,23,2026-05-07 07:00:00
U00794,2026-04-25,2026-05-09,1-10,starter,True,2026-05-02,1,2026-05-07 13:02:00,2026-05-07 13:02:00,1,3,13,2026-04-25 05:00:00
U00795,2026-05-12,2026-05-26,200+,starter,False,,4,2026-05-15 00:25:00,2026-05-26 13:37:00,3,3,12,2026-05-12 12:00:00
U00796,2026-05-25,2026-06-08,1-10,pro,True,2026-06-06,8,2026-05-27 23:11:00,2026-06-08 15:58:00,7,5,71,2026-05-25 02:00:00
U00797,2026-03-20,2026-04-03,not_provided,starter,False,,3,2026-03-26 00:47:00,2026-04-01 20:20:00,3,3,15,2026-03-23 06:00:00
U00798,2026-04-12,2026-04-26,51-200,starter,False,,10,2026-04-14 03:44:00,2026-04-25 21:40:00,8,5,39,2026-04-13 14:00:00
U00799,2026-02-25,2026-03-11,not_provided,starter,True,2026-03-02,2,2026-03-04 03:35:00,2026-03-08 10:56:00,2,6,73,2026-02-25 02:00:00
U00800,2026-04-19,2026-05-03,51-200,business,False,,5,2026-04-21 00:13:00,2026-05-03 02:43:00,5,6,61,2026-04-19 08:00:00
U00801,2026-01-17,2026-01-31,not_provided,starter,True,2026-01-23,1,2026-01-22 09:43:00,2026-01-22 09:43:00,1,3,29,2026-01-17 00:00:00
U00802,2026-05-01,2026-05-15,1-10,business,False,,5,2026-05-02 09:22:00,2026-05-08 00:24:00,4,4,23,2026-05-03 00:00:00
U00803,2026-04-15,2026-04-29,11-50,pro,True,2026-04-26,10,2026-04-15 06:28:00,2026-04-29 20:32:00,6,6,73,2026-04-15 16:00:00
U00804,2026-04-06,2026-04-20,200+,starter,False,,5,2026-04-07 15:03:00,2026-04-20 01:13:00,5,5,47,2026-04-06 02:00:00
U00805,2026-04-07,2026-04-21,200+,starter,True,2026-04-20,3,2026-04-16 13:35:00,2026-04-20 09:53:00,3,2,11,2026-04-07 12:00:00
U00806,2026-02-04,2026-02-18,not_provided,business,False,,8,2026-02-04 17:02:00,2026-02-17 00:15:00,8,4,49,2026-02-04 05:00:00
U00807,2026-01-31,2026-02-14,11-50,pro,True,2026-02-11,5,2026-02-04 08:13:00,2026-02-14 13:12:00,5,2,15,2026-01-31 13:00:00
U00808,2026-05-16,2026-05-30,11-50,business,False,,9,2026-05-16 04:58:00,2026-05-30 04:14:00,7,3,39,2026-05-16 20:00:00
U00809,2026-02-27,2026-03-13,1-10,starter,True,2026-03-08,13,2026-02-27 11:22:00,2026-03-12 16:34:00,8,7,67,2026-02-27 06:00:00
U00810,2026-04-29,2026-05-13,not_provided,business,True,2026-05-12,5,2026-05-01 23:03:00,2026-05-13 18:37:00,4,6,69,2026-04-29 03:00:00
U00811,2026-04-19,2026-05-03,not_provided,starter,False,,8,2026-04-22 08:33:00,2026-05-02 12:35:00,6,4,27,2026-04-22 15:00:00
U00812,2026-02-28,2026-03-14,11-50,starter,False,,10,2026-03-01 10:12:00,2026-03-14 20:53:00,8,5,50,2026-02-28 16:00:00
U00813,2026-03-30,2026-04-13,11-50,business,False,,3,2026-04-01 01:37:00,2026-04-09 10:53:00,3,5,25,2026-03-31 06:00:00
U00814,2026-02-18,2026-03-04,not_provided,starter,False,,6,2026-02-18 16:11:00,2026-03-03 07:01:00,6,4,48,2026-02-19 00:00:00
U00815,2026-01-09,2026-01-23,not_provided,starter,True,2026-01-23,15,2026-01-09 04:44:00,2026-01-23 00:05:00,9,7,108,2026-01-09 02:00:00
U00816,2026-01-05,2026-01-19,11-50,pro,False,,3,2026-01-08 14:02:00,2026-01-16 05:51:00,3,2,12,2026-01-08 04:00:00
U00817,2026-01-18,2026-02-01,1-10,pro,True,2026-01-23,8,2026-01-19 15:44:00,2026-01-31 17:37:00,6,4,36,2026-01-18 04:00:00
U00818,2026-04-25,2026-05-09,not_provided,business,False,,6,2026-04-25 19:52:00,2026-05-09 14:16:00,6,1,4,2026-04-30 18:00:00
U00819,2026-01-13,2026-01-27,11-50,business,False,,10,2026-01-13 18:15:00,2026-01-27 12:03:00,8,3,18,2026-01-13 02:00:00
U00820,2026-01-12,2026-01-26,200+,starter,False,,5,2026-01-13 12:18:00,2026-01-23 19:13:00,4,2,21,2026-01-12 05:00:00
U00821,2026-03-01,2026-03-15,not_provided,pro,False,,5,2026-03-01 19:10:00,2026-03-13 13:31:00,5,6,49,2026-03-01 01:00:00
U00822,2026-01-15,2026-01-29,11-50,pro,True,2026-01-24,1,2026-01-24 22:39:00,2026-01-24 22:39:00,1,1,4,2026-01-19 21:00:00
U00823,2026-03-01,2026-03-15,not_provided,pro,False,,2,2026-03-11 04:51:00,2026-03-14 07:05:00,2,5,26,2026-03-01 14:00:00
U00824,2026-03-23,2026-04-06,not_provided,pro,False,,1,2026-03-24 03:21:00,2026-03-24 03:21:00,1,1,2,2026-03-28 04:00:00
U00825,2026-03-24,2026-04-07,11-50,business,True,2026-03-31,4,2026-03-25 19:41:00,2026-04-01 10:35:00,4,7,48,2026-03-24 15:00:00
U00826,2026-05-14,2026-05-28,11-50,starter,True,2026-05-23,10,2026-05-16 00:20:00,2026-05-28 20:57:00,9,7,93,2026-05-14 13:00:00
U00827,2026-03-12,2026-03-26,1-10,pro,False,,10,2026-03-12 04:23:00,2026-03-26 00:23:00,7,6,43,2026-03-13 15:00:00
U00828,2026-06-01,2026-06-15,not_provided,pro,False,,8,2026-06-01 19:16:00,2026-06-14 06:37:00,8,8,106,2026-06-01 06:00:00
U00829,2026-06-10,2026-06-24,not_provided,starter,False,,8,2026-06-10 04:55:00,2026-06-24 15:59:00,7,5,73,2026-06-10 10:00:00
U00830,2026-05-23,2026-06-06,200+,starter,True,2026-06-02,7,2026-05-23 07:51:00,2026-06-04 13:53:00,6,5,44,2026-05-24 08:00:00
U00831,2026-06-14,2026-06-28,not_provided,starter,False,,7,2026-06-16 06:22:00,2026-06-26 13:57:00,6,3,17,2026-06-14 17:00:00
U00832,2026-05-15,2026-05-29,51-200,business,True,2026-05-26,3,2026-05-19 09:04:00,2026-05-24 01:23:00,3,6,83,2026-05-16 08:00:00
U00833,2026-04-15,2026-04-29,11-50,business,False,,4,2026-04-15 22:24:00,2026-04-26 14:37:00,4,2,5,2026-04-18 15:00:00
U00834,2026-04-07,2026-04-21,11-50,pro,False,,5,2026-04-13 23:59:00,2026-04-21 03:35:00,5,3,17,2026-04-08 05:00:00
U00835,2026-05-02,2026-05-16,11-50,pro,False,,5,2026-05-02 05:15:00,2026-05-16 10:45:00,5,2,23,2026-05-03 03:00:00
U00836,2026-03-18,2026-04-01,not_provided,pro,False,,11,2026-03-20 00:38:00,2026-04-01 14:24:00,10,5,49,2026-03-18 04:00:00
U00837,2026-04-29,2026-05-13,1-10,pro,False,,8,2026-05-03 15:42:00,2026-05-13 19:00:00,6,6,80,2026-04-29 15:00:00
U00838,2026-04-16,2026-04-30,200+,pro,False,,8,2026-04-16 22:53:00,2026-04-30 12:03:00,6,9,127,2026-04-16 00:00:00
U00839,2026-05-16,2026-05-30,11-50,starter,True,2026-05-24,2,2026-05-23 06:13:00,2026-05-30 23:32:00,2,3,46,2026-05-18 04:00:00
U00840,2026-03-07,2026-03-21,11-50,business,True,2026-03-13,5,2026-03-07 07:24:00,2026-03-13 12:59:00,4,4,60,2026-03-07 15:00:00
U00841,2026-04-26,2026-05-10,51-200,starter,False,,6,2026-04-26 21:41:00,2026-05-09 13:53:00,5,4,29,2026-04-26 05:00:00
U00842,2026-05-18,2026-06-01,not_provided,pro,True,2026-05-23,7,2026-05-19 16:59:00,2026-06-01 08:26:00,7,4,39,2026-05-18 04:00:00
U00843,2026-03-10,2026-03-24,200+,business,False,,15,2026-03-10 09:38:00,2026-03-24 06:52:00,11,6,57,2026-03-10 10:00:00
U00844,2026-06-04,2026-06-18,not_provided,starter,False,,8,2026-06-04 10:42:00,2026-06-18 04:13:00,7,8,105,2026-06-04 10:00:00
U00845,2026-01-19,2026-02-02,11-50,pro,False,,4,2026-01-19 19:54:00,2026-01-28 12:12:00,4,4,31,2026-01-19 03:00:00
U00846,2026-05-24,2026-06-07,11-50,starter,True,2026-06-01,8,2026-05-24 03:26:00,2026-06-07 15:22:00,6,7,93,2026-05-24 03:00:00
U00847,2026-03-27,2026-04-10,51-200,starter,False,,3,2026-03-27 01:24:00,2026-04-08 16:54:00,3,1,2,2026-03-29 02:00:00
U00848,2026-02-24,2026-03-10,11-50,business,False,,9,2026-02-24 16:49:00,2026-03-10 09:00:00,9,1,3,2026-02-24 04:00:00
U00849,2026-01-31,2026-02-14,not_provided,starter,False,,7,2026-01-31 05:02:00,2026-02-11 02:13:00,4,4,27,2026-01-31 05:00:00
U00850,2026-03-04,2026-03-18,not_provided,pro,False,,5,2026-03-05 06:23:00,2026-03-13 15:55:00,5,4,30,2026-03-04 17:00:00
U00851,2026-02-22,2026-03-08,200+,pro,True,2026-03-07,5,2026-02-24 21:27:00,2026-03-06 22:31:00,3,2,6,2026-02-26 10:00:00
U00852,2026-03-24,2026-04-07,51-200,starter,False,,6,2026-03-24 07:06:00,2026-04-04 19:16:00,5,8,55,2026-03-24 13:00:00
U00853,2026-04-30,2026-05-14,not_provided,business,False,,7,2026-05-03 00:32:00,2026-05-13 19:20:00,5,6,37,2026-04-30 15:00:00
U00854,2026-04-02,2026-04-16,51-200,business,False,,7,2026-04-04 13:01:00,2026-04-13 17:24:00,5,6,53,2026-04-03 03:00:00
U00855,2026-04-03,2026-04-17,not_provided,starter,True,2026-04-15,5,2026-04-08 02:51:00,2026-04-16 10:36:00,5,6,66,2026-04-04 00:00:00
U00856,2026-01-26,2026-02-09,not_provided,starter,False,,6,2026-01-26 22:52:00,2026-02-09 13:59:00,5,4,39,2026-01-29 08:00:00
U00857,2026-03-23,2026-04-06,11-50,business,False,,9,2026-03-23 21:56:00,2026-04-05 14:47:00,8,1,4,2026-04-02 00:00:00
U00858,2026-03-22,2026-04-05,200+,starter,True,2026-04-05,7,2026-03-22 21:30:00,2026-04-01 10:47:00,5,10,139,2026-03-22 05:00:00
U00859,2026-02-26,2026-03-12,not_provided,pro,False,,13,2026-02-26 14:37:00,2026-03-11 20:50:00,10,4,44,2026-02-26 12:00:00
U00860,2026-01-05,2026-01-19,51-200,pro,True,2026-01-19,10,2026-01-05 15:28:00,2026-01-17 05:53:00,9,4,44,2026-01-05 04:00:00
U00861,2026-05-29,2026-06-12,not_provided,starter,False,,8,2026-05-30 10:40:00,2026-06-12 15:03:00,6,3,20,2026-05-30 09:00:00
U00862,2026-03-17,2026-03-31,11-50,pro,True,2026-03-27,7,2026-03-17 07:52:00,2026-03-30 03:22:00,7,3,21,2026-03-18 04:00:00
U00863,2026-02-28,2026-03-14,200+,pro,True,2026-03-08,2,2026-03-05 14:45:00,2026-03-10 14:14:00,2,2,6,2026-03-04 17:00:00
U00864,2026-05-08,2026-05-22,not_provided,business,False,,5,2026-05-10 09:05:00,2026-05-18 05:52:00,3,5,41,2026-05-08 13:00:00
U00865,2026-03-28,2026-04-11,51-200,starter,False,,19,2026-03-28 05:57:00,2026-04-10 17:13:00,10,5,70,2026-03-28 03:00:00
U00866,2026-06-14,2026-06-28,not_provided,starter,True,2026-06-26,4,2026-06-20 12:28:00,2026-06-27 20:22:00,4,1,2,2026-06-24 10:00:00
U00867,2026-02-13,2026-02-27,not_provided,business,True,2026-02-20,18,2026-02-14 08:18:00,2026-02-27 11:27:00,11,1,14,2026-02-13 00:00:00
U00868,2026-02-05,2026-02-19,not_provided,pro,True,2026-02-17,1,2026-02-16 20:24:00,2026-02-16 20:24:00,1,5,43,2026-02-05 12:00:00
U00869,2026-02-17,2026-03-03,not_provided,business,True,2026-02-22,13,2026-02-17 05:47:00,2026-03-03 17:25:00,10,7,52,2026-02-17 03:00:00
U00870,2026-05-15,2026-05-29,1-10,starter,True,2026-05-20,5,2026-05-17 11:05:00,2026-05-28 22:00:00,4,4,42,2026-05-15 14:00:00
U00871,2026-01-02,2026-01-16,200+,pro,True,2026-01-10,4,2026-01-05 02:19:00,2026-01-10 06:03:00,3,7,54,2026-01-03 14:00:00
U00872,2026-01-18,2026-02-01,not_provided,pro,True,2026-01-23,4,2026-01-23 02:04:00,2026-01-30 17:04:00,4,3,15,2026-01-22 07:00:00
U00873,2026-02-25,2026-03-11,not_provided,starter,False,,6,2026-02-26 01:39:00,2026-03-07 16:20:00,5,4,25,2026-02-27 08:00:00
U00874,2026-04-06,2026-04-20,1-10,pro,False,,4,2026-04-06 05:32:00,2026-04-16 22:21:00,4,4,50,2026-04-06 14:00:00
U00875,2026-06-13,2026-06-27,not_provided,pro,False,,3,2026-06-15 09:47:00,2026-06-23 10:58:00,3,3,19,2026-06-13 21:00:00
U00876,2026-05-04,2026-05-18,not_provided,starter,False,,12,2026-05-04 01:20:00,2026-05-18 07:13:00,9,6,51,2026-05-04 00:00:00
U00877,2026-01-05,2026-01-19,1-10,pro,False,,6,2026-01-07 06:19:00,2026-01-17 06:10:00,4,3,15,2026-01-06 10:00:00
U00878,2026-05-22,2026-06-05,200+,starter,False,,3,2026-05-28 06:17:00,2026-06-03 14:40:00,3,5,36,2026-05-23 19:00:00
U00879,2026-01-05,2026-01-19,not_provided,business,True,2026-01-14,5,2026-01-07 19:30:00,2026-01-15 07:17:00,3,7,89,2026-01-05 01:00:00
U00880,2026-05-18,2026-06-01,51-200,starter,False,,5,2026-05-21 12:54:00,2026-05-27 13:26:00,4,4,51,2026-05-18 21:00:00
U00881,2026-05-09,2026-05-23,not_provided,business,True,2026-05-20,9,2026-05-11 09:56:00,2026-05-23 22:48:00,6,7,77,2026-05-09 04:00:00
U00882,2026-02-15,2026-03-01,1-10,starter,True,2026-02-28,6,2026-02-18 21:36:00,2026-02-27 03:25:00,5,2,15,2026-02-16 01:00:00
U00883,2026-02-08,2026-02-22,11-50,pro,False,,6,2026-02-09 00:15:00,2026-02-22 16:41:00,6,5,47,2026-02-08 10:00:00
U00884,2026-06-08,2026-06-22,not_provided,business,True,2026-06-18,2,2026-06-08 15:44:00,2026-06-09 08:34:00,2,3,18,2026-06-08 06:00:00
U00885,2026-03-10,2026-03-24,200+,starter,False,,7,2026-03-14 12:50:00,2026-03-23 15:35:00,7,7,58,2026-03-12 06:00:00
U00886,2026-04-06,2026-04-20,200+,starter,False,,14,2026-04-06 03:24:00,2026-04-18 22:15:00,9,2,7,2026-04-07 08:00:00
U00887,2026-05-25,2026-06-08,11-50,business,True,2026-06-02,5,2026-05-26 23:03:00,2026-06-07 15:42:00,5,4,47,2026-05-25 16:00:00
U00888,2026-03-18,2026-04-01,not_provided,starter,True,2026-03-23,12,2026-03-18 09:37:00,2026-04-01 03:25:00,9,7,127,2026-03-18 03:00:00
U00889,2026-01-24,2026-02-07,200+,starter,False,,2,2026-01-24 22:30:00,2026-01-31 18:06:00,2,4,37,2026-01-25 07:00:00
U00890,2026-04-07,2026-04-21,not_provided,starter,False,,7,2026-04-07 02:20:00,2026-04-16 21:19:00,5,1,17,2026-04-07 08:00:00
U00891,2026-01-15,2026-01-29,not_provided,starter,True,2026-01-22,5,2026-01-19 13:12:00,2026-01-29 15:59:00,4,4,57,2026-01-15 12:00:00
U00892,2026-01-22,2026-02-05,200+,starter,True,2026-02-01,8,2026-01-24 07:41:00,2026-02-05 20:31:00,6,4,67,2026-01-23 02:00:00
U00893,2026-05-25,2026-06-08,1-10,pro,False,,7,2026-05-27 10:11:00,2026-06-05 09:57:00,4,6,35,2026-05-25 06:00:00
U00894,2026-01-11,2026-01-25,11-50,pro,False,,4,2026-01-11 00:23:00,2026-01-17 19:18:00,3,4,37,2026-01-11 09:00:00
U00895,2026-05-26,2026-06-09,200+,business,False,,11,2026-05-27 07:00:00,2026-06-09 04:54:00,8,5,58,2026-05-26 16:00:00
U00896,2026-01-12,2026-01-26,1-10,business,False,,2,2026-01-19 04:34:00,2026-01-22 08:51:00,2,4,25,2026-01-13 21:00:00
U00897,2026-03-13,2026-03-27,not_provided,pro,True,2026-03-18,9,2026-03-13 08:05:00,2026-03-26 04:33:00,6,2,22,2026-03-14 08:00:00
U00898,2026-02-15,2026-03-01,51-200,starter,True,2026-02-23,5,2026-02-17 20:33:00,2026-03-01 00:50:00,4,2,9,2026-02-16 10:00:00
U00899,2026-05-31,2026-06-14,11-50,business,True,2026-06-11,14,2026-05-31 12:14:00,2026-06-14 20:16:00,11,6,90,2026-05-31 14:00:00
U00900,2026-01-20,2026-02-03,51-200,pro,True,2026-02-03,7,2026-01-24 07:52:00,2026-02-02 13:38:00,5,6,60,2026-01-20 13:00:00
U00901,2026-03-03,2026-03-17,not_provided,starter,True,2026-03-16,2,2026-03-03 12:04:00,2026-03-14 09:22:00,2,1,12,2026-03-07 00:00:00
U00902,2026-03-26,2026-04-09,200+,business,False,,6,2026-03-28 14:26:00,2026-04-04 17:03:00,5,2,14,2026-03-27 11:00:00
U00903,2026-02-05,2026-02-19,not_provided,business,False,,4,2026-02-08 15:46:00,2026-02-15 19:54:00,3,5,46,2026-02-05 01:00:00
U00904,2026-01-21,2026-02-04,not_provided,business,True,2026-01-31,6,2026-01-24 09:32:00,2026-02-03 05:20:00,5,6,62,2026-01-21 19:00:00
U00905,2026-01-14,2026-01-28,1-10,starter,True,2026-01-22,4,2026-01-16 15:36:00,2026-01-27 18:59:00,4,3,19,2026-01-17 04:00:00
U00906,2026-01-20,2026-02-03,51-200,pro,False,,6,2026-01-20 05:17:00,2026-02-03 07:54:00,5,3,16,2026-01-20 04:00:00
U00907,2026-06-07,2026-06-21,not_provided,starter,True,2026-06-17,5,2026-06-07 04:38:00,2026-06-15 12:14:00,4,4,46,2026-06-07 07:00:00
U00908,2026-01-08,2026-01-22,not_provided,business,True,2026-01-20,5,2026-01-08 09:05:00,2026-01-18 07:37:00,4,3,36,2026-01-08 05:00:00
U00909,2026-05-06,2026-05-20,11-50,business,True,2026-05-19,5,2026-05-06 13:06:00,2026-05-18 01:13:00,5,3,30,2026-05-07 15:00:00
U00910,2026-04-07,2026-04-21,200+,pro,False,,2,2026-04-10 11:39:00,2026-04-16 15:05:00,2,2,6,2026-04-11 15:00:00
U00911,2026-05-30,2026-06-13,not_provided,starter,False,,2,2026-05-30 01:41:00,2026-06-10 18:41:00,2,1,4,2026-06-10 17:00:00
U00912,2026-01-22,2026-02-05,not_provided,business,False,,4,2026-01-23 12:09:00,2026-02-02 15:04:00,4,1,4,2026-01-29 11:00:00
U00913,2026-03-05,2026-03-19,not_provided,starter,False,,1,2026-03-14 19:51:00,2026-03-14 19:51:00,1,5,25,2026-03-06 21:00:00
U00914,2026-01-22,2026-02-05,51-200,pro,False,,8,2026-01-22 09:50:00,2026-02-04 07:28:00,8,6,48,2026-01-22 18:00:00
U00915,2026-04-08,2026-04-22,not_provided,business,False,,7,2026-04-09 04:01:00,2026-04-20 23:39:00,7,6,72,2026-04-08 07:00:00
U00916,2026-02-09,2026-02-23,not_provided,starter,False,,7,2026-02-09 12:40:00,2026-02-19 13:13:00,5,5,46,2026-02-10 13:00:00
U00917,2026-03-23,2026-04-06,51-200,starter,False,,6,2026-03-23 01:01:00,2026-04-06 15:05:00,5,3,15,2026-03-25 15:00:00
U00918,2026-01-24,2026-02-07,1-10,business,False,,5,2026-01-27 04:16:00,2026-02-05 17:45:00,5,5,67,2026-01-24 04:00:00
U00919,2026-04-24,2026-05-08,51-200,business,True,2026-04-30,8,2026-04-24 03:06:00,2026-05-08 06:58:00,7,2,15,2026-04-29 16:00:00
U00920,2026-02-03,2026-02-17,1-10,pro,True,2026-02-14,9,2026-02-03 13:37:00,2026-02-14 11:53:00,9,4,36,2026-02-04 10:00:00
U00921,2026-04-25,2026-05-09,not_provided,pro,True,2026-05-08,17,2026-04-26 09:28:00,2026-05-09 00:11:00,10,8,100,2026-04-25 09:00:00
U00922,2026-04-15,2026-04-29,1-10,starter,True,2026-04-21,9,2026-04-15 01:57:00,2026-04-28 16:27:00,7,8,78,2026-04-15 05:00:00
U00923,2026-04-01,2026-04-15,not_provided,starter,True,2026-04-15,11,2026-04-01 17:23:00,2026-04-15 13:56:00,11,6,86,2026-04-01 03:00:00
U00924,2026-06-03,2026-06-17,51-200,starter,False,,2,2026-06-07 08:40:00,2026-06-11 01:13:00,2,3,19,2026-06-05 01:00:00
U00925,2026-01-04,2026-01-18,51-200,starter,False,,1,2026-01-08 01:17:00,2026-01-08 01:17:00,1,6,35,2026-01-05 00:00:00
U00926,2026-04-10,2026-04-24,1-10,business,True,2026-04-23,5,2026-04-11 21:13:00,2026-04-15 12:24:00,4,1,2,2026-04-18 18:00:00
U00927,2026-03-04,2026-03-18,not_provided,pro,True,2026-03-11,8,2026-03-05 11:33:00,2026-03-12 08:02:00,7,4,77,2026-03-05 09:00:00
U00928,2026-04-08,2026-04-22,11-50,pro,False,,3,2026-04-15 11:37:00,2026-04-20 16:27:00,3,5,22,2026-04-08 07:00:00
U00929,2026-03-10,2026-03-24,51-200,business,False,,6,2026-03-14 11:41:00,2026-03-21 04:34:00,6,6,52,2026-03-10 01:00:00
U00930,2026-05-07,2026-05-21,11-50,starter,False,,4,2026-05-08 14:57:00,2026-05-12 17:02:00,3,4,27,2026-05-11 20:00:00
U00931,2026-02-12,2026-02-26,200+,business,False,,3,2026-02-12 06:00:00,2026-02-20 15:38:00,2,4,36,2026-02-12 13:00:00
U00932,2026-04-18,2026-05-02,51-200,starter,True,2026-04-24,10,2026-04-20 15:48:00,2026-05-02 00:34:00,7,10,177,2026-04-18 08:00:00
U00933,2026-04-03,2026-04-17,51-200,pro,False,,8,2026-04-03 14:58:00,2026-04-15 07:35:00,6,5,22,2026-04-03 16:00:00
U00934,2026-06-10,2026-06-24,200+,pro,True,2026-06-24,2,2026-06-15 23:42:00,2026-06-17 06:56:00,2,3,25,2026-06-10 14:00:00
U00935,2026-02-20,2026-03-06,200+,starter,False,,5,2026-02-21 12:23:00,2026-03-06 03:43:00,5,3,16,2026-02-20 17:00:00
U00936,2026-02-04,2026-02-18,51-200,starter,False,,3,2026-02-04 00:39:00,2026-02-12 07:12:00,3,3,14,2026-02-10 10:00:00
U00937,2026-04-12,2026-04-26,51-200,pro,False,,4,2026-04-14 02:37:00,2026-04-15 19:45:00,2,1,9,2026-04-15 01:00:00
U00938,2026-04-08,2026-04-22,51-200,starter,False,,4,2026-04-08 11:44:00,2026-04-18 07:26:00,4,4,14,2026-04-10 15:00:00
U00939,2026-03-27,2026-04-10,200+,business,True,2026-04-10,9,2026-03-27 02:25:00,2026-04-06 08:54:00,8,7,77,2026-03-27 17:00:00
U00940,2026-02-04,2026-02-18,51-200,business,True,2026-02-18,6,2026-02-07 22:32:00,2026-02-17 09:43:00,6,6,71,2026-02-04 11:00:00
U00941,2026-02-21,2026-03-07,200+,business,False,,6,2026-02-21 17:25:00,2026-03-06 18:57:00,5,2,10,2026-02-21 12:00:00
U00942,2026-02-15,2026-03-01,200+,business,False,,10,2026-02-16 17:28:00,2026-02-27 00:05:00,8,8,76,2026-02-15 15:00:00
U00943,2026-03-16,2026-03-30,not_provided,business,True,2026-03-28,5,2026-03-16 08:45:00,2026-03-27 08:04:00,4,4,49,2026-03-17 03:00:00
U00944,2026-05-28,2026-06-11,11-50,business,False,,6,2026-05-28 11:43:00,2026-06-11 22:14:00,4,4,28,2026-05-28 21:00:00
U00945,2026-04-07,2026-04-21,51-200,starter,True,2026-04-17,5,2026-04-09 03:35:00,2026-04-18 09:08:00,5,6,76,2026-04-07 11:00:00
U00946,2026-01-30,2026-02-13,not_provided,pro,False,,5,2026-02-05 07:27:00,2026-02-09 16:34:00,3,5,31,2026-01-31 01:00:00
U00947,2026-06-01,2026-06-15,not_provided,pro,True,2026-06-14,9,2026-06-01 02:46:00,2026-06-15 20:10:00,8,6,87,2026-06-01 01:00:00
U00948,2026-01-07,2026-01-21,not_provided,starter,True,2026-01-15,5,2026-01-09 10:21:00,2026-01-18 17:01:00,5,4,30,2026-01-07 15:00:00
U00949,2026-04-23,2026-05-07,51-200,business,False,,11,2026-04-23 20:23:00,2026-05-07 02:58:00,8,3,60,2026-04-23 03:00:00
U00950,2026-01-18,2026-02-01,200+,business,False,,5,2026-01-18 03:06:00,2026-01-31 20:02:00,4,3,25,2026-01-22 22:00:00
U00951,2026-05-08,2026-05-22,11-50,business,False,,4,2026-05-10 05:14:00,2026-05-18 20:38:00,3,2,3,2026-05-09 10:00:00
U00952,2026-03-19,2026-04-02,11-50,business,False,,6,2026-03-21 08:44:00,2026-04-02 01:00:00,5,6,47,2026-03-19 11:00:00
U00953,2026-02-09,2026-02-23,not_provided,starter,False,,1,2026-02-09 22:51:00,2026-02-09 22:51:00,1,3,9,2026-02-13 13:00:00
U00954,2026-04-07,2026-04-21,1-10,starter,True,2026-04-21,7,2026-04-11 01:46:00,2026-04-21 22:05:00,4,6,84,2026-04-07 01:00:00
U00955,2026-05-03,2026-05-17,not_provided,starter,False,,3,2026-05-08 16:12:00,2026-05-17 17:34:00,3,5,44,2026-05-03 07:00:00
U00956,2026-05-17,2026-05-31,not_provided,business,False,,10,2026-05-20 05:49:00,2026-05-30 21:51:00,8,6,69,2026-05-17 06:00:00
U00957,2026-04-18,2026-05-02,not_provided,starter,False,,5,2026-04-18 14:12:00,2026-04-27 05:34:00,4,4,38,2026-04-18 09:00:00
U00958,2026-04-03,2026-04-17,not_provided,pro,False,,3,2026-04-14 14:28:00,2026-04-17 19:48:00,2,5,38,2026-04-03 08:00:00
U00959,2026-06-02,2026-06-16,not_provided,starter,False,,3,2026-06-05 17:59:00,2026-06-08 04:21:00,3,1,1,2026-06-04 11:00:00
U00960,2026-01-28,2026-02-11,11-50,business,False,,3,2026-01-29 11:02:00,2026-02-08 22:40:00,3,4,34,2026-02-01 00:00:00
U00961,2026-04-01,2026-04-15,11-50,business,False,,7,2026-04-02 04:15:00,2026-04-14 07:48:00,7,4,35,2026-04-02 23:00:00
U00962,2026-06-06,2026-06-20,1-10,pro,False,,4,2026-06-07 22:03:00,2026-06-20 05:51:00,4,4,12,2026-06-08 03:00:00
U00963,2026-06-15,2026-06-29,not_provided,business,True,2026-06-26,4,2026-06-20 09:21:00,2026-06-25 13:02:00,4,7,64,2026-06-15 00:00:00
U00964,2026-03-26,2026-04-09,200+,starter,True,2026-03-31,9,2026-03-28 15:11:00,2026-04-08 11:20:00,7,4,57,2026-03-26 03:00:00
U00965,2026-01-26,2026-02-09,51-200,pro,False,,7,2026-01-29 00:50:00,2026-02-09 19:38:00,5,6,75,2026-01-26 15:00:00
U00966,2026-05-11,2026-05-25,not_provided,pro,False,,3,2026-05-13 06:17:00,2026-05-25 04:58:00,3,4,59,2026-05-11 04:00:00
U00967,2026-05-23,2026-06-06,not_provided,business,False,,5,2026-05-25 11:38:00,2026-06-05 16:58:00,5,3,11,2026-05-26 13:00:00
U00968,2026-05-28,2026-06-11,11-50,starter,False,,6,2026-05-29 07:16:00,2026-06-08 10:18:00,5,2,15,2026-05-29 19:00:00
U00969,2026-04-06,2026-04-20,200+,starter,False,,7,2026-04-09 02:56:00,2026-04-20 02:33:00,4,6,23,2026-04-06 03:00:00
U00970,2026-05-31,2026-06-14,not_provided,pro,False,,6,2026-06-02 03:37:00,2026-06-14 10:51:00,5,5,26,2026-05-31 04:00:00
U00971,2026-02-08,2026-02-22,51-200,starter,False,,5,2026-02-13 04:36:00,2026-02-20 15:07:00,3,6,35,2026-02-09 21:00:00
U00972,2026-05-04,2026-05-18,1-10,business,False,,18,2026-05-04 02:56:00,2026-05-16 13:34:00,11,8,101,2026-05-04 16:00:00
U00973,2026-04-17,2026-05-01,1-10,starter,False,,5,2026-04-20 13:53:00,2026-04-27 23:04:00,4,5,48,2026-04-17 05:00:00
U00974,2026-02-06,2026-02-20,51-200,business,True,2026-02-16,6,2026-02-06 01:01:00,2026-02-18 01:30:00,5,3,15,2026-02-08 07:00:00
U00975,2026-04-27,2026-05-11,11-50,pro,True,2026-05-09,11,2026-04-28 05:13:00,2026-05-11 18:48:00,8,7,116,2026-04-27 00:00:00
U00976,2026-03-31,2026-04-14,200+,starter,False,,7,2026-04-01 06:34:00,2026-04-14 14:34:00,6,6,62,2026-03-31 19:00:00
U00977,2026-04-23,2026-05-07,not_provided,business,True,2026-05-05,6,2026-04-23 09:43:00,2026-05-05 12:56:00,5,6,63,2026-04-23 15:00:00
U00978,2026-03-23,2026-04-06,1-10,business,True,2026-03-28,6,2026-03-24 19:25:00,2026-04-05 08:24:00,6,2,23,2026-03-23 00:00:00
U00979,2026-01-30,2026-02-13,1-10,business,False,,1,2026-02-07 18:24:00,2026-02-07 18:24:00,1,4,31,2026-01-30 14:00:00
U00980,2026-06-15,2026-06-29,1-10,business,False,,8,2026-06-15 00:17:00,2026-06-29 00:13:00,6,5,48,2026-06-16 00:00:00
U00981,2026-02-12,2026-02-26,not_provided,pro,True,2026-02-25,7,2026-02-13 17:07:00,2026-02-22 01:54:00,7,7,109,2026-02-12 16:00:00
U00982,2026-02-14,2026-02-28,not_provided,pro,False,,16,2026-02-15 06:41:00,2026-02-28 04:06:00,10,5,52,2026-02-15 11:00:00
U00983,2026-03-26,2026-04-09,not_provided,starter,True,2026-04-07,3,2026-03-29 21:44:00,2026-04-02 02:27:00,3,4,26,2026-03-26 02:00:00
U00984,2026-03-01,2026-03-15,200+,business,True,2026-03-08,8,2026-03-02 15:39:00,2026-03-15 07:43:00,7,6,76,2026-03-01 00:00:00
U00985,2026-02-17,2026-03-03,not_provided,business,True,2026-02-28,4,2026-02-18 19:44:00,2026-03-01 10:06:00,4,5,74,2026-02-17 05:00:00
U00986,2026-04-12,2026-04-26,1-10,business,False,,6,2026-04-13 22:34:00,2026-04-26 03:52:00,6,5,41,2026-04-13 18:00:00
U00987,2026-06-07,2026-06-21,11-50,starter,False,,4,2026-06-08 06:46:00,2026-06-21 15:38:00,4,2,8,2026-06-07 07:00:00
U00988,2026-06-01,2026-06-15,200+,starter,True,2026-06-06,5,2026-06-03 20:17:00,2026-06-13 19:02:00,4,6,53,2026-06-01 10:00:00
U00989,2026-02-24,2026-03-10,11-50,business,False,,7,2026-02-24 22:58:00,2026-03-03 00:30:00,7,4,29,2026-02-25 04:00:00
U00990,2026-01-17,2026-01-31,not_provided,starter,False,,4,2026-01-19 23:15:00,2026-01-29 01:26:00,4,3,44,2026-01-17 21:00:00
U00991,2026-05-18,2026-06-01,11-50,business,False,,10,2026-05-18 22:38:00,2026-05-29 08:15:00,9,3,22,2026-05-19 09:00:00
U00992,2026-03-25,2026-04-08,11-50,starter,False,,4,2026-03-26 21:40:00,2026-04-08 06:29:00,4,5,34,2026-03-27 02:00:00
U00993,2026-01-30,2026-02-13,51-200,business,True,2026-02-11,8,2026-01-30 20:11:00,2026-02-09 02:01:00,7,5,52,2026-01-31 08:00:00
U00994,2026-05-16,2026-05-30,not_provided,business,False,,11,2026-05-17 23:33:00,2026-05-30 19:16:00,8,4,26,2026-05-16 20:00:00
U00995,2026-06-02,2026-06-16,200+,pro,True,2026-06-13,11,2026-06-02 01:48:00,2026-06-15 15:25:00,7,1,6,2026-06-04 09:00:00
U00996,2026-05-31,2026-06-14,1-10,business,False,,4,2026-06-03 08:18:00,2026-06-10 12:33:00,3,4,25,2026-05-31 05:00:00
U00997,2026-04-01,2026-04-15,200+,pro,False,,8,2026-04-02 00:48:00,2026-04-14 13:37:00,7,6,38,2026-04-02 04:00:00
U00998,2026-02-14,2026-02-28,not_provided,business,True,2026-02-23,10,2026-02-14 08:20:00,2026-02-27 22:47:00,7,4,34,2026-02-14 06:00:00
U00999,2026-06-07,2026-06-21,not_provided,starter,False,,5,2026-06-07 21:54:00,2026-06-21 10:51:00,4,2,17,2026-06-09 08:00:00
U01000,2026-02-04,2026-02-18,51-200,starter,True,2026-02-12,3,2026-02-12 02:40:00,2026-02-16 12:55:00,2,2,20,2026-02-04 01:00:00
U01001,2026-03-20,2026-04-03,1-10,pro,True,2026-03-30,8,2026-03-20 02:54:00,2026-04-01 23:26:00,7,4,22,2026-03-22 01:00:00
U01002,2026-02-06,2026-02-20,not_provided,starter,True,2026-02-17,6,2026-02-08 01:12:00,2026-02-20 06:24:00,4,6,64,2026-02-06 00:00:00
U01003,2026-06-02,2026-06-16,11-50,pro,False,,4,2026-06-03 15:45:00,2026-06-09 07:53:00,3,4,40,2026-06-02 18:00:00
U01004,2026-04-09,2026-04-23,200+,pro,False,,3,2026-04-13 08:55:00,2026-04-23 04:24:00,3,7,51,2026-04-09 06:00:00
U01005,2026-05-05,2026-05-19,not_provided,pro,False,,5,2026-05-12 17:20:00,2026-05-18 15:16:00,5,7,58,2026-05-06 03:00:00
U01006,2026-06-15,2026-06-29,11-50,pro,False,,2,2026-06-17 18:22:00,2026-06-22 23:29:00,2,2,8,2026-06-19 09:00:00
U01007,2026-02-12,2026-02-26,200+,business,True,2026-02-19,11,2026-02-12 15:26:00,2026-02-26 00:48:00,10,7,79,2026-02-12 06:00:00
U01008,2026-02-17,2026-03-03,51-200,starter,True,2026-03-03,9,2026-02-17 23:15:00,2026-03-02 18:47:00,7,7,81,2026-02-17 12:00:00
U01009,2026-01-14,2026-01-28,51-200,starter,False,,6,2026-01-15 02:38:00,2026-01-27 10:05:00,6,2,5,2026-01-19 22:00:00
U01010,2026-05-05,2026-05-19,11-50,pro,False,,7,2026-05-05 16:41:00,2026-05-16 14:46:00,4,7,58,2026-05-05 12:00:00
U01011,2026-04-09,2026-04-23,not_provided,pro,True,2026-04-21,7,2026-04-11 04:04:00,2026-04-23 09:54:00,6,2,25,2026-04-14 07:00:00
U01012,2026-04-15,2026-04-29,not_provided,starter,True,2026-04-26,14,2026-04-15 04:22:00,2026-04-29 23:55:00,11,6,71,2026-04-15 03:00:00
U01013,2026-04-24,2026-05-08,200+,pro,True,2026-04-30,4,2026-04-27 08:57:00,2026-05-04 05:44:00,3,3,16,2026-04-28 23:00:00
U01014,2026-05-25,2026-06-08,1-10,pro,False,,3,2026-05-30 16:53:00,2026-06-08 05:35:00,3,1,1,2026-05-25 11:00:00
U01015,2026-03-16,2026-03-30,1-10,business,False,,1,2026-03-22 14:22:00,2026-03-22 14:22:00,1,1,4,2026-03-18 10:00:00
U01016,2026-02-27,2026-03-13,not_provided,business,True,2026-03-06,4,2026-03-02 17:04:00,2026-03-08 07:19:00,3,3,41,2026-02-27 00:00:00
U01017,2026-04-28,2026-05-12,not_provided,business,False,,8,2026-04-30 02:32:00,2026-05-12 05:06:00,8,6,60,2026-04-28 07:00:00
U01018,2026-05-07,2026-05-21,not_provided,pro,False,,6,2026-05-10 02:21:00,2026-05-21 01:39:00,5,5,37,2026-05-07 00:00:00
U01019,2026-01-29,2026-02-12,not_provided,starter,False,,6,2026-02-01 23:51:00,2026-02-12 09:07:00,4,3,17,2026-01-31 09:00:00
U01020,2026-03-10,2026-03-24,not_provided,business,True,2026-03-23,5,2026-03-10 01:57:00,2026-03-24 19:58:00,3,4,24,2026-03-10 20:00:00
U01021,2026-01-11,2026-01-25,not_provided,starter,False,,6,2026-01-13 00:33:00,2026-01-24 19:36:00,4,5,28,2026-01-13 05:00:00
U01022,2026-05-20,2026-06-03,11-50,starter,False,,5,2026-05-20 22:12:00,2026-05-31 00:00:00,4,2,10,2026-05-21 01:00:00
U01023,2026-01-27,2026-02-10,not_provided,business,True,2026-02-04,3,2026-01-27 01:41:00,2026-02-10 08:35:00,3,4,9,2026-01-30 04:00:00
U01024,2026-03-18,2026-04-01,1-10,starter,True,2026-03-27,5,2026-03-18 12:02:00,2026-03-29 04:58:00,5,7,74,2026-03-18 03:00:00
U01025,2026-03-31,2026-04-14,1-10,starter,True,2026-04-06,2,2026-04-02 05:16:00,2026-04-12 11:54:00,2,5,54,2026-03-31 01:00:00
U01026,2026-03-02,2026-03-16,11-50,business,False,,3,2026-03-02 22:37:00,2026-03-15 02:40:00,3,4,20,2026-03-02 12:00:00
U01027,2026-05-31,2026-06-14,not_provided,business,True,2026-06-14,2,2026-05-31 03:57:00,2026-06-06 12:44:00,2,1,6,2026-06-05 05:00:00
U01028,2026-06-11,2026-06-25,200+,pro,False,,4,2026-06-12 06:24:00,2026-06-22 12:22:00,4,5,41,2026-06-11 16:00:00
U01029,2026-06-07,2026-06-21,11-50,pro,False,,4,2026-06-13 20:08:00,2026-06-21 02:06:00,4,4,25,2026-06-09 20:00:00
U01030,2026-02-22,2026-03-08,1-10,pro,False,,7,2026-02-23 23:46:00,2026-03-08 02:48:00,6,9,33,2026-02-22 03:00:00
U01031,2026-03-31,2026-04-14,not_provided,business,True,2026-04-14,5,2026-03-31 17:16:00,2026-04-13 18:21:00,5,7,42,2026-03-31 00:00:00
U01032,2026-05-18,2026-06-01,11-50,business,False,,6,2026-05-21 11:13:00,2026-05-31 20:33:00,4,4,35,2026-05-18 15:00:00
U01033,2026-03-16,2026-03-30,51-200,pro,False,,4,2026-03-23 13:40:00,2026-03-30 16:32:00,4,1,4,2026-03-23 08:00:00
U01034,2026-03-10,2026-03-24,not_provided,business,False,,9,2026-03-11 07:22:00,2026-03-23 18:30:00,6,5,41,2026-03-10 00:00:00
U01035,2026-01-25,2026-02-08,11-50,starter,False,,4,2026-01-29 10:14:00,2026-02-06 20:27:00,3,1,4,2026-01-27 19:00:00
U01036,2026-01-16,2026-01-30,51-200,business,True,2026-01-23,7,2026-01-16 03:25:00,2026-01-29 01:05:00,5,6,118,2026-01-16 02:00:00
U01037,2026-02-03,2026-02-17,11-50,pro,False,,6,2026-02-07 00:50:00,2026-02-15 20:55:00,3,4,23,2026-02-04 18:00:00
U01038,2026-03-24,2026-04-07,11-50,business,False,,5,2026-03-29 08:17:00,2026-04-07 09:35:00,5,4,17,2026-03-24 01:00:00
U01039,2026-04-11,2026-04-25,200+,pro,True,2026-04-25,10,2026-04-11 19:56:00,2026-04-24 08:59:00,9,7,108,2026-04-11 11:00:00
U01040,2026-06-11,2026-06-25,51-200,business,False,,1,2026-06-13 02:56:00,2026-06-13 02:56:00,1,1,2,2026-06-22 03:00:00
U01041,2026-04-17,2026-05-01,200+,starter,False,,4,2026-04-18 05:24:00,2026-04-28 20:53:00,4,2,11,2026-04-21 15:00:00
U01042,2026-01-20,2026-02-03,not_provided,starter,False,,4,2026-01-24 06:38:00,2026-02-02 15:53:00,4,3,22,2026-01-21 14:00:00
U01043,2026-04-14,2026-04-28,not_provided,business,False,,9,2026-04-18 03:50:00,2026-04-28 08:39:00,7,3,14,2026-04-21 05:00:00
U01044,2026-03-13,2026-03-27,not_provided,business,False,,4,2026-03-16 13:34:00,2026-03-23 22:13:00,4,1,17,2026-03-14 23:00:00
U01045,2026-04-27,2026-05-11,200+,business,False,,2,2026-04-28 10:55:00,2026-04-29 23:00:00,2,3,14,2026-04-28 14:00:00
U01046,2026-05-29,2026-06-12,1-10,business,False,,3,2026-06-03 06:23:00,2026-06-10 19:54:00,3,5,52,2026-05-29 02:00:00
U01047,2026-01-24,2026-02-07,not_provided,starter,False,,2,2026-01-25 03:21:00,2026-01-31 03:03:00,2,4,29,2026-01-25 10:00:00
U01048,2026-06-12,2026-06-26,not_provided,business,True,2026-06-22,14,2026-06-14 05:22:00,2026-06-26 20:23:00,10,6,78,2026-06-12 09:00:00
U01049,2026-01-17,2026-01-31,not_provided,starter,False,,5,2026-01-18 08:25:00,2026-01-27 22:06:00,4,5,32,2026-01-19 07:00:00
U01050,2026-02-25,2026-03-11,200+,pro,False,,1,2026-03-07 18:31:00,2026-03-07 18:31:00,1,3,28,2026-02-25 03:00:00
U01051,2026-05-07,2026-05-21,51-200,business,True,2026-05-16,11,2026-05-07 03:29:00,2026-05-18 19:11:00,7,8,120,2026-05-08 11:00:00
U01052,2026-03-28,2026-04-11,not_provided,pro,False,,4,2026-03-29 23:51:00,2026-04-07 17:49:00,4,3,18,2026-03-28 23:00:00
U01053,2026-02-03,2026-02-17,not_provided,starter,True,2026-02-13,11,2026-02-03 15:03:00,2026-02-17 21:50:00,10,6,63,2026-02-03 00:00:00
U01054,2026-01-13,2026-01-27,1-10,starter,True,2026-01-25,7,2026-01-15 16:55:00,2026-01-26 11:35:00,5,2,23,2026-01-13 15:00:00
U01055,2026-01-05,2026-01-19,1-10,pro,False,,4,2026-01-06 08:40:00,2026-01-15 04:12:00,4,4,13,2026-01-07 12:00:00
U01056,2026-04-23,2026-05-07,200+,starter,False,,2,2026-05-06 10:51:00,2026-05-07 03:37:00,2,3,12,2026-04-29 01:00:00
U01057,2026-04-20,2026-05-04,11-50,business,True,2026-04-27,3,2026-04-25 21:52:00,2026-04-26 11:44:00,2,5,42,2026-04-21 08:00:00
U01058,2026-06-16,2026-06-30,51-200,pro,False,,4,2026-06-17 06:24:00,2026-06-28 22:34:00,4,3,13,2026-06-16 08:00:00
U01059,2026-03-12,2026-03-26,1-10,business,False,,6,2026-03-12 06:35:00,2026-03-25 15:05:00,6,7,60,2026-03-12 05:00:00
U01060,2026-04-03,2026-04-17,51-200,starter,False,,4,2026-04-04 05:28:00,2026-04-17 12:00:00,4,2,22,2026-04-03 00:00:00
U01061,2026-04-06,2026-04-20,not_provided,business,False,,6,2026-04-06 15:26:00,2026-04-20 09:29:00,4,5,35,2026-04-07 14:00:00
U01062,2026-02-12,2026-02-26,1-10,starter,True,2026-02-21,7,2026-02-12 07:56:00,2026-02-20 16:54:00,5,8,104,2026-02-12 06:00:00
U01063,2026-03-01,2026-03-15,200+,business,True,2026-03-07,9,2026-03-01 10:45:00,2026-03-13 18:02:00,8,3,24,2026-03-02 07:00:00
U01064,2026-01-25,2026-02-08,1-10,pro,False,,5,2026-01-26 10:59:00,2026-02-06 10:10:00,5,2,4,2026-01-26 08:00:00
U01065,2026-05-03,2026-05-17,1-10,pro,False,,9,2026-05-03 13:23:00,2026-05-17 10:54:00,8,4,55,2026-05-04 05:00:00
U01066,2026-06-01,2026-06-15,11-50,pro,False,,4,2026-06-02 00:56:00,2026-06-10 10:23:00,4,4,27,2026-06-04 10:00:00
U01067,2026-04-24,2026-05-08,1-10,starter,False,,7,2026-04-24 10:05:00,2026-05-08 15:05:00,7,4,16,2026-04-25 19:00:00
U01068,2026-03-29,2026-04-12,1-10,starter,False,,3,2026-03-30 17:29:00,2026-04-06 07:48:00,3,3,21,2026-03-29 07:00:00
U01069,2026-02-03,2026-02-17,200+,starter,True,2026-02-11,10,2026-02-04 00:19:00,2026-02-17 15:57:00,9,7,81,2026-02-03 02:00:00
U01070,2026-04-09,2026-04-23,1-10,business,False,,5,2026-04-11 15:03:00,2026-04-23 17:54:00,5,4,21,2026-04-09 01:00:00
U01071,2026-01-27,2026-02-10,1-10,business,False,,4,2026-02-02 03:06:00,2026-02-10 14:23:00,4,6,61,2026-01-28 06:00:00
U01072,2026-04-05,2026-04-19,51-200,pro,False,,10,2026-04-06 06:33:00,2026-04-19 20:45:00,8,7,55,2026-04-05 10:00:00
U01073,2026-04-08,2026-04-22,11-50,business,False,,8,2026-04-09 21:50:00,2026-04-22 14:56:00,6,4,48,2026-04-08 07:00:00
U01074,2026-02-06,2026-02-20,1-10,pro,False,,9,2026-02-09 10:28:00,2026-02-19 22:56:00,6,5,46,2026-02-06 13:00:00
U01075,2026-05-25,2026-06-08,1-10,pro,False,,8,2026-05-27 16:21:00,2026-06-08 04:33:00,7,7,76,2026-05-26 01:00:00
U01076,2026-06-16,2026-06-30,11-50,starter,True,2026-06-26,9,2026-06-16 02:39:00,2026-06-24 15:36:00,5,7,69,2026-06-16 12:00:00
U01077,2026-02-24,2026-03-10,not_provided,business,True,2026-03-03,8,2026-02-26 16:31:00,2026-03-08 13:11:00,6,3,16,2026-02-24 06:00:00
U01078,2026-04-16,2026-04-30,not_provided,business,True,2026-04-28,5,2026-04-16 04:43:00,2026-04-20 16:31:00,3,3,27,2026-04-16 00:00:00
U01079,2026-02-25,2026-03-11,1-10,starter,False,,4,2026-03-02 05:25:00,2026-03-07 22:04:00,3,3,23,2026-02-26 11:00:00
U01080,2026-02-05,2026-02-19,1-10,pro,False,,4,2026-02-08 00:36:00,2026-02-13 10:18:00,3,3,13,2026-02-07 20:00:00
U01081,2026-04-09,2026-04-23,51-200,starter,True,2026-04-19,11,2026-04-09 19:08:00,2026-04-20 21:34:00,7,5,61,2026-04-09 21:00:00
U01082,2026-02-05,2026-02-19,11-50,business,True,2026-02-11,11,2026-02-06 09:38:00,2026-02-19 14:21:00,9,8,97,2026-02-05 20:00:00
U01083,2026-03-05,2026-03-19,not_provided,pro,False,,14,2026-03-07 09:41:00,2026-03-19 16:55:00,10,5,38,2026-03-05 06:00:00
U01084,2026-06-03,2026-06-17,not_provided,pro,True,2026-06-12,4,2026-06-12 02:26:00,2026-06-14 01:36:00,3,5,55,2026-06-03 00:00:00
U01085,2026-01-07,2026-01-21,not_provided,business,False,,8,2026-01-07 19:48:00,2026-01-21 20:03:00,6,3,13,2026-01-08 06:00:00
U01086,2026-02-22,2026-03-08,not_provided,pro,True,2026-03-07,9,2026-02-24 19:51:00,2026-03-08 00:40:00,8,5,67,2026-02-23 09:00:00
U01087,2026-02-18,2026-03-04,not_provided,starter,True,2026-02-27,12,2026-02-20 13:49:00,2026-03-03 14:26:00,8,5,74,2026-02-18 00:00:00
U01088,2026-06-15,2026-06-29,1-10,pro,False,,5,2026-06-18 21:36:00,2026-06-27 22:22:00,5,7,68,2026-06-15 15:00:00
U01089,2026-05-07,2026-05-21,200+,starter,False,,5,2026-05-07 05:14:00,2026-05-21 07:15:00,4,4,24,2026-05-07 07:00:00
U01090,2026-03-03,2026-03-17,200+,business,False,,8,2026-03-03 07:14:00,2026-03-17 08:01:00,6,3,45,2026-03-03 03:00:00
U01091,2026-06-02,2026-06-16,1-10,pro,False,,9,2026-06-06 04:09:00,2026-06-16 00:22:00,8,6,65,2026-06-02 03:00:00
U01092,2026-01-04,2026-01-18,51-200,business,True,2026-01-11,10,2026-01-05 10:44:00,2026-01-18 22:27:00,8,5,53,2026-01-04 14:00:00
U01093,2026-04-10,2026-04-24,not_provided,starter,False,,6,2026-04-10 16:02:00,2026-04-19 14:29:00,6,4,25,2026-04-10 00:00:00
U01094,2026-04-04,2026-04-18,not_provided,business,True,2026-04-11,8,2026-04-05 16:52:00,2026-04-18 13:59:00,7,5,71,2026-04-04 01:00:00
U01095,2026-05-01,2026-05-15,1-10,starter,True,2026-05-15,2,2026-05-06 12:48:00,2026-05-06 20:02:00,1,4,42,2026-05-01 12:00:00
U01096,2026-01-18,2026-02-01,1-10,business,False,,12,2026-01-18 15:09:00,2026-02-01 02:16:00,9,6,27,2026-01-20 02:00:00
U01097,2026-02-25,2026-03-11,1-10,starter,True,2026-03-08,3,2026-03-01 18:02:00,2026-03-05 16:46:00,3,5,59,2026-02-25 10:00:00
U01098,2026-05-10,2026-05-24,51-200,business,True,2026-05-23,5,2026-05-15 21:38:00,2026-05-24 02:32:00,5,6,48,2026-05-10 05:00:00
U01099,2026-04-17,2026-05-01,200+,business,True,2026-04-28,4,2026-04-20 15:45:00,2026-04-28 01:08:00,3,3,30,2026-04-19 08:00:00
U01100,2026-01-22,2026-02-05,not_provided,pro,False,,3,2026-01-23 12:31:00,2026-02-03 07:01:00,2,6,28,2026-01-22 11:00:00
U01101,2026-05-18,2026-06-01,not_provided,pro,True,2026-05-27,12,2026-05-18 00:37:00,2026-05-28 04:00:00,9,5,71,2026-05-18 07:00:00
U01102,2026-01-22,2026-02-05,51-200,starter,True,2026-02-04,6,2026-01-23 14:36:00,2026-01-31 07:01:00,5,3,15,2026-01-24 14:00:00
U01103,2026-02-22,2026-03-08,11-50,pro,True,2026-03-04,10,2026-02-22 05:08:00,2026-03-07 08:06:00,7,2,36,2026-02-23 03:00:00
U01104,2026-04-11,2026-04-25,not_provided,business,False,,7,2026-04-14 18:08:00,2026-04-23 08:31:00,6,2,4,2026-04-11 04:00:00
U01105,2026-06-16,2026-06-30,not_provided,business,True,2026-06-22,6,2026-06-16 07:04:00,2026-06-30 17:02:00,5,6,67,2026-06-16 03:00:00
U01106,2026-03-21,2026-04-04,not_provided,starter,True,2026-03-29,5,2026-03-22 00:16:00,2026-04-04 08:50:00,5,6,36,2026-03-22 02:00:00
U01107,2026-01-15,2026-01-29,11-50,starter,False,,4,2026-01-23 17:42:00,2026-01-29 09:46:00,4,6,52,2026-01-15 12:00:00
U01108,2026-04-22,2026-05-06,1-10,starter,False,,15,2026-04-23 08:05:00,2026-05-05 18:42:00,8,7,97,2026-04-22 01:00:00
U01109,2026-06-06,2026-06-20,not_provided,starter,False,,1,2026-06-17 08:01:00,2026-06-17 08:01:00,1,4,16,2026-06-07 01:00:00
U01110,2026-03-21,2026-04-04,not_provided,business,False,,14,2026-03-21 07:10:00,2026-04-04 09:01:00,8,4,28,2026-03-21 05:00:00
U01111,2026-02-14,2026-02-28,1-10,starter,False,,6,2026-02-14 01:58:00,2026-02-26 20:40:00,4,3,16,2026-02-15 23:00:00
U01112,2026-02-05,2026-02-19,not_provided,starter,False,,4,2026-02-12 03:36:00,2026-02-15 15:20:00,3,5,34,2026-02-06 03:00:00
U01113,2026-02-11,2026-02-25,200+,business,False,,4,2026-02-12 11:21:00,2026-02-24 01:02:00,4,3,34,2026-02-11 09:00:00
U01114,2026-05-14,2026-05-28,not_provided,business,False,,1,2026-05-24 21:33:00,2026-05-24 21:33:00,1,3,11,2026-05-16 05:00:00
U01115,2026-03-08,2026-03-22,11-50,business,False,,7,2026-03-11 00:56:00,2026-03-21 06:46:00,6,5,65,2026-03-08 18:00:00
U01116,2026-02-02,2026-02-16,not_provided,business,False,,1,2026-02-12 14:15:00,2026-02-12 14:15:00,1,5,52,2026-02-03 04:00:00
U01117,2026-01-31,2026-02-14,1-10,business,False,,11,2026-02-03 18:55:00,2026-02-14 19:24:00,8,5,40,2026-01-31 22:00:00
U01118,2026-04-20,2026-05-04,51-200,pro,False,,5,2026-04-26 04:21:00,2026-05-04 11:48:00,5,2,8,2026-04-23 10:00:00
U01119,2026-01-17,2026-01-31,51-200,business,False,,5,2026-01-17 03:18:00,2026-01-26 22:15:00,5,5,30,2026-01-17 17:00:00
U01120,2026-05-28,2026-06-11,not_provided,starter,True,2026-06-09,9,2026-05-28 00:03:00,2026-06-09 08:49:00,6,8,121,2026-05-28 03:00:00
U01121,2026-04-27,2026-05-11,not_provided,business,False,,8,2026-04-27 21:47:00,2026-05-09 21:43:00,6,5,30,2026-04-29 14:00:00
U01122,2026-01-15,2026-01-29,200+,pro,False,,7,2026-01-16 20:40:00,2026-01-29 04:01:00,6,4,58,2026-01-15 02:00:00
U01123,2026-02-12,2026-02-26,51-200,pro,False,,4,2026-02-16 03:44:00,2026-02-21 07:27:00,4,2,6,2026-02-14 04:00:00
U01124,2026-03-07,2026-03-21,1-10,pro,True,2026-03-13,11,2026-03-09 19:26:00,2026-03-21 20:51:00,8,5,45,2026-03-09 08:00:00
U01125,2026-02-28,2026-03-14,not_provided,pro,True,2026-03-05,5,2026-03-04 00:38:00,2026-03-13 10:20:00,4,5,46,2026-03-01 20:00:00
U01126,2026-01-12,2026-01-26,1-10,pro,False,,7,2026-01-12 22:46:00,2026-01-24 20:58:00,5,2,5,2026-01-14 17:00:00
U01127,2026-01-12,2026-01-26,200+,business,True,2026-01-23,8,2026-01-13 02:30:00,2026-01-24 11:04:00,6,8,76,2026-01-12 01:00:00
U01128,2026-02-08,2026-02-22,11-50,starter,True,2026-02-21,2,2026-02-10 11:25:00,2026-02-14 14:00:00,2,5,28,2026-02-10 00:00:00
U01129,2026-04-18,2026-05-02,11-50,business,True,2026-04-26,10,2026-04-18 23:32:00,2026-05-01 13:06:00,9,5,77,2026-04-18 02:00:00
U01130,2026-04-17,2026-05-01,not_provided,business,False,,1,2026-04-25 11:09:00,2026-04-25 11:09:00,1,6,64,2026-04-17 09:00:00
U01131,2026-03-11,2026-03-25,1-10,pro,True,2026-03-21,7,2026-03-17 21:45:00,2026-03-24 00:35:00,6,3,44,2026-03-11 16:00:00
U01132,2026-01-31,2026-02-14,not_provided,business,True,2026-02-05,1,2026-02-05 02:43:00,2026-02-05 02:43:00,1,2,7,2026-02-02 16:00:00
U01133,2026-02-15,2026-03-01,11-50,pro,False,,5,2026-02-15 11:56:00,2026-02-26 04:08:00,5,6,53,2026-02-15 11:00:00
U01134,2026-01-12,2026-01-26,200+,starter,True,2026-01-24,5,2026-01-12 22:57:00,2026-01-22 04:56:00,4,6,39,2026-01-12 09:00:00
U01135,2026-03-14,2026-03-28,51-200,business,True,2026-03-20,7,2026-03-15 13:53:00,2026-03-28 08:04:00,6,7,109,2026-03-14 10:00:00
U01136,2026-05-22,2026-06-05,200+,starter,False,,4,2026-05-22 00:43:00,2026-05-26 23:21:00,3,4,24,2026-05-23 22:00:00
U01137,2026-04-05,2026-04-19,11-50,business,False,,1,2026-04-12 13:19:00,2026-04-12 13:19:00,1,3,9,2026-04-05 08:00:00
U01138,2026-05-25,2026-06-08,51-200,business,False,,3,2026-05-30 00:20:00,2026-06-07 22:10:00,3,4,31,2026-05-28 06:00:00
U01139,2026-06-09,2026-06-23,11-50,starter,True,2026-06-19,7,2026-06-10 10:53:00,2026-06-19 19:51:00,5,1,2,2026-06-13 06:00:00
U01140,2026-06-01,2026-06-15,200+,pro,True,2026-06-14,5,2026-06-02 03:58:00,2026-06-12 22:19:00,5,7,96,2026-06-01 02:00:00
U01141,2026-03-04,2026-03-18,11-50,starter,False,,7,2026-03-04 08:58:00,2026-03-17 10:20:00,6,4,52,2026-03-04 13:00:00
U01142,2026-04-15,2026-04-29,1-10,pro,True,2026-04-28,3,2026-04-24 05:02:00,2026-04-26 09:42:00,2,3,19,2026-04-18 18:00:00
U01143,2026-03-30,2026-04-13,not_provided,business,False,,4,2026-03-31 21:12:00,2026-04-08 17:14:00,3,4,34,2026-03-30 23:00:00
U01144,2026-01-03,2026-01-17,51-200,starter,True,2026-01-14,12,2026-01-03 00:58:00,2026-01-17 11:42:00,10,4,49,2026-01-04 00:00:00
U01145,2026-03-20,2026-04-03,1-10,pro,False,,4,2026-03-29 19:08:00,2026-04-03 07:13:00,4,7,78,2026-03-20 04:00:00
U01146,2026-05-16,2026-05-30,11-50,starter,False,,7,2026-05-24 20:06:00,2026-05-30 04:32:00,6,4,45,2026-05-16 06:00:00
U01147,2026-05-06,2026-05-20,1-10,pro,True,2026-05-15,8,2026-05-06 23:16:00,2026-05-20 19:33:00,7,6,64,2026-05-06 07:00:00
U01148,2026-01-24,2026-02-07,1-10,pro,True,2026-02-06,6,2026-01-28 21:02:00,2026-02-01 07:59:00,5,5,64,2026-01-24 08:00:00
U01149,2026-04-16,2026-04-30,not_provided,business,False,,7,2026-04-16 14:41:00,2026-04-28 21:53:00,7,3,23,2026-04-21 13:00:00
U01150,2026-04-28,2026-05-12,not_provided,starter,True,2026-05-12,6,2026-04-28 07:57:00,2026-05-12 21:51:00,6,4,34,2026-04-28 19:00:00
U01151,2026-01-25,2026-02-08,not_provided,pro,False,,8,2026-01-25 04:02:00,2026-02-08 01:37:00,8,2,11,2026-01-25 12:00:00
U01152,2026-06-13,2026-06-27,200+,starter,True,2026-06-27,3,2026-06-14 15:16:00,2026-06-22 08:51:00,3,4,58,2026-06-14 23:00:00
U01153,2026-05-26,2026-06-09,1-10,starter,True,2026-06-02,7,2026-05-27 05:06:00,2026-06-09 21:38:00,6,3,12,2026-05-31 00:00:00
U01154,2026-03-02,2026-03-16,51-200,business,False,,7,2026-03-02 04:26:00,2026-03-16 06:14:00,6,5,36,2026-03-03 03:00:00
U01155,2026-03-22,2026-04-05,200+,business,False,,6,2026-03-22 16:11:00,2026-03-29 13:54:00,5,3,5,2026-03-25 11:00:00
U01156,2026-03-25,2026-04-08,51-200,starter,False,,7,2026-03-25 23:04:00,2026-04-01 19:02:00,6,6,48,2026-03-25 07:00:00
U01157,2026-03-11,2026-03-25,11-50,starter,False,,4,2026-03-20 23:40:00,2026-03-23 20:39:00,4,8,58,2026-03-11 02:00:00
U01158,2026-02-21,2026-03-07,11-50,pro,False,,4,2026-02-21 10:14:00,2026-03-07 04:32:00,4,4,29,2026-02-23 05:00:00
U01159,2026-01-28,2026-02-11,11-50,starter,False,,3,2026-02-04 23:17:00,2026-02-09 01:20:00,2,4,16,2026-01-31 02:00:00
U01160,2026-02-12,2026-02-26,200+,starter,True,2026-02-22,6,2026-02-12 12:12:00,2026-02-26 09:16:00,6,6,55,2026-02-12 09:00:00
U01161,2026-04-15,2026-04-29,1-10,pro,False,,7,2026-04-18 14:35:00,2026-04-29 10:11:00,6,8,78,2026-04-15 17:00:00
U01162,2026-04-02,2026-04-16,11-50,starter,False,,16,2026-04-02 10:24:00,2026-04-16 19:32:00,9,6,78,2026-04-02 19:00:00
U01163,2026-03-20,2026-04-03,200+,business,False,,4,2026-03-22 17:43:00,2026-04-02 12:50:00,4,5,67,2026-03-21 17:00:00
U01164,2026-01-31,2026-02-14,1-10,pro,True,2026-02-09,9,2026-02-03 13:35:00,2026-02-14 22:07:00,5,5,65,2026-01-31 01:00:00
U01165,2026-06-04,2026-06-18,1-10,pro,False,,10,2026-06-04 21:30:00,2026-06-15 21:39:00,6,6,101,2026-06-04 14:00:00
U01166,2026-03-25,2026-04-08,11-50,starter,False,,3,2026-03-29 20:29:00,2026-04-04 07:55:00,3,2,9,2026-03-25 05:00:00
U01167,2026-03-05,2026-03-19,51-200,starter,True,2026-03-18,7,2026-03-05 21:54:00,2026-03-19 06:15:00,7,4,58,2026-03-05 00:00:00
U01168,2026-01-13,2026-01-27,not_provided,business,True,2026-01-22,9,2026-01-17 19:42:00,2026-01-26 14:50:00,8,8,85,2026-01-13 08:00:00
U01169,2026-02-14,2026-02-28,1-10,starter,True,2026-02-26,5,2026-02-17 05:16:00,2026-02-23 19:36:00,4,6,64,2026-02-14 03:00:00
U01170,2026-05-23,2026-06-06,not_provided,pro,False,,9,2026-05-24 03:05:00,2026-06-06 22:33:00,7,5,59,2026-05-23 21:00:00
U01171,2026-03-05,2026-03-19,1-10,starter,False,,3,2026-03-15 08:44:00,2026-03-19 01:56:00,2,4,19,2026-03-05 19:00:00
U01172,2026-01-27,2026-02-10,11-50,starter,False,,1,2026-02-05 15:42:00,2026-02-05 15:42:00,1,2,7,2026-02-08 15:00:00
U01173,2026-01-04,2026-01-18,1-10,pro,False,,3,2026-01-09 10:18:00,2026-01-18 17:55:00,3,1,2,2026-01-16 04:00:00
U01174,2026-02-03,2026-02-17,11-50,starter,False,,6,2026-02-04 09:30:00,2026-02-15 05:05:00,5,6,38,2026-02-04 11:00:00
U01175,2026-04-06,2026-04-20,not_provided,business,False,,2,2026-04-07 14:11:00,2026-04-14 01:51:00,2,5,38,2026-04-06 23:00:00
U01176,2026-06-15,2026-06-29,1-10,pro,True,2026-06-29,8,2026-06-18 08:00:00,2026-06-29 14:48:00,7,6,107,2026-06-15 09:00:00
U01177,2026-03-08,2026-03-22,1-10,starter,False,,14,2026-03-08 04:45:00,2026-03-22 07:33:00,9,7,51,2026-03-08 05:00:00
U01178,2026-01-17,2026-01-31,11-50,business,False,,8,2026-01-18 17:26:00,2026-01-27 09:15:00,8,4,30,2026-01-17 10:00:00
U01179,2026-04-24,2026-05-08,11-50,starter,False,,5,2026-04-25 10:44:00,2026-05-05 09:05:00,5,3,41,2026-04-24 07:00:00
U01180,2026-03-26,2026-04-09,1-10,starter,False,,3,2026-03-31 04:04:00,2026-04-01 18:59:00,2,2,6,2026-03-27 19:00:00
U01181,2026-04-29,2026-05-13,1-10,pro,True,2026-05-13,6,2026-04-30 23:48:00,2026-05-12 19:34:00,5,1,9,2026-05-01 00:00:00
U01182,2026-04-21,2026-05-05,not_provided,starter,False,,4,2026-04-23 15:09:00,2026-05-04 13:24:00,4,5,60,2026-04-21 09:00:00
U01183,2026-05-08,2026-05-22,1-10,starter,False,,12,2026-05-08 08:21:00,2026-05-19 12:01:00,9,4,35,2026-05-08 00:00:00
U01184,2026-04-20,2026-05-04,11-50,business,False,,5,2026-04-22 17:22:00,2026-05-04 00:19:00,5,1,16,2026-04-21 14:00:00
U01185,2026-02-24,2026-03-10,11-50,business,False,,3,2026-02-28 03:06:00,2026-03-05 14:57:00,3,3,27,2026-02-24 08:00:00
U01186,2026-03-13,2026-03-27,200+,pro,False,,1,2026-03-21 17:54:00,2026-03-21 17:54:00,1,2,5,2026-03-16 17:00:00
U01187,2026-01-09,2026-01-23,not_provided,pro,True,2026-01-23,10,2026-01-09 00:42:00,2026-01-23 05:15:00,9,5,81,2026-01-09 01:00:00
U01188,2026-03-04,2026-03-18,not_provided,business,False,,3,2026-03-06 13:17:00,2026-03-10 00:40:00,3,2,4,2026-03-06 18:00:00
U01189,2026-05-08,2026-05-22,200+,pro,False,,1,2026-05-11 01:05:00,2026-05-11 01:05:00,1,4,19,2026-05-14 14:00:00
U01190,2026-05-03,2026-05-17,1-10,starter,True,2026-05-12,10,2026-05-03 04:40:00,2026-05-16 06:20:00,8,6,78,2026-05-03 08:00:00
U01191,2026-04-09,2026-04-23,11-50,starter,False,,10,2026-04-10 10:59:00,2026-04-23 10:20:00,6,2,14,2026-04-09 00:00:00
U01192,2026-02-21,2026-03-07,not_provided,pro,False,,13,2026-02-21 06:02:00,2026-03-05 05:47:00,7,5,46,2026-02-21 02:00:00
U01193,2026-03-05,2026-03-19,not_provided,pro,False,,2,2026-03-14 08:05:00,2026-03-17 13:14:00,2,2,13,2026-03-05 03:00:00
U01194,2026-01-05,2026-01-19,200+,business,False,,1,2026-01-18 17:57:00,2026-01-18 17:57:00,1,3,11,2026-01-08 23:00:00
U01195,2026-04-02,2026-04-16,200+,pro,True,2026-04-14,6,2026-04-02 02:35:00,2026-04-16 04:20:00,4,5,41,2026-04-03 03:00:00
U01196,2026-03-30,2026-04-13,not_provided,pro,True,2026-04-09,7,2026-04-02 09:52:00,2026-04-11 03:13:00,5,5,70,2026-03-31 01:00:00
U01197,2026-04-10,2026-04-24,51-200,pro,False,,7,2026-04-12 19:33:00,2026-04-22 11:10:00,5,5,72,2026-04-10 06:00:00
U01198,2026-01-07,2026-01-21,51-200,pro,True,2026-01-15,13,2026-01-07 07:17:00,2026-01-21 20:25:00,9,9,165,2026-01-07 03:00:00
U01199,2026-01-08,2026-01-22,51-200,starter,True,2026-01-20,1,2026-01-09 08:57:00,2026-01-09 08:57:00,1,5,18,2026-01-10 09:00:00
U01200,2026-05-16,2026-05-30,51-200,pro,False,,7,2026-05-16 06:42:00,2026-05-28 23:13:00,6,5,42,2026-05-17 06:00:00
U01201,2026-03-01,2026-03-15,11-50,starter,False,,8,2026-03-01 00:22:00,2026-03-13 07:13:00,5,6,48,2026-03-01 01:00:00
U01202,2026-03-05,2026-03-19,not_provided,pro,True,2026-03-14,1,2026-03-13 00:50:00,2026-03-13 00:50:00,1,1,11,2026-03-07 09:00:00
U01203,2026-05-17,2026-05-31,not_provided,starter,True,2026-05-25,1,2026-05-30 02:17:00,2026-05-30 02:17:00,1,4,56,2026-05-17 07:00:00
U01204,2026-05-28,2026-06-11,200+,business,False,,6,2026-05-31 09:13:00,2026-06-09 12:21:00,6,2,14,2026-05-30 03:00:00
U01205,2026-02-14,2026-02-28,11-50,pro,False,,4,2026-02-16 04:33:00,2026-02-28 17:53:00,4,2,16,2026-02-15 19:00:00
U01206,2026-06-01,2026-06-15,51-200,business,False,,5,2026-06-09 22:31:00,2026-06-15 18:53:00,4,4,36,2026-06-02 01:00:00
U01207,2026-04-02,2026-04-16,not_provided,starter,False,,7,2026-04-04 07:34:00,2026-04-13 08:06:00,6,8,90,2026-04-02 17:00:00
U01208,2026-04-01,2026-04-15,not_provided,pro,True,2026-04-08,8,2026-04-02 23:49:00,2026-04-15 05:36:00,6,5,59,2026-04-01 01:00:00
U01209,2026-05-25,2026-06-08,11-50,starter,False,,6,2026-05-29 12:58:00,2026-06-08 12:04:00,5,3,11,2026-05-25 05:00:00
U01210,2026-05-19,2026-06-02,51-200,pro,True,2026-05-31,4,2026-05-22 09:56:00,2026-05-29 21:20:00,4,4,60,2026-05-19 13:00:00
U01211,2026-01-10,2026-01-24,1-10,starter,False,,11,2026-01-10 02:05:00,2026-01-24 08:43:00,7,5,58,2026-01-10 03:00:00
U01212,2026-03-01,2026-03-15,not_provided,pro,True,2026-03-06,5,2026-03-04 08:52:00,2026-03-13 22:50:00,4,1,3,2026-03-02 18:00:00
U01213,2026-05-15,2026-05-29,200+,starter,False,,7,2026-05-17 15:59:00,2026-05-28 14:02:00,5,2,5,2026-05-24 21:00:00
U01214,2026-03-26,2026-04-09,not_provided,pro,False,,6,2026-03-28 16:00:00,2026-04-08 13:08:00,6,5,38,2026-03-29 18:00:00
U01215,2026-02-03,2026-02-17,51-200,business,True,2026-02-10,4,2026-02-08 21:07:00,2026-02-14 06:35:00,3,5,44,2026-02-04 12:00:00
U01216,2026-03-24,2026-04-07,1-10,starter,False,,7,2026-03-24 02:28:00,2026-04-06 08:55:00,6,6,55,2026-03-24 07:00:00
U01217,2026-02-07,2026-02-21,not_provided,business,True,2026-02-14,9,2026-02-07 04:26:00,2026-02-21 23:46:00,9,6,61,2026-02-07 19:00:00
U01218,2026-01-29,2026-02-12,not_provided,business,False,,1,2026-01-29 21:56:00,2026-01-29 21:56:00,1,5,20,2026-02-01 05:00:00
U01219,2026-01-19,2026-02-02,51-200,business,True,2026-01-30,6,2026-01-19 18:29:00,2026-01-30 18:07:00,4,7,59,2026-01-20 03:00:00
U01220,2026-05-31,2026-06-14,1-10,business,False,,7,2026-06-02 23:49:00,2026-06-11 05:15:00,7,5,28,2026-05-31 02:00:00
U01221,2026-03-19,2026-04-02,51-200,pro,True,2026-03-26,10,2026-03-21 17:27:00,2026-04-01 23:37:00,7,4,36,2026-03-19 07:00:00
U01222,2026-04-22,2026-05-06,not_provided,starter,True,2026-05-02,3,2026-04-29 01:51:00,2026-05-06 22:45:00,3,6,59,2026-04-22 00:00:00
U01223,2026-02-14,2026-02-28,not_provided,pro,False,,7,2026-02-18 16:17:00,2026-02-28 21:11:00,7,3,11,2026-02-14 06:00:00
U01224,2026-06-07,2026-06-21,51-200,pro,False,,7,2026-06-10 09:21:00,2026-06-19 19:32:00,7,3,27,2026-06-08 01:00:00
U01225,2026-05-31,2026-06-14,11-50,starter,False,,1,2026-06-12 04:03:00,2026-06-12 04:03:00,1,1,4,2026-06-04 08:00:00
U01226,2026-03-20,2026-04-03,not_provided,business,True,2026-03-29,1,2026-03-22 12:39:00,2026-03-22 12:39:00,1,3,23,2026-03-21 03:00:00
U01227,2026-02-02,2026-02-16,11-50,business,False,,9,2026-02-05 04:54:00,2026-02-13 12:14:00,7,7,67,2026-02-02 04:00:00
U01228,2026-01-01,2026-01-15,not_provided,pro,True,2026-01-12,8,2026-01-01 23:51:00,2026-01-15 07:31:00,5,6,78,2026-01-01 03:00:00
U01229,2026-05-26,2026-06-09,1-10,pro,True,2026-06-09,6,2026-05-26 17:44:00,2026-06-06 15:52:00,5,6,62,2026-05-26 19:00:00
U01230,2026-03-23,2026-04-06,not_provided,pro,False,,7,2026-03-25 11:41:00,2026-04-04 21:43:00,7,6,53,2026-03-24 07:00:00
U01231,2026-06-13,2026-06-27,not_provided,starter,True,2026-06-25,7,2026-06-17 00:20:00,2026-06-27 20:40:00,6,5,56,2026-06-13 20:00:00
U01232,2026-02-06,2026-02-20,51-200,business,True,2026-02-12,13,2026-02-06 07:10:00,2026-02-18 18:52:00,9,8,110,2026-02-06 07:00:00
U01233,2026-03-02,2026-03-16,51-200,business,True,2026-03-09,5,2026-03-04 15:24:00,2026-03-15 18:36:00,4,3,33,2026-03-03 01:00:00
U01234,2026-06-12,2026-06-26,1-10,business,False,,8,2026-06-12 06:35:00,2026-06-21 21:26:00,6,7,49,2026-06-12 01:00:00
U01235,2026-06-13,2026-06-27,not_provided,business,True,2026-06-25,6,2026-06-13 21:09:00,2026-06-23 23:10:00,4,5,48,2026-06-13 06:00:00
U01236,2026-01-03,2026-01-17,51-200,pro,False,,10,2026-01-06 23:09:00,2026-01-15 01:50:00,7,4,58,2026-01-03 02:00:00
U01237,2026-03-05,2026-03-19,not_provided,starter,True,2026-03-15,2,2026-03-09 22:42:00,2026-03-14 06:31:00,2,5,36,2026-03-05 14:00:00
U01238,2026-03-07,2026-03-21,1-10,business,True,2026-03-12,9,2026-03-11 15:50:00,2026-03-21 02:35:00,7,6,91,2026-03-07 18:00:00
U01239,2026-01-13,2026-01-27,200+,starter,False,,9,2026-01-14 18:33:00,2026-01-21 10:39:00,7,8,103,2026-01-13 03:00:00
U01240,2026-04-18,2026-05-02,11-50,starter,False,,2,2026-04-20 03:11:00,2026-04-28 11:24:00,2,6,50,2026-04-18 09:00:00
U01241,2026-05-07,2026-05-21,200+,business,True,2026-05-20,6,2026-05-10 10:55:00,2026-05-21 09:37:00,5,7,57,2026-05-07 00:00:00
U01242,2026-04-07,2026-04-21,1-10,starter,False,,4,2026-04-07 07:46:00,2026-04-18 10:22:00,4,8,44,2026-04-07 07:00:00
U01243,2026-05-28,2026-06-11,not_provided,business,True,2026-06-05,10,2026-05-28 09:07:00,2026-06-08 22:42:00,6,6,75,2026-05-29 14:00:00
U01244,2026-02-11,2026-02-25,200+,starter,True,2026-02-16,12,2026-02-11 11:21:00,2026-02-25 11:35:00,8,4,54,2026-02-12 23:00:00
U01245,2026-03-17,2026-03-31,1-10,business,True,2026-03-26,4,2026-03-17 15:58:00,2026-03-26 13:05:00,4,5,43,2026-03-18 00:00:00
U01246,2026-01-27,2026-02-10,1-10,business,True,2026-02-03,10,2026-01-27 18:55:00,2026-02-10 13:50:00,7,7,107,2026-01-29 07:00:00
U01247,2026-04-07,2026-04-21,11-50,business,False,,11,2026-04-07 20:04:00,2026-04-21 03:42:00,8,7,93,2026-04-07 12:00:00
U01248,2026-01-20,2026-02-03,not_provided,starter,False,,3,2026-01-30 03:36:00,2026-02-02 17:03:00,2,4,15,2026-01-20 15:00:00
U01249,2026-03-28,2026-04-11,not_provided,pro,False,,3,2026-03-28 11:10:00,2026-03-30 01:53:00,2,2,16,2026-03-28 14:00:00
U01250,2026-05-04,2026-05-18,not_provided,starter,False,,2,2026-05-08 08:47:00,2026-05-16 03:44:00,2,3,22,2026-05-05 02:00:00
U01251,2026-04-21,2026-05-05,not_provided,pro,False,,10,2026-04-21 17:53:00,2026-05-04 16:02:00,5,8,104,2026-04-21 16:00:00
U01252,2026-06-05,2026-06-19,200+,pro,True,2026-06-10,8,2026-06-07 19:17:00,2026-06-19 13:11:00,7,10,135,2026-06-05 00:00:00
U01253,2026-01-26,2026-02-09,51-200,pro,False,,9,2026-01-27 15:18:00,2026-02-09 17:38:00,6,3,27,2026-01-26 15:00:00
U01254,2026-02-18,2026-03-04,200+,business,False,,10,2026-02-18 05:04:00,2026-03-03 01:00:00,6,4,29,2026-02-21 02:00:00
U01255,2026-05-22,2026-06-05,not_provided,business,True,2026-06-04,5,2026-05-25 02:12:00,2026-06-05 23:57:00,4,5,15,2026-05-23 18:00:00
U01256,2026-03-09,2026-03-23,not_provided,business,True,2026-03-18,7,2026-03-09 19:05:00,2026-03-23 22:41:00,5,4,45,2026-03-10 04:00:00
U01257,2026-03-02,2026-03-16,1-10,starter,False,,2,2026-03-10 07:16:00,2026-03-12 20:29:00,2,3,45,2026-03-02 01:00:00
U01258,2026-04-11,2026-04-25,not_provided,pro,False,,7,2026-04-11 04:06:00,2026-04-25 16:09:00,7,7,83,2026-04-11 12:00:00
U01259,2026-05-06,2026-05-20,11-50,starter,False,,15,2026-05-07 02:57:00,2026-05-20 12:45:00,10,7,56,2026-05-07 17:00:00
U01260,2026-04-03,2026-04-17,1-10,starter,False,,2,2026-04-04 23:42:00,2026-04-14 22:52:00,2,3,14,2026-04-03 13:00:00
U01261,2026-01-23,2026-02-06,51-200,business,False,,3,2026-02-01 06:06:00,2026-02-02 15:20:00,2,4,14,2026-01-23 11:00:00
U01262,2026-06-10,2026-06-24,not_provided,starter,False,,5,2026-06-10 12:05:00,2026-06-22 08:14:00,5,1,2,2026-06-14 19:00:00
U01263,2026-02-21,2026-03-07,1-10,starter,False,,5,2026-02-22 03:43:00,2026-03-07 09:22:00,4,5,29,2026-02-22 14:00:00
U01264,2026-02-22,2026-03-08,11-50,business,True,2026-03-03,8,2026-02-22 02:01:00,2026-03-07 17:45:00,7,5,53,2026-02-22 01:00:00
U01265,2026-01-21,2026-02-04,200+,starter,False,,2,2026-02-01 04:07:00,2026-02-03 15:32:00,2,2,11,2026-01-24 06:00:00
U01266,2026-03-20,2026-04-03,200+,starter,False,,2,2026-03-26 07:32:00,2026-03-27 19:16:00,2,4,22,2026-03-23 07:00:00
U01267,2026-05-06,2026-05-20,not_provided,business,False,,7,2026-05-08 05:14:00,2026-05-20 09:37:00,4,4,24,2026-05-06 22:00:00
U01268,2026-01-24,2026-02-07,not_provided,pro,False,,9,2026-01-25 05:50:00,2026-02-06 17:10:00,6,5,67,2026-01-24 09:00:00
U01269,2026-04-10,2026-04-24,11-50,business,False,,7,2026-04-13 03:11:00,2026-04-23 00:58:00,4,5,33,2026-04-10 05:00:00
U01270,2026-04-08,2026-04-22,51-200,pro,True,2026-04-20,7,2026-04-09 22:26:00,2026-04-21 13:22:00,7,3,16,2026-04-14 08:00:00
U01271,2026-01-12,2026-01-26,51-200,starter,False,,14,2026-01-14 13:50:00,2026-01-25 09:05:00,9,8,118,2026-01-12 07:00:00
U01272,2026-04-30,2026-05-14,51-200,pro,False,,4,2026-05-01 07:39:00,2026-05-05 00:02:00,4,4,19,2026-05-01 07:00:00
U01273,2026-03-10,2026-03-24,not_provided,starter,False,,11,2026-03-10 23:33:00,2026-03-23 14:45:00,9,7,98,2026-03-10 02:00:00
U01274,2026-02-08,2026-02-22,not_provided,business,False,,7,2026-02-15 00:07:00,2026-02-22 11:39:00,4,3,25,2026-02-09 22:00:00
U01275,2026-01-25,2026-02-08,1-10,business,False,,5,2026-01-29 21:39:00,2026-02-06 02:02:00,5,4,42,2026-01-25 13:00:00
U01276,2026-03-30,2026-04-13,not_provided,starter,False,,8,2026-04-01 12:12:00,2026-04-12 06:44:00,8,8,53,2026-03-31 07:00:00
U01277,2026-05-31,2026-06-14,11-50,pro,False,,9,2026-06-04 00:49:00,2026-06-13 20:51:00,7,5,59,2026-05-31 15:00:00
U01278,2026-01-16,2026-01-30,200+,pro,False,,5,2026-01-19 23:34:00,2026-01-25 06:11:00,5,1,4,2026-01-27 22:00:00
U01279,2026-04-18,2026-05-02,not_provided,business,True,2026-04-30,8,2026-04-20 22:16:00,2026-04-30 00:30:00,6,6,124,2026-04-18 14:00:00
U01280,2026-05-27,2026-06-10,11-50,starter,False,,9,2026-05-27 02:01:00,2026-06-10 09:59:00,8,5,75,2026-05-28 08:00:00
U01281,2026-03-18,2026-04-01,1-10,starter,False,,4,2026-03-22 16:16:00,2026-03-28 19:20:00,4,3,23,2026-03-18 05:00:00
U01282,2026-01-09,2026-01-23,not_provided,pro,False,,7,2026-01-09 05:48:00,2026-01-23 10:28:00,7,2,12,2026-01-09 08:00:00
U01283,2026-05-13,2026-05-27,not_provided,business,True,2026-05-27,2,2026-05-18 13:48:00,2026-05-24 12:55:00,2,6,29,2026-05-14 05:00:00
U01284,2026-02-07,2026-02-21,1-10,starter,False,,3,2026-02-09 19:11:00,2026-02-21 03:55:00,3,2,15,2026-02-14 15:00:00
U01285,2026-02-14,2026-02-28,11-50,pro,False,,7,2026-02-14 10:58:00,2026-02-28 07:31:00,6,3,23,2026-02-15 17:00:00
U01286,2026-02-19,2026-03-05,11-50,starter,False,,4,2026-02-19 15:02:00,2026-03-03 17:43:00,4,3,18,2026-02-21 04:00:00
U01287,2026-04-19,2026-05-03,1-10,business,False,,11,2026-04-22 03:55:00,2026-05-02 09:56:00,7,4,47,2026-04-19 16:00:00
U01288,2026-04-22,2026-05-06,11-50,business,False,,12,2026-04-23 23:23:00,2026-05-06 07:22:00,8,7,77,2026-04-22 02:00:00
U01289,2026-02-07,2026-02-21,not_provided,business,False,,7,2026-02-07 09:08:00,2026-02-20 20:38:00,5,6,28,2026-02-07 00:00:00
U01290,2026-03-23,2026-04-06,not_provided,starter,False,,6,2026-03-26 16:53:00,2026-04-06 16:22:00,5,4,22,2026-03-27 05:00:00
U01291,2026-01-23,2026-02-06,200+,pro,False,,2,2026-01-25 21:12:00,2026-02-05 02:34:00,2,2,8,2026-01-25 21:00:00
U01292,2026-04-12,2026-04-26,not_provided,business,False,,13,2026-04-12 16:07:00,2026-04-25 11:23:00,7,7,78,2026-04-13 06:00:00
U01293,2026-03-12,2026-03-26,not_provided,starter,True,2026-03-17,6,2026-03-12 07:58:00,2026-03-25 01:32:00,6,4,31,2026-03-15 01:00:00
U01294,2026-06-09,2026-06-23,not_provided,pro,True,2026-06-20,9,2026-06-09 15:03:00,2026-06-22 10:57:00,8,4,24,2026-06-09 16:00:00
U01295,2026-01-29,2026-02-12,200+,pro,False,,9,2026-01-30 04:21:00,2026-02-12 04:31:00,7,8,102,2026-01-29 06:00:00
U01296,2026-02-07,2026-02-21,not_provided,pro,True,2026-02-21,5,2026-02-07 10:18:00,2026-02-15 07:50:00,4,5,43,2026-02-08 18:00:00
U01297,2026-01-26,2026-02-09,1-10,pro,True,2026-02-01,6,2026-01-31 19:21:00,2026-02-09 13:51:00,4,3,42,2026-01-26 02:00:00
U01298,2026-03-15,2026-03-29,not_provided,business,False,,5,2026-03-15 16:26:00,2026-03-27 05:05:00,5,4,21,2026-03-15 00:00:00
U01299,2026-04-16,2026-04-30,51-200,starter,False,,4,2026-04-16 16:36:00,2026-04-30 01:49:00,4,4,52,2026-04-16 12:00:00
U01300,2026-05-05,2026-05-19,not_provided,pro,False,,11,2026-05-07 00:42:00,2026-05-18 06:11:00,8,8,73,2026-05-05 01:00:00
U01301,2026-05-02,2026-05-16,1-10,pro,False,,6,2026-05-04 23:49:00,2026-05-13 00:34:00,5,2,18,2026-05-04 06:00:00
U01302,2026-03-12,2026-03-26,200+,pro,True,2026-03-26,4,2026-03-18 07:28:00,2026-03-24 15:38:00,4,5,46,2026-03-12 12:00:00
U01303,2026-06-05,2026-06-19,not_provided,business,False,,8,2026-06-08 02:51:00,2026-06-17 18:39:00,5,5,38,2026-06-05 15:00:00
U01304,2026-04-13,2026-04-27,1-10,starter,True,2026-04-23,4,2026-04-17 18:24:00,2026-04-26 17:36:00,3,8,113,2026-04-13 08:00:00
U01305,2026-03-02,2026-03-16,1-10,business,False,,8,2026-03-02 08:50:00,2026-03-13 16:20:00,5,6,33,2026-03-02 20:00:00
U01306,2026-05-02,2026-05-16,51-200,business,False,,3,2026-05-11 12:43:00,2026-05-15 14:32:00,3,5,42,2026-05-03 13:00:00
U01307,2026-01-06,2026-01-20,51-200,business,True,2026-01-15,4,2026-01-06 11:21:00,2026-01-20 12:40:00,4,1,8,2026-01-10 21:00:00
U01308,2026-03-13,2026-03-27,200+,business,False,,4,2026-03-13 01:18:00,2026-03-27 08:51:00,4,4,29,2026-03-13 00:00:00
U01309,2026-01-26,2026-02-09,11-50,pro,False,,11,2026-01-26 17:05:00,2026-02-09 13:26:00,7,3,26,2026-01-26 21:00:00
U01310,2026-03-18,2026-04-01,not_provided,starter,False,,5,2026-03-20 04:38:00,2026-04-01 23:51:00,5,6,42,2026-03-18 20:00:00
U01311,2026-03-24,2026-04-07,51-200,business,False,,4,2026-03-29 04:30:00,2026-04-02 13:23:00,2,3,28,2026-03-24 23:00:00
U01312,2026-04-17,2026-05-01,not_provided,business,False,,12,2026-04-17 09:15:00,2026-04-24 23:57:00,6,4,25,2026-04-17 03:00:00
U01313,2026-01-23,2026-02-06,11-50,starter,False,,6,2026-01-25 13:29:00,2026-02-03 01:09:00,6,5,39,2026-01-25 05:00:00
U01314,2026-02-24,2026-03-10,200+,business,True,2026-03-08,8,2026-02-24 20:55:00,2026-03-09 12:29:00,8,6,66,2026-02-24 03:00:00
U01315,2026-05-13,2026-05-27,51-200,starter,False,,9,2026-05-13 04:17:00,2026-05-27 14:37:00,8,3,20,2026-05-13 13:00:00
U01316,2026-05-12,2026-05-26,11-50,starter,True,2026-05-21,3,2026-05-15 09:25:00,2026-05-24 10:06:00,3,3,23,2026-05-16 01:00:00
U01317,2026-05-10,2026-05-24,200+,pro,True,2026-05-23,11,2026-05-10 20:41:00,2026-05-22 14:00:00,8,8,145,2026-05-10 02:00:00
U01318,2026-05-26,2026-06-09,1-10,pro,True,2026-06-03,15,2026-05-26 21:22:00,2026-06-09 18:05:00,9,7,103,2026-05-26 07:00:00
U01319,2026-02-21,2026-03-07,1-10,pro,True,2026-02-26,8,2026-02-21 04:59:00,2026-03-06 11:00:00,8,4,40,2026-02-23 03:00:00
U01320,2026-04-27,2026-05-11,1-10,business,False,,6,2026-04-27 01:55:00,2026-05-10 17:04:00,6,5,43,2026-04-28 15:00:00
U01321,2026-02-20,2026-03-06,51-200,business,True,2026-03-04,12,2026-02-21 08:42:00,2026-03-06 03:06:00,10,7,144,2026-02-20 11:00:00
U01322,2026-05-10,2026-05-24,200+,business,True,2026-05-16,6,2026-05-11 13:29:00,2026-05-24 23:33:00,5,4,39,2026-05-10 22:00:00
U01323,2026-01-08,2026-01-22,11-50,business,True,2026-01-20,5,2026-01-12 16:28:00,2026-01-19 03:31:00,5,7,83,2026-01-08 05:00:00
U01324,2026-06-02,2026-06-16,200+,pro,False,,7,2026-06-02 22:24:00,2026-06-14 15:07:00,5,4,38,2026-06-03 03:00:00
U01325,2026-05-02,2026-05-16,not_provided,pro,True,2026-05-12,10,2026-05-04 13:44:00,2026-05-10 06:02:00,5,8,123,2026-05-02 02:00:00
U01326,2026-03-30,2026-04-13,11-50,business,False,,7,2026-04-01 18:14:00,2026-04-13 00:50:00,5,5,26,2026-03-31 05:00:00
U01327,2026-01-24,2026-02-07,51-200,starter,False,,5,2026-01-24 18:09:00,2026-02-03 09:13:00,5,4,29,2026-01-24 08:00:00
U01328,2026-04-09,2026-04-23,1-10,pro,False,,7,2026-04-09 19:17:00,2026-04-23 19:16:00,6,3,24,2026-04-09 21:00:00
U01329,2026-05-27,2026-06-10,11-50,pro,False,,4,2026-05-27 09:09:00,2026-06-08 23:37:00,3,4,16,2026-05-31 03:00:00
U01330,2026-06-15,2026-06-29,11-50,business,True,2026-06-23,3,2026-06-16 00:06:00,2026-06-24 06:22:00,3,1,3,2026-06-19 06:00:00
U01331,2026-03-10,2026-03-24,not_provided,starter,False,,4,2026-03-12 20:37:00,2026-03-22 16:56:00,4,1,3,2026-03-13 09:00:00
U01332,2026-05-12,2026-05-26,1-10,business,True,2026-05-17,8,2026-05-12 06:19:00,2026-05-25 07:21:00,6,3,33,2026-05-12 09:00:00
U01333,2026-05-02,2026-05-16,11-50,business,True,2026-05-09,6,2026-05-02 15:53:00,2026-05-16 19:59:00,6,4,38,2026-05-02 14:00:00
U01334,2026-06-03,2026-06-17,1-10,pro,False,,1,2026-06-09 01:50:00,2026-06-09 01:50:00,1,3,15,2026-06-06 23:00:00
U01335,2026-03-06,2026-03-20,not_provided,business,True,2026-03-15,4,2026-03-06 14:36:00,2026-03-20 18:33:00,3,5,79,2026-03-06 18:00:00
U01336,2026-04-19,2026-05-03,200+,business,True,2026-05-01,11,2026-04-21 16:21:00,2026-05-03 19:21:00,8,2,9,2026-04-25 03:00:00
U01337,2026-03-06,2026-03-20,11-50,starter,False,,5,2026-03-07 18:55:00,2026-03-17 09:37:00,5,1,16,2026-03-08 22:00:00
U01338,2026-03-19,2026-04-02,not_provided,pro,False,,4,2026-03-19 02:13:00,2026-03-30 22:25:00,4,1,2,2026-03-23 10:00:00
U01339,2026-06-09,2026-06-23,200+,pro,False,,8,2026-06-09 19:57:00,2026-06-22 05:52:00,7,7,73,2026-06-09 01:00:00
U01340,2026-01-27,2026-02-10,1-10,pro,True,2026-02-06,1,2026-02-10 13:19:00,2026-02-10 13:19:00,1,1,19,2026-01-29 22:00:00
U01341,2026-05-24,2026-06-07,not_provided,pro,True,2026-06-07,5,2026-05-25 11:25:00,2026-06-07 10:12:00,4,1,2,2026-06-06 22:00:00
U01342,2026-03-14,2026-03-28,51-200,business,False,,3,2026-03-16 23:56:00,2026-03-28 22:00:00,2,5,31,2026-03-14 00:00:00
U01343,2026-01-28,2026-02-11,200+,starter,False,,4,2026-01-30 07:34:00,2026-02-07 07:49:00,3,4,21,2026-01-28 12:00:00
U01344,2026-03-28,2026-04-11,51-200,business,False,,11,2026-04-03 00:19:00,2026-04-11 15:19:00,7,2,13,2026-03-29 12:00:00
U01345,2026-03-25,2026-04-08,51-200,business,False,,6,2026-03-31 11:18:00,2026-04-06 23:48:00,4,4,37,2026-03-25 19:00:00
U01346,2026-06-16,2026-06-30,51-200,pro,False,,5,2026-06-19 17:42:00,2026-06-28 16:36:00,4,6,59,2026-06-18 21:00:00
U01347,2026-02-08,2026-02-22,not_provided,pro,False,,3,2026-02-09 16:39:00,2026-02-22 14:49:00,3,7,57,2026-02-08 20:00:00
U01348,2026-01-15,2026-01-29,not_provided,starter,False,,9,2026-01-18 09:45:00,2026-01-26 13:43:00,6,10,80,2026-01-15 13:00:00
U01349,2026-03-23,2026-04-06,not_provided,pro,False,,5,2026-03-26 17:59:00,2026-04-06 18:22:00,5,5,29,2026-03-23 19:00:00
U01350,2026-01-07,2026-01-21,not_provided,starter,False,,7,2026-01-08 21:14:00,2026-01-21 23:45:00,6,9,105,2026-01-07 03:00:00
U01351,2026-03-17,2026-03-31,51-200,starter,True,2026-03-28,9,2026-03-18 15:15:00,2026-03-31 16:52:00,6,4,54,2026-03-17 12:00:00
U01352,2026-04-10,2026-04-24,not_provided,starter,False,,7,2026-04-10 13:46:00,2026-04-24 06:04:00,4,7,54,2026-04-11 00:00:00
U01353,2026-05-30,2026-06-13,not_provided,pro,False,,11,2026-05-30 07:52:00,2026-06-11 18:56:00,10,8,61,2026-05-30 18:00:00
U01354,2026-02-18,2026-03-04,51-200,business,False,,8,2026-02-18 02:00:00,2026-03-03 00:13:00,7,4,40,2026-02-18 04:00:00
U01355,2026-02-26,2026-03-12,not_provided,pro,False,,6,2026-02-28 01:46:00,2026-03-10 02:45:00,5,7,64,2026-02-26 03:00:00
U01356,2026-06-13,2026-06-27,200+,business,False,,3,2026-06-20 13:30:00,2026-06-27 11:55:00,3,3,23,2026-06-14 01:00:00
U01357,2026-04-02,2026-04-16,not_provided,business,True,2026-04-09,5,2026-04-04 06:38:00,2026-04-12 20:51:00,4,4,36,2026-04-03 02:00:00
U01358,2026-05-23,2026-06-06,11-50,business,True,2026-05-29,5,2026-05-27 03:34:00,2026-06-06 16:51:00,4,4,53,2026-05-23 03:00:00
U01359,2026-05-01,2026-05-15,11-50,business,True,2026-05-10,7,2026-05-06 08:52:00,2026-05-13 17:40:00,6,2,22,2026-05-01 03:00:00
U01360,2026-05-24,2026-06-07,11-50,business,False,,4,2026-05-24 13:14:00,2026-06-06 13:57:00,4,4,21,2026-05-25 21:00:00
U01361,2026-03-27,2026-04-10,not_provided,starter,False,,10,2026-03-29 01:43:00,2026-04-08 11:12:00,5,7,58,2026-03-27 20:00:00
U01362,2026-02-26,2026-03-12,51-200,pro,False,,8,2026-03-02 12:06:00,2026-03-12 08:06:00,6,5,35,2026-02-26 10:00:00
U01363,2026-03-20,2026-04-03,200+,business,False,,2,2026-03-29 17:26:00,2026-04-02 15:03:00,2,3,14,2026-03-22 02:00:00
U01364,2026-04-06,2026-04-20,51-200,pro,True,2026-04-15,11,2026-04-07 00:07:00,2026-04-18 06:40:00,6,4,61,2026-04-06 02:00:00
U01365,2026-04-29,2026-05-13,1-10,starter,True,2026-05-04,12,2026-04-29 00:15:00,2026-05-13 14:17:00,9,6,78,2026-04-29 14:00:00
U01366,2026-06-12,2026-06-26,not_provided,pro,False,,13,2026-06-13 02:52:00,2026-06-26 20:42:00,8,5,60,2026-06-12 01:00:00
U01367,2026-06-08,2026-06-22,1-10,starter,True,2026-06-16,4,2026-06-13 06:28:00,2026-06-19 20:39:00,3,2,21,2026-06-11 05:00:00
U01368,2026-05-09,2026-05-23,1-10,business,False,,2,2026-05-09 05:51:00,2026-05-17 03:17:00,2,3,12,2026-05-09 01:00:00
U01369,2026-04-08,2026-04-22,not_provided,business,False,,5,2026-04-11 11:35:00,2026-04-22 20:10:00,5,4,38,2026-04-08 10:00:00
U01370,2026-04-16,2026-04-30,1-10,pro,True,2026-04-23,7,2026-04-21 01:55:00,2026-04-30 04:22:00,6,4,26,2026-04-16 04:00:00
U01371,2026-02-21,2026-03-07,51-200,starter,True,2026-03-07,10,2026-02-21 09:27:00,2026-03-05 17:22:00,7,7,108,2026-02-21 03:00:00
U01372,2026-04-28,2026-05-12,11-50,business,False,,3,2026-04-28 02:48:00,2026-05-07 19:54:00,3,1,2,2026-05-07 03:00:00
U01373,2026-02-16,2026-03-02,1-10,starter,True,2026-02-26,5,2026-02-16 14:36:00,2026-02-27 15:18:00,4,6,57,2026-02-16 01:00:00
U01374,2026-06-11,2026-06-25,11-50,business,False,,3,2026-06-14 21:40:00,2026-06-22 21:44:00,3,5,47,2026-06-11 05:00:00
U01375,2026-06-12,2026-06-26,1-10,starter,True,2026-06-24,5,2026-06-13 15:37:00,2026-06-25 14:46:00,5,3,28,2026-06-12 23:00:00
U01376,2026-03-12,2026-03-26,11-50,pro,True,2026-03-26,13,2026-03-12 08:46:00,2026-03-26 00:10:00,9,4,31,2026-03-13 22:00:00
U01377,2026-02-10,2026-02-24,200+,starter,False,,8,2026-02-10 15:49:00,2026-02-23 20:56:00,6,3,14,2026-02-10 00:00:00
U01378,2026-02-03,2026-02-17,not_provided,starter,False,,3,2026-02-04 11:07:00,2026-02-12 13:49:00,3,7,33,2026-02-03 06:00:00
U01379,2026-06-12,2026-06-26,200+,starter,True,2026-06-23,9,2026-06-12 17:36:00,2026-06-26 20:40:00,6,6,94,2026-06-12 13:00:00
U01380,2026-05-03,2026-05-17,200+,starter,True,2026-05-08,7,2026-05-06 08:05:00,2026-05-13 22:29:00,5,3,17,2026-05-03 15:00:00
U01381,2026-05-17,2026-05-31,11-50,business,False,,4,2026-05-17 19:03:00,2026-05-22 05:15:00,4,4,20,2026-05-18 04:00:00
U01382,2026-04-06,2026-04-20,1-10,business,False,,1,2026-04-15 13:49:00,2026-04-15 13:49:00,1,1,7,2026-04-14 23:00:00
U01383,2026-05-16,2026-05-30,11-50,starter,True,2026-05-21,14,2026-05-16 18:21:00,2026-05-30 00:03:00,9,6,67,2026-05-16 17:00:00
U01384,2026-06-10,2026-06-24,not_provided,pro,True,2026-06-18,6,2026-06-14 22:08:00,2026-06-24 12:09:00,5,8,97,2026-06-10 03:00:00
U01385,2026-03-30,2026-04-13,51-200,pro,True,2026-04-05,7,2026-04-03 01:28:00,2026-04-13 12:16:00,6,3,21,2026-04-01 04:00:00
U01386,2026-04-09,2026-04-23,not_provided,pro,False,,3,2026-04-10 16:28:00,2026-04-21 02:03:00,3,5,24,2026-04-11 04:00:00
U01387,2026-03-20,2026-04-03,11-50,starter,False,,8,2026-03-22 08:36:00,2026-04-03 08:15:00,8,4,21,2026-03-20 23:00:00
U01388,2026-01-12,2026-01-26,51-200,business,False,,5,2026-01-17 12:50:00,2026-01-24 01:53:00,4,2,9,2026-01-15 16:00:00
U01389,2026-04-27,2026-05-11,not_provided,pro,True,2026-05-11,10,2026-04-27 06:57:00,2026-05-11 10:58:00,8,4,39,2026-04-27 08:00:00
U01390,2026-05-15,2026-05-29,51-200,starter,False,,2,2026-05-20 20:12:00,2026-05-28 07:52:00,2,1,3,2026-05-20 18:00:00
U01391,2026-02-04,2026-02-18,51-200,starter,False,,9,2026-02-04 00:31:00,2026-02-17 23:51:00,7,6,69,2026-02-04 10:00:00
U01392,2026-04-02,2026-04-16,11-50,pro,False,,3,2026-04-03 21:46:00,2026-04-08 05:55:00,3,4,18,2026-04-02 14:00:00
U01393,2026-04-14,2026-04-28,1-10,pro,False,,6,2026-04-18 02:17:00,2026-04-28 15:45:00,5,5,44,2026-04-15 02:00:00
U01394,2026-02-27,2026-03-13,not_provided,pro,False,,10,2026-02-27 14:44:00,2026-03-13 11:26:00,7,4,27,2026-02-27 13:00:00
U01395,2026-02-24,2026-03-10,not_provided,starter,False,,5,2026-02-25 23:29:00,2026-03-10 03:25:00,5,3,16,2026-02-26 11:00:00
U01396,2026-05-31,2026-06-14,not_provided,pro,False,,9,2026-05-31 16:42:00,2026-06-14 21:28:00,7,1,12,2026-06-02 15:00:00
U01397,2026-02-01,2026-02-15,51-200,business,True,2026-02-06,3,2026-02-03 05:00:00,2026-02-09 04:37:00,2,6,34,2026-02-01 02:00:00
U01398,2026-04-07,2026-04-21,not_provided,business,False,,10,2026-04-10 00:57:00,2026-04-20 13:12:00,7,7,67,2026-04-07 04:00:00
U01399,2026-05-17,2026-05-31,not_provided,starter,False,,6,2026-05-22 02:17:00,2026-05-31 03:51:00,4,1,1,2026-05-24 07:00:00
U01400,2026-06-02,2026-06-16,1-10,business,True,2026-06-08,4,2026-06-03 14:36:00,2026-06-12 16:29:00,4,5,58,2026-06-02 17:00:00
U01401,2026-01-06,2026-01-20,1-10,business,False,,3,2026-01-12 19:27:00,2026-01-18 17:45:00,3,2,4,2026-01-11 06:00:00
U01402,2026-01-30,2026-02-13,200+,starter,False,,3,2026-01-31 14:41:00,2026-02-10 23:34:00,3,1,3,2026-02-06 00:00:00
U01403,2026-04-08,2026-04-22,1-10,pro,False,,8,2026-04-10 13:33:00,2026-04-21 13:59:00,6,2,14,2026-04-09 18:00:00
U01404,2026-03-06,2026-03-20,200+,business,True,2026-03-13,12,2026-03-07 00:08:00,2026-03-19 02:38:00,7,7,114,2026-03-06 02:00:00
U01405,2026-02-22,2026-03-08,not_provided,business,False,,5,2026-02-23 21:17:00,2026-02-27 10:54:00,4,2,10,2026-02-22 08:00:00
U01406,2026-06-11,2026-06-25,1-10,business,True,2026-06-22,7,2026-06-11 04:16:00,2026-06-24 18:40:00,7,5,40,2026-06-11 10:00:00
U01407,2026-01-26,2026-02-09,not_provided,pro,False,,1,2026-02-02 15:06:00,2026-02-02 15:06:00,1,3,6,2026-01-29 23:00:00
U01408,2026-03-11,2026-03-25,not_provided,pro,False,,5,2026-03-14 21:21:00,2026-03-25 04:48:00,4,2,32,2026-03-11 11:00:00
U01409,2026-02-05,2026-02-19,200+,starter,False,,5,2026-02-09 17:59:00,2026-02-14 06:51:00,5,8,58,2026-02-05 18:00:00
U01410,2026-05-11,2026-05-25,not_provided,pro,True,2026-05-17,11,2026-05-13 14:22:00,2026-05-25 20:06:00,8,7,83,2026-05-11 02:00:00
U01411,2026-03-14,2026-03-28,1-10,starter,False,,10,2026-03-18 06:52:00,2026-03-28 06:25:00,8,6,39,2026-03-14 18:00:00
U01412,2026-05-08,2026-05-22,11-50,pro,False,,10,2026-05-08 18:02:00,2026-05-22 17:20:00,10,5,45,2026-05-08 08:00:00
U01413,2026-02-21,2026-03-07,51-200,pro,False,,6,2026-02-22 15:10:00,2026-03-06 16:18:00,6,3,5,2026-02-28 07:00:00
U01414,2026-02-21,2026-03-07,51-200,business,True,2026-03-04,10,2026-02-21 01:50:00,2026-03-07 18:26:00,8,8,83,2026-02-22 04:00:00
U01415,2026-03-17,2026-03-31,11-50,starter,False,,3,2026-03-18 00:36:00,2026-03-31 04:20:00,3,2,9,2026-03-21 01:00:00
U01416,2026-05-21,2026-06-04,200+,pro,False,,4,2026-05-24 15:25:00,2026-06-03 23:12:00,3,5,37,2026-05-22 02:00:00
U01417,2026-05-04,2026-05-18,51-200,pro,False,,4,2026-05-04 17:04:00,2026-05-09 20:48:00,4,4,15,2026-05-04 17:00:00
U01418,2026-01-01,2026-01-15,1-10,business,True,2026-01-07,2,2026-01-03 19:40:00,2026-01-15 21:12:00,2,3,15,2026-01-01 04:00:00
U01419,2026-01-29,2026-02-12,not_provided,business,False,,5,2026-01-29 14:51:00,2026-02-07 12:57:00,5,5,62,2026-01-29 14:00:00
U01420,2026-05-07,2026-05-21,11-50,starter,True,2026-05-20,3,2026-05-07 14:32:00,2026-05-19 15:25:00,3,5,48,2026-05-08 15:00:00
U01421,2026-01-20,2026-02-03,not_provided,business,False,,7,2026-01-23 16:26:00,2026-02-03 21:47:00,7,2,16,2026-01-22 18:00:00
U01422,2026-01-26,2026-02-09,51-200,business,False,,9,2026-01-27 17:03:00,2026-02-09 17:52:00,6,2,12,2026-01-29 18:00:00
U01423,2026-03-01,2026-03-15,200+,business,False,,1,2026-03-03 16:52:00,2026-03-03 16:52:00,1,1,5,2026-03-04 16:00:00
U01424,2026-03-09,2026-03-23,200+,starter,False,,15,2026-03-10 16:27:00,2026-03-23 00:48:00,10,8,99,2026-03-09 02:00:00
U01425,2026-01-26,2026-02-09,11-50,starter,True,2026-02-04,13,2026-01-26 00:40:00,2026-02-09 07:06:00,9,6,109,2026-01-26 11:00:00
U01426,2026-04-03,2026-04-17,not_provided,business,False,,6,2026-04-04 11:58:00,2026-04-16 05:18:00,6,4,25,2026-04-03 02:00:00
U01427,2026-04-20,2026-05-04,not_provided,starter,False,,1,2026-05-04 22:44:00,2026-05-04 22:44:00,1,4,23,2026-04-21 10:00:00
U01428,2026-01-25,2026-02-08,1-10,starter,True,2026-02-01,1,2026-01-25 04:30:00,2026-01-25 04:30:00,1,3,19,2026-01-26 07:00:00
U01429,2026-06-15,2026-06-29,11-50,business,False,,3,2026-06-15 19:15:00,2026-06-29 01:54:00,3,6,65,2026-06-15 09:00:00
U01430,2026-04-02,2026-04-16,200+,pro,True,2026-04-11,5,2026-04-04 06:10:00,2026-04-15 19:55:00,4,4,33,2026-04-04 22:00:00
U01431,2026-01-24,2026-02-07,51-200,business,False,,6,2026-01-25 13:29:00,2026-02-07 05:05:00,5,1,19,2026-01-24 19:00:00
U01432,2026-02-16,2026-03-02,1-10,starter,False,,3,2026-02-17 23:48:00,2026-02-23 16:07:00,3,2,24,2026-02-17 09:00:00
U01433,2026-04-13,2026-04-27,200+,business,False,,1,2026-04-27 14:50:00,2026-04-27 14:50:00,1,3,15,2026-04-13 06:00:00
U01434,2026-04-09,2026-04-23,not_provided,starter,False,,6,2026-04-10 15:43:00,2026-04-22 08:48:00,6,2,14,2026-04-12 01:00:00
U01435,2026-04-18,2026-05-02,not_provided,pro,False,,3,2026-04-19 19:33:00,2026-04-28 00:23:00,3,1,6,2026-04-22 13:00:00
U01436,2026-01-29,2026-02-12,11-50,business,True,2026-02-03,5,2026-01-29 21:21:00,2026-02-10 15:32:00,5,6,71,2026-01-29 08:00:00
U01437,2026-02-10,2026-02-24,1-10,starter,False,,5,2026-02-15 10:45:00,2026-02-23 01:21:00,5,4,32,2026-02-10 05:00:00
U01438,2026-06-01,2026-06-15,200+,pro,False,,10,2026-06-01 05:19:00,2026-06-15 06:54:00,8,7,49,2026-06-01 04:00:00
U01439,2026-04-23,2026-05-07,11-50,pro,False,,6,2026-04-23 21:25:00,2026-05-07 08:53:00,5,4,17,2026-04-23 20:00:00
U01440,2026-04-08,2026-04-22,51-200,pro,False,,3,2026-04-11 17:42:00,2026-04-19 21:38:00,3,8,103,2026-04-08 07:00:00
U01441,2026-01-08,2026-01-22,not_provided,business,True,2026-01-15,10,2026-01-09 15:02:00,2026-01-20 08:52:00,8,6,43,2026-01-08 04:00:00
U01442,2026-05-04,2026-05-18,200+,starter,True,2026-05-15,6,2026-05-07 09:28:00,2026-05-17 06:46:00,6,8,113,2026-05-05 07:00:00
U01443,2026-04-23,2026-05-07,1-10,starter,True,2026-05-02,2,2026-04-25 14:10:00,2026-04-26 20:46:00,2,1,2,2026-05-07 04:00:00
U01444,2026-03-22,2026-04-05,1-10,business,False,,3,2026-03-31 16:25:00,2026-04-05 21:40:00,3,3,9,2026-03-22 05:00:00
U01445,2026-05-15,2026-05-29,not_provided,pro,False,,5,2026-05-18 22:38:00,2026-05-27 21:22:00,4,1,8,2026-05-17 16:00:00
U01446,2026-05-25,2026-06-08,11-50,business,False,,8,2026-05-26 11:25:00,2026-06-07 07:54:00,7,7,84,2026-05-25 10:00:00
U01447,2026-03-28,2026-04-11,not_provided,pro,False,,2,2026-03-31 12:10:00,2026-04-01 22:21:00,2,4,12,2026-04-02 01:00:00
U01448,2026-06-08,2026-06-22,1-10,starter,False,,4,2026-06-08 09:17:00,2026-06-13 22:07:00,4,5,64,2026-06-08 03:00:00
U01449,2026-03-05,2026-03-19,200+,business,True,2026-03-16,7,2026-03-06 02:06:00,2026-03-15 17:34:00,6,4,28,2026-03-06 15:00:00
U01450,2026-02-08,2026-02-22,not_provided,pro,False,,5,2026-02-10 08:28:00,2026-02-22 08:42:00,4,7,60,2026-02-08 03:00:00
U01451,2026-01-14,2026-01-28,1-10,business,True,2026-01-21,6,2026-01-19 07:54:00,2026-01-28 21:57:00,4,7,111,2026-01-14 05:00:00
U01452,2026-05-10,2026-05-24,200+,starter,False,,3,2026-05-10 23:32:00,2026-05-15 14:52:00,3,2,12,2026-05-11 13:00:00
U01453,2026-02-12,2026-02-26,1-10,starter,False,,8,2026-02-12 13:26:00,2026-02-26 04:51:00,8,1,6,2026-02-20 22:00:00
U01454,2026-03-24,2026-04-07,11-50,business,True,2026-04-02,5,2026-03-29 00:08:00,2026-04-06 08:28:00,5,7,53,2026-03-24 00:00:00
U01455,2026-01-13,2026-01-27,not_provided,pro,False,,4,2026-01-14 13:02:00,2026-01-25 01:11:00,4,3,22,2026-01-14 08:00:00
U01456,2026-05-21,2026-06-04,not_provided,starter,True,2026-06-01,6,2026-05-23 11:02:00,2026-06-01 22:39:00,5,5,55,2026-05-22 00:00:00
U01457,2026-03-02,2026-03-16,1-10,starter,False,,8,2026-03-02 20:30:00,2026-03-15 08:08:00,7,5,26,2026-03-02 21:00:00
U01458,2026-04-24,2026-05-08,not_provided,starter,True,2026-04-30,3,2026-04-30 14:27:00,2026-05-03 07:01:00,3,3,18,2026-04-24 14:00:00
U01459,2026-05-08,2026-05-22,200+,business,True,2026-05-14,10,2026-05-08 08:52:00,2026-05-22 12:01:00,9,7,88,2026-05-08 23:00:00
U01460,2026-05-08,2026-05-22,not_provided,business,False,,10,2026-05-08 02:32:00,2026-05-22 04:54:00,7,6,62,2026-05-08 04:00:00
U01461,2026-01-05,2026-01-19,1-10,starter,False,,4,2026-01-05 14:46:00,2026-01-19 08:35:00,4,5,23,2026-01-05 19:00:00
U01462,2026-04-16,2026-04-30,1-10,pro,False,,4,2026-04-17 21:31:00,2026-04-28 05:54:00,4,1,4,2026-04-28 16:00:00
U01463,2026-05-21,2026-06-04,1-10,starter,True,2026-06-04,6,2026-05-23 01:52:00,2026-05-30 21:48:00,5,7,69,2026-05-21 05:00:00
U01464,2026-06-08,2026-06-22,not_provided,business,True,2026-06-21,9,2026-06-08 08:03:00,2026-06-17 22:05:00,7,9,108,2026-06-08 07:00:00
U01465,2026-05-24,2026-06-07,11-50,business,True,2026-06-05,9,2026-05-24 07:12:00,2026-06-03 12:57:00,7,4,44,2026-05-24 01:00:00
U01466,2026-03-29,2026-04-12,51-200,starter,False,,2,2026-03-29 16:52:00,2026-04-02 02:33:00,2,4,20,2026-03-29 09:00:00
U01467,2026-02-27,2026-03-13,200+,business,False,,12,2026-02-27 21:11:00,2026-03-10 23:59:00,7,2,22,2026-02-28 15:00:00
U01468,2026-05-24,2026-06-07,not_provided,pro,True,2026-06-05,6,2026-05-25 01:08:00,2026-06-06 01:34:00,4,5,48,2026-05-25 10:00:00
U01469,2026-04-04,2026-04-18,not_provided,starter,False,,1,2026-04-08 20:33:00,2026-04-08 20:33:00,1,1,10,2026-04-07 01:00:00
U01470,2026-01-30,2026-02-13,1-10,business,False,,5,2026-02-03 22:06:00,2026-02-11 13:00:00,4,4,16,2026-02-05 15:00:00
U01471,2026-02-26,2026-03-12,1-10,business,False,,9,2026-02-26 13:36:00,2026-03-12 05:22:00,8,6,21,2026-02-27 10:00:00
U01472,2026-04-01,2026-04-15,not_provided,business,True,2026-04-14,6,2026-04-06 12:42:00,2026-04-14 19:22:00,6,7,112,2026-04-01 00:00:00
U01473,2026-05-14,2026-05-28,51-200,business,True,2026-05-20,6,2026-05-15 11:10:00,2026-05-28 23:33:00,5,5,43,2026-05-14 17:00:00
U01474,2026-01-12,2026-01-26,11-50,starter,False,,9,2026-01-12 22:19:00,2026-01-26 01:47:00,7,7,77,2026-01-12 09:00:00
U01475,2026-02-05,2026-02-19,not_provided,business,True,2026-02-16,6,2026-02-05 23:31:00,2026-02-19 08:22:00,6,2,13,2026-02-09 09:00:00
U01476,2026-01-28,2026-02-11,51-200,pro,False,,6,2026-02-02 11:47:00,2026-02-11 02:22:00,6,6,31,2026-01-28 08:00:00
U01477,2026-02-20,2026-03-06,11-50,starter,False,,3,2026-02-26 17:37:00,2026-03-02 13:05:00,3,1,9,2026-02-22 16:00:00
U01478,2026-04-11,2026-04-25,11-50,starter,False,,8,2026-04-12 04:41:00,2026-04-25 02:32:00,5,5,31,2026-04-15 05:00:00
U01479,2026-02-18,2026-03-04,not_provided,business,True,2026-02-24,12,2026-02-19 04:30:00,2026-03-04 18:28:00,8,6,80,2026-02-18 11:00:00
U01480,2026-04-17,2026-05-01,1-10,business,False,,2,2026-04-24 21:41:00,2026-04-26 16:55:00,2,5,48,2026-04-17 02:00:00
U01481,2026-05-31,2026-06-14,1-10,starter,False,,5,2026-05-31 13:50:00,2026-06-10 11:14:00,5,5,43,2026-05-31 09:00:00
U01482,2026-04-28,2026-05-12,not_provided,pro,False,,9,2026-04-28 06:48:00,2026-05-11 13:05:00,6,3,23,2026-04-29 04:00:00
U01483,2026-05-10,2026-05-24,11-50,starter,False,,5,2026-05-18 02:29:00,2026-05-21 03:06:00,3,4,26,2026-05-10 03:00:00
U01484,2026-01-02,2026-01-16,not_provided,business,False,,5,2026-01-04 13:54:00,2026-01-14 06:40:00,5,5,54,2026-01-03 08:00:00
U01485,2026-01-13,2026-01-27,not_provided,starter,True,2026-01-27,4,2026-01-13 07:31:00,2026-01-23 06:09:00,4,2,5,2026-01-19 07:00:00
U01486,2026-05-04,2026-05-18,not_provided,pro,True,2026-05-18,5,2026-05-04 11:25:00,2026-05-15 10:26:00,4,3,41,2026-05-05 00:00:00
U01487,2026-02-14,2026-02-28,not_provided,pro,True,2026-02-20,10,2026-02-16 22:54:00,2026-02-28 22:04:00,8,6,47,2026-02-14 02:00:00
U01488,2026-04-10,2026-04-24,not_provided,pro,False,,3,2026-04-11 18:41:00,2026-04-21 18:42:00,3,3,12,2026-04-10 10:00:00
U01489,2026-06-05,2026-06-19,51-200,pro,True,2026-06-16,7,2026-06-10 20:21:00,2026-06-19 17:34:00,5,7,78,2026-06-05 11:00:00
U01490,2026-04-18,2026-05-02,not_provided,business,True,2026-04-26,8,2026-04-19 04:40:00,2026-05-02 18:48:00,7,3,13,2026-04-18 00:00:00
U01491,2026-03-12,2026-03-26,200+,business,False,,10,2026-03-12 14:40:00,2026-03-26 20:45:00,8,7,37,2026-03-13 03:00:00
U01492,2026-03-17,2026-03-31,200+,pro,True,2026-03-24,15,2026-03-17 02:49:00,2026-03-29 23:00:00,11,7,103,2026-03-17 01:00:00
U01493,2026-04-16,2026-04-30,not_provided,business,False,,2,2026-04-17 18:42:00,2026-04-23 06:33:00,2,4,35,2026-04-16 03:00:00
U01494,2026-05-12,2026-05-26,51-200,business,False,,6,2026-05-13 06:06:00,2026-05-25 18:40:00,6,7,41,2026-05-12 10:00:00
U01495,2026-05-21,2026-06-04,51-200,business,False,,4,2026-05-22 02:57:00,2026-05-31 22:11:00,4,2,5,2026-05-27 03:00:00
U01496,2026-05-22,2026-06-05,not_provided,pro,True,2026-05-30,4,2026-05-23 05:20:00,2026-05-31 19:47:00,3,6,64,2026-05-22 14:00:00
U01497,2026-02-23,2026-03-09,not_provided,business,False,,4,2026-02-23 20:24:00,2026-03-06 21:14:00,4,4,27,2026-02-24 12:00:00
U01498,2026-03-16,2026-03-30,not_provided,business,True,2026-03-23,5,2026-03-16 20:13:00,2026-03-30 02:57:00,5,1,5,2026-03-25 13:00:00
U01499,2026-06-16,2026-06-30,11-50,pro,True,2026-06-29,5,2026-06-16 16:06:00,2026-06-27 00:11:00,5,2,10,2026-06-16 08:00:00
U01500,2026-06-13,2026-06-27,51-200,business,True,2026-06-19,14,2026-06-14 11:59:00,2026-06-27 04:33:00,9,3,31,2026-06-13 00:00:00
U01501,2026-04-01,2026-04-15,not_provided,starter,True,2026-04-15,3,2026-04-02 06:59:00,2026-04-10 13:30:00,3,3,28,2026-04-03 06:00:00
U01502,2026-05-27,2026-06-10,not_provided,business,False,,5,2026-05-28 22:47:00,2026-06-06 16:34:00,5,3,10,2026-05-30 12:00:00
U01503,2026-04-17,2026-05-01,not_provided,business,False,,1,2026-04-28 03:52:00,2026-04-28 03:52:00,1,7,42,2026-04-17 06:00:00
U01504,2026-05-17,2026-05-31,51-200,starter,True,2026-05-22,6,2026-05-17 20:23:00,2026-05-29 17:00:00,6,7,83,2026-05-17 12:00:00
U01505,2026-05-14,2026-05-28,1-10,starter,True,2026-05-25,7,2026-05-14 07:58:00,2026-05-26 17:36:00,7,5,55,2026-05-14 06:00:00
U01506,2026-02-07,2026-02-21,1-10,business,False,,3,2026-02-08 10:55:00,2026-02-11 19:56:00,2,6,17,2026-02-09 00:00:00
U01507,2026-01-15,2026-01-29,11-50,business,True,2026-01-22,1,2026-01-26 15:54:00,2026-01-26 15:54:00,1,3,20,2026-01-16 01:00:00
U01508,2026-03-15,2026-03-29,not_provided,business,True,2026-03-22,5,2026-03-19 21:47:00,2026-03-28 20:12:00,5,2,8,2026-03-24 15:00:00
U01509,2026-01-16,2026-01-30,not_provided,business,True,2026-01-24,12,2026-01-18 16:48:00,2026-01-30 16:23:00,7,8,68,2026-01-16 07:00:00
U01510,2026-05-19,2026-06-02,1-10,business,False,,10,2026-05-19 06:57:00,2026-06-02 07:22:00,8,5,61,2026-05-19 12:00:00
U01511,2026-04-26,2026-05-10,1-10,pro,False,,2,2026-05-04 13:11:00,2026-05-08 23:50:00,2,4,33,2026-04-27 04:00:00
U01512,2026-05-24,2026-06-07,11-50,business,False,,4,2026-05-24 21:43:00,2026-06-07 17:20:00,4,7,48,2026-05-24 00:00:00
U01513,2026-06-15,2026-06-29,not_provided,starter,False,,9,2026-06-18 00:54:00,2026-06-27 21:31:00,6,4,33,2026-06-16 12:00:00
U01514,2026-03-02,2026-03-16,not_provided,business,False,,1,2026-03-12 02:27:00,2026-03-12 02:27:00,1,2,7,2026-03-03 22:00:00
U01515,2026-03-15,2026-03-29,not_provided,business,True,2026-03-20,3,2026-03-18 03:03:00,2026-03-21 13:15:00,3,8,75,2026-03-15 04:00:00
U01516,2026-04-08,2026-04-22,200+,starter,False,,8,2026-04-09 03:40:00,2026-04-20 00:34:00,8,9,161,2026-04-08 02:00:00
U01517,2026-03-22,2026-04-05,not_provided,starter,False,,6,2026-03-24 12:57:00,2026-04-05 23:24:00,5,3,33,2026-03-23 03:00:00
U01518,2026-01-04,2026-01-18,not_provided,business,False,,4,2026-01-09 15:55:00,2026-01-18 02:27:00,4,4,20,2026-01-05 06:00:00
U01519,2026-02-21,2026-03-07,not_provided,starter,False,,5,2026-02-21 05:15:00,2026-03-03 14:48:00,5,5,49,2026-02-21 02:00:00
U01520,2026-02-27,2026-03-13,not_provided,business,False,,2,2026-03-04 20:59:00,2026-03-12 13:27:00,2,2,13,2026-03-01 01:00:00
U01521,2026-06-15,2026-06-29,51-200,pro,False,,7,2026-06-17 18:58:00,2026-06-28 05:32:00,6,3,21,2026-06-16 14:00:00
U01522,2026-05-20,2026-06-03,not_provided,pro,False,,4,2026-05-22 03:54:00,2026-05-28 00:07:00,4,4,30,2026-05-23 05:00:00
U01523,2026-02-20,2026-03-06,not_provided,pro,False,,5,2026-02-20 10:48:00,2026-03-03 19:04:00,4,2,13,2026-02-21 17:00:00
U01524,2026-03-17,2026-03-31,200+,pro,False,,4,2026-03-21 01:48:00,2026-03-29 07:35:00,3,2,7,2026-03-19 16:00:00
U01525,2026-01-20,2026-02-03,11-50,pro,False,,4,2026-01-20 16:26:00,2026-01-31 16:01:00,4,3,13,2026-01-22 12:00:00
U01526,2026-05-12,2026-05-26,1-10,starter,True,2026-05-17,10,2026-05-12 08:59:00,2026-05-26 06:29:00,8,6,57,2026-05-12 14:00:00
U01527,2026-04-20,2026-05-04,51-200,pro,False,,8,2026-04-20 06:45:00,2026-05-04 16:25:00,8,1,15,2026-04-24 13:00:00
U01528,2026-03-09,2026-03-23,11-50,pro,False,,8,2026-03-09 09:13:00,2026-03-21 17:43:00,6,5,53,2026-03-09 12:00:00
U01529,2026-05-30,2026-06-13,51-200,starter,True,2026-06-09,13,2026-05-30 16:41:00,2026-06-13 08:10:00,9,6,89,2026-05-30 06:00:00
U01530,2026-04-30,2026-05-14,not_provided,pro,True,2026-05-05,3,2026-05-04 23:31:00,2026-05-13 23:19:00,2,7,61,2026-05-01 03:00:00
U01531,2026-02-09,2026-02-23,51-200,pro,False,,8,2026-02-09 10:30:00,2026-02-22 10:36:00,6,7,63,2026-02-09 10:00:00
U01532,2026-01-14,2026-01-28,not_provided,pro,True,2026-01-23,5,2026-01-21 22:58:00,2026-01-28 21:32:00,5,4,43,2026-01-14 23:00:00
U01533,2026-05-06,2026-05-20,not_provided,pro,False,,8,2026-05-07 01:16:00,2026-05-20 18:37:00,7,7,52,2026-05-07 01:00:00
U01534,2026-04-02,2026-04-16,1-10,business,True,2026-04-12,9,2026-04-02 22:50:00,2026-04-16 20:10:00,7,4,30,2026-04-04 03:00:00
U01535,2026-05-15,2026-05-29,11-50,pro,True,2026-05-28,5,2026-05-15 23:46:00,2026-05-27 14:23:00,4,5,60,2026-05-15 05:00:00
U01536,2026-01-18,2026-02-01,not_provided,pro,True,2026-01-29,10,2026-01-18 23:27:00,2026-01-29 09:09:00,7,3,15,2026-01-20 20:00:00
U01537,2026-05-20,2026-06-03,not_provided,starter,False,,7,2026-05-25 20:45:00,2026-06-02 22:20:00,6,5,44,2026-05-20 16:00:00
U01538,2026-01-24,2026-02-07,51-200,pro,True,2026-02-01,11,2026-01-24 13:55:00,2026-02-07 14:36:00,10,4,54,2026-01-24 06:00:00
U01539,2026-03-26,2026-04-09,51-200,business,False,,4,2026-03-27 12:40:00,2026-03-31 16:19:00,3,5,18,2026-03-27 03:00:00
U01540,2026-03-17,2026-03-31,11-50,pro,True,2026-03-30,3,2026-03-17 09:24:00,2026-03-31 16:10:00,2,5,29,2026-03-17 10:00:00
U01541,2026-05-02,2026-05-16,not_provided,business,True,2026-05-07,5,2026-05-08 02:15:00,2026-05-13 22:22:00,3,7,84,2026-05-02 21:00:00
U01542,2026-01-30,2026-02-13,not_provided,business,False,,3,2026-01-31 04:09:00,2026-02-12 22:27:00,3,6,33,2026-01-31 16:00:00
U01543,2026-04-25,2026-05-09,11-50,business,False,,5,2026-04-29 05:40:00,2026-05-09 02:29:00,4,4,52,2026-04-26 20:00:00
U01544,2026-06-07,2026-06-21,not_provided,pro,True,2026-06-12,9,2026-06-07 14:00:00,2026-06-20 17:48:00,7,5,35,2026-06-09 17:00:00
U01545,2026-03-24,2026-04-07,200+,starter,True,2026-04-04,3,2026-03-28 02:08:00,2026-04-01 15:56:00,3,1,2,2026-03-29 11:00:00
U01546,2026-03-07,2026-03-21,not_provided,business,False,,7,2026-03-08 11:05:00,2026-03-18 11:04:00,6,3,13,2026-03-07 21:00:00
U01547,2026-03-14,2026-03-28,1-10,pro,True,2026-03-24,4,2026-03-17 02:53:00,2026-03-26 10:33:00,3,6,69,2026-03-14 05:00:00
U01548,2026-05-12,2026-05-26,not_provided,starter,False,,6,2026-05-12 23:43:00,2026-05-24 10:15:00,6,4,19,2026-05-13 13:00:00
U01549,2026-05-05,2026-05-19,1-10,business,True,2026-05-13,11,2026-05-05 03:17:00,2026-05-17 17:38:00,8,7,83,2026-05-06 05:00:00
U01550,2026-03-24,2026-04-07,not_provided,starter,False,,3,2026-03-27 09:45:00,2026-04-04 23:57:00,3,2,13,2026-03-24 15:00:00
U01551,2026-01-25,2026-02-08,11-50,pro,False,,8,2026-01-25 04:40:00,2026-02-08 09:57:00,8,5,50,2026-01-25 05:00:00
U01552,2026-05-17,2026-05-31,1-10,business,False,,10,2026-05-17 07:14:00,2026-05-30 16:40:00,6,7,55,2026-05-17 10:00:00
U01553,2026-01-17,2026-01-31,11-50,business,True,2026-01-25,1,2026-01-17 09:36:00,2026-01-17 09:36:00,1,3,17,2026-01-18 07:00:00
U01554,2026-04-19,2026-05-03,1-10,pro,True,2026-05-02,8,2026-04-19 15:09:00,2026-05-03 23:45:00,8,6,58,2026-04-19 07:00:00
U01555,2026-04-22,2026-05-06,not_provided,starter,True,2026-04-29,5,2026-04-27 08:40:00,2026-05-05 11:31:00,5,5,44,2026-04-22 22:00:00
U01556,2026-01-07,2026-01-21,200+,business,False,,6,2026-01-12 12:39:00,2026-01-20 04:43:00,5,2,13,2026-01-10 14:00:00
U01557,2026-03-26,2026-04-09,1-10,starter,True,2026-04-01,5,2026-03-27 05:30:00,2026-04-09 08:07:00,5,7,155,2026-03-26 09:00:00
U01558,2026-01-14,2026-01-28,11-50,business,True,2026-01-27,5,2026-01-15 14:31:00,2026-01-27 00:08:00,5,7,94,2026-01-14 02:00:00
U01559,2026-01-19,2026-02-02,not_provided,pro,False,,4,2026-01-20 20:18:00,2026-01-28 02:01:00,4,3,15,2026-01-24 13:00:00
U01560,2026-03-08,2026-03-22,200+,starter,True,2026-03-20,5,2026-03-14 20:31:00,2026-03-21 16:27:00,4,5,36,2026-03-10 11:00:00
U01561,2026-06-11,2026-06-25,200+,starter,True,2026-06-21,1,2026-06-21 01:18:00,2026-06-21 01:18:00,1,7,104,2026-06-11 05:00:00
U01562,2026-01-05,2026-01-19,200+,business,False,,12,2026-01-06 03:59:00,2026-01-18 17:11:00,9,6,52,2026-01-05 01:00:00
U01563,2026-01-31,2026-02-14,not_provided,starter,False,,3,2026-02-03 16:14:00,2026-02-11 17:31:00,3,1,4,2026-02-02 15:00:00
U01564,2026-06-14,2026-06-28,not_provided,pro,False,,14,2026-06-16 00:48:00,2026-06-27 13:45:00,8,8,74,2026-06-14 09:00:00
U01565,2026-01-17,2026-01-31,not_provided,pro,True,2026-01-22,10,2026-01-17 01:35:00,2026-01-31 11:18:00,9,6,60,2026-01-17 12:00:00
U01566,2026-01-19,2026-02-02,51-200,pro,True,2026-01-25,6,2026-01-19 00:06:00,2026-01-28 22:25:00,4,5,50,2026-01-19 19:00:00
U01567,2026-03-16,2026-03-30,not_provided,business,True,2026-03-30,8,2026-03-22 11:45:00,2026-03-30 23:44:00,5,6,92,2026-03-16 16:00:00
U01568,2026-01-23,2026-02-06,51-200,starter,True,2026-02-03,8,2026-01-24 05:41:00,2026-02-05 01:22:00,6,1,12,2026-01-23 21:00:00
U01569,2026-04-12,2026-04-26,not_provided,starter,True,2026-04-24,11,2026-04-12 09:45:00,2026-04-26 15:04:00,8,7,70,2026-04-12 17:00:00
U01570,2026-02-10,2026-02-24,not_provided,pro,False,,4,2026-02-13 04:22:00,2026-02-24 11:20:00,4,2,10,2026-02-11 21:00:00
U01571,2026-02-04,2026-02-18,not_provided,starter,True,2026-02-17,14,2026-02-06 16:44:00,2026-02-16 18:25:00,9,5,65,2026-02-05 04:00:00
U01572,2026-03-17,2026-03-31,not_provided,pro,False,,6,2026-03-18 06:47:00,2026-03-30 09:53:00,6,4,31,2026-03-22 02:00:00
U01573,2026-03-18,2026-04-01,not_provided,business,False,,5,2026-03-25 15:44:00,2026-04-01 20:56:00,4,3,15,2026-03-19 10:00:00
U01574,2026-06-15,2026-06-29,51-200,starter,False,,5,2026-06-15 01:42:00,2026-06-24 19:59:00,5,1,13,2026-06-16 18:00:00
U01575,2026-05-22,2026-06-05,not_provided,pro,False,,7,2026-05-23 07:27:00,2026-06-02 04:47:00,6,4,20,2026-05-22 03:00:00
U01576,2026-02-01,2026-02-15,1-10,starter,True,2026-02-15,1,2026-02-02 23:37:00,2026-02-02 23:37:00,1,5,29,2026-02-02 21:00:00
U01577,2026-06-02,2026-06-16,200+,pro,False,,10,2026-06-02 21:09:00,2026-06-14 07:22:00,7,6,50,2026-06-02 13:00:00
U01578,2026-05-21,2026-06-04,1-10,business,False,,5,2026-05-22 00:59:00,2026-06-03 23:31:00,4,2,4,2026-05-26 15:00:00
U01579,2026-02-23,2026-03-09,not_provided,business,False,,9,2026-02-24 00:35:00,2026-03-09 17:30:00,6,4,49,2026-02-23 01:00:00
U01580,2026-03-30,2026-04-13,11-50,starter,False,,3,2026-04-03 14:28:00,2026-04-05 10:15:00,2,2,8,2026-03-31 16:00:00
U01581,2026-06-15,2026-06-29,not_provided,pro,True,2026-06-22,4,2026-06-17 22:27:00,2026-06-24 02:22:00,3,7,52,2026-06-15 10:00:00
U01582,2026-02-17,2026-03-03,11-50,pro,False,,11,2026-02-19 03:38:00,2026-03-02 20:36:00,7,6,39,2026-02-17 09:00:00
U01583,2026-03-06,2026-03-20,11-50,starter,False,,9,2026-03-07 07:07:00,2026-03-20 20:55:00,7,7,61,2026-03-07 09:00:00
U01584,2026-02-16,2026-03-02,not_provided,pro,False,,5,2026-02-18 23:11:00,2026-02-28 19:05:00,4,3,16,2026-02-17 22:00:00
U01585,2026-01-14,2026-01-28,not_provided,starter,True,2026-01-27,8,2026-01-15 04:12:00,2026-01-25 03:28:00,7,6,65,2026-01-14 08:00:00
U01586,2026-01-19,2026-02-02,51-200,business,True,2026-01-25,13,2026-01-22 01:49:00,2026-02-02 22:23:00,9,8,126,2026-01-19 04:00:00
U01587,2026-03-06,2026-03-20,1-10,pro,True,2026-03-20,8,2026-03-06 18:31:00,2026-03-18 01:43:00,7,4,21,2026-03-06 19:00:00
U01588,2026-05-05,2026-05-19,51-200,business,False,,6,2026-05-06 14:28:00,2026-05-16 11:27:00,4,4,38,2026-05-05 22:00:00
U01589,2026-02-02,2026-02-16,not_provided,business,False,,3,2026-02-04 08:51:00,2026-02-12 01:32:00,3,3,16,2026-02-02 13:00:00
U01590,2026-03-02,2026-03-16,1-10,business,False,,4,2026-03-02 15:21:00,2026-03-14 06:44:00,4,2,8,2026-03-04 16:00:00
U01591,2026-06-08,2026-06-22,1-10,pro,False,,3,2026-06-08 14:47:00,2026-06-16 06:55:00,3,2,3,2026-06-14 06:00:00
U01592,2026-03-23,2026-04-06,200+,starter,True,2026-04-02,12,2026-03-24 04:34:00,2026-04-05 16:59:00,9,3,41,2026-03-24 00:00:00
U01593,2026-06-07,2026-06-21,not_provided,business,False,,6,2026-06-13 10:42:00,2026-06-21 12:30:00,4,7,79,2026-06-07 18:00:00
U01594,2026-05-30,2026-06-13,11-50,pro,False,,2,2026-06-03 03:51:00,2026-06-10 20:42:00,2,2,25,2026-06-01 08:00:00
U01595,2026-05-26,2026-06-09,51-200,business,False,,2,2026-05-30 01:11:00,2026-06-09 21:08:00,2,3,11,2026-05-26 15:00:00
U01596,2026-04-20,2026-05-04,11-50,starter,True,2026-04-30,8,2026-04-20 09:05:00,2026-05-02 15:40:00,5,9,99,2026-04-20 07:00:00
U01597,2026-03-05,2026-03-19,11-50,business,True,2026-03-16,8,2026-03-05 01:02:00,2026-03-17 21:52:00,5,5,62,2026-03-05 02:00:00
U01598,2026-03-12,2026-03-26,51-200,pro,True,2026-03-22,1,2026-03-25 18:39:00,2026-03-25 18:39:00,1,3,10,2026-03-14 21:00:00
U01599,2026-05-03,2026-05-17,200+,starter,False,,8,2026-05-06 17:13:00,2026-05-17 21:14:00,6,7,59,2026-05-03 02:00:00
U01600,2026-04-02,2026-04-16,51-200,starter,True,2026-04-15,10,2026-04-03 09:00:00,2026-04-15 20:42:00,8,5,42,2026-04-02 08:00:00
U01601,2026-01-28,2026-02-11,11-50,business,False,,5,2026-01-31 02:31:00,2026-02-06 16:07:00,3,2,13,2026-01-30 11:00:00
U01602,2026-06-05,2026-06-19,1-10,business,True,2026-06-12,6,2026-06-07 11:14:00,2026-06-11 05:49:00,3,6,97,2026-06-05 20:00:00
U01603,2026-05-18,2026-06-01,11-50,business,True,2026-05-24,5,2026-05-19 10:49:00,2026-05-30 18:22:00,4,5,61,2026-05-18 01:00:00
U01604,2026-01-20,2026-02-03,1-10,pro,False,,2,2026-01-26 02:16:00,2026-02-03 13:02:00,2,2,6,2026-01-21 18:00:00
U01605,2026-06-11,2026-06-25,1-10,pro,True,2026-06-25,12,2026-06-11 08:16:00,2026-06-24 13:08:00,10,6,110,2026-06-11 15:00:00
U01606,2026-04-14,2026-04-28,not_provided,pro,True,2026-04-19,16,2026-04-14 11:25:00,2026-04-26 04:55:00,11,6,78,2026-04-14 06:00:00
U01607,2026-05-22,2026-06-05,51-200,pro,False,,5,2026-05-24 14:15:00,2026-06-05 23:27:00,4,5,20,2026-05-23 15:00:00
U01608,2026-05-19,2026-06-02,200+,business,False,,4,2026-05-25 19:21:00,2026-05-31 09:37:00,4,5,20,2026-05-19 06:00:00
U01609,2026-02-08,2026-02-22,51-200,starter,False,,8,2026-02-13 20:56:00,2026-02-22 21:21:00,7,4,41,2026-02-08 14:00:00
U01610,2026-02-27,2026-03-13,not_provided,business,True,2026-03-08,2,2026-03-05 03:57:00,2026-03-12 03:30:00,2,1,17,2026-02-27 17:00:00
U01611,2026-02-04,2026-02-18,200+,pro,True,2026-02-17,7,2026-02-07 03:41:00,2026-02-17 03:55:00,5,4,28,2026-02-04 06:00:00
U01612,2026-01-24,2026-02-07,200+,business,False,,6,2026-01-24 21:24:00,2026-02-05 21:57:00,5,6,50,2026-01-24 00:00:00
U01613,2026-05-09,2026-05-23,1-10,business,True,2026-05-17,5,2026-05-09 16:26:00,2026-05-23 20:11:00,4,7,51,2026-05-09 01:00:00
U01614,2026-06-07,2026-06-21,not_provided,pro,False,,7,2026-06-07 16:18:00,2026-06-21 20:01:00,6,2,10,2026-06-11 03:00:00
U01615,2026-05-12,2026-05-26,11-50,starter,True,2026-05-19,8,2026-05-12 18:39:00,2026-05-26 11:03:00,8,4,51,2026-05-12 02:00:00
U01616,2026-02-15,2026-03-01,not_provided,pro,True,2026-02-22,6,2026-02-15 01:21:00,2026-03-01 20:28:00,5,7,96,2026-02-15 10:00:00
U01617,2026-05-04,2026-05-18,51-200,starter,False,,7,2026-05-05 07:10:00,2026-05-16 10:16:00,5,3,18,2026-05-06 10:00:00
U01618,2026-02-26,2026-03-12,200+,pro,False,,9,2026-02-26 15:52:00,2026-03-10 11:18:00,8,5,27,2026-02-27 14:00:00
U01619,2026-01-17,2026-01-31,51-200,business,False,,4,2026-01-17 00:55:00,2026-01-28 14:02:00,3,2,16,2026-01-18 14:00:00
U01620,2026-03-01,2026-03-15,1-10,business,True,2026-03-09,9,2026-03-01 21:36:00,2026-03-15 06:20:00,6,6,74,2026-03-01 04:00:00
U01621,2026-05-13,2026-05-27,51-200,starter,False,,6,2026-05-13 10:48:00,2026-05-19 07:14:00,5,5,49,2026-05-13 04:00:00
U01622,2026-05-01,2026-05-15,200+,starter,False,,1,2026-05-01 17:04:00,2026-05-01 17:04:00,1,5,18,2026-05-01 08:00:00
U01623,2026-01-11,2026-01-25,not_provided,business,False,,3,2026-01-11 10:26:00,2026-01-23 13:14:00,2,7,70,2026-01-12 12:00:00
U01624,2026-01-27,2026-02-10,not_provided,pro,False,,3,2026-01-28 15:51:00,2026-02-06 00:09:00,3,1,2,2026-01-29 14:00:00
U01625,2026-06-12,2026-06-26,51-200,business,False,,3,2026-06-17 23:27:00,2026-06-24 16:50:00,3,4,32,2026-06-12 02:00:00
U01626,2026-03-09,2026-03-23,not_provided,pro,False,,2,2026-03-13 18:10:00,2026-03-23 14:28:00,2,1,1,2026-03-23 07:00:00
U01627,2026-05-26,2026-06-09,11-50,starter,False,,7,2026-05-27 21:19:00,2026-06-09 16:39:00,7,9,115,2026-05-26 03:00:00
U01628,2026-04-07,2026-04-21,51-200,pro,False,,4,2026-04-08 02:16:00,2026-04-13 23:35:00,2,3,21,2026-04-07 06:00:00
U01629,2026-01-20,2026-02-03,not_provided,business,False,,8,2026-01-21 18:57:00,2026-02-03 03:41:00,6,3,10,2026-01-20 21:00:00
U01630,2026-04-07,2026-04-21,11-50,pro,False,,3,2026-04-07 12:06:00,2026-04-21 15:25:00,3,2,3,2026-04-13 21:00:00
U01631,2026-04-14,2026-04-28,51-200,business,False,,7,2026-04-17 17:14:00,2026-04-24 20:59:00,4,5,42,2026-04-16 08:00:00
U01632,2026-05-05,2026-05-19,200+,pro,False,,9,2026-05-07 07:53:00,2026-05-19 09:42:00,5,4,50,2026-05-05 10:00:00
U01633,2026-01-02,2026-01-16,not_provided,pro,False,,9,2026-01-03 20:44:00,2026-01-14 10:41:00,6,4,33,2026-01-03 04:00:00
U01634,2026-04-23,2026-05-07,11-50,pro,True,2026-04-29,10,2026-04-24 03:44:00,2026-05-07 20:06:00,5,2,12,2026-04-25 19:00:00
U01635,2026-05-12,2026-05-26,not_provided,business,False,,5,2026-05-12 03:42:00,2026-05-17 20:53:00,4,5,36,2026-05-12 02:00:00
U01636,2026-02-24,2026-03-10,11-50,pro,False,,7,2026-02-24 08:00:00,2026-03-06 22:30:00,6,2,7,2026-03-02 12:00:00
U01637,2026-02-10,2026-02-24,51-200,pro,False,,5,2026-02-11 19:22:00,2026-02-21 04:24:00,5,4,22,2026-02-10 06:00:00
U01638,2026-01-31,2026-02-14,not_provided,pro,False,,17,2026-01-31 22:45:00,2026-02-14 17:09:00,9,4,53,2026-01-31 04:00:00
U01639,2026-04-17,2026-05-01,51-200,business,False,,6,2026-04-17 19:16:00,2026-04-26 04:42:00,5,4,21,2026-04-19 07:00:00
U01640,2026-01-30,2026-02-13,200+,business,False,,12,2026-01-30 15:21:00,2026-02-11 21:02:00,8,5,41,2026-01-30 13:00:00
U01641,2026-05-03,2026-05-17,200+,pro,True,2026-05-17,4,2026-05-05 07:54:00,2026-05-14 23:56:00,4,2,5,2026-05-03 18:00:00
U01642,2026-02-11,2026-02-25,not_provided,starter,False,,8,2026-02-11 23:36:00,2026-02-25 22:55:00,7,3,21,2026-02-12 06:00:00
U01643,2026-01-06,2026-01-20,11-50,starter,True,2026-01-13,8,2026-01-10 22:38:00,2026-01-20 14:53:00,7,8,104,2026-01-06 02:00:00
U01644,2026-05-27,2026-06-10,not_provided,pro,False,,11,2026-06-01 09:01:00,2026-06-10 11:20:00,8,2,6,2026-06-04 05:00:00
U01645,2026-02-04,2026-02-18,not_provided,pro,False,,9,2026-02-04 19:15:00,2026-02-15 13:44:00,7,6,29,2026-02-04 15:00:00
U01646,2026-01-11,2026-01-25,not_provided,pro,True,2026-01-16,1,2026-01-22 03:53:00,2026-01-22 03:53:00,1,1,5,2026-01-11 19:00:00
U01647,2026-02-12,2026-02-26,51-200,pro,True,2026-02-25,8,2026-02-12 13:06:00,2026-02-26 11:33:00,6,6,78,2026-02-12 04:00:00
U01648,2026-04-14,2026-04-28,not_provided,pro,False,,9,2026-04-16 00:52:00,2026-04-28 23:46:00,5,4,32,2026-04-14 15:00:00
U01649,2026-06-13,2026-06-27,1-10,business,False,,5,2026-06-13 17:06:00,2026-06-26 23:28:00,4,4,17,2026-06-13 08:00:00
U01650,2026-03-14,2026-03-28,1-10,pro,True,2026-03-26,8,2026-03-14 00:04:00,2026-03-28 22:42:00,6,5,51,2026-03-14 08:00:00
U01651,2026-06-05,2026-06-19,200+,starter,False,,10,2026-06-05 00:18:00,2026-06-18 08:50:00,7,9,133,2026-06-05 12:00:00
U01652,2026-02-13,2026-02-27,11-50,starter,True,2026-02-27,5,2026-02-16 16:02:00,2026-02-27 17:37:00,5,4,35,2026-02-13 17:00:00
U01653,2026-02-06,2026-02-20,not_provided,pro,False,,4,2026-02-06 17:43:00,2026-02-18 12:22:00,4,6,62,2026-02-06 03:00:00
U01654,2026-06-09,2026-06-23,not_provided,pro,True,2026-06-18,4,2026-06-10 20:27:00,2026-06-22 02:49:00,4,3,30,2026-06-09 09:00:00
U01655,2026-02-12,2026-02-26,not_provided,business,False,,11,2026-02-14 16:57:00,2026-02-26 09:17:00,7,8,63,2026-02-12 15:00:00
U01656,2026-03-29,2026-04-12,200+,pro,False,,3,2026-04-09 21:43:00,2026-04-12 22:38:00,3,4,56,2026-03-29 19:00:00
U01657,2026-06-01,2026-06-15,1-10,pro,True,2026-06-12,4,2026-06-01 00:36:00,2026-06-15 09:33:00,4,5,31,2026-06-03 06:00:00
U01658,2026-04-09,2026-04-23,11-50,starter,False,,5,2026-04-15 08:54:00,2026-04-23 12:15:00,5,4,16,2026-04-09 15:00:00
U01659,2026-01-05,2026-01-19,11-50,pro,False,,2,2026-01-10 07:17:00,2026-01-19 06:28:00,2,4,20,2026-01-07 01:00:00
U01660,2026-05-10,2026-05-24,not_provided,starter,False,,8,2026-05-11 13:08:00,2026-05-21 19:05:00,6,3,13,2026-05-11 00:00:00
U01661,2026-02-08,2026-02-22,not_provided,starter,False,,5,2026-02-08 20:23:00,2026-02-21 00:33:00,5,4,22,2026-02-14 11:00:00
U01662,2026-02-15,2026-03-01,200+,pro,True,2026-03-01,5,2026-02-19 01:22:00,2026-02-28 14:59:00,4,1,3,2026-02-27 15:00:00
U01663,2026-01-10,2026-01-24,not_provided,pro,False,,6,2026-01-10 20:53:00,2026-01-24 23:35:00,6,3,15,2026-01-14 16:00:00
U01664,2026-01-31,2026-02-14,1-10,starter,False,,12,2026-01-31 22:35:00,2026-02-14 13:51:00,9,4,40,2026-01-31 08:00:00
U01665,2026-02-03,2026-02-17,not_provided,pro,True,2026-02-08,8,2026-02-05 08:31:00,2026-02-16 14:43:00,7,3,32,2026-02-03 20:00:00
U01666,2026-06-16,2026-06-30,200+,pro,False,,6,2026-06-16 15:42:00,2026-06-23 19:32:00,5,5,60,2026-06-16 00:00:00
U01667,2026-04-18,2026-05-02,51-200,starter,False,,3,2026-04-21 15:19:00,2026-05-01 23:37:00,3,3,24,2026-04-18 06:00:00
U01668,2026-05-16,2026-05-30,200+,pro,False,,6,2026-05-17 20:44:00,2026-05-29 13:36:00,6,1,8,2026-05-20 21:00:00
U01669,2026-05-04,2026-05-18,200+,business,False,,5,2026-05-04 06:52:00,2026-05-13 11:06:00,4,6,43,2026-05-05 07:00:00
U01670,2026-05-31,2026-06-14,not_provided,business,True,2026-06-14,4,2026-06-09 09:52:00,2026-06-14 05:33:00,4,2,28,2026-05-31 02:00:00
U01671,2026-01-26,2026-02-09,200+,pro,False,,2,2026-01-29 09:40:00,2026-02-01 07:30:00,2,2,7,2026-01-28 13:00:00
U01672,2026-03-07,2026-03-21,200+,pro,False,,16,2026-03-07 09:01:00,2026-03-20 19:05:00,8,8,70,2026-03-07 18:00:00
U01673,2026-01-22,2026-02-05,51-200,pro,True,2026-02-04,8,2026-01-22 09:01:00,2026-02-05 05:27:00,7,4,47,2026-01-22 12:00:00
U01674,2026-04-15,2026-04-29,51-200,pro,True,2026-04-20,5,2026-04-18 11:20:00,2026-04-25 02:01:00,4,1,15,2026-04-15 08:00:00
U01675,2026-01-02,2026-01-16,not_provided,pro,False,,6,2026-01-03 14:23:00,2026-01-15 07:56:00,5,4,14,2026-01-02 17:00:00
U01676,2026-01-31,2026-02-14,not_provided,starter,False,,1,2026-02-03 14:13:00,2026-02-03 14:13:00,1,3,6,2026-01-31 07:00:00
U01677,2026-04-07,2026-04-21,not_provided,pro,True,2026-04-17,14,2026-04-07 00:26:00,2026-04-21 12:03:00,8,7,81,2026-04-07 13:00:00
U01678,2026-04-15,2026-04-29,51-200,starter,False,,2,2026-04-15 04:30:00,2026-04-27 22:55:00,2,3,19,2026-04-15 20:00:00
U01679,2026-02-09,2026-02-23,200+,business,False,,10,2026-02-09 08:10:00,2026-02-22 10:16:00,8,8,72,2026-02-09 08:00:00
U01680,2026-05-30,2026-06-13,51-200,business,False,,3,2026-05-31 18:31:00,2026-06-05 01:23:00,3,5,20,2026-05-31 19:00:00
U01681,2026-05-18,2026-06-01,200+,pro,False,,5,2026-05-22 23:18:00,2026-06-01 08:47:00,5,5,39,2026-05-18 04:00:00
U01682,2026-04-04,2026-04-18,not_provided,business,False,,11,2026-04-06 08:04:00,2026-04-18 19:28:00,9,5,75,2026-04-05 02:00:00
U01683,2026-04-12,2026-04-26,11-50,starter,False,,3,2026-04-17 08:07:00,2026-04-21 23:41:00,3,7,101,2026-04-12 04:00:00
U01684,2026-05-22,2026-06-05,not_provided,starter,False,,5,2026-06-02 14:22:00,2026-06-05 14:58:00,3,2,10,2026-05-23 20:00:00
U01685,2026-02-15,2026-03-01,51-200,pro,True,2026-02-28,7,2026-02-17 16:18:00,2026-03-01 15:30:00,7,5,43,2026-02-16 10:00:00
U01686,2026-05-04,2026-05-18,51-200,business,False,,6,2026-05-05 11:10:00,2026-05-16 22:03:00,6,3,40,2026-05-04 09:00:00
U01687,2026-05-28,2026-06-11,51-200,business,False,,10,2026-05-29 05:42:00,2026-06-10 17:34:00,7,9,112,2026-05-28 01:00:00
U01688,2026-04-12,2026-04-26,not_provided,pro,True,2026-04-18,12,2026-04-14 11:15:00,2026-04-26 23:12:00,6,5,46,2026-04-12 08:00:00
U01689,2026-02-28,2026-03-14,200+,business,False,,8,2026-02-28 00:17:00,2026-03-14 03:52:00,5,4,34,2026-02-28 16:00:00
U01690,2026-02-11,2026-02-25,1-10,pro,True,2026-02-24,6,2026-02-11 08:30:00,2026-02-25 01:24:00,5,5,53,2026-02-11 12:00:00
U01691,2026-04-13,2026-04-27,51-200,pro,False,,1,2026-04-15 14:27:00,2026-04-15 14:27:00,1,3,18,2026-04-18 06:00:00
U01692,2026-06-07,2026-06-21,not_provided,business,False,,12,2026-06-07 11:44:00,2026-06-21 19:34:00,7,7,63,2026-06-07 07:00:00
U01693,2026-01-14,2026-01-28,11-50,starter,True,2026-01-19,12,2026-01-14 23:23:00,2026-01-28 16:40:00,10,7,93,2026-01-14 03:00:00
U01694,2026-01-24,2026-02-07,11-50,starter,False,,11,2026-01-24 11:26:00,2026-02-05 01:28:00,7,5,61,2026-01-24 01:00:00
U01695,2026-06-03,2026-06-17,200+,starter,False,,3,2026-06-03 17:37:00,2026-06-14 19:50:00,3,1,2,2026-06-15 22:00:00
U01696,2026-01-17,2026-01-31,51-200,pro,False,,5,2026-01-19 06:00:00,2026-01-31 09:24:00,4,1,2,2026-01-23 13:00:00
U01697,2026-04-05,2026-04-19,1-10,pro,False,,8,2026-04-06 21:36:00,2026-04-19 12:27:00,5,4,19,2026-04-05 15:00:00
U01698,2026-01-10,2026-01-24,not_provided,starter,False,,2,2026-01-15 15:46:00,2026-01-16 01:47:00,2,4,18,2026-01-10 15:00:00
U01699,2026-04-13,2026-04-27,not_provided,business,True,2026-04-26,7,2026-04-16 06:56:00,2026-04-26 17:49:00,6,6,48,2026-04-14 11:00:00
U01700,2026-03-15,2026-03-29,not_provided,pro,True,2026-03-20,5,2026-03-17 03:00:00,2026-03-28 06:25:00,4,4,36,2026-03-15 10:00:00
U01701,2026-02-14,2026-02-28,not_provided,starter,False,,9,2026-02-14 17:03:00,2026-02-28 05:31:00,7,10,91,2026-02-14 02:00:00
U01702,2026-04-23,2026-05-07,1-10,pro,False,,5,2026-04-29 10:34:00,2026-05-07 23:40:00,3,4,37,2026-04-23 07:00:00
U01703,2026-05-13,2026-05-27,51-200,pro,False,,1,2026-05-13 05:06:00,2026-05-13 05:06:00,1,2,10,2026-05-15 13:00:00
U01704,2026-01-09,2026-01-23,not_provided,pro,False,,1,2026-01-19 16:44:00,2026-01-19 16:44:00,1,4,12,2026-01-09 05:00:00
U01705,2026-05-13,2026-05-27,not_provided,pro,True,2026-05-27,7,2026-05-17 01:20:00,2026-05-27 20:49:00,7,7,94,2026-05-13 03:00:00
U01706,2026-02-13,2026-02-27,not_provided,starter,False,,9,2026-02-13 09:57:00,2026-02-25 10:31:00,7,3,30,2026-02-13 09:00:00
U01707,2026-04-03,2026-04-17,11-50,business,False,,9,2026-04-08 14:28:00,2026-04-16 00:58:00,6,8,77,2026-04-03 07:00:00
U01708,2026-01-01,2026-01-15,11-50,starter,False,,5,2026-01-02 07:33:00,2026-01-11 00:06:00,4,4,15,2026-01-01 19:00:00
U01709,2026-03-12,2026-03-26,200+,business,False,,2,2026-03-15 19:08:00,2026-03-23 07:35:00,2,2,16,2026-03-12 21:00:00
U01710,2026-04-12,2026-04-26,200+,pro,True,2026-04-20,6,2026-04-12 07:23:00,2026-04-25 17:42:00,5,7,113,2026-04-12 02:00:00
U01711,2026-05-13,2026-05-27,1-10,business,True,2026-05-19,7,2026-05-13 20:25:00,2026-05-24 09:53:00,5,5,47,2026-05-14 15:00:00
U01712,2026-01-24,2026-02-07,not_provided,business,True,2026-02-06,9,2026-01-24 01:06:00,2026-02-06 12:08:00,9,6,58,2026-01-24 01:00:00
U01713,2026-05-30,2026-06-13,51-200,business,False,,7,2026-05-31 06:42:00,2026-06-12 12:36:00,7,5,44,2026-05-30 17:00:00
U01714,2026-03-12,2026-03-26,11-50,pro,True,2026-03-20,5,2026-03-12 10:12:00,2026-03-26 15:43:00,4,6,100,2026-03-12 01:00:00
U01715,2026-04-27,2026-05-11,200+,pro,True,2026-05-02,6,2026-04-27 08:46:00,2026-05-11 10:36:00,6,7,117,2026-04-27 06:00:00
U01716,2026-03-08,2026-03-22,11-50,starter,True,2026-03-21,10,2026-03-11 22:09:00,2026-03-22 22:03:00,7,4,23,2026-03-08 13:00:00
U01717,2026-01-28,2026-02-11,not_provided,starter,True,2026-02-10,5,2026-01-30 23:51:00,2026-02-08 08:58:00,5,4,32,2026-01-28 17:00:00
U01718,2026-03-17,2026-03-31,51-200,starter,False,,5,2026-03-17 01:38:00,2026-03-27 08:08:00,4,3,25,2026-03-18 03:00:00
U01719,2026-05-12,2026-05-26,51-200,pro,False,,5,2026-05-16 16:37:00,2026-05-21 15:49:00,3,2,5,2026-05-14 09:00:00
U01720,2026-05-28,2026-06-11,51-200,business,True,2026-06-09,9,2026-05-28 22:55:00,2026-06-11 14:34:00,8,7,95,2026-05-28 02:00:00
U01721,2026-04-07,2026-04-21,not_provided,starter,True,2026-04-15,10,2026-04-09 14:25:00,2026-04-21 04:24:00,6,5,51,2026-04-07 11:00:00
U01722,2026-03-28,2026-04-11,200+,business,False,,3,2026-03-28 15:38:00,2026-04-08 21:55:00,3,6,70,2026-03-28 00:00:00
U01723,2026-04-28,2026-05-12,not_provided,starter,False,,5,2026-05-02 23:31:00,2026-05-07 18:39:00,4,2,16,2026-04-28 05:00:00
U01724,2026-05-04,2026-05-18,1-10,business,True,2026-05-10,8,2026-05-06 15:59:00,2026-05-17 17:53:00,7,7,63,2026-05-04 07:00:00
U01725,2026-04-08,2026-04-22,not_provided,pro,True,2026-04-16,15,2026-04-08 00:22:00,2026-04-22 16:42:00,11,6,74,2026-04-09 12:00:00
U01726,2026-03-22,2026-04-05,200+,business,False,,10,2026-03-24 21:16:00,2026-04-05 06:56:00,9,6,54,2026-03-22 14:00:00
U01727,2026-05-13,2026-05-27,not_provided,starter,True,2026-05-22,13,2026-05-13 20:28:00,2026-05-26 11:28:00,11,4,62,2026-05-13 04:00:00
U01728,2026-03-05,2026-03-19,51-200,starter,True,2026-03-16,2,2026-03-11 13:58:00,2026-03-14 03:17:00,2,3,14,2026-03-07 03:00:00
U01729,2026-03-29,2026-04-12,1-10,pro,True,2026-04-05,2,2026-04-10 00:05:00,2026-04-10 12:46:00,1,5,54,2026-03-29 05:00:00
U01730,2026-05-02,2026-05-16,51-200,business,False,,2,2026-05-02 02:00:00,2026-05-02 22:17:00,1,2,5,2026-05-06 09:00:00
U01731,2026-02-25,2026-03-11,not_provided,business,True,2026-03-04,4,2026-03-02 23:29:00,2026-03-10 20:54:00,4,1,17,2026-02-26 11:00:00
U01732,2026-02-18,2026-03-04,200+,business,False,,6,2026-02-19 01:21:00,2026-03-04 13:48:00,5,4,29,2026-02-23 05:00:00
U01733,2026-02-21,2026-03-07,11-50,business,False,,7,2026-02-22 11:55:00,2026-03-06 13:53:00,5,5,14,2026-02-24 03:00:00
U01734,2026-03-03,2026-03-17,51-200,pro,False,,6,2026-03-04 01:27:00,2026-03-16 14:03:00,5,4,30,2026-03-05 00:00:00
U01735,2026-02-28,2026-03-14,11-50,pro,False,,7,2026-02-28 16:42:00,2026-03-10 01:35:00,6,5,46,2026-03-01 15:00:00
U01736,2026-06-08,2026-06-22,51-200,pro,False,,1,2026-06-12 06:29:00,2026-06-12 06:29:00,1,2,9,2026-06-11 20:00:00
U01737,2026-01-28,2026-02-11,1-10,starter,True,2026-02-09,3,2026-01-30 14:16:00,2026-02-08 07:00:00,3,3,28,2026-01-28 17:00:00
U01738,2026-06-07,2026-06-21,1-10,pro,False,,8,2026-06-07 03:51:00,2026-06-17 07:28:00,6,4,28,2026-06-10 18:00:00
U01739,2026-01-11,2026-01-25,200+,business,False,,9,2026-01-11 08:57:00,2026-01-23 10:03:00,6,1,11,2026-01-11 22:00:00
U01740,2026-06-08,2026-06-22,51-200,starter,True,2026-06-22,5,2026-06-15 17:36:00,2026-06-18 17:04:00,3,4,68,2026-06-08 01:00:00
U01741,2026-03-12,2026-03-26,200+,pro,False,,3,2026-03-12 19:32:00,2026-03-26 09:19:00,3,6,25,2026-03-12 23:00:00
U01742,2026-05-11,2026-05-25,51-200,starter,True,2026-05-19,3,2026-05-12 03:30:00,2026-05-21 04:53:00,3,1,9,2026-05-15 19:00:00
U01743,2026-05-28,2026-06-11,11-50,starter,False,,6,2026-05-28 17:01:00,2026-06-08 21:37:00,5,5,66,2026-05-28 13:00:00
U01744,2026-05-15,2026-05-29,200+,starter,False,,3,2026-05-15 07:03:00,2026-05-20 02:47:00,3,3,22,2026-05-15 01:00:00
U01745,2026-05-19,2026-06-02,1-10,pro,False,,3,2026-05-21 04:43:00,2026-05-29 14:26:00,3,2,7,2026-05-29 13:00:00
U01746,2026-03-30,2026-04-13,200+,business,False,,5,2026-03-31 00:08:00,2026-04-12 16:59:00,5,5,49,2026-03-30 12:00:00
U01747,2026-02-14,2026-02-28,200+,starter,False,,10,2026-02-15 10:41:00,2026-02-25 15:03:00,8,8,81,2026-02-14 21:00:00
U01748,2026-05-13,2026-05-27,200+,business,False,,3,2026-05-18 00:32:00,2026-05-25 07:10:00,3,2,9,2026-05-13 10:00:00
U01749,2026-01-03,2026-01-17,1-10,business,True,2026-01-11,8,2026-01-06 07:23:00,2026-01-15 18:56:00,6,5,40,2026-01-04 18:00:00
U01750,2026-04-08,2026-04-22,not_provided,starter,False,,6,2026-04-16 12:11:00,2026-04-22 09:50:00,5,6,49,2026-04-08 10:00:00
U01751,2026-03-25,2026-04-08,51-200,pro,False,,6,2026-03-30 11:34:00,2026-04-06 13:56:00,5,4,39,2026-03-26 15:00:00
U01752,2026-03-08,2026-03-22,11-50,pro,False,,5,2026-03-09 02:23:00,2026-03-22 14:30:00,4,5,37,2026-03-09 20:00:00
U01753,2026-03-09,2026-03-23,11-50,business,False,,8,2026-03-09 16:01:00,2026-03-21 20:31:00,5,1,8,2026-03-15 04:00:00
U01754,2026-05-01,2026-05-15,not_provided,business,False,,1,2026-05-05 09:21:00,2026-05-05 09:21:00,1,3,12,2026-05-05 12:00:00
U01755,2026-04-04,2026-04-18,11-50,starter,True,2026-04-15,8,2026-04-05 06:33:00,2026-04-18 23:27:00,6,6,77,2026-04-04 07:00:00
U01756,2026-02-23,2026-03-09,200+,business,False,,2,2026-02-23 12:42:00,2026-03-03 23:09:00,2,3,10,2026-02-26 22:00:00
U01757,2026-04-06,2026-04-20,51-200,starter,False,,2,2026-04-06 09:44:00,2026-04-07 12:09:00,2,3,16,2026-04-07 01:00:00
U01758,2026-03-13,2026-03-27,200+,pro,True,2026-03-27,1,2026-03-21 11:44:00,2026-03-21 11:44:00,1,3,8,2026-03-16 23:00:00
U01759,2026-02-03,2026-02-17,not_provided,business,False,,6,2026-02-08 05:35:00,2026-02-15 01:15:00,4,4,12,2026-02-05 12:00:00
U01760,2026-02-28,2026-03-14,1-10,business,True,2026-03-09,3,2026-03-10 17:56:00,2026-03-14 00:29:00,3,7,86,2026-02-28 02:00:00
U01761,2026-03-02,2026-03-16,not_provided,starter,False,,5,2026-03-02 07:49:00,2026-03-11 23:11:00,5,7,53,2026-03-02 00:00:00
U01762,2026-04-08,2026-04-22,11-50,pro,False,,4,2026-04-14 22:45:00,2026-04-21 13:13:00,4,2,4,2026-04-10 06:00:00
U01763,2026-02-08,2026-02-22,200+,starter,False,,6,2026-02-08 18:30:00,2026-02-13 12:32:00,6,5,32,2026-02-08 09:00:00
U01764,2026-02-15,2026-03-01,200+,starter,True,2026-02-22,6,2026-02-16 05:24:00,2026-02-27 00:19:00,5,7,69,2026-02-15 08:00:00
U01765,2026-06-11,2026-06-25,not_provided,pro,False,,5,2026-06-11 13:13:00,2026-06-24 04:31:00,4,3,20,2026-06-13 15:00:00
U01766,2026-03-22,2026-04-05,200+,business,False,,10,2026-03-22 18:22:00,2026-04-05 01:01:00,8,5,57,2026-03-22 02:00:00
U01767,2026-03-06,2026-03-20,not_provided,pro,False,,10,2026-03-06 14:31:00,2026-03-19 18:17:00,7,6,52,2026-03-06 06:00:00
U01768,2026-01-13,2026-01-27,200+,starter,True,2026-01-20,6,2026-01-16 21:08:00,2026-01-25 23:21:00,5,7,74,2026-01-13 07:00:00
U01769,2026-01-16,2026-01-30,11-50,business,False,,4,2026-01-19 12:14:00,2026-01-25 10:55:00,4,5,14,2026-01-17 01:00:00
U01770,2026-05-02,2026-05-16,not_provided,starter,True,2026-05-14,5,2026-05-03 12:09:00,2026-05-13 00:01:00,5,6,51,2026-05-05 18:00:00
U01771,2026-03-27,2026-04-10,51-200,business,False,,16,2026-03-27 03:32:00,2026-04-10 12:41:00,10,9,162,2026-03-27 03:00:00
U01772,2026-04-03,2026-04-17,not_provided,pro,False,,6,2026-04-04 08:18:00,2026-04-16 07:24:00,5,6,49,2026-04-03 11:00:00
U01773,2026-03-07,2026-03-21,51-200,starter,False,,9,2026-03-09 14:44:00,2026-03-19 19:01:00,8,5,29,2026-03-07 04:00:00
U01774,2026-04-16,2026-04-30,1-10,business,False,,6,2026-04-18 05:23:00,2026-04-23 01:50:00,5,7,65,2026-04-16 01:00:00
U01775,2026-06-05,2026-06-19,11-50,pro,False,,10,2026-06-05 17:10:00,2026-06-19 18:22:00,9,7,101,2026-06-05 02:00:00
U01776,2026-05-28,2026-06-11,not_provided,business,False,,8,2026-05-28 23:43:00,2026-06-11 01:35:00,8,3,35,2026-05-31 08:00:00
U01777,2026-05-18,2026-06-01,11-50,business,False,,5,2026-05-21 05:59:00,2026-05-26 13:07:00,4,7,43,2026-05-18 08:00:00
U01778,2026-04-01,2026-04-15,51-200,business,True,2026-04-14,17,2026-04-01 03:47:00,2026-04-15 00:46:00,9,7,88,2026-04-01 07:00:00
U01779,2026-05-05,2026-05-19,not_provided,starter,False,,12,2026-05-06 22:59:00,2026-05-19 08:04:00,9,6,64,2026-05-05 02:00:00
U01780,2026-01-21,2026-02-04,200+,pro,False,,2,2026-01-30 16:28:00,2026-01-31 20:47:00,2,6,53,2026-01-22 02:00:00
U01781,2026-03-15,2026-03-29,200+,business,False,,5,2026-03-17 21:17:00,2026-03-29 11:51:00,5,4,16,2026-03-15 20:00:00
U01782,2026-02-07,2026-02-21,11-50,business,False,,5,2026-02-10 11:55:00,2026-02-18 03:51:00,4,2,4,2026-02-17 16:00:00
U01783,2026-03-28,2026-04-11,200+,business,True,2026-04-11,6,2026-03-29 08:52:00,2026-04-11 07:46:00,4,4,60,2026-03-28 08:00:00
U01784,2026-05-27,2026-06-10,200+,starter,True,2026-06-02,7,2026-05-30 17:12:00,2026-06-08 12:32:00,6,6,47,2026-05-28 00:00:00
U01785,2026-02-11,2026-02-25,51-200,pro,False,,13,2026-02-11 17:29:00,2026-02-25 21:50:00,9,5,42,2026-02-11 10:00:00
U01786,2026-03-22,2026-04-05,51-200,business,False,,5,2026-03-25 07:59:00,2026-04-01 04:56:00,5,3,17,2026-03-24 03:00:00
U01787,2026-03-16,2026-03-30,not_provided,business,True,2026-03-30,14,2026-03-16 05:05:00,2026-03-28 16:29:00,10,5,36,2026-03-16 06:00:00
U01788,2026-06-15,2026-06-29,200+,business,True,2026-06-27,6,2026-06-19 13:36:00,2026-06-29 20:36:00,4,1,4,2026-06-28 02:00:00
U01789,2026-04-03,2026-04-17,not_provided,pro,False,,10,2026-04-03 17:12:00,2026-04-15 21:53:00,9,3,27,2026-04-06 15:00:00
U01790,2026-05-14,2026-05-28,200+,starter,True,2026-05-21,4,2026-05-16 09:35:00,2026-05-27 14:34:00,4,7,86,2026-05-14 00:00:00
U01791,2026-02-17,2026-03-03,1-10,pro,False,,1,2026-03-01 14:29:00,2026-03-01 14:29:00,1,2,6,2026-02-25 11:00:00
U01792,2026-03-02,2026-03-16,not_provided,business,False,,3,2026-03-10 18:55:00,2026-03-13 13:48:00,3,1,2,2026-03-03 21:00:00
U01793,2026-01-21,2026-02-04,11-50,pro,False,,7,2026-01-22 22:26:00,2026-02-04 22:15:00,6,5,55,2026-01-21 11:00:00
U01794,2026-04-12,2026-04-26,1-10,starter,True,2026-04-18,2,2026-04-19 22:31:00,2026-04-21 04:44:00,2,1,13,2026-04-13 04:00:00
U01795,2026-05-02,2026-05-16,not_provided,starter,True,2026-05-07,9,2026-05-02 05:22:00,2026-05-14 18:35:00,7,6,100,2026-05-02 08:00:00
U01796,2026-04-12,2026-04-26,not_provided,starter,False,,14,2026-04-14 11:57:00,2026-04-26 12:48:00,9,5,57,2026-04-12 06:00:00
U01797,2026-01-27,2026-02-10,51-200,pro,True,2026-02-03,1,2026-02-10 12:23:00,2026-02-10 12:23:00,1,3,16,2026-01-28 19:00:00
U01798,2026-01-22,2026-02-05,not_provided,starter,False,,6,2026-01-22 21:58:00,2026-02-01 23:48:00,6,6,44,2026-01-22 11:00:00
U01799,2026-03-21,2026-04-04,11-50,pro,True,2026-03-30,7,2026-03-22 01:36:00,2026-04-03 03:26:00,7,5,53,2026-03-22 04:00:00
U01800,2026-04-24,2026-05-08,not_provided,pro,True,2026-05-01,4,2026-04-29 11:16:00,2026-05-07 19:28:00,4,2,9,2026-04-25 06:00:00
U01801,2026-05-15,2026-05-29,11-50,starter,True,2026-05-20,6,2026-05-21 00:23:00,2026-05-28 16:34:00,4,5,45,2026-05-16 08:00:00
U01802,2026-04-02,2026-04-16,51-200,starter,False,,4,2026-04-03 18:56:00,2026-04-06 10:06:00,3,3,41,2026-04-02 13:00:00
U01803,2026-04-30,2026-05-14,not_provided,business,False,,6,2026-05-01 06:17:00,2026-05-14 00:38:00,6,3,25,2026-04-30 03:00:00
U01804,2026-05-21,2026-06-04,200+,pro,False,,6,2026-05-22 01:18:00,2026-06-04 01:30:00,5,5,39,2026-05-21 12:00:00
U01805,2026-05-19,2026-06-02,11-50,pro,False,,4,2026-05-25 15:29:00,2026-06-01 19:24:00,4,4,25,2026-05-19 19:00:00
U01806,2026-06-02,2026-06-16,200+,business,True,2026-06-16,12,2026-06-03 07:43:00,2026-06-16 09:13:00,9,7,124,2026-06-02 03:00:00
U01807,2026-04-22,2026-05-06,not_provided,business,False,,7,2026-04-22 14:08:00,2026-05-01 01:43:00,5,3,20,2026-04-24 10:00:00
U01808,2026-06-13,2026-06-27,not_provided,business,False,,4,2026-06-17 14:52:00,2026-06-22 03:59:00,4,4,21,2026-06-14 06:00:00
U01809,2026-03-30,2026-04-13,200+,pro,False,,10,2026-03-31 06:36:00,2026-04-13 23:30:00,8,8,68,2026-03-30 00:00:00
U01810,2026-02-28,2026-03-14,1-10,starter,False,,7,2026-03-02 13:26:00,2026-03-14 07:50:00,6,5,36,2026-02-28 08:00:00
U01811,2026-03-20,2026-04-03,51-200,starter,True,2026-03-29,4,2026-03-22 09:43:00,2026-03-29 15:28:00,4,3,12,2026-03-25 11:00:00
U01812,2026-02-09,2026-02-23,51-200,starter,True,2026-02-14,13,2026-02-11 09:00:00,2026-02-23 08:58:00,9,6,101,2026-02-09 16:00:00
U01813,2026-05-14,2026-05-28,11-50,business,False,,4,2026-05-21 13:33:00,2026-05-28 10:40:00,4,5,38,2026-05-15 16:00:00
U01814,2026-03-15,2026-03-29,200+,pro,True,2026-03-20,2,2026-03-21 19:19:00,2026-03-27 07:14:00,2,2,24,2026-03-17 08:00:00
U01815,2026-05-06,2026-05-20,200+,business,False,,8,2026-05-06 06:04:00,2026-05-19 22:42:00,5,4,45,2026-05-06 02:00:00
U01816,2026-01-03,2026-01-17,200+,business,True,2026-01-17,3,2026-01-06 17:17:00,2026-01-09 23:04:00,3,4,38,2026-01-03 18:00:00
U01817,2026-03-01,2026-03-15,1-10,pro,False,,4,2026-03-05 21:03:00,2026-03-15 09:43:00,4,5,34,2026-03-03 18:00:00
U01818,2026-04-06,2026-04-20,11-50,starter,False,,6,2026-04-08 17:42:00,2026-04-19 05:21:00,5,3,13,2026-04-07 06:00:00
U01819,2026-05-24,2026-06-07,200+,starter,False,,3,2026-06-03 08:39:00,2026-06-05 10:54:00,3,2,6,2026-05-25 03:00:00
U01820,2026-03-05,2026-03-19,11-50,business,True,2026-03-16,12,2026-03-05 11:44:00,2026-03-17 18:29:00,9,8,88,2026-03-05 06:00:00
U01821,2026-04-07,2026-04-21,11-50,business,True,2026-04-13,5,2026-04-10 08:40:00,2026-04-19 23:48:00,5,4,33,2026-04-07 09:00:00
U01822,2026-04-19,2026-05-03,not_provided,pro,False,,9,2026-04-21 00:57:00,2026-05-03 23:24:00,7,7,63,2026-04-19 02:00:00
U01823,2026-05-13,2026-05-27,not_provided,business,True,2026-05-22,2,2026-05-14 17:32:00,2026-05-25 14:35:00,2,5,42,2026-05-14 04:00:00
U01824,2026-03-14,2026-03-28,not_provided,business,False,,3,2026-03-21 05:46:00,2026-03-26 16:54:00,3,3,18,2026-03-16 15:00:00
U01825,2026-05-17,2026-05-31,51-200,starter,False,,5,2026-05-23 20:44:00,2026-05-30 14:48:00,3,2,10,2026-05-17 12:00:00
U01826,2026-02-18,2026-03-04,1-10,pro,True,2026-02-25,13,2026-02-18 04:19:00,2026-03-04 21:58:00,8,5,34,2026-02-19 16:00:00
U01827,2026-03-16,2026-03-30,1-10,business,True,2026-03-28,4,2026-03-17 02:11:00,2026-03-28 12:31:00,3,6,46,2026-03-16 03:00:00
U01828,2026-06-08,2026-06-22,200+,business,True,2026-06-22,13,2026-06-08 15:18:00,2026-06-22 12:45:00,8,9,148,2026-06-08 03:00:00
U01829,2026-05-06,2026-05-20,11-50,business,True,2026-05-11,4,2026-05-07 12:31:00,2026-05-18 09:09:00,4,4,21,2026-05-07 03:00:00
U01830,2026-02-08,2026-02-22,1-10,pro,False,,4,2026-02-08 12:03:00,2026-02-18 07:31:00,4,5,32,2026-02-09 18:00:00
U01831,2026-01-06,2026-01-20,11-50,starter,True,2026-01-15,7,2026-01-06 01:29:00,2026-01-17 10:34:00,5,4,34,2026-01-07 09:00:00
U01832,2026-03-10,2026-03-24,11-50,business,False,,6,2026-03-16 20:29:00,2026-03-24 07:51:00,6,3,10,2026-03-10 08:00:00
U01833,2026-04-23,2026-05-07,not_provided,starter,True,2026-05-01,10,2026-04-23 04:25:00,2026-05-05 09:50:00,7,6,37,2026-04-24 12:00:00
U01834,2026-01-24,2026-02-07,11-50,starter,False,,7,2026-01-25 03:30:00,2026-02-06 20:12:00,5,7,47,2026-01-24 02:00:00
U01835,2026-05-07,2026-05-21,11-50,business,False,,7,2026-05-09 14:06:00,2026-05-21 22:05:00,6,3,11,2026-05-11 04:00:00
U01836,2026-04-18,2026-05-02,51-200,starter,True,2026-04-28,9,2026-04-18 14:48:00,2026-05-02 13:14:00,7,7,112,2026-04-18 01:00:00
U01837,2026-04-29,2026-05-13,not_provided,starter,False,,6,2026-05-03 05:21:00,2026-05-10 15:51:00,5,8,90,2026-04-29 13:00:00
U01838,2026-03-26,2026-04-09,1-10,pro,False,,2,2026-04-05 20:15:00,2026-04-06 00:06:00,2,2,8,2026-04-03 23:00:00
U01839,2026-01-15,2026-01-29,51-200,starter,True,2026-01-21,7,2026-01-16 22:05:00,2026-01-29 19:22:00,7,7,140,2026-01-15 02:00:00
U01840,2026-05-20,2026-06-03,200+,pro,False,,3,2026-05-23 16:49:00,2026-05-30 21:40:00,3,2,17,2026-05-22 08:00:00
U01841,2026-02-19,2026-03-05,51-200,starter,False,,3,2026-02-24 23:44:00,2026-02-25 05:35:00,2,2,10,2026-02-20 21:00:00
U01842,2026-01-04,2026-01-18,1-10,business,False,,4,2026-01-04 18:34:00,2026-01-18 06:17:00,4,6,35,2026-01-04 17:00:00
U01843,2026-03-05,2026-03-19,200+,starter,False,,11,2026-03-06 22:27:00,2026-03-16 16:31:00,7,5,50,2026-03-05 04:00:00
U01844,2026-03-05,2026-03-19,not_provided,starter,True,2026-03-13,3,2026-03-08 03:55:00,2026-03-13 03:08:00,3,3,29,2026-03-07 13:00:00
U01845,2026-04-28,2026-05-12,not_provided,starter,True,2026-05-11,5,2026-05-02 03:39:00,2026-05-11 04:19:00,4,5,55,2026-04-28 12:00:00
U01846,2026-02-23,2026-03-09,200+,starter,False,,1,2026-03-04 05:04:00,2026-03-04 05:04:00,1,4,20,2026-02-24 06:00:00
U01847,2026-03-21,2026-04-04,51-200,pro,False,,8,2026-03-22 14:06:00,2026-04-01 21:09:00,7,1,6,2026-03-21 01:00:00
U01848,2026-06-11,2026-06-25,not_provided,starter,True,2026-06-24,7,2026-06-12 05:29:00,2026-06-23 07:19:00,7,1,11,2026-06-12 03:00:00
U01849,2026-05-14,2026-05-28,1-10,business,False,,5,2026-05-14 20:06:00,2026-05-27 07:36:00,4,7,60,2026-05-14 10:00:00
U01850,2026-05-04,2026-05-18,not_provided,business,False,,6,2026-05-06 14:30:00,2026-05-18 14:31:00,5,3,23,2026-05-06 05:00:00
U01851,2026-02-20,2026-03-06,51-200,starter,False,,9,2026-02-22 18:40:00,2026-03-02 14:18:00,7,7,83,2026-02-21 06:00:00
U01852,2026-02-25,2026-03-11,1-10,pro,False,,2,2026-03-05 00:59:00,2026-03-07 10:35:00,2,4,13,2026-03-01 06:00:00
U01853,2026-06-12,2026-06-26,200+,business,False,,1,2026-06-20 12:20:00,2026-06-20 12:20:00,1,3,15,2026-06-12 19:00:00
U01854,2026-01-04,2026-01-18,11-50,business,True,2026-01-18,5,2026-01-04 22:15:00,2026-01-17 16:49:00,4,4,29,2026-01-04 03:00:00
U01855,2026-01-31,2026-02-14,200+,pro,False,,5,2026-01-31 06:00:00,2026-02-10 05:50:00,4,4,22,2026-01-31 15:00:00
U01856,2026-01-03,2026-01-17,1-10,pro,True,2026-01-15,7,2026-01-07 02:22:00,2026-01-16 22:38:00,5,4,65,2026-01-04 08:00:00
U01857,2026-06-02,2026-06-16,11-50,business,True,2026-06-08,3,2026-06-10 07:19:00,2026-06-13 12:12:00,3,6,63,2026-06-03 13:00:00
U01858,2026-03-05,2026-03-19,11-50,starter,False,,7,2026-03-09 12:41:00,2026-03-19 13:05:00,6,5,33,2026-03-05 10:00:00
U01859,2026-01-24,2026-02-07,not_provided,pro,False,,6,2026-01-25 13:29:00,2026-02-05 21:54:00,5,8,89,2026-01-24 13:00:00
U01860,2026-03-28,2026-04-11,not_provided,starter,False,,1,2026-03-30 14:38:00,2026-03-30 14:38:00,1,6,22,2026-03-29 09:00:00
U01861,2026-01-16,2026-01-30,51-200,business,True,2026-01-23,7,2026-01-20 10:54:00,2026-01-28 02:35:00,5,5,71,2026-01-16 00:00:00
U01862,2026-05-18,2026-06-01,1-10,pro,True,2026-05-30,4,2026-05-23 14:51:00,2026-06-01 15:42:00,4,4,48,2026-05-18 00:00:00
U01863,2026-03-01,2026-03-15,51-200,pro,False,,6,2026-03-06 11:52:00,2026-03-14 20:26:00,4,4,19,2026-03-01 10:00:00
U01864,2026-06-15,2026-06-29,51-200,starter,True,2026-06-23,1,2026-06-16 10:44:00,2026-06-16 10:44:00,1,1,1,2026-06-25 06:00:00
U01865,2026-01-06,2026-01-20,not_provided,starter,False,,2,2026-01-08 06:24:00,2026-01-10 22:11:00,2,1,3,2026-01-15 13:00:00
U01866,2026-04-02,2026-04-16,not_provided,pro,False,,6,2026-04-04 11:07:00,2026-04-16 05:53:00,6,6,35,2026-04-03 02:00:00
U01867,2026-03-06,2026-03-20,1-10,starter,False,,7,2026-03-06 22:44:00,2026-03-20 01:43:00,7,5,41,2026-03-06 19:00:00
U01868,2026-04-23,2026-05-07,not_provided,business,False,,8,2026-04-23 10:49:00,2026-05-07 16:54:00,5,2,30,2026-04-24 03:00:00
U01869,2026-05-19,2026-06-02,not_provided,starter,False,,5,2026-05-19 23:27:00,2026-05-29 12:19:00,5,4,16,2026-05-22 08:00:00
U01870,2026-02-18,2026-03-04,not_provided,pro,True,2026-03-03,7,2026-02-20 10:22:00,2026-03-01 22:19:00,6,4,62,2026-02-18 15:00:00
U01871,2026-03-31,2026-04-14,51-200,business,False,,4,2026-04-03 17:41:00,2026-04-12 06:30:00,4,5,31,2026-04-02 21:00:00
U01872,2026-04-30,2026-05-14,51-200,pro,False,,5,2026-05-02 05:36:00,2026-05-13 14:46:00,4,2,15,2026-05-02 08:00:00
U01873,2026-05-22,2026-06-05,11-50,starter,False,,6,2026-05-25 21:26:00,2026-06-04 06:24:00,5,2,22,2026-05-23 18:00:00
U01874,2026-05-16,2026-05-30,11-50,starter,False,,9,2026-05-19 02:50:00,2026-05-30 22:28:00,7,3,27,2026-05-17 21:00:00
U01875,2026-03-17,2026-03-31,51-200,pro,False,,3,2026-03-22 10:44:00,2026-03-27 02:08:00,2,5,33,2026-03-18 11:00:00
U01876,2026-04-04,2026-04-18,200+,starter,False,,6,2026-04-07 01:31:00,2026-04-18 10:39:00,6,8,60,2026-04-04 12:00:00
U01877,2026-06-13,2026-06-27,not_provided,starter,False,,7,2026-06-15 11:44:00,2026-06-26 15:04:00,4,3,26,2026-06-13 15:00:00
U01878,2026-02-17,2026-03-03,1-10,pro,False,,6,2026-02-17 12:00:00,2026-02-27 01:08:00,6,3,13,2026-02-22 22:00:00
U01879,2026-04-04,2026-04-18,not_provided,pro,False,,3,2026-04-04 05:41:00,2026-04-10 07:53:00,3,4,22,2026-04-06 12:00:00
U01880,2026-03-24,2026-04-07,not_provided,starter,True,2026-04-06,9,2026-03-24 08:46:00,2026-04-06 03:30:00,8,5,43,2026-03-24 06:00:00
U01881,2026-04-10,2026-04-24,11-50,pro,True,2026-04-22,7,2026-04-10 12:57:00,2026-04-24 23:59:00,6,5,65,2026-04-12 05:00:00
U01882,2026-05-22,2026-06-05,11-50,pro,False,,3,2026-05-25 08:03:00,2026-05-29 11:54:00,3,3,7,2026-05-26 10:00:00
U01883,2026-03-14,2026-03-28,51-200,starter,False,,4,2026-03-14 11:26:00,2026-03-22 04:35:00,3,3,14,2026-03-14 20:00:00
U01884,2026-06-14,2026-06-28,51-200,starter,False,,6,2026-06-14 11:45:00,2026-06-28 16:00:00,6,4,27,2026-06-15 07:00:00
U01885,2026-01-25,2026-02-08,not_provided,business,True,2026-01-31,13,2026-01-25 03:29:00,2026-02-07 18:31:00,7,3,39,2026-01-25 05:00:00
U01886,2026-01-12,2026-01-26,11-50,pro,True,2026-01-17,5,2026-01-14 04:13:00,2026-01-25 09:45:00,3,6,62,2026-01-12 06:00:00
U01887,2026-02-21,2026-03-07,1-10,starter,False,,1,2026-02-23 04:16:00,2026-02-23 04:16:00,1,3,12,2026-02-21 05:00:00
U01888,2026-02-19,2026-03-05,1-10,starter,False,,6,2026-02-19 00:06:00,2026-03-01 18:53:00,6,5,32,2026-02-19 01:00:00
U01889,2026-05-27,2026-06-10,not_provided,starter,False,,7,2026-05-31 01:57:00,2026-06-07 07:21:00,5,3,21,2026-05-27 12:00:00
U01890,2026-05-06,2026-05-20,not_provided,pro,False,,11,2026-05-06 19:03:00,2026-05-20 07:24:00,8,3,16,2026-05-08 18:00:00
U01891,2026-06-01,2026-06-15,51-200,starter,False,,6,2026-06-03 05:33:00,2026-06-12 05:13:00,4,5,30,2026-06-02 18:00:00
U01892,2026-04-04,2026-04-18,11-50,pro,False,,6,2026-04-08 09:04:00,2026-04-18 01:56:00,5,5,63,2026-04-05 01:00:00
U01893,2026-01-19,2026-02-02,1-10,pro,True,2026-01-31,10,2026-01-19 08:26:00,2026-01-31 19:05:00,5,6,90,2026-01-19 02:00:00
U01894,2026-01-21,2026-02-04,200+,business,True,2026-01-26,6,2026-01-21 15:00:00,2026-02-03 02:35:00,6,5,68,2026-01-22 02:00:00
U01895,2026-04-03,2026-04-17,not_provided,business,False,,3,2026-04-11 07:47:00,2026-04-16 11:02:00,3,3,24,2026-04-04 03:00:00
U01896,2026-04-17,2026-05-01,51-200,business,True,2026-04-22,9,2026-04-18 04:27:00,2026-05-01 20:06:00,6,8,117,2026-04-17 08:00:00
U01897,2026-06-07,2026-06-21,51-200,pro,True,2026-06-12,8,2026-06-07 13:20:00,2026-06-20 10:48:00,7,7,64,2026-06-07 04:00:00
U01898,2026-01-19,2026-02-02,51-200,starter,False,,7,2026-01-21 11:10:00,2026-01-29 00:39:00,6,7,49,2026-01-19 15:00:00
U01899,2026-02-25,2026-03-11,not_provided,starter,False,,6,2026-02-25 14:42:00,2026-03-08 02:46:00,6,5,43,2026-02-25 06:00:00
U01900,2026-01-26,2026-02-09,not_provided,pro,False,,8,2026-01-26 08:16:00,2026-02-08 01:42:00,7,5,24,2026-01-27 19:00:00
U01901,2026-05-17,2026-05-31,200+,pro,False,,12,2026-05-17 12:26:00,2026-05-31 14:30:00,8,10,138,2026-05-17 00:00:00
U01902,2026-02-19,2026-03-05,not_provided,business,False,,6,2026-02-20 03:21:00,2026-03-04 03:16:00,4,4,39,2026-02-19 12:00:00
U01903,2026-03-05,2026-03-19,not_provided,business,False,,8,2026-03-07 10:22:00,2026-03-18 22:02:00,7,4,28,2026-03-07 03:00:00
U01904,2026-02-15,2026-03-01,not_provided,business,False,,17,2026-02-15 19:39:00,2026-02-28 13:57:00,9,5,58,2026-02-15 23:00:00
U01905,2026-05-23,2026-06-06,200+,business,True,2026-05-29,9,2026-05-23 15:00:00,2026-06-06 02:02:00,8,7,95,2026-05-23 16:00:00
U01906,2026-06-13,2026-06-27,not_provided,business,True,2026-06-25,7,2026-06-13 02:28:00,2026-06-23 07:50:00,7,3,21,2026-06-13 13:00:00
U01907,2026-04-20,2026-05-04,1-10,pro,False,,2,2026-04-20 21:35:00,2026-04-29 13:49:00,2,2,5,2026-04-23 21:00:00
U01908,2026-02-16,2026-03-02,not_provided,starter,False,,3,2026-02-26 07:39:00,2026-03-01 00:35:00,2,3,6,2026-02-18 14:00:00
U01909,2026-05-10,2026-05-24,51-200,business,False,,5,2026-05-10 12:25:00,2026-05-24 15:13:00,4,2,5,2026-05-13 13:00:00
U01910,2026-02-10,2026-02-24,not_provided,pro,False,,7,2026-02-10 13:40:00,2026-02-20 19:03:00,4,4,21,2026-02-14 10:00:00
U01911,2026-04-24,2026-05-08,51-200,business,False,,8,2026-04-26 02:28:00,2026-05-06 20:32:00,7,4,21,2026-04-25 22:00:00
U01912,2026-05-21,2026-06-04,51-200,business,True,2026-06-01,6,2026-05-24 15:21:00,2026-06-01 21:50:00,5,5,56,2026-05-21 03:00:00
U01913,2026-06-12,2026-06-26,200+,business,True,2026-06-22,16,2026-06-12 06:37:00,2026-06-26 05:39:00,11,4,53,2026-06-12 11:00:00
U01914,2026-06-05,2026-06-19,11-50,pro,False,,6,2026-06-06 12:25:00,2026-06-19 19:03:00,6,1,6,2026-06-13 07:00:00
U01915,2026-05-20,2026-06-03,11-50,starter,True,2026-06-02,8,2026-05-22 13:06:00,2026-06-03 08:55:00,6,6,62,2026-05-20 10:00:00
U01916,2026-03-07,2026-03-21,51-200,starter,True,2026-03-19,5,2026-03-11 08:14:00,2026-03-20 06:42:00,3,7,86,2026-03-07 00:00:00
U01917,2026-04-12,2026-04-26,1-10,business,False,,4,2026-04-18 20:41:00,2026-04-24 23:29:00,4,9,56,2026-04-13 04:00:00
U01918,2026-01-09,2026-01-23,51-200,pro,False,,4,2026-01-11 09:59:00,2026-01-17 22:13:00,3,5,48,2026-01-09 15:00:00
U01919,2026-01-05,2026-01-19,not_provided,pro,False,,3,2026-01-07 06:18:00,2026-01-15 15:34:00,3,2,9,2026-01-06 05:00:00
U01920,2026-03-19,2026-04-02,1-10,business,True,2026-03-27,2,2026-03-31 13:31:00,2026-04-01 16:59:00,2,6,42,2026-03-19 17:00:00
U01921,2026-02-24,2026-03-10,51-200,starter,True,2026-03-05,9,2026-02-24 02:01:00,2026-03-10 18:35:00,7,8,103,2026-02-24 00:00:00
U01922,2026-05-22,2026-06-05,not_provided,pro,False,,11,2026-05-22 04:38:00,2026-06-05 07:59:00,8,3,15,2026-05-23 23:00:00
U01923,2026-05-27,2026-06-10,not_provided,pro,True,2026-06-02,7,2026-05-28 05:38:00,2026-06-08 15:35:00,6,2,30,2026-05-27 06:00:00
U01924,2026-01-10,2026-01-24,200+,business,False,,2,2026-01-20 22:51:00,2026-01-23 06:38:00,2,2,11,2026-01-10 19:00:00
U01925,2026-02-09,2026-02-23,11-50,business,True,2026-02-19,2,2026-02-14 00:02:00,2026-02-17 13:28:00,2,6,60,2026-02-09 01:00:00
U01926,2026-05-30,2026-06-13,11-50,pro,False,,11,2026-05-31 08:11:00,2026-06-12 14:13:00,8,4,30,2026-05-31 01:00:00
U01927,2026-03-07,2026-03-21,51-200,starter,False,,12,2026-03-07 02:31:00,2026-03-21 21:21:00,10,8,138,2026-03-07 12:00:00
U01928,2026-05-27,2026-06-10,200+,pro,False,,4,2026-05-31 21:56:00,2026-06-09 11:51:00,4,3,5,2026-06-02 18:00:00
U01929,2026-02-25,2026-03-11,not_provided,starter,False,,11,2026-02-25 07:49:00,2026-03-10 18:16:00,7,5,41,2026-02-25 04:00:00
U01930,2026-03-25,2026-04-08,200+,pro,True,2026-04-06,6,2026-03-31 22:55:00,2026-04-07 16:28:00,5,3,35,2026-03-25 10:00:00
U01931,2026-05-28,2026-06-11,1-10,pro,True,2026-06-06,8,2026-05-28 04:52:00,2026-06-11 22:15:00,7,7,94,2026-05-28 11:00:00
U01932,2026-01-10,2026-01-24,not_provided,pro,True,2026-01-21,9,2026-01-11 03:22:00,2026-01-24 08:42:00,7,5,64,2026-01-10 22:00:00
U01933,2026-01-21,2026-02-04,1-10,business,False,,3,2026-01-27 05:19:00,2026-02-04 02:36:00,2,2,9,2026-01-23 17:00:00
U01934,2026-03-31,2026-04-14,200+,starter,False,,4,2026-04-07 12:11:00,2026-04-09 23:34:00,3,3,11,2026-04-01 22:00:00
U01935,2026-01-31,2026-02-14,11-50,business,True,2026-02-14,7,2026-02-04 15:25:00,2026-02-11 05:12:00,6,3,17,2026-01-31 18:00:00
U01936,2026-01-03,2026-01-17,not_provided,business,False,,7,2026-01-04 11:56:00,2026-01-16 18:21:00,4,7,50,2026-01-03 19:00:00
U01937,2026-04-08,2026-04-22,1-10,business,False,,6,2026-04-11 03:50:00,2026-04-22 09:20:00,5,5,35,2026-04-10 15:00:00
U01938,2026-05-15,2026-05-29,1-10,business,True,2026-05-28,2,2026-05-20 07:15:00,2026-05-28 23:05:00,2,5,97,2026-05-16 00:00:00
U01939,2026-05-25,2026-06-08,11-50,business,True,2026-06-07,5,2026-05-27 10:19:00,2026-06-07 18:48:00,4,4,38,2026-05-25 05:00:00
U01940,2026-02-26,2026-03-12,11-50,starter,False,,6,2026-02-26 11:27:00,2026-03-10 12:55:00,6,3,16,2026-02-28 22:00:00
U01941,2026-04-11,2026-04-25,200+,pro,True,2026-04-25,10,2026-04-11 13:38:00,2026-04-25 18:32:00,8,7,86,2026-04-11 09:00:00
U01942,2026-05-10,2026-05-24,1-10,pro,True,2026-05-21,11,2026-05-10 10:43:00,2026-05-21 20:24:00,6,7,94,2026-05-11 06:00:00
U01943,2026-03-16,2026-03-30,200+,pro,False,,2,2026-03-28 22:49:00,2026-03-29 13:33:00,2,3,14,2026-03-16 10:00:00
U01944,2026-02-03,2026-02-17,51-200,starter,True,2026-02-15,6,2026-02-03 11:31:00,2026-02-17 11:17:00,5,7,101,2026-02-03 08:00:00
U01945,2026-05-27,2026-06-10,not_provided,starter,True,2026-06-09,2,2026-06-05 23:06:00,2026-06-09 19:51:00,2,1,17,2026-06-02 10:00:00
U01946,2026-04-13,2026-04-27,51-200,starter,False,,4,2026-04-14 15:41:00,2026-04-24 18:08:00,3,7,44,2026-04-13 06:00:00
U01947,2026-04-13,2026-04-27,not_provided,starter,True,2026-04-20,5,2026-04-14 02:21:00,2026-04-27 02:26:00,5,7,61,2026-04-13 02:00:00
U01948,2026-02-04,2026-02-18,200+,pro,True,2026-02-12,6,2026-02-04 03:23:00,2026-02-14 06:41:00,4,3,28,2026-02-04 00:00:00
U01949,2026-05-05,2026-05-19,200+,business,False,,4,2026-05-09 13:17:00,2026-05-18 09:38:00,4,7,80,2026-05-05 00:00:00
U01950,2026-05-27,2026-06-10,11-50,pro,False,,5,2026-05-27 10:57:00,2026-06-08 21:50:00,4,5,61,2026-05-27 23:00:00
U01951,2026-06-07,2026-06-21,not_provided,pro,True,2026-06-15,10,2026-06-09 02:32:00,2026-06-18 12:52:00,7,6,45,2026-06-07 09:00:00
U01952,2026-03-04,2026-03-18,1-10,business,False,,9,2026-03-04 11:35:00,2026-03-15 20:07:00,8,5,49,2026-03-04 07:00:00
U01953,2026-04-21,2026-05-05,51-200,business,True,2026-05-05,4,2026-04-21 08:32:00,2026-05-01 06:42:00,3,2,13,2026-04-22 15:00:00
U01954,2026-01-23,2026-02-06,1-10,business,True,2026-02-03,7,2026-01-23 02:58:00,2026-02-02 22:48:00,6,2,4,2026-01-27 05:00:00
U01955,2026-04-19,2026-05-03,51-200,business,False,,11,2026-04-19 02:04:00,2026-05-03 22:54:00,7,5,44,2026-04-20 10:00:00
U01956,2026-02-18,2026-03-04,51-200,business,False,,7,2026-02-20 16:01:00,2026-03-04 07:11:00,6,8,42,2026-02-18 05:00:00
U01957,2026-06-02,2026-06-16,not_provided,starter,False,,4,2026-06-07 14:31:00,2026-06-11 23:17:00,3,3,28,2026-06-03 22:00:00
U01958,2026-03-20,2026-04-03,11-50,business,False,,1,2026-03-20 22:32:00,2026-03-20 22:32:00,1,3,15,2026-03-23 02:00:00
U01959,2026-06-07,2026-06-21,200+,pro,False,,5,2026-06-12 10:21:00,2026-06-20 11:37:00,5,3,26,2026-06-07 10:00:00
U01960,2026-02-07,2026-02-21,200+,starter,False,,5,2026-02-09 08:49:00,2026-02-21 20:42:00,4,2,13,2026-02-08 14:00:00
U01961,2026-03-01,2026-03-15,11-50,business,False,,4,2026-03-11 05:01:00,2026-03-13 03:41:00,3,3,23,2026-03-01 16:00:00
U01962,2026-04-06,2026-04-20,11-50,business,True,2026-04-12,9,2026-04-07 03:13:00,2026-04-19 02:14:00,7,8,109,2026-04-06 11:00:00
U01963,2026-01-29,2026-02-12,not_provided,starter,False,,5,2026-01-29 21:08:00,2026-02-11 11:21:00,4,1,3,2026-01-31 11:00:00
U01964,2026-03-04,2026-03-18,not_provided,pro,False,,4,2026-03-09 00:54:00,2026-03-16 09:39:00,4,1,3,2026-03-05 20:00:00
U01965,2026-03-15,2026-03-29,1-10,business,False,,6,2026-03-15 14:07:00,2026-03-25 05:08:00,5,5,59,2026-03-15 01:00:00
U01966,2026-01-29,2026-02-12,51-200,starter,True,2026-02-10,6,2026-01-31 22:23:00,2026-02-11 00:46:00,5,6,52,2026-01-29 04:00:00
U01967,2026-01-06,2026-01-20,51-200,pro,False,,11,2026-01-06 05:25:00,2026-01-20 02:50:00,8,6,72,2026-01-06 07:00:00
U01968,2026-05-18,2026-06-01,11-50,pro,False,,6,2026-05-18 01:09:00,2026-05-31 08:49:00,4,5,57,2026-05-18 01:00:00
U01969,2026-05-20,2026-06-03,not_provided,business,False,,4,2026-05-20 09:19:00,2026-06-01 23:29:00,4,5,23,2026-05-20 13:00:00
U01970,2026-05-21,2026-06-04,200+,pro,False,,14,2026-05-22 06:50:00,2026-06-01 14:38:00,7,6,47,2026-05-21 13:00:00
U01971,2026-02-06,2026-02-20,not_provided,business,False,,2,2026-02-06 00:04:00,2026-02-07 08:06:00,2,3,12,2026-02-07 08:00:00
U01972,2026-01-05,2026-01-19,200+,pro,True,2026-01-18,7,2026-01-05 11:23:00,2026-01-15 17:22:00,5,6,58,2026-01-05 00:00:00
U01973,2026-01-12,2026-01-26,51-200,pro,True,2026-01-17,7,2026-01-12 08:04:00,2026-01-25 21:06:00,5,7,67,2026-01-13 03:00:00
U01974,2026-03-14,2026-03-28,11-50,business,False,,4,2026-03-14 01:36:00,2026-03-22 14:26:00,4,3,19,2026-03-14 00:00:00
U01975,2026-06-08,2026-06-22,51-200,starter,False,,5,2026-06-08 11:46:00,2026-06-22 20:07:00,3,4,30,2026-06-09 06:00:00
U01976,2026-04-30,2026-05-14,not_provided,starter,False,,3,2026-05-01 23:01:00,2026-05-10 11:08:00,3,4,12,2026-04-30 03:00:00
U01977,2026-01-18,2026-02-01,200+,business,True,2026-01-27,2,2026-01-25 12:47:00,2026-01-30 21:10:00,2,3,19,2026-01-19 08:00:00
U01978,2026-04-03,2026-04-17,1-10,starter,False,,1,2026-04-03 13:09:00,2026-04-03 13:09:00,1,5,34,2026-04-03 07:00:00
U01979,2026-03-16,2026-03-30,not_provided,starter,False,,8,2026-03-16 10:33:00,2026-03-29 01:57:00,7,5,38,2026-03-18 10:00:00
U01980,2026-03-01,2026-03-15,200+,pro,True,2026-03-07,3,2026-03-03 05:09:00,2026-03-15 16:36:00,3,1,10,2026-03-08 02:00:00
U01981,2026-03-22,2026-04-05,200+,pro,True,2026-04-04,10,2026-03-22 02:31:00,2026-04-05 22:41:00,7,2,17,2026-03-25 20:00:00
U01982,2026-01-23,2026-02-06,11-50,pro,True,2026-02-05,6,2026-01-27 08:35:00,2026-02-05 03:59:00,6,6,72,2026-01-23 03:00:00
U01983,2026-04-28,2026-05-12,not_provided,business,True,2026-05-03,5,2026-04-28 04:07:00,2026-05-08 20:41:00,4,4,40,2026-04-30 12:00:00
U01984,2026-01-11,2026-01-25,11-50,pro,False,,6,2026-01-14 14:52:00,2026-01-24 01:10:00,6,7,83,2026-01-11 06:00:00
U01985,2026-03-20,2026-04-03,51-200,starter,False,,5,2026-03-26 21:17:00,2026-04-03 12:20:00,5,4,47,2026-03-20 11:00:00
U01986,2026-04-11,2026-04-25,not_provided,pro,False,,3,2026-04-19 10:07:00,2026-04-23 03:04:00,3,4,35,2026-04-13 09:00:00
U01987,2026-01-05,2026-01-19,51-200,business,True,2026-01-15,6,2026-01-06 17:28:00,2026-01-19 12:05:00,4,4,35,2026-01-06 08:00:00
U01988,2026-04-01,2026-04-15,not_provided,business,True,2026-04-09,2,2026-04-06 21:31:00,2026-04-11 08:55:00,2,5,34,2026-04-02 12:00:00
U01989,2026-05-09,2026-05-23,51-200,starter,False,,11,2026-05-12 01:01:00,2026-05-22 12:26:00,8,9,94,2026-05-09 02:00:00
U01990,2026-06-10,2026-06-24,51-200,starter,True,2026-06-15,11,2026-06-12 09:01:00,2026-06-23 18:20:00,8,8,98,2026-06-11 14:00:00
U01991,2026-05-23,2026-06-06,51-200,pro,False,,4,2026-06-01 16:06:00,2026-06-06 02:42:00,2,6,48,2026-05-23 14:00:00
U01992,2026-02-08,2026-02-22,51-200,starter,True,2026-02-15,4,2026-02-10 15:23:00,2026-02-14 23:11:00,3,5,32,2026-02-08 09:00:00
U01993,2026-01-23,2026-02-06,not_provided,starter,False,,3,2026-01-25 05:57:00,2026-02-03 22:45:00,2,6,31,2026-01-23 08:00:00
U01994,2026-05-14,2026-05-28,not_provided,pro,False,,5,2026-05-15 22:42:00,2026-05-26 10:22:00,4,4,15,2026-05-22 04:00:00
U01995,2026-06-10,2026-06-24,not_provided,pro,True,2026-06-21,7,2026-06-16 00:34:00,2026-06-24 03:14:00,5,3,22,2026-06-11 21:00:00
U01996,2026-03-03,2026-03-17,not_provided,pro,False,,6,2026-03-09 10:59:00,2026-03-17 15:04:00,6,6,51,2026-03-03 04:00:00
U01997,2026-04-20,2026-05-04,51-200,pro,True,2026-04-30,5,2026-04-26 01:47:00,2026-05-04 02:24:00,4,7,113,2026-04-20 03:00:00
U01998,2026-04-25,2026-05-09,not_provided,pro,False,,6,2026-04-28 12:17:00,2026-05-05 03:54:00,5,6,36,2026-04-25 08:00:00
U01999,2026-02-22,2026-03-08,not_provided,pro,True,2026-03-08,9,2026-02-23 14:20:00,2026-03-08 07:16:00,8,5,81,2026-02-23 08:00:00
U02000,2026-05-19,2026-06-02,not_provided,pro,False,,6,2026-05-20 06:20:00,2026-05-30 06:43:00,5,4,25,2026-05-19 08:00:00
