user_id,signup_date,trial_end_date,company_size,plan_interested,converted,conversion_date,total_sessions,distinct_active_days,distinct_features_used,total_feature_events,time_to_first_value_hrs,feature_adoption_breadth,used_power_feature,session_frequency,engagement_slope,drop_off_stage
U00001,2026-06-13,2026-06-27,1-10,starter,True,2026-06-22,5,5,5,34,12.0,0.5,True,1.0,-6,completed_trial_window
U00002,2026-03-04,2026-03-18,11-50,pro,False,,7,6,5,35,37.0,0.5,True,1.1666666666666667,1,completed_trial_window
U00003,2026-01-27,2026-02-10,not_provided,business,False,,3,3,2,14,13.0,0.2,False,1.0,6,completed_trial_window
U00004,2026-05-20,2026-06-03,1-10,pro,True,2026-05-31,1,1,2,20,49.0,0.2,True,1.0,-10,completed_trial_window
U00005,2026-01-09,2026-01-23,1-10,starter,True,2026-01-17,6,5,5,88,3.0,0.5,True,1.2,-30,completed_trial_window
U00006,2026-03-01,2026-03-15,not_provided,pro,True,2026-03-06,6,6,9,132,5.0,0.9,True,1.0,40,completed_trial_window
U00007,2026-05-24,2026-06-07,11-50,business,True,2026-06-06,6,4,3,24,17.0,0.3,True,1.5,0,completed_trial_window
U00008,2026-04-18,2026-05-02,11-50,starter,False,,1,1,3,11,37.0,0.3,True,1.0,-11,mid_trial_dropoff
U00009,2026-05-31,2026-06-14,51-200,starter,False,,7,6,8,101,17.0,0.8,True,1.1666666666666667,17,completed_trial_window
U00010,2026-02-10,2026-02-24,not_provided,starter,True,2026-02-20,3,3,1,26,5.0,0.1,True,1.0,-10,mid_trial_dropoff
U00011,2026-03-13,2026-03-27,11-50,pro,False,,3,2,5,37,6.0,0.5,True,1.5,3,early_dropoff
U00012,2026-03-28,2026-04-11,1-10,starter,False,,9,8,5,35,15.0,0.5,True,1.125,5,completed_trial_window
U00013,2026-04-08,2026-04-22,1-10,business,False,,2,2,4,25,30.0,0.4,True,1.0,-1,mid_trial_dropoff
U00014,2026-03-30,2026-04-13,not_provided,business,True,2026-04-04,3,3,7,73,22.0,0.7,True,1.0,-1,completed_trial_window
U00015,2026-04-28,2026-05-12,not_provided,starter,True,2026-05-09,6,4,4,28,107.0,0.4,True,1.5,-2,completed_trial_window
U00016,2026-01-21,2026-02-04,not_provided,business,True,2026-02-04,10,6,6,62,9.0,0.6,True,1.6666666666666667,0,completed_trial_window
U00017,2026-04-03,2026-04-17,not_provided,pro,False,,3,2,6,49,14.0,0.6,True,1.5,11,completed_trial_window
U00018,2026-01-18,2026-02-01,1-10,business,True,2026-01-26,8,6,5,78,24.0,0.5,True,1.3333333333333333,16,completed_trial_window
U00019,2026-03-16,2026-03-30,1-10,pro,False,,8,8,6,48,16.0,0.6,True,1.0,28,completed_trial_window
U00020,2026-01-26,2026-02-09,200+,business,True,2026-02-07,12,7,6,60,2.0,0.6,True,1.7142857142857142,-10,completed_trial_window
U00021,2026-06-12,2026-06-26,51-200,pro,False,,4,4,3,22,40.0,0.3,True,1.0,0,completed_trial_window
U00022,2026-04-05,2026-04-19,51-200,pro,False,,5,5,2,18,9.0,0.2,True,1.0,-6,completed_trial_window
U00023,2026-03-10,2026-03-24,not_provided,business,False,,3,2,2,9,108.0,0.2,False,1.5,5,mid_trial_dropoff
U00024,2026-06-15,2026-06-29,1-10,pro,False,,1,1,3,5,33.0,0.3,True,1.0,-5,mid_trial_dropoff
U00025,2026-06-12,2026-06-26,11-50,pro,False,,7,7,2,14,70.0,0.2,False,1.0,-4,completed_trial_window
U00026,2026-03-04,2026-03-18,11-50,starter,True,2026-03-15,10,7,6,76,14.0,0.6,True,1.4285714285714286,12,completed_trial_window
U00027,2026-03-11,2026-03-25,not_provided,business,False,,1,1,1,5,282.0,0.1,False,1.0,5,mid_trial_dropoff
U00028,2026-05-23,2026-06-06,11-50,business,True,2026-06-02,7,4,5,57,39.0,0.5,True,1.75,13,completed_trial_window
U00029,2026-01-15,2026-01-29,11-50,starter,True,2026-01-25,6,5,3,24,4.0,0.3,False,1.2,2,completed_trial_window
U00030,2026-04-13,2026-04-27,51-200,starter,False,,11,9,4,21,4.0,0.4,False,1.2222222222222223,-3,completed_trial_window
U00031,2026-02-24,2026-03-10,not_provided,business,False,,6,5,5,41,0.0,0.5,True,1.2,5,completed_trial_window
U00032,2026-03-22,2026-04-05,11-50,business,True,2026-04-03,4,4,2,34,23.0,0.2,False,1.0,-4,completed_trial_window
U00033,2026-04-12,2026-04-26,not_provided,starter,False,,2,2,1,3,180.0,0.1,True,1.0,3,completed_trial_window
U00034,2026-02-06,2026-02-20,51-200,pro,False,,5,4,6,21,6.0,0.6,True,1.25,3,mid_trial_dropoff
U00035,2026-03-05,2026-03-19,not_provided,pro,False,,3,3,4,18,22.0,0.4,True,1.0,-6,mid_trial_dropoff
U00036,2026-05-18,2026-06-01,51-200,business,False,,2,2,1,7,328.0,0.1,True,1.0,7,completed_trial_window
U00037,2026-05-30,2026-06-13,200+,pro,True,2026-06-10,6,6,5,28,22.0,0.5,True,1.0,4,completed_trial_window
U00038,2026-04-03,2026-04-17,11-50,pro,False,,8,7,3,21,59.0,0.3,True,1.1428571428571428,7,completed_trial_window
U00039,2026-05-11,2026-05-25,200+,starter,False,,11,8,5,45,24.0,0.5,True,1.375,11,completed_trial_window
U00040,2026-01-13,2026-01-27,1-10,pro,False,,10,9,4,24,12.0,0.4,True,1.1111111111111112,6,completed_trial_window
U00041,2026-06-10,2026-06-24,11-50,business,True,2026-06-21,2,2,4,32,2.0,0.4,True,1.0,4,completed_trial_window
U00042,2026-06-02,2026-06-16,1-10,starter,False,,10,8,5,38,24.0,0.5,True,1.25,12,completed_trial_window
U00043,2026-04-08,2026-04-22,not_provided,starter,False,,1,1,1,1,305.0,0.1,False,1.0,1,early_dropoff
U00044,2026-05-16,2026-05-30,51-200,pro,False,,7,5,3,16,26.0,0.3,True,1.4,-2,completed_trial_window
U00045,2026-01-03,2026-01-17,not_provided,business,False,,7,6,7,51,5.0,0.7,True,1.1666666666666667,-9,completed_trial_window
U00046,2026-01-30,2026-02-13,not_provided,pro,False,,5,5,3,14,12.0,0.3,True,1.0,-10,completed_trial_window
U00047,2026-03-10,2026-03-24,not_provided,business,False,,14,11,7,59,20.0,0.7,True,1.2727272727272727,11,completed_trial_window
U00048,2026-01-29,2026-02-12,51-200,starter,False,,5,5,7,60,6.0,0.7,True,1.0,-6,completed_trial_window
U00049,2026-02-10,2026-02-24,200+,starter,False,,5,4,8,64,1.0,0.8,True,1.25,16,completed_trial_window
U00050,2026-03-09,2026-03-23,not_provided,pro,False,,10,7,6,47,12.0,0.6,True,1.4285714285714286,-13,completed_trial_window
U00051,2026-05-10,2026-05-24,1-10,business,True,2026-05-19,5,5,3,25,0.0,0.3,True,1.0,15,completed_trial_window
U00052,2026-06-13,2026-06-27,not_provided,pro,False,,8,7,4,36,23.0,0.4,True,1.1428571428571428,14,completed_trial_window
U00053,2026-02-20,2026-03-06,11-50,business,True,2026-02-27,7,5,2,4,26.0,0.2,False,1.4,-4,completed_trial_window
U00054,2026-05-19,2026-06-02,not_provided,starter,False,,1,1,1,1,175.0,0.1,False,1.0,1,completed_trial_window
U00055,2026-06-03,2026-06-17,51-200,starter,False,,5,3,5,39,11.0,0.5,True,1.6666666666666667,7,mid_trial_dropoff
U00056,2026-01-05,2026-01-19,1-10,business,False,,2,2,3,17,22.0,0.3,True,1.0,9,completed_trial_window
U00057,2026-03-20,2026-04-03,11-50,starter,True,2026-03-28,5,3,5,59,37.0,0.5,True,1.6666666666666667,1,mid_trial_dropoff
U00058,2026-05-26,2026-06-09,1-10,starter,True,2026-06-07,10,6,5,98,2.0,0.5,True,1.6666666666666667,26,completed_trial_window
U00059,2026-01-18,2026-02-01,not_provided,pro,True,2026-01-25,9,7,6,62,3.0,0.6,True,1.2857142857142858,12,completed_trial_window
U00060,2026-05-02,2026-05-16,not_provided,pro,False,,3,2,5,34,40.0,0.5,True,1.5,6,mid_trial_dropoff
U00061,2026-03-09,2026-03-23,not_provided,pro,True,2026-03-20,7,6,5,70,11.0,0.5,True,1.1666666666666667,0,completed_trial_window
U00062,2026-02-24,2026-03-10,not_provided,business,False,,9,7,4,30,0.0,0.4,False,1.2857142857142858,24,completed_trial_window
U00063,2026-02-21,2026-03-07,not_provided,business,False,,7,7,10,95,9.0,1.0,True,1.0,-7,completed_trial_window
U00064,2026-04-13,2026-04-27,not_provided,business,False,,3,2,4,24,35.0,0.4,True,1.5,12,completed_trial_window
U00065,2026-04-06,2026-04-20,200+,pro,False,,4,4,5,31,5.0,0.5,True,1.0,7,completed_trial_window
U00066,2026-04-26,2026-05-10,1-10,pro,False,,6,4,3,29,56.0,0.3,False,1.5,1,completed_trial_window
U00067,2026-02-27,2026-03-13,1-10,business,False,,5,4,2,9,135.0,0.2,True,1.25,-1,completed_trial_window
U00068,2026-01-06,2026-01-20,not_provided,pro,True,2026-01-14,4,4,2,18,54.0,0.2,False,1.0,4,completed_trial_window
U00069,2026-05-31,2026-06-14,11-50,starter,False,,2,2,2,4,4.0,0.2,False,1.0,-2,completed_trial_window
U00070,2026-01-19,2026-02-02,not_provided,business,True,2026-01-24,9,7,4,44,6.0,0.4,True,1.2857142857142858,-4,completed_trial_window
U00071,2026-02-28,2026-03-14,1-10,starter,True,2026-03-10,4,4,6,50,18.0,0.6,True,1.0,6,completed_trial_window
U00072,2026-01-19,2026-02-02,not_provided,pro,False,,4,4,2,3,214.0,0.2,True,1.0,3,completed_trial_window
U00073,2026-03-13,2026-03-27,not_provided,starter,False,,4,4,7,57,15.0,0.7,True,1.0,19,completed_trial_window
U00074,2026-02-24,2026-03-10,not_provided,pro,True,2026-03-10,4,4,5,34,11.0,0.5,True,1.0,0,completed_trial_window
U00075,2026-05-28,2026-06-11,200+,pro,False,,10,8,8,80,0.0,0.8,True,1.25,2,completed_trial_window
U00076,2026-05-02,2026-05-16,200+,pro,False,,1,1,3,15,32.0,0.3,True,1.0,13,mid_trial_dropoff
U00077,2026-01-25,2026-02-08,1-10,business,True,2026-02-05,2,2,4,54,38.0,0.4,True,1.0,-6,completed_trial_window
U00078,2026-04-01,2026-04-15,200+,starter,True,2026-04-13,11,8,6,69,8.0,0.6,True,1.375,-15,completed_trial_window
U00079,2026-01-14,2026-01-28,not_provided,business,False,,6,5,4,37,72.0,0.4,False,1.2,-1,completed_trial_window
U00080,2026-06-15,2026-06-29,1-10,starter,False,,1,1,2,8,3.0,0.2,False,1.0,-4,completed_trial_window
U00081,2026-04-14,2026-04-28,not_provided,business,False,,4,4,5,24,86.0,0.5,True,1.0,-4,completed_trial_window
U00082,2026-01-28,2026-02-11,11-50,pro,True,2026-02-05,8,4,8,101,1.0,0.8,True,2.0,15,completed_trial_window
U00083,2026-05-18,2026-06-01,200+,pro,False,,6,6,4,26,25.0,0.4,False,1.0,-2,completed_trial_window
U00084,2026-04-19,2026-05-03,11-50,business,True,2026-05-01,6,5,6,63,5.0,0.6,True,1.2,-27,completed_trial_window
U00085,2026-03-05,2026-03-19,1-10,starter,False,,3,3,1,8,180.0,0.1,False,1.0,8,completed_trial_window
U00086,2026-05-21,2026-06-04,1-10,starter,False,,4,3,3,14,96.0,0.3,True,1.3333333333333333,2,completed_trial_window
U00087,2026-06-16,2026-06-30,not_provided,starter,True,2026-06-22,1,1,3,35,20.0,0.3,True,1.0,-23,early_dropoff
U00088,2026-03-02,2026-03-16,11-50,starter,True,2026-03-14,7,5,1,14,32.0,0.1,True,1.4,10,completed_trial_window
U00089,2026-05-04,2026-05-18,11-50,starter,True,2026-05-09,13,9,8,116,8.0,0.8,True,1.4444444444444444,0,completed_trial_window
U00090,2026-02-12,2026-02-26,200+,starter,False,,9,7,6,80,13.0,0.6,True,1.2857142857142858,-14,completed_trial_window
U00091,2026-04-10,2026-04-24,51-200,starter,False,,9,8,7,62,47.0,0.7,True,1.125,6,completed_trial_window
U00092,2026-03-15,2026-03-29,200+,business,False,,8,6,8,75,17.0,0.8,True,1.3333333333333333,-11,completed_trial_window
U00093,2026-05-23,2026-06-06,not_provided,business,False,,6,5,3,8,35.0,0.3,True,1.2,-2,completed_trial_window
U00094,2026-05-05,2026-05-19,11-50,pro,False,,5,4,2,6,5.0,0.2,False,1.25,-6,completed_trial_window
U00095,2026-03-17,2026-03-31,11-50,starter,False,,5,5,5,29,42.0,0.5,True,1.0,3,completed_trial_window
U00096,2026-05-29,2026-06-12,not_provided,pro,False,,14,10,8,81,10.0,0.8,True,1.4,11,completed_trial_window
U00097,2026-01-16,2026-01-30,not_provided,business,True,2026-01-21,1,1,5,70,11.0,0.5,True,1.0,6,mid_trial_dropoff
U00098,2026-01-13,2026-01-27,not_provided,starter,False,,2,2,4,8,57.0,0.4,True,1.0,6,mid_trial_dropoff
U00099,2026-05-09,2026-05-23,not_provided,pro,True,2026-05-14,4,4,8,98,4.0,0.8,True,1.0,-36,completed_trial_window
U00100,2026-05-11,2026-05-25,1-10,pro,True,2026-05-17,6,5,3,50,13.0,0.3,True,1.2,4,completed_trial_window
U00101,2026-06-02,2026-06-16,1-10,business,False,,12,8,6,116,2.0,0.6,True,1.5,-12,completed_trial_window
U00102,2026-03-02,2026-03-16,200+,starter,False,,12,10,8,97,12.0,0.8,True,1.2,11,completed_trial_window
U00103,2026-05-26,2026-06-09,11-50,pro,False,,3,3,3,13,62.0,0.3,False,1.0,-5,completed_trial_window
U00104,2026-06-02,2026-06-16,1-10,pro,True,2026-06-08,16,9,8,106,3.0,0.8,True,1.7777777777777777,0,completed_trial_window
U00105,2026-04-18,2026-05-02,not_provided,pro,False,,5,5,4,39,24.0,0.4,True,1.0,23,completed_trial_window
U00106,2026-05-25,2026-06-08,not_provided,business,True,2026-06-03,7,6,7,66,6.0,0.7,True,1.1666666666666667,0,completed_trial_window
U00107,2026-02-22,2026-03-08,not_provided,business,True,2026-03-04,6,5,5,39,22.0,0.5,True,1.2,21,completed_trial_window
U00108,2026-03-03,2026-03-17,51-200,starter,False,,4,3,3,17,26.0,0.3,False,1.3333333333333333,-5,completed_trial_window
U00109,2026-02-03,2026-02-17,not_provided,business,True,2026-02-12,10,9,4,30,16.0,0.4,True,1.1111111111111112,12,completed_trial_window
U00110,2026-04-28,2026-05-12,51-200,starter,True,2026-05-03,7,6,5,75,2.0,0.5,True,1.1666666666666667,1,completed_trial_window
U00111,2026-04-28,2026-05-12,not_provided,pro,True,2026-05-04,9,6,7,90,3.0,0.7,True,1.5,44,completed_trial_window
U00112,2026-01-19,2026-02-02,not_provided,pro,False,,8,7,7,77,18.0,0.7,True,1.1428571428571428,15,completed_trial_window
U00113,2026-05-10,2026-05-24,51-200,pro,True,2026-05-20,4,4,6,65,3.0,0.6,True,1.0,21,completed_trial_window
U00114,2026-01-18,2026-02-01,11-50,business,True,2026-01-27,6,4,5,34,80.0,0.5,True,1.5,-2,completed_trial_window
U00115,2026-02-10,2026-02-24,200+,pro,True,2026-02-19,13,10,4,34,6.0,0.4,False,1.3,12,completed_trial_window
U00116,2026-06-06,2026-06-20,not_provided,pro,True,2026-06-11,8,6,8,98,1.0,0.8,True,1.3333333333333333,-18,completed_trial_window
U00117,2026-05-22,2026-06-05,51-200,business,True,2026-05-28,10,8,8,76,18.0,0.8,True,1.25,32,completed_trial_window
U00118,2026-02-04,2026-02-18,51-200,starter,True,2026-02-10,8,7,4,37,28.0,0.4,True,1.1428571428571428,1,completed_trial_window
U00119,2026-05-22,2026-06-05,11-50,business,True,2026-05-31,5,5,4,48,1.0,0.4,True,1.0,-4,completed_trial_window
U00120,2026-06-04,2026-06-18,11-50,business,False,,11,8,5,45,14.0,0.5,False,1.375,13,completed_trial_window
U00121,2026-03-29,2026-04-12,11-50,business,False,,8,4,2,11,60.0,0.2,True,2.0,-11,completed_trial_window
U00122,2026-06-12,2026-06-26,51-200,pro,False,,4,3,2,3,18.0,0.2,False,1.3333333333333333,-3,completed_trial_window
U00123,2026-05-06,2026-05-20,51-200,starter,False,,4,4,6,56,47.0,0.6,True,1.0,-4,completed_trial_window
U00124,2026-01-24,2026-02-07,not_provided,starter,False,,7,5,5,54,0.0,0.5,True,1.4,-14,completed_trial_window
U00125,2026-03-12,2026-03-26,1-10,starter,False,,7,6,8,74,0.0,0.8,True,1.1666666666666667,-2,completed_trial_window
U00126,2026-03-27,2026-04-10,11-50,business,False,,9,9,5,38,11.0,0.5,True,1.0,0,completed_trial_window
U00127,2026-03-09,2026-03-23,11-50,business,False,,7,6,5,72,17.0,0.5,True,1.1666666666666667,2,completed_trial_window
U00128,2026-04-24,2026-05-08,not_provided,business,True,2026-05-05,4,4,4,12,83.0,0.4,False,1.0,4,completed_trial_window
U00129,2026-05-24,2026-06-07,1-10,starter,False,,8,6,2,22,32.0,0.2,True,1.3333333333333333,-4,completed_trial_window
U00130,2026-01-20,2026-02-03,not_provided,pro,False,,8,7,6,62,43.0,0.6,True,1.1428571428571428,14,completed_trial_window
U00131,2026-05-20,2026-06-03,1-10,business,False,,4,4,4,13,5.0,0.4,True,1.0,3,completed_trial_window
U00132,2026-05-30,2026-06-13,not_provided,pro,False,,7,4,7,66,0.0,0.7,True,1.75,22,mid_trial_dropoff
U00133,2026-04-21,2026-05-05,11-50,starter,False,,1,1,2,10,206.0,0.2,False,1.0,10,mid_trial_dropoff
U00134,2026-03-20,2026-04-03,51-200,starter,False,,4,3,7,58,94.0,0.7,True,1.3333333333333333,24,completed_trial_window
U00135,2026-04-02,2026-04-16,11-50,business,False,,3,2,4,37,92.0,0.4,True,1.5,-1,completed_trial_window
U00136,2026-03-05,2026-03-19,not_provided,starter,True,2026-03-15,3,3,4,33,78.0,0.4,True,1.0,17,completed_trial_window
U00137,2026-05-24,2026-06-07,200+,pro,False,,9,7,3,30,54.0,0.3,False,1.2857142857142858,2,completed_trial_window
U00138,2026-02-09,2026-02-23,11-50,pro,True,2026-02-16,3,3,4,25,56.0,0.4,True,1.0,3,completed_trial_window
U00139,2026-04-16,2026-04-30,1-10,pro,False,,2,2,2,6,2.0,0.2,False,1.0,4,completed_trial_window
U00140,2026-03-27,2026-04-10,200+,business,False,,9,8,8,94,2.0,0.8,True,1.125,-20,completed_trial_window
U00141,2026-03-05,2026-03-19,51-200,pro,False,,6,5,2,5,143.0,0.2,True,1.2,-1,completed_trial_window
U00142,2026-01-28,2026-02-11,200+,starter,False,,7,7,3,21,25.0,0.3,True,1.0,-3,completed_trial_window
U00143,2026-05-01,2026-05-15,11-50,pro,True,2026-05-13,2,1,3,41,13.0,0.3,True,2.0,5,completed_trial_window
U00144,2026-03-31,2026-04-14,51-200,pro,False,,12,7,6,64,8.0,0.6,True,1.7142857142857142,10,completed_trial_window
U00145,2026-02-27,2026-03-13,1-10,business,False,,8,6,9,132,11.0,0.9,True,1.3333333333333333,-20,completed_trial_window
U00146,2026-02-19,2026-03-05,200+,business,True,2026-02-28,1,1,4,30,63.0,0.4,False,1.0,8,completed_trial_window
U00147,2026-01-18,2026-02-01,51-200,business,False,,9,6,3,33,7.0,0.3,True,1.5,5,completed_trial_window
U00148,2026-06-14,2026-06-28,not_provided,starter,False,,3,3,3,6,18.0,0.3,True,1.0,0,completed_trial_window
U00149,2026-05-18,2026-06-01,51-200,starter,False,,4,4,3,23,38.0,0.3,True,1.0,-9,completed_trial_window
U00150,2026-01-30,2026-02-13,51-200,pro,True,2026-02-13,3,3,1,29,135.0,0.1,True,1.0,21,completed_trial_window
U00151,2026-03-09,2026-03-23,1-10,starter,False,,1,1,1,12,1.0,0.1,False,1.0,-4,completed_trial_window
U00152,2026-06-02,2026-06-16,200+,business,True,2026-06-12,5,5,5,38,26.0,0.5,True,1.0,6,completed_trial_window
U00153,2026-04-22,2026-05-06,not_provided,pro,False,,10,8,5,54,13.0,0.5,True,1.25,18,completed_trial_window
U00154,2026-01-30,2026-02-13,200+,pro,False,,2,2,5,14,25.0,0.5,True,1.0,-2,completed_trial_window
U00155,2026-02-18,2026-03-04,51-200,starter,False,,4,4,4,37,14.0,0.4,True,1.0,-7,mid_trial_dropoff
U00156,2026-04-22,2026-05-06,1-10,pro,True,2026-05-05,14,8,7,100,28.0,0.7,True,1.75,18,completed_trial_window
U00157,2026-02-20,2026-03-06,51-200,starter,True,2026-02-26,2,2,4,44,27.0,0.4,True,1.0,-2,mid_trial_dropoff
U00158,2026-03-26,2026-04-09,not_provided,business,True,2026-04-01,8,5,5,41,2.0,0.5,True,1.6,-13,completed_trial_window
U00159,2026-03-18,2026-04-01,not_provided,business,False,,9,7,4,45,34.0,0.4,True,1.2857142857142858,15,completed_trial_window
U00160,2026-04-15,2026-04-29,51-200,starter,False,,9,6,9,92,4.0,0.9,True,1.5,6,completed_trial_window
U00161,2026-03-17,2026-03-31,not_provided,pro,False,,10,9,4,37,9.0,0.4,True,1.1111111111111112,-3,completed_trial_window
U00162,2026-02-19,2026-03-05,200+,business,True,2026-03-02,6,6,2,19,112.0,0.2,True,1.0,-1,completed_trial_window
U00163,2026-02-14,2026-02-28,not_provided,pro,False,,2,2,5,35,29.0,0.5,False,1.0,3,mid_trial_dropoff
U00164,2026-03-19,2026-04-02,200+,pro,True,2026-03-24,8,7,5,75,7.0,0.5,True,1.1428571428571428,7,completed_trial_window
U00165,2026-03-19,2026-04-02,51-200,pro,True,2026-03-30,10,6,6,79,2.0,0.6,True,1.6666666666666667,-3,completed_trial_window
U00166,2026-05-29,2026-06-12,not_provided,business,False,,3,2,3,10,60.0,0.3,True,1.5,4,completed_trial_window
U00167,2026-03-24,2026-04-07,200+,starter,False,,6,3,5,53,11.0,0.5,True,2.0,-1,completed_trial_window
U00168,2026-04-24,2026-05-08,not_provided,pro,False,,5,4,4,32,4.0,0.4,True,1.25,6,completed_trial_window
U00169,2026-05-11,2026-05-25,200+,business,True,2026-05-18,8,7,4,40,5.0,0.4,True,1.1428571428571428,2,completed_trial_window
U00170,2026-01-22,2026-02-05,51-200,pro,True,2026-02-05,9,8,6,47,23.0,0.6,True,1.125,-1,completed_trial_window
U00171,2026-03-27,2026-04-10,1-10,pro,True,2026-04-05,9,7,8,112,3.0,0.8,True,1.2857142857142858,-4,completed_trial_window
U00172,2026-02-27,2026-03-13,11-50,pro,False,,1,1,5,36,5.0,0.5,True,1.0,0,mid_trial_dropoff
U00173,2026-01-07,2026-01-21,1-10,pro,True,2026-01-19,7,7,4,32,4.0,0.4,True,1.0,6,completed_trial_window
U00174,2026-06-06,2026-06-20,1-10,starter,True,2026-06-17,7,5,1,8,87.0,0.1,False,1.4,0,completed_trial_window
U00175,2026-06-11,2026-06-25,not_provided,pro,False,,7,5,5,29,17.0,0.5,True,1.4,5,completed_trial_window
U00176,2026-04-09,2026-04-23,200+,starter,True,2026-04-17,11,7,5,77,16.0,0.5,True,1.5714285714285714,9,completed_trial_window
U00177,2026-02-07,2026-02-21,not_provided,business,True,2026-02-12,4,4,6,82,1.0,0.6,True,1.0,-22,completed_trial_window
U00178,2026-01-28,2026-02-11,200+,pro,False,,6,5,7,80,7.0,0.7,True,1.2,24,completed_trial_window
U00179,2026-02-15,2026-03-01,not_provided,pro,False,,4,4,5,38,63.0,0.5,True,1.0,36,completed_trial_window
U00180,2026-04-29,2026-05-13,1-10,pro,True,2026-05-07,8,6,7,77,27.0,0.7,True,1.3333333333333333,23,completed_trial_window
U00181,2026-02-01,2026-02-15,200+,pro,False,,7,7,7,56,0.0,0.7,True,1.0,12,completed_trial_window
U00182,2026-04-29,2026-05-13,not_provided,pro,False,,5,4,3,24,57.0,0.3,True,1.25,12,completed_trial_window
U00183,2026-05-24,2026-06-07,not_provided,business,True,2026-06-05,4,4,5,47,21.0,0.5,True,1.0,9,completed_trial_window
U00184,2026-06-06,2026-06-20,not_provided,pro,False,,3,3,3,12,8.0,0.3,True,1.0,-2,completed_trial_window
U00185,2026-04-20,2026-05-04,not_provided,starter,True,2026-04-27,8,5,8,123,4.0,0.8,True,1.6,-5,completed_trial_window
U00186,2026-05-02,2026-05-16,200+,business,False,,6,4,4,36,84.0,0.4,True,1.5,-4,mid_trial_dropoff
U00187,2026-03-05,2026-03-19,not_provided,business,False,,6,5,2,14,22.0,0.2,True,1.2,-2,completed_trial_window
U00188,2026-05-14,2026-05-28,200+,business,False,,8,5,4,24,15.0,0.4,True,1.6,10,completed_trial_window
U00189,2026-03-03,2026-03-17,51-200,starter,True,2026-03-09,1,1,2,18,61.0,0.2,False,1.0,10,completed_trial_window
U00190,2026-03-15,2026-03-29,11-50,business,True,2026-03-25,1,1,2,16,160.0,0.2,False,1.0,8,completed_trial_window
U00191,2026-03-23,2026-04-06,not_provided,starter,True,2026-03-30,4,3,5,46,47.0,0.5,False,1.3333333333333333,4,completed_trial_window
U00192,2026-02-08,2026-02-22,11-50,starter,False,,6,6,5,46,12.0,0.5,False,1.0,-20,completed_trial_window
U00193,2026-02-09,2026-02-23,not_provided,pro,False,,4,4,8,72,1.0,0.8,True,1.0,-4,mid_trial_dropoff
U00194,2026-01-17,2026-01-31,200+,starter,False,,7,6,6,57,20.0,0.6,True,1.1666666666666667,-7,completed_trial_window
U00195,2026-03-26,2026-04-09,not_provided,starter,True,2026-04-06,8,8,3,32,24.0,0.3,True,1.0,-2,completed_trial_window
U00196,2026-01-16,2026-01-30,11-50,starter,False,,7,6,7,68,1.0,0.7,True,1.1666666666666667,16,completed_trial_window
U00197,2026-04-10,2026-04-24,not_provided,business,False,,5,3,4,13,62.0,0.4,False,1.6666666666666667,-5,completed_trial_window
U00198,2026-01-06,2026-01-20,not_provided,starter,True,2026-01-18,2,2,5,39,8.0,0.5,True,1.0,-13,completed_trial_window
U00199,2026-01-02,2026-01-16,51-200,business,True,2026-01-13,14,10,6,72,9.0,0.6,True,1.4,10,completed_trial_window
U00200,2026-04-18,2026-05-02,not_provided,business,False,,1,1,5,17,62.0,0.5,True,1.0,3,early_dropoff
U00201,2026-05-20,2026-06-03,not_provided,pro,False,,4,4,3,10,35.0,0.3,True,1.0,2,completed_trial_window
U00202,2026-05-05,2026-05-19,11-50,business,False,,10,8,3,32,14.0,0.3,True,1.25,6,completed_trial_window
U00203,2026-04-22,2026-05-06,200+,starter,False,,4,3,6,65,22.0,0.6,True,1.3333333333333333,13,completed_trial_window
U00204,2026-04-10,2026-04-24,51-200,business,False,,8,7,6,45,20.0,0.6,True,1.1428571428571428,5,completed_trial_window
U00205,2026-04-14,2026-04-28,not_provided,pro,False,,6,6,5,41,5.0,0.5,True,1.0,-7,completed_trial_window
U00206,2026-04-30,2026-05-14,11-50,pro,True,2026-05-13,9,6,5,42,47.0,0.5,True,1.5,4,completed_trial_window
U00207,2026-01-07,2026-01-21,200+,pro,True,2026-01-21,7,5,5,74,1.0,0.5,True,1.4,10,completed_trial_window
U00208,2026-01-07,2026-01-21,1-10,business,False,,3,3,1,3,274.0,0.1,False,1.0,3,completed_trial_window
U00209,2026-04-20,2026-05-04,11-50,starter,False,,2,2,4,56,13.0,0.4,True,1.0,-6,completed_trial_window
U00210,2026-02-16,2026-03-02,1-10,business,True,2026-02-27,10,8,4,32,10.0,0.4,True,1.25,10,completed_trial_window
U00211,2026-03-25,2026-04-08,11-50,starter,False,,2,1,5,24,59.0,0.5,True,2.0,16,early_dropoff
U00212,2026-03-25,2026-04-08,51-200,starter,True,2026-04-03,2,2,4,29,36.0,0.4,True,1.0,1,completed_trial_window
U00213,2026-04-18,2026-05-02,51-200,starter,False,,5,5,1,1,96.0,0.1,False,1.0,-1,completed_trial_window
U00214,2026-05-01,2026-05-15,1-10,business,False,,11,10,3,29,17.0,0.3,True,1.1,7,completed_trial_window
U00215,2026-05-19,2026-06-02,1-10,business,True,2026-05-27,7,6,3,15,25.0,0.3,True,1.1666666666666667,-7,completed_trial_window
U00216,2026-06-16,2026-06-30,1-10,business,False,,5,5,3,24,6.0,0.3,False,1.0,-6,completed_trial_window
U00217,2026-01-11,2026-01-25,1-10,pro,False,,4,4,5,30,28.0,0.5,True,1.0,2,completed_trial_window
U00218,2026-02-21,2026-03-07,1-10,pro,False,,4,4,5,31,109.0,0.5,True,1.0,15,completed_trial_window
U00219,2026-02-09,2026-02-23,11-50,pro,False,,4,4,6,29,7.0,0.6,True,1.0,7,completed_trial_window
U00220,2026-05-02,2026-05-16,not_provided,starter,False,,11,10,2,11,41.0,0.2,True,1.1,1,completed_trial_window
U00221,2026-05-25,2026-06-08,11-50,starter,True,2026-06-03,7,7,5,44,8.0,0.5,True,1.0,-4,completed_trial_window
U00222,2026-04-05,2026-04-19,11-50,pro,False,,6,3,8,55,23.0,0.8,True,2.0,19,completed_trial_window
U00223,2026-06-05,2026-06-19,not_provided,business,True,2026-06-11,3,3,5,44,24.0,0.5,True,1.0,8,completed_trial_window
U00224,2026-02-11,2026-02-25,51-200,starter,False,,5,4,1,8,76.0,0.1,False,1.25,4,completed_trial_window
U00225,2026-05-29,2026-06-12,1-10,business,False,,1,1,1,1,261.0,0.1,False,1.0,1,mid_trial_dropoff
U00226,2026-05-28,2026-06-11,not_provided,starter,False,,11,8,7,60,16.0,0.7,True,1.375,-18,completed_trial_window
U00227,2026-04-12,2026-04-26,not_provided,pro,False,,9,9,5,81,2.0,0.5,True,1.0,7,completed_trial_window
U00228,2026-01-20,2026-02-03,not_provided,business,True,2026-01-28,3,1,1,2,352.0,0.1,False,3.0,2,early_dropoff
U00229,2026-01-27,2026-02-10,not_provided,business,False,,4,4,4,25,25.0,0.4,True,1.0,-3,completed_trial_window
U00230,2026-06-03,2026-06-17,1-10,pro,False,,9,7,5,40,8.0,0.5,True,1.2857142857142858,2,completed_trial_window
U00231,2026-01-11,2026-01-25,51-200,pro,False,,7,6,2,21,40.0,0.2,True,1.1666666666666667,11,completed_trial_window
U00232,2026-04-20,2026-05-04,not_provided,business,False,,3,3,4,22,78.0,0.4,True,1.0,16,completed_trial_window
U00233,2026-01-18,2026-02-01,not_provided,business,False,,1,1,4,36,3.0,0.4,False,1.0,8,mid_trial_dropoff
U00234,2026-03-29,2026-04-12,1-10,starter,True,2026-04-10,6,5,6,66,4.0,0.6,True,1.2,-4,completed_trial_window
U00235,2026-01-28,2026-02-11,200+,business,True,2026-02-09,4,3,3,29,36.0,0.3,False,1.3333333333333333,3,completed_trial_window
U00236,2026-02-09,2026-02-23,200+,pro,False,,3,3,1,2,237.0,0.1,True,1.0,2,completed_trial_window
U00237,2026-05-14,2026-05-28,not_provided,business,True,2026-05-28,6,5,6,30,1.0,0.6,True,1.2,10,completed_trial_window
U00238,2026-05-18,2026-06-01,200+,starter,True,2026-05-29,9,7,7,60,33.0,0.7,True,1.2857142857142858,-2,completed_trial_window
U00239,2026-06-01,2026-06-15,51-200,business,False,,3,2,3,11,52.0,0.3,True,1.5,-1,mid_trial_dropoff
U00240,2026-03-04,2026-03-18,1-10,business,False,,10,9,6,108,5.0,0.6,True,1.1111111111111112,8,completed_trial_window
U00241,2026-04-26,2026-05-10,11-50,starter,True,2026-05-10,4,3,4,20,15.0,0.4,True,1.3333333333333333,4,completed_trial_window
U00242,2026-06-06,2026-06-20,not_provided,starter,True,2026-06-16,10,8,7,78,5.0,0.7,True,1.25,-4,completed_trial_window
U00243,2026-01-08,2026-01-22,200+,business,False,,4,3,4,23,54.0,0.4,True,1.3333333333333333,5,completed_trial_window
U00244,2026-02-16,2026-03-02,200+,pro,False,,3,3,2,5,207.0,0.2,False,1.0,5,mid_trial_dropoff
U00245,2026-04-01,2026-04-15,51-200,business,False,,5,3,4,21,40.0,0.4,True,1.6666666666666667,7,completed_trial_window
U00246,2026-03-13,2026-03-27,not_provided,business,True,2026-03-22,8,6,6,66,8.0,0.6,True,1.3333333333333333,16,completed_trial_window
U00247,2026-05-23,2026-06-06,1-10,pro,True,2026-05-31,7,7,3,29,4.0,0.3,False,1.0,7,completed_trial_window
U00248,2026-01-22,2026-02-05,11-50,business,False,,5,2,4,23,19.0,0.4,True,2.5,-11,completed_trial_window
U00249,2026-04-15,2026-04-29,200+,pro,True,2026-04-23,11,7,6,38,40.0,0.6,True,1.5714285714285714,0,completed_trial_window
U00250,2026-05-02,2026-05-16,not_provided,business,True,2026-05-14,7,6,4,52,5.0,0.4,True,1.1666666666666667,-32,completed_trial_window
U00251,2026-04-25,2026-05-09,1-10,starter,False,,5,4,2,5,120.0,0.2,True,1.25,-5,completed_trial_window
U00252,2026-03-17,2026-03-31,11-50,starter,False,,9,8,3,9,49.0,0.3,True,1.125,-1,completed_trial_window
U00253,2026-03-04,2026-03-18,51-200,business,True,2026-03-18,3,3,4,44,12.0,0.4,True,1.0,-6,completed_trial_window
U00254,2026-04-05,2026-04-19,200+,pro,False,,4,4,8,70,7.0,0.8,True,1.0,24,completed_trial_window
U00255,2026-05-16,2026-05-30,51-200,starter,True,2026-05-29,8,6,7,86,15.0,0.7,True,1.3333333333333333,22,completed_trial_window
U00256,2026-03-26,2026-04-09,51-200,business,False,,5,5,6,63,25.0,0.6,True,1.0,27,completed_trial_window
U00257,2026-04-27,2026-05-11,51-200,business,False,,6,4,7,72,15.0,0.7,True,1.5,0,mid_trial_dropoff
U00258,2026-03-06,2026-03-20,11-50,starter,False,,8,6,10,115,3.0,1.0,True,1.3333333333333333,1,completed_trial_window
U00259,2026-02-19,2026-03-05,51-200,starter,False,,4,3,4,56,11.0,0.4,False,1.3333333333333333,-22,completed_trial_window
U00260,2026-05-18,2026-06-01,not_provided,pro,True,2026-05-26,4,3,5,34,11.0,0.5,False,1.3333333333333333,-12,completed_trial_window
U00261,2026-02-25,2026-03-11,not_provided,starter,False,,4,3,7,57,29.0,0.7,True,1.3333333333333333,13,completed_trial_window
U00262,2026-03-12,2026-03-26,not_provided,pro,True,2026-03-25,6,4,5,59,10.0,0.5,True,1.5,-7,mid_trial_dropoff
U00263,2026-06-02,2026-06-16,51-200,starter,False,,1,1,3,19,8.0,0.3,True,1.0,-1,completed_trial_window
U00264,2026-02-19,2026-03-05,51-200,pro,False,,6,6,3,28,27.0,0.3,False,1.0,4,completed_trial_window
U00265,2026-04-03,2026-04-17,11-50,business,False,,8,7,6,50,27.0,0.6,True,1.1428571428571428,2,completed_trial_window
U00266,2026-01-04,2026-01-18,not_provided,pro,True,2026-01-11,8,5,5,67,42.0,0.5,True,1.6,7,completed_trial_window
U00267,2026-03-12,2026-03-26,1-10,starter,False,,2,2,2,14,133.0,0.2,False,1.0,6,completed_trial_window
U00268,2026-05-22,2026-06-05,51-200,business,True,2026-05-29,7,6,5,92,13.0,0.5,True,1.1666666666666667,18,completed_trial_window
U00269,2026-06-13,2026-06-27,200+,starter,True,2026-06-18,15,10,5,76,0.0,0.5,True,1.5,-24,completed_trial_window
U00270,2026-05-27,2026-06-10,51-200,starter,False,,2,2,5,18,37.0,0.5,True,1.0,-8,mid_trial_dropoff
U00271,2026-05-03,2026-05-17,200+,business,True,2026-05-10,4,3,6,67,18.0,0.6,True,1.3333333333333333,-3,completed_trial_window
U00272,2026-01-14,2026-01-28,51-200,starter,False,,15,9,7,85,3.0,0.7,True,1.6666666666666667,9,completed_trial_window
U00273,2026-01-30,2026-02-13,1-10,starter,True,2026-02-11,7,6,5,77,16.0,0.5,True,1.1666666666666667,5,completed_trial_window
U00274,2026-01-19,2026-02-02,not_provided,business,False,,7,7,4,39,5.0,0.4,True,1.0,3,completed_trial_window
U00275,2026-01-14,2026-01-28,11-50,pro,True,2026-01-28,4,4,3,25,15.0,0.3,True,1.0,5,completed_trial_window
U00276,2026-03-19,2026-04-02,1-10,pro,False,,3,3,3,22,30.0,0.3,False,1.0,6,completed_trial_window
U00277,2026-01-31,2026-02-14,not_provided,starter,False,,9,6,3,26,69.0,0.3,True,1.5,-12,completed_trial_window
U00278,2026-06-05,2026-06-19,not_provided,pro,False,,8,7,5,45,34.0,0.5,False,1.1428571428571428,17,completed_trial_window
U00279,2026-02-27,2026-03-13,not_provided,starter,True,2026-03-11,2,2,3,8,105.0,0.3,True,1.0,6,completed_trial_window
U00280,2026-04-24,2026-05-08,51-200,pro,True,2026-05-05,1,1,3,26,12.0,0.3,False,1.0,4,early_dropoff
U00281,2026-03-20,2026-04-03,not_provided,pro,True,2026-03-25,10,10,8,117,6.0,0.8,True,1.0,47,completed_trial_window
U00282,2026-06-06,2026-06-20,not_provided,starter,False,,16,10,7,74,4.0,0.7,True,1.6,32,completed_trial_window
U00283,2026-02-23,2026-03-09,not_provided,pro,True,2026-03-04,4,3,5,26,67.0,0.5,False,1.3333333333333333,-4,completed_trial_window
U00284,2026-01-21,2026-02-04,11-50,pro,False,,6,5,4,32,3.0,0.4,True,1.2,0,completed_trial_window
U00285,2026-02-14,2026-02-28,not_provided,starter,True,2026-02-21,3,3,6,100,17.0,0.6,True,1.0,-20,completed_trial_window
U00286,2026-01-01,2026-01-15,200+,starter,False,,1,1,4,36,54.0,0.4,True,1.0,18,completed_trial_window
U00287,2026-06-02,2026-06-16,200+,business,False,,7,6,5,60,13.0,0.5,True,1.1666666666666667,-10,completed_trial_window
U00288,2026-01-09,2026-01-23,11-50,business,False,,8,7,7,69,12.0,0.7,True,1.1428571428571428,-19,completed_trial_window
U00289,2026-03-14,2026-03-28,not_provided,starter,True,2026-03-20,5,5,4,32,6.0,0.4,True,1.0,8,completed_trial_window
U00290,2026-03-01,2026-03-15,51-200,business,False,,2,2,6,42,1.0,0.6,True,1.0,-12,completed_trial_window
U00291,2026-05-31,2026-06-14,not_provided,pro,False,,10,7,3,21,46.0,0.3,False,1.4285714285714286,-3,completed_trial_window
U00292,2026-04-19,2026-05-03,1-10,pro,True,2026-04-27,5,5,6,68,11.0,0.6,True,1.0,-2,completed_trial_window
U00293,2026-06-15,2026-06-29,11-50,business,False,,11,8,6,48,19.0,0.6,True,1.375,-4,completed_trial_window
U00294,2026-02-06,2026-02-20,1-10,starter,False,,4,4,6,36,35.0,0.6,True,1.0,-8,completed_trial_window
U00295,2026-02-12,2026-02-26,51-200,pro,False,,9,7,6,36,2.0,0.6,True,1.2857142857142858,-12,completed_trial_window
U00296,2026-05-26,2026-06-09,51-200,starter,True,2026-06-01,2,2,6,44,50.0,0.6,True,1.0,2,mid_trial_dropoff
U00297,2026-04-30,2026-05-14,not_provided,business,False,,5,4,3,23,0.0,0.3,False,1.25,15,completed_trial_window
U00298,2026-04-14,2026-04-28,51-200,pro,False,,5,4,2,6,21.0,0.2,True,1.25,-4,completed_trial_window
U00299,2026-05-19,2026-06-02,200+,starter,False,,6,5,3,19,37.0,0.3,True,1.2,-1,mid_trial_dropoff
U00300,2026-01-21,2026-02-04,not_provided,starter,True,2026-02-01,6,4,5,29,27.0,0.5,False,1.5,15,completed_trial_window
U00301,2026-03-24,2026-04-07,not_provided,business,False,,1,1,1,5,46.0,0.1,False,1.0,-3,mid_trial_dropoff
U00302,2026-01-07,2026-01-21,1-10,pro,True,2026-01-21,8,7,9,106,3.0,0.9,True,1.1428571428571428,18,completed_trial_window
U00303,2026-05-31,2026-06-14,1-10,business,True,2026-06-09,5,5,4,30,54.0,0.4,True,1.0,4,completed_trial_window
U00304,2026-05-28,2026-06-11,1-10,pro,True,2026-06-09,11,10,6,95,9.0,0.6,True,1.1,39,completed_trial_window
U00305,2026-05-13,2026-05-27,not_provided,starter,True,2026-05-22,8,8,5,46,5.0,0.5,True,1.0,-32,completed_trial_window
U00306,2026-02-16,2026-03-02,not_provided,starter,False,,5,4,7,77,13.0,0.7,True,1.25,-1,completed_trial_window
U00307,2026-06-12,2026-06-26,200+,starter,True,2026-06-24,10,9,8,144,0.0,0.8,True,1.1111111111111112,-14,completed_trial_window
U00308,2026-03-31,2026-04-14,200+,business,False,,7,6,2,19,37.0,0.2,False,1.1666666666666667,-5,completed_trial_window
U00309,2026-03-24,2026-04-07,not_provided,starter,True,2026-03-31,9,8,6,73,27.0,0.6,True,1.125,17,completed_trial_window
U00310,2026-03-26,2026-04-09,200+,business,True,2026-04-07,7,5,5,62,15.0,0.5,True,1.4,4,completed_trial_window
U00311,2026-03-15,2026-03-29,not_provided,starter,True,2026-03-28,8,6,4,35,33.0,0.4,True,1.3333333333333333,7,completed_trial_window
U00312,2026-01-10,2026-01-24,200+,starter,True,2026-01-20,7,7,7,93,5.0,0.7,True,1.0,25,completed_trial_window
U00313,2026-03-06,2026-03-20,51-200,starter,False,,6,5,4,32,23.0,0.4,True,1.2,10,completed_trial_window
U00314,2026-04-14,2026-04-28,not_provided,starter,False,,7,5,7,71,12.0,0.7,True,1.4,5,completed_trial_window
U00315,2026-05-19,2026-06-02,200+,starter,False,,7,6,3,24,59.0,0.3,True,1.1666666666666667,18,completed_trial_window
U00316,2026-01-14,2026-01-28,11-50,pro,True,2026-01-24,9,7,5,46,20.0,0.5,True,1.2857142857142858,-6,completed_trial_window
U00317,2026-06-09,2026-06-23,200+,business,True,2026-06-21,8,6,6,51,0.0,0.6,True,1.3333333333333333,17,completed_trial_window
U00318,2026-01-14,2026-01-28,11-50,business,True,2026-01-27,4,4,7,94,3.0,0.7,True,1.0,-4,completed_trial_window
U00319,2026-02-03,2026-02-17,51-200,starter,True,2026-02-15,4,4,8,124,2.0,0.8,True,1.0,56,completed_trial_window
U00320,2026-02-01,2026-02-15,1-10,business,True,2026-02-15,10,8,6,72,17.0,0.6,True,1.25,4,completed_trial_window
U00321,2026-03-03,2026-03-17,not_provided,pro,False,,2,2,5,31,27.0,0.5,True,1.0,19,mid_trial_dropoff
U00322,2026-03-21,2026-04-04,not_provided,starter,False,,7,6,2,3,65.0,0.2,True,1.1666666666666667,-1,completed_trial_window
U00323,2026-05-22,2026-06-05,200+,starter,False,,8,6,2,12,11.0,0.2,True,1.3333333333333333,-2,completed_trial_window
U00324,2026-02-27,2026-03-13,1-10,starter,True,2026-03-05,10,8,6,60,9.0,0.6,True,1.25,0,completed_trial_window
U00325,2026-06-15,2026-06-29,11-50,starter,False,,12,10,5,57,1.0,0.5,True,1.2,11,completed_trial_window
U00326,2026-03-16,2026-03-30,not_provided,business,False,,2,2,2,25,2.0,0.2,False,1.0,-9,completed_trial_window
U00327,2026-03-11,2026-03-25,200+,starter,False,,11,8,6,61,8.0,0.6,True,1.375,-11,completed_trial_window
U00328,2026-05-01,2026-05-15,11-50,starter,False,,5,4,4,56,1.0,0.4,True,1.25,2,completed_trial_window
U00329,2026-05-22,2026-06-05,11-50,starter,False,,5,4,3,39,58.0,0.3,True,1.25,-9,completed_trial_window
U00330,2026-02-18,2026-03-04,not_provided,pro,True,2026-02-25,7,7,3,36,26.0,0.3,True,1.0,-2,completed_trial_window
U00331,2026-01-18,2026-02-01,51-200,starter,False,,8,6,8,77,5.0,0.8,True,1.3333333333333333,17,completed_trial_window
U00332,2026-03-29,2026-04-12,not_provided,business,False,,3,2,4,14,92.0,0.4,False,1.5,8,mid_trial_dropoff
U00333,2026-01-01,2026-01-15,51-200,business,True,2026-01-10,6,5,6,64,5.0,0.6,True,1.2,-18,completed_trial_window
U00334,2026-05-31,2026-06-14,not_provided,business,True,2026-06-12,10,7,3,37,7.0,0.3,False,1.4285714285714286,9,completed_trial_window
U00335,2026-02-08,2026-02-22,200+,pro,False,,3,3,5,30,4.0,0.5,True,1.0,-4,completed_trial_window
U00336,2026-05-04,2026-05-18,51-200,business,True,2026-05-17,8,7,4,24,40.0,0.4,True,1.1428571428571428,-14,completed_trial_window
U00337,2026-05-20,2026-06-03,200+,starter,False,,5,5,2,6,251.0,0.2,False,1.0,6,completed_trial_window
U00338,2026-03-24,2026-04-07,11-50,business,True,2026-04-01,6,6,3,44,62.0,0.3,True,1.0,-8,completed_trial_window
U00339,2026-05-27,2026-06-10,200+,pro,True,2026-06-07,9,8,7,101,24.0,0.7,True,1.125,43,completed_trial_window
U00340,2026-01-12,2026-01-26,51-200,business,True,2026-01-24,8,7,8,112,0.0,0.8,True,1.1428571428571428,8,completed_trial_window
U00341,2026-04-08,2026-04-22,200+,business,False,,4,4,2,8,69.0,0.2,True,1.0,0,completed_trial_window
U00342,2026-06-16,2026-06-30,11-50,starter,False,,6,6,4,23,8.0,0.4,True,1.0,-15,completed_trial_window
U00343,2026-01-10,2026-01-24,11-50,pro,True,2026-01-24,7,6,5,42,10.0,0.5,False,1.1666666666666667,18,completed_trial_window
U00344,2026-03-26,2026-04-09,1-10,starter,True,2026-04-01,4,4,3,30,2.0,0.3,True,1.0,16,completed_trial_window
U00345,2026-05-15,2026-05-29,200+,starter,True,2026-05-22,6,5,2,18,68.0,0.2,False,1.2,-2,completed_trial_window
U00346,2026-04-15,2026-04-29,not_provided,pro,False,,4,3,8,71,12.0,0.8,True,1.3333333333333333,17,completed_trial_window
U00347,2026-01-20,2026-02-03,200+,business,True,2026-01-30,3,3,7,97,8.0,0.7,True,1.0,-15,mid_trial_dropoff
U00348,2026-06-09,2026-06-23,not_provided,starter,True,2026-06-15,6,5,6,50,51.0,0.6,True,1.2,24,completed_trial_window
U00349,2026-03-26,2026-04-09,not_provided,pro,False,,4,4,5,30,70.0,0.5,True,1.0,-4,mid_trial_dropoff
U00350,2026-04-08,2026-04-22,51-200,business,False,,1,1,3,21,37.0,0.3,True,1.0,-11,early_dropoff
U00351,2026-05-05,2026-05-19,not_provided,starter,True,2026-05-19,7,6,3,39,35.0,0.3,True,1.1666666666666667,9,completed_trial_window
U00352,2026-01-18,2026-02-01,11-50,business,False,,4,4,1,4,126.0,0.1,False,1.0,-4,completed_trial_window
U00353,2026-03-15,2026-03-29,11-50,business,True,2026-03-21,8,8,3,28,108.0,0.3,True,1.0,14,completed_trial_window
U00354,2026-04-22,2026-05-06,1-10,business,False,,10,7,6,59,15.0,0.6,True,1.4285714285714286,-31,completed_trial_window
U00355,2026-01-26,2026-02-09,200+,pro,True,2026-02-04,5,4,3,8,38.0,0.3,False,1.25,-2,completed_trial_window
U00356,2026-01-08,2026-01-22,1-10,business,False,,3,3,3,10,7.0,0.3,False,1.0,2,completed_trial_window
U00357,2026-01-15,2026-01-29,51-200,business,True,2026-01-25,7,7,4,26,26.0,0.4,False,1.0,0,completed_trial_window
U00358,2026-04-21,2026-05-05,11-50,pro,True,2026-05-04,1,1,2,19,9.0,0.2,False,1.0,-9,early_dropoff
U00359,2026-04-16,2026-04-30,not_provided,business,False,,6,4,1,1,203.0,0.1,True,1.5,1,completed_trial_window
U00360,2026-02-16,2026-03-02,11-50,pro,True,2026-02-22,8,6,3,19,112.0,0.3,False,1.3333333333333333,7,completed_trial_window
U00361,2026-06-06,2026-06-20,200+,pro,True,2026-06-14,4,4,4,46,42.0,0.4,True,1.0,0,completed_trial_window
U00362,2026-05-08,2026-05-22,not_provided,pro,False,,8,5,7,43,23.0,0.7,True,1.6,-5,completed_trial_window
U00363,2026-03-01,2026-03-15,200+,business,False,,8,6,3,39,104.0,0.3,True,1.3333333333333333,13,completed_trial_window
U00364,2026-03-07,2026-03-21,200+,business,False,,2,1,1,6,13.0,0.1,False,2.0,-4,mid_trial_dropoff
U00365,2026-01-03,2026-01-17,200+,business,True,2026-01-16,7,5,6,59,49.0,0.6,True,1.4,3,completed_trial_window
U00366,2026-02-10,2026-02-24,1-10,starter,False,,6,4,3,19,23.0,0.3,True,1.5,5,completed_trial_window
U00367,2026-03-30,2026-04-13,not_provided,business,False,,5,4,6,44,18.0,0.6,True,1.25,20,completed_trial_window
U00368,2026-06-13,2026-06-27,200+,business,False,,5,4,3,11,91.0,0.3,False,1.25,5,completed_trial_window
U00369,2026-03-06,2026-03-20,200+,business,True,2026-03-14,8,5,3,52,8.0,0.3,True,1.6,10,completed_trial_window
U00370,2026-04-09,2026-04-23,200+,starter,False,,5,5,3,18,10.0,0.3,True,1.0,4,completed_trial_window
U00371,2026-03-02,2026-03-16,200+,pro,False,,5,5,5,38,16.0,0.5,True,1.0,-10,completed_trial_window
U00372,2026-04-02,2026-04-16,not_provided,business,False,,10,9,6,57,27.0,0.6,True,1.1111111111111112,19,completed_trial_window
U00373,2026-03-17,2026-03-31,1-10,business,False,,9,8,8,101,29.0,0.8,True,1.125,21,completed_trial_window
U00374,2026-04-12,2026-04-26,51-200,starter,True,2026-04-26,3,3,2,12,103.0,0.2,False,1.0,4,completed_trial_window
U00375,2026-01-13,2026-01-27,not_provided,business,True,2026-01-25,4,4,6,51,18.0,0.6,True,1.0,-9,completed_trial_window
U00376,2026-03-15,2026-03-29,11-50,pro,False,,8,6,3,21,97.0,0.3,False,1.3333333333333333,19,completed_trial_window
U00377,2026-04-01,2026-04-15,11-50,business,True,2026-04-09,4,4,3,12,1.0,0.3,False,1.0,-12,completed_trial_window
U00378,2026-06-08,2026-06-22,51-200,business,False,,4,4,5,47,6.0,0.5,True,1.0,-13,completed_trial_window
U00379,2026-02-05,2026-02-19,not_provided,starter,False,,5,3,5,43,4.0,0.5,True,1.6666666666666667,-3,completed_trial_window
U00380,2026-06-10,2026-06-24,not_provided,starter,False,,7,5,8,98,4.0,0.8,True,1.4,-4,completed_trial_window
U00381,2026-03-21,2026-04-04,200+,starter,False,,1,1,1,2,210.0,0.1,False,1.0,2,completed_trial_window
U00382,2026-05-29,2026-06-12,51-200,business,True,2026-06-05,6,5,5,54,7.0,0.5,True,1.2,-4,completed_trial_window
U00383,2026-01-24,2026-02-07,51-200,business,False,,8,5,5,41,18.0,0.5,True,1.6,31,completed_trial_window
U00384,2026-04-17,2026-05-01,11-50,pro,False,,1,1,3,20,135.0,0.3,False,1.0,4,completed_trial_window
U00385,2026-02-03,2026-02-17,not_provided,business,False,,4,4,1,1,283.0,0.1,False,1.0,1,completed_trial_window
U00386,2026-05-16,2026-05-30,not_provided,business,False,,5,5,6,49,5.0,0.6,True,1.0,-1,completed_trial_window
U00387,2026-02-12,2026-02-26,51-200,starter,True,2026-02-21,4,4,5,36,1.0,0.5,True,1.0,2,completed_trial_window
U00388,2026-03-28,2026-04-11,1-10,starter,False,,13,10,8,102,18.0,0.8,True,1.3,-4,completed_trial_window
U00389,2026-01-20,2026-02-03,11-50,pro,False,,7,6,6,32,9.0,0.6,True,1.1666666666666667,16,completed_trial_window
U00390,2026-04-12,2026-04-26,not_provided,business,False,,3,3,1,6,188.0,0.1,False,1.0,6,mid_trial_dropoff
U00391,2026-01-24,2026-02-07,200+,starter,False,,11,8,5,54,16.0,0.5,True,1.375,-2,completed_trial_window
U00392,2026-03-09,2026-03-23,not_provided,starter,False,,7,6,4,36,1.0,0.4,True,1.1666666666666667,0,completed_trial_window
U00393,2026-04-27,2026-05-11,51-200,business,True,2026-05-06,13,8,4,54,8.0,0.4,True,1.625,-16,completed_trial_window
U00394,2026-05-30,2026-06-13,200+,business,True,2026-06-09,4,3,3,45,4.0,0.3,True,1.3333333333333333,13,mid_trial_dropoff
U00395,2026-01-28,2026-02-11,not_provided,pro,False,,3,3,3,22,13.0,0.3,False,1.0,4,completed_trial_window
U00396,2026-05-01,2026-05-15,1-10,pro,False,,4,2,5,33,94.0,0.5,True,2.0,-11,completed_trial_window
U00397,2026-05-24,2026-06-07,51-200,pro,True,2026-06-01,4,4,3,9,17.0,0.3,False,1.0,-7,completed_trial_window
U00398,2026-06-15,2026-06-29,1-10,business,False,,5,4,6,49,3.0,0.6,True,1.25,27,completed_trial_window
U00399,2026-04-29,2026-05-13,not_provided,business,False,,9,7,2,8,31.0,0.2,False,1.2857142857142858,0,completed_trial_window
U00400,2026-06-16,2026-06-30,200+,starter,False,,6,4,9,88,6.0,0.9,True,1.5,-14,completed_trial_window
U00401,2026-02-05,2026-02-19,1-10,starter,True,2026-02-14,14,7,8,142,0.0,0.8,True,2.0,-8,completed_trial_window
U00402,2026-05-07,2026-05-21,1-10,starter,False,,10,6,4,25,2.0,0.4,True,1.6666666666666667,3,completed_trial_window
U00403,2026-03-02,2026-03-16,not_provided,pro,False,,1,1,1,5,116.0,0.1,False,1.0,3,early_dropoff
U00404,2026-04-10,2026-04-24,200+,business,False,,6,4,3,29,61.0,0.3,True,1.5,3,completed_trial_window
U00405,2026-05-19,2026-06-02,200+,pro,True,2026-05-26,1,1,2,23,52.0,0.2,True,1.0,9,mid_trial_dropoff
U00406,2026-04-17,2026-05-01,not_provided,starter,True,2026-04-29,5,5,6,66,29.0,0.6,True,1.0,2,completed_trial_window
U00407,2026-06-07,2026-06-21,200+,business,False,,5,5,2,13,28.0,0.2,True,1.0,-5,completed_trial_window
U00408,2026-01-09,2026-01-23,not_provided,business,True,2026-01-17,4,4,4,46,30.0,0.4,True,1.0,10,completed_trial_window
U00409,2026-04-24,2026-05-08,200+,pro,False,,11,9,4,31,15.0,0.4,True,1.2222222222222223,3,completed_trial_window
U00410,2026-04-03,2026-04-17,1-10,business,True,2026-04-13,3,3,3,12,4.0,0.3,False,1.0,-6,mid_trial_dropoff
U00411,2026-05-20,2026-06-03,not_provided,business,False,,6,6,7,57,22.0,0.7,True,1.0,5,completed_trial_window
U00412,2026-01-16,2026-01-30,200+,business,False,,1,1,5,42,9.0,0.5,True,1.0,-2,mid_trial_dropoff
U00413,2026-02-18,2026-03-04,1-10,starter,False,,4,4,2,7,25.0,0.2,True,1.0,-3,completed_trial_window
U00414,2026-01-24,2026-02-07,not_provided,pro,True,2026-02-07,6,5,4,45,18.0,0.4,True,1.2,-17,completed_trial_window
U00415,2026-01-06,2026-01-20,1-10,business,True,2026-01-14,5,3,7,91,4.0,0.7,True,1.6666666666666667,3,mid_trial_dropoff
U00416,2026-02-02,2026-02-16,not_provided,pro,False,,2,2,2,10,91.0,0.2,True,1.0,2,mid_trial_dropoff
U00417,2026-01-18,2026-02-01,not_provided,pro,False,,8,6,5,24,56.0,0.5,True,1.3333333333333333,14,completed_trial_window
U00418,2026-05-31,2026-06-14,11-50,pro,False,,11,7,4,33,1.0,0.4,True,1.5714285714285714,-13,completed_trial_window
U00419,2026-03-26,2026-04-09,11-50,pro,True,2026-03-31,7,6,8,110,0.0,0.8,True,1.1666666666666667,16,completed_trial_window
U00420,2026-03-12,2026-03-26,11-50,pro,True,2026-03-25,4,3,1,6,92.0,0.1,False,1.3333333333333333,0,mid_trial_dropoff
U00421,2026-03-06,2026-03-20,11-50,starter,False,,3,3,2,11,48.0,0.2,False,1.0,-5,completed_trial_window
U00422,2026-01-07,2026-01-21,11-50,starter,False,,1,1,2,11,7.0,0.2,False,1.0,-5,early_dropoff
U00423,2026-04-02,2026-04-16,11-50,pro,False,,7,4,4,42,52.0,0.4,True,1.75,0,completed_trial_window
U00424,2026-03-24,2026-04-07,1-10,pro,True,2026-04-02,12,7,5,103,7.0,0.5,True,1.7142857142857142,5,completed_trial_window
U00425,2026-01-14,2026-01-28,11-50,business,True,2026-01-25,4,4,4,25,45.0,0.4,True,1.0,-5,completed_trial_window
U00426,2026-05-15,2026-05-29,1-10,business,False,,6,4,8,95,1.0,0.8,True,1.5,17,completed_trial_window
U00427,2026-01-17,2026-01-31,200+,starter,True,2026-01-27,7,6,3,24,28.0,0.3,False,1.1666666666666667,2,mid_trial_dropoff
U00428,2026-05-12,2026-05-26,not_provided,starter,False,,6,5,5,70,0.0,0.5,True,1.2,-2,completed_trial_window
U00429,2026-04-26,2026-05-10,not_provided,pro,True,2026-05-10,10,7,8,109,0.0,0.8,True,1.4285714285714286,-5,completed_trial_window
U00430,2026-01-12,2026-01-26,not_provided,business,True,2026-01-25,5,5,7,96,25.0,0.7,True,1.0,34,completed_trial_window
U00431,2026-03-19,2026-04-02,200+,business,False,,6,5,5,54,1.0,0.5,True,1.2,-8,completed_trial_window
U00432,2026-01-08,2026-01-22,1-10,starter,False,,7,6,4,48,22.0,0.4,True,1.1666666666666667,8,completed_trial_window
U00433,2026-04-13,2026-04-27,200+,business,True,2026-04-19,7,7,6,63,15.0,0.6,True,1.0,1,completed_trial_window
U00434,2026-05-06,2026-05-20,not_provided,starter,False,,3,3,5,35,84.0,0.5,False,1.0,15,completed_trial_window
U00435,2026-01-19,2026-02-02,1-10,business,True,2026-02-02,9,7,3,18,37.0,0.3,True,1.2857142857142858,4,completed_trial_window
U00436,2026-02-07,2026-02-21,1-10,pro,False,,4,3,5,53,19.0,0.5,True,1.3333333333333333,11,completed_trial_window
U00437,2026-03-12,2026-03-26,not_provided,business,False,,10,7,4,39,24.0,0.4,False,1.4285714285714286,-9,completed_trial_window
U00438,2026-05-30,2026-06-13,not_provided,business,False,,3,2,4,29,2.0,0.4,True,1.5,-1,completed_trial_window
U00439,2026-03-25,2026-04-08,200+,pro,False,,6,4,6,54,6.0,0.6,True,1.5,-20,completed_trial_window
U00440,2026-05-16,2026-05-30,51-200,starter,True,2026-05-29,8,6,4,47,12.0,0.4,True,1.3333333333333333,3,completed_trial_window
U00441,2026-06-04,2026-06-18,200+,starter,False,,1,1,7,69,9.0,0.7,True,1.0,-17,early_dropoff
U00442,2026-01-30,2026-02-13,not_provided,business,False,,3,3,3,10,91.0,0.3,True,1.0,2,mid_trial_dropoff
U00443,2026-05-22,2026-06-05,not_provided,pro,True,2026-06-02,12,10,5,53,28.0,0.5,True,1.2,23,completed_trial_window
U00444,2026-04-26,2026-05-10,11-50,starter,False,,7,7,4,21,10.0,0.4,True,1.0,3,completed_trial_window
U00445,2026-03-28,2026-04-11,200+,starter,False,,5,5,3,11,53.0,0.3,False,1.0,-1,completed_trial_window
U00446,2026-04-17,2026-05-01,not_provided,starter,False,,10,10,3,64,11.0,0.3,True,1.0,22,completed_trial_window
U00447,2026-03-22,2026-04-05,200+,business,False,,5,4,3,30,1.0,0.3,True,1.25,2,completed_trial_window
U00448,2026-03-07,2026-03-21,51-200,pro,False,,9,8,4,41,6.0,0.4,True,1.125,7,completed_trial_window
U00449,2026-05-02,2026-05-16,1-10,starter,True,2026-05-08,4,3,3,21,5.0,0.3,True,1.3333333333333333,-13,mid_trial_dropoff
U00450,2026-01-24,2026-02-07,200+,starter,False,,5,4,4,49,7.0,0.4,True,1.25,1,completed_trial_window
U00451,2026-04-06,2026-04-20,11-50,pro,False,,4,3,3,23,23.0,0.3,True,1.3333333333333333,-9,mid_trial_dropoff
U00452,2026-01-16,2026-01-30,not_provided,pro,True,2026-01-29,6,5,6,53,51.0,0.6,True,1.2,33,completed_trial_window
U00453,2026-03-26,2026-04-09,not_provided,starter,False,,7,5,4,39,7.0,0.4,True,1.4,-9,completed_trial_window
U00454,2026-04-16,2026-04-30,51-200,business,True,2026-04-27,3,2,6,29,33.0,0.6,True,1.5,-5,mid_trial_dropoff
U00455,2026-01-14,2026-01-28,51-200,pro,True,2026-01-23,7,5,7,60,1.0,0.7,True,1.4,0,completed_trial_window
U00456,2026-04-01,2026-04-15,1-10,pro,False,,6,6,5,41,17.0,0.5,True,1.0,13,completed_trial_window
U00457,2026-05-10,2026-05-24,11-50,pro,False,,4,3,2,9,24.0,0.2,False,1.3333333333333333,-1,completed_trial_window
U00458,2026-05-04,2026-05-18,11-50,starter,False,,4,4,3,18,17.0,0.3,True,1.0,2,completed_trial_window
U00459,2026-03-31,2026-04-14,not_provided,business,True,2026-04-06,4,3,4,11,84.0,0.4,False,1.3333333333333333,5,completed_trial_window
U00460,2026-03-13,2026-03-27,not_provided,pro,False,,2,2,1,4,340.0,0.1,True,1.0,4,completed_trial_window
U00461,2026-04-20,2026-05-04,not_provided,pro,True,2026-05-04,9,7,3,27,14.0,0.3,True,1.2857142857142858,-3,completed_trial_window
U00462,2026-06-14,2026-06-28,not_provided,starter,True,2026-06-28,10,7,2,15,0.0,0.2,False,1.4285714285714286,-7,completed_trial_window
U00463,2026-03-10,2026-03-24,1-10,pro,True,2026-03-19,3,3,3,23,21.0,0.3,True,1.0,-9,mid_trial_dropoff
U00464,2026-03-21,2026-04-04,51-200,business,True,2026-03-26,10,9,5,108,13.0,0.5,True,1.1111111111111112,24,completed_trial_window
U00465,2026-02-16,2026-03-02,11-50,pro,True,2026-02-27,8,7,7,58,13.0,0.7,True,1.1428571428571428,4,completed_trial_window
U00466,2026-01-18,2026-02-01,11-50,business,False,,5,5,6,44,7.0,0.6,True,1.0,-2,completed_trial_window
U00467,2026-06-12,2026-06-26,1-10,starter,True,2026-06-25,7,7,5,63,6.0,0.5,True,1.0,-13,completed_trial_window
U00468,2026-02-25,2026-03-11,200+,starter,False,,7,5,1,6,38.0,0.1,False,1.4,-6,completed_trial_window
U00469,2026-04-27,2026-05-11,51-200,pro,False,,5,3,6,53,24.0,0.6,True,1.6666666666666667,-1,completed_trial_window
U00470,2026-04-05,2026-04-19,51-200,business,False,,4,4,2,3,21.0,0.2,False,1.0,1,completed_trial_window
U00471,2026-03-25,2026-04-08,not_provided,pro,False,,9,6,5,58,3.0,0.5,True,1.5,2,completed_trial_window
U00472,2026-01-22,2026-02-05,1-10,pro,True,2026-01-29,5,4,1,4,338.0,0.1,False,1.25,4,completed_trial_window
U00473,2026-06-08,2026-06-22,1-10,business,True,2026-06-14,5,5,2,4,18.0,0.2,False,1.0,-2,completed_trial_window
U00474,2026-03-11,2026-03-25,200+,business,False,,2,2,4,24,37.0,0.4,True,1.0,-2,completed_trial_window
U00475,2026-04-19,2026-05-03,200+,pro,False,,5,5,2,13,153.0,0.2,True,1.0,7,completed_trial_window
U00476,2026-04-24,2026-05-08,200+,business,True,2026-05-02,14,9,9,146,2.0,0.9,True,1.5555555555555556,32,completed_trial_window
U00477,2026-05-12,2026-05-26,1-10,business,True,2026-05-23,2,2,6,39,13.0,0.6,True,1.0,-19,completed_trial_window
U00478,2026-01-29,2026-02-12,51-200,business,False,,1,1,3,13,127.0,0.3,True,1.0,1,completed_trial_window
U00479,2026-06-01,2026-06-15,200+,pro,False,,3,2,4,51,11.0,0.4,True,1.5,-7,completed_trial_window
U00480,2026-03-20,2026-04-03,1-10,pro,False,,6,5,3,26,81.0,0.3,True,1.2,8,completed_trial_window
U00481,2026-04-12,2026-04-26,not_provided,starter,False,,4,4,2,15,78.0,0.2,True,1.0,7,completed_trial_window
U00482,2026-01-02,2026-01-16,11-50,business,True,2026-01-10,5,5,9,94,1.0,0.9,True,1.0,-10,completed_trial_window
U00483,2026-02-05,2026-02-19,51-200,business,True,2026-02-15,7,5,5,41,44.0,0.5,True,1.4,7,completed_trial_window
U00484,2026-01-31,2026-02-14,1-10,starter,True,2026-02-11,12,8,9,129,0.0,0.9,True,1.5,-23,completed_trial_window
U00485,2026-02-14,2026-02-28,11-50,starter,False,,6,6,3,19,77.0,0.3,True,1.0,17,completed_trial_window
U00486,2026-05-17,2026-05-31,not_provided,pro,False,,6,6,7,33,3.0,0.7,True,1.0,-7,completed_trial_window
U00487,2026-05-09,2026-05-23,not_provided,business,False,,3,3,4,15,6.0,0.4,True,1.0,1,completed_trial_window
U00488,2026-04-01,2026-04-15,1-10,starter,True,2026-04-06,7,6,8,81,13.0,0.8,True,1.1666666666666667,13,completed_trial_window
U00489,2026-04-22,2026-05-06,1-10,starter,False,,7,5,4,36,12.0,0.4,True,1.4,-10,completed_trial_window
U00490,2026-01-20,2026-02-03,51-200,pro,False,,8,7,7,72,2.0,0.7,True,1.1428571428571428,10,completed_trial_window
U00491,2026-04-20,2026-05-04,not_provided,starter,False,,9,7,3,17,22.0,0.3,True,1.2857142857142858,-3,completed_trial_window
U00492,2026-06-13,2026-06-27,200+,business,True,2026-06-19,3,3,4,22,70.0,0.4,False,1.0,6,completed_trial_window
U00493,2026-04-14,2026-04-28,1-10,business,False,,7,4,5,59,2.0,0.5,True,1.75,-1,completed_trial_window
U00494,2026-02-13,2026-02-27,not_provided,starter,False,,10,7,4,32,8.0,0.4,True,1.4285714285714286,0,completed_trial_window
U00495,2026-04-03,2026-04-17,1-10,starter,False,,10,8,6,45,4.0,0.6,True,1.25,-7,completed_trial_window
U00496,2026-01-28,2026-02-11,11-50,starter,False,,8,7,1,7,93.0,0.1,False,1.1428571428571428,1,completed_trial_window
U00497,2026-05-31,2026-06-14,200+,pro,False,,10,7,8,131,1.0,0.8,True,1.4285714285714286,11,completed_trial_window
U00498,2026-01-21,2026-02-04,200+,business,False,,8,8,3,37,23.0,0.3,True,1.0,17,completed_trial_window
U00499,2026-03-28,2026-04-11,11-50,business,True,2026-04-04,9,8,2,11,190.0,0.2,False,1.125,11,completed_trial_window
U00500,2026-01-20,2026-02-03,not_provided,business,False,,12,7,5,55,10.0,0.5,False,1.7142857142857142,11,completed_trial_window
U00501,2026-01-30,2026-02-13,not_provided,pro,True,2026-02-07,7,5,3,13,19.0,0.3,False,1.4,5,completed_trial_window
U00502,2026-03-31,2026-04-14,51-200,business,False,,3,3,3,12,2.0,0.3,True,1.0,6,completed_trial_window
U00503,2026-06-15,2026-06-29,11-50,pro,True,2026-06-21,4,4,4,40,29.0,0.4,True,1.0,-8,completed_trial_window
U00504,2026-02-07,2026-02-21,51-200,pro,True,2026-02-14,4,3,4,22,20.0,0.4,True,1.3333333333333333,12,completed_trial_window
U00505,2026-06-04,2026-06-18,11-50,business,True,2026-06-10,7,6,2,13,55.0,0.2,True,1.1666666666666667,9,completed_trial_window
U00506,2026-02-15,2026-03-01,not_provided,starter,False,,6,5,5,54,18.0,0.5,True,1.2,12,completed_trial_window
U00507,2026-04-29,2026-05-13,not_provided,pro,False,,4,4,3,14,146.0,0.3,False,1.0,6,completed_trial_window
U00508,2026-04-25,2026-05-09,not_provided,pro,False,,6,5,5,52,14.0,0.5,True,1.2,16,completed_trial_window
U00509,2026-06-14,2026-06-28,not_provided,pro,True,2026-06-24,7,5,5,53,3.0,0.5,True,1.4,-7,completed_trial_window
U00510,2026-06-10,2026-06-24,51-200,pro,False,,10,6,4,46,20.0,0.4,True,1.6666666666666667,2,completed_trial_window
U00511,2026-04-23,2026-05-07,1-10,starter,True,2026-05-05,12,8,9,130,1.0,0.9,True,1.5,-22,completed_trial_window
U00512,2026-06-11,2026-06-25,51-200,business,True,2026-06-25,4,3,9,94,30.0,0.9,True,1.3333333333333333,18,completed_trial_window
U00513,2026-01-15,2026-01-29,51-200,pro,False,,5,3,1,4,189.0,0.1,False,1.6666666666666667,4,completed_trial_window
U00514,2026-01-19,2026-02-02,51-200,starter,True,2026-01-31,5,4,6,65,10.0,0.6,True,1.25,-19,completed_trial_window
U00515,2026-01-10,2026-01-24,1-10,business,False,,7,5,4,27,23.0,0.4,True,1.4,7,completed_trial_window
U00516,2026-03-15,2026-03-29,1-10,business,False,,2,2,1,3,48.0,0.1,False,1.0,-1,completed_trial_window
U00517,2026-01-24,2026-02-07,not_provided,pro,True,2026-02-06,6,6,3,15,38.0,0.3,False,1.0,-3,completed_trial_window
U00518,2026-04-09,2026-04-23,200+,pro,True,2026-04-22,7,7,6,73,17.0,0.6,True,1.0,21,completed_trial_window
U00519,2026-01-11,2026-01-25,200+,pro,False,,9,7,1,3,114.0,0.1,False,1.2857142857142858,-3,completed_trial_window
U00520,2026-06-16,2026-06-30,11-50,business,False,,5,3,5,32,30.0,0.5,True,1.6666666666666667,12,completed_trial_window
U00521,2026-06-04,2026-06-18,200+,pro,False,,3,3,5,16,45.0,0.5,True,1.0,0,completed_trial_window
U00522,2026-02-08,2026-02-22,1-10,starter,True,2026-02-14,6,6,5,34,2.0,0.5,True,1.0,14,completed_trial_window
U00523,2026-03-29,2026-04-12,not_provided,starter,False,,5,5,3,12,5.0,0.3,False,1.0,0,completed_trial_window
U00524,2026-05-10,2026-05-24,not_provided,pro,False,,7,7,9,115,3.0,0.9,True,1.0,-9,completed_trial_window
U00525,2026-01-11,2026-01-25,11-50,business,False,,2,2,2,22,14.0,0.2,True,1.0,-6,completed_trial_window
U00526,2026-04-23,2026-05-07,200+,pro,False,,5,5,5,55,32.0,0.5,True,1.0,13,completed_trial_window
U00527,2026-05-14,2026-05-28,not_provided,pro,True,2026-05-24,10,7,7,60,2.0,0.7,True,1.4285714285714286,12,completed_trial_window
U00528,2026-04-06,2026-04-20,51-200,starter,False,,2,2,3,13,31.0,0.3,True,1.0,-11,completed_trial_window
U00529,2026-04-15,2026-04-29,51-200,business,False,,15,8,8,94,17.0,0.8,True,1.875,32,completed_trial_window
U00530,2026-06-03,2026-06-17,1-10,business,False,,6,6,6,36,11.0,0.6,True,1.0,0,completed_trial_window
U00531,2026-06-15,2026-06-29,51-200,starter,False,,3,3,5,37,0.0,0.5,True,1.0,-9,mid_trial_dropoff
U00532,2026-03-26,2026-04-09,1-10,pro,False,,7,7,6,64,4.0,0.6,True,1.0,12,completed_trial_window
U00533,2026-04-09,2026-04-23,51-200,business,False,,7,6,8,78,0.0,0.8,True,1.1666666666666667,10,completed_trial_window
U00534,2026-06-04,2026-06-18,11-50,business,False,,7,6,1,8,5.0,0.1,False,1.1666666666666667,0,completed_trial_window
U00535,2026-01-21,2026-02-04,not_provided,business,True,2026-01-28,4,4,6,79,1.0,0.6,True,1.0,7,completed_trial_window
U00536,2026-03-31,2026-04-14,51-200,business,False,,1,1,1,5,91.0,0.1,False,1.0,-5,completed_trial_window
U00537,2026-04-11,2026-04-25,11-50,pro,False,,2,2,4,22,96.0,0.4,True,1.0,10,mid_trial_dropoff
U00538,2026-01-22,2026-02-05,51-200,pro,False,,1,1,1,4,209.0,0.1,True,1.0,4,completed_trial_window
U00539,2026-04-07,2026-04-21,not_provided,business,True,2026-04-14,5,4,6,27,69.0,0.6,True,1.25,9,completed_trial_window
U00540,2026-05-15,2026-05-29,1-10,business,True,2026-05-26,5,4,4,13,6.0,0.4,True,1.25,-5,completed_trial_window
U00541,2026-05-11,2026-05-25,51-200,starter,False,,7,6,2,9,4.0,0.2,True,1.1666666666666667,-1,completed_trial_window
U00542,2026-04-03,2026-04-17,51-200,pro,True,2026-04-11,5,3,3,26,61.0,0.3,True,1.6666666666666667,2,completed_trial_window
U00543,2026-03-29,2026-04-12,200+,pro,False,,3,3,1,3,176.0,0.1,False,1.0,3,completed_trial_window
U00544,2026-02-27,2026-03-13,11-50,pro,False,,4,3,2,8,169.0,0.2,True,1.3333333333333333,8,completed_trial_window
U00545,2026-01-20,2026-02-03,51-200,starter,False,,7,5,7,107,0.0,0.7,True,1.4,-3,mid_trial_dropoff
U00546,2026-05-10,2026-05-24,not_provided,business,True,2026-05-23,6,5,4,35,13.0,0.4,True,1.2,-11,completed_trial_window
U00547,2026-01-10,2026-01-24,not_provided,business,True,2026-01-24,10,7,4,32,32.0,0.4,False,1.4285714285714286,-4,completed_trial_window
U00548,2026-02-03,2026-02-17,not_provided,starter,False,,8,6,3,26,11.0,0.3,True,1.3333333333333333,0,completed_trial_window
U00549,2026-02-09,2026-02-23,11-50,pro,True,2026-02-23,6,5,6,95,13.0,0.6,True,1.2,15,completed_trial_window
U00550,2026-02-12,2026-02-26,not_provided,starter,True,2026-02-17,11,8,3,16,26.0,0.3,False,1.375,-4,completed_trial_window
U00551,2026-04-16,2026-04-30,51-200,business,False,,6,6,5,43,5.0,0.5,True,1.0,-19,completed_trial_window
U00552,2026-03-02,2026-03-16,200+,pro,False,,6,6,7,69,9.0,0.7,True,1.0,-19,completed_trial_window
U00553,2026-03-14,2026-03-28,not_provided,starter,False,,3,3,4,28,19.0,0.4,True,1.0,-6,completed_trial_window
U00554,2026-03-01,2026-03-15,not_provided,pro,True,2026-03-10,11,6,5,70,12.0,0.5,True,1.8333333333333333,0,completed_trial_window
U00555,2026-05-01,2026-05-15,11-50,business,True,2026-05-15,9,7,5,77,2.0,0.5,True,1.2857142857142858,5,completed_trial_window
U00556,2026-04-23,2026-05-07,200+,business,False,,6,5,3,17,52.0,0.3,True,1.2,9,completed_trial_window
U00557,2026-04-08,2026-04-22,not_provided,pro,False,,4,4,4,44,2.0,0.4,False,1.0,26,completed_trial_window
U00558,2026-04-18,2026-05-02,11-50,pro,False,,4,4,2,16,131.0,0.2,True,1.0,10,completed_trial_window
U00559,2026-06-04,2026-06-18,11-50,business,False,,7,5,3,21,48.0,0.3,True,1.4,3,completed_trial_window
U00560,2026-01-14,2026-01-28,not_provided,starter,False,,2,2,4,28,58.0,0.4,True,1.0,10,mid_trial_dropoff
U00561,2026-04-06,2026-04-20,not_provided,starter,True,2026-04-19,3,3,7,73,7.0,0.7,False,1.0,13,mid_trial_dropoff
U00562,2026-02-01,2026-02-15,51-200,starter,False,,3,3,7,47,3.0,0.7,True,1.0,5,mid_trial_dropoff
U00563,2026-02-11,2026-02-25,51-200,starter,False,,7,6,3,39,4.0,0.3,True,1.1666666666666667,-3,completed_trial_window
U00564,2026-05-12,2026-05-26,11-50,starter,False,,3,2,5,29,52.0,0.5,True,1.5,11,completed_trial_window
U00565,2026-01-24,2026-02-07,11-50,starter,True,2026-02-03,6,6,7,90,0.0,0.7,True,1.0,26,completed_trial_window
U00566,2026-01-07,2026-01-21,200+,starter,False,,8,6,6,66,8.0,0.6,True,1.3333333333333333,2,completed_trial_window
U00567,2026-04-12,2026-04-26,not_provided,business,True,2026-04-20,2,2,6,61,35.0,0.6,True,1.0,11,completed_trial_window
U00568,2026-04-09,2026-04-23,1-10,business,False,,6,5,7,84,14.0,0.7,True,1.2,-8,completed_trial_window
U00569,2026-02-27,2026-03-13,1-10,business,True,2026-03-05,6,4,5,29,26.0,0.5,True,1.5,7,completed_trial_window
U00570,2026-06-16,2026-06-30,51-200,pro,True,2026-06-23,4,4,6,34,75.0,0.6,True,1.0,16,completed_trial_window
U00571,2026-01-10,2026-01-24,51-200,starter,False,,5,5,7,51,4.0,0.7,True,1.0,-3,completed_trial_window
U00572,2026-02-05,2026-02-19,not_provided,starter,True,2026-02-17,10,9,5,69,26.0,0.5,True,1.1111111111111112,1,completed_trial_window
U00573,2026-06-07,2026-06-21,1-10,starter,False,,2,2,5,42,10.0,0.5,False,1.0,-20,completed_trial_window
U00574,2026-01-05,2026-01-19,51-200,pro,True,2026-01-12,10,8,3,28,0.0,0.3,True,1.25,12,completed_trial_window
U00575,2026-05-21,2026-06-04,not_provided,pro,True,2026-06-03,12,8,7,106,9.0,0.7,True,1.5,24,completed_trial_window
U00576,2026-04-19,2026-05-03,1-10,business,False,,3,3,4,26,84.0,0.4,True,1.0,8,completed_trial_window
U00577,2026-03-02,2026-03-16,51-200,starter,False,,4,4,3,14,29.0,0.3,True,1.0,2,completed_trial_window
U00578,2026-01-13,2026-01-27,11-50,starter,False,,8,7,5,66,0.0,0.5,True,1.1428571428571428,-6,completed_trial_window
U00579,2026-06-13,2026-06-27,not_provided,starter,True,2026-06-19,3,3,5,42,44.0,0.5,True,1.0,16,completed_trial_window
U00580,2026-01-29,2026-02-12,200+,pro,False,,7,6,7,70,12.0,0.7,True,1.1666666666666667,8,completed_trial_window
U00581,2026-05-18,2026-06-01,1-10,business,False,,2,2,5,25,1.0,0.5,True,1.0,-11,mid_trial_dropoff
U00582,2026-05-12,2026-05-26,not_provided,pro,False,,7,6,5,43,4.0,0.5,True,1.1666666666666667,23,completed_trial_window
U00583,2026-02-06,2026-02-20,51-200,starter,False,,5,5,4,25,27.0,0.4,True,1.0,-9,completed_trial_window
U00584,2026-01-01,2026-01-15,not_provided,business,True,2026-01-09,16,10,7,87,2.0,0.7,True,1.6,-21,completed_trial_window
U00585,2026-05-27,2026-06-10,200+,pro,False,,6,6,7,61,0.0,0.7,True,1.0,-3,completed_trial_window
U00586,2026-01-22,2026-02-05,not_provided,business,False,,5,3,4,42,6.0,0.4,True,1.6666666666666667,-22,completed_trial_window
U00587,2026-01-18,2026-02-01,not_provided,pro,False,,6,5,6,49,0.0,0.6,True,1.2,23,completed_trial_window
U00588,2026-05-10,2026-05-24,not_provided,pro,True,2026-05-15,7,4,5,78,1.0,0.5,True,1.75,18,completed_trial_window
U00589,2026-04-10,2026-04-24,200+,starter,False,,7,6,6,37,4.0,0.6,True,1.1666666666666667,-11,completed_trial_window
U00590,2026-06-12,2026-06-26,200+,business,False,,2,2,2,6,170.0,0.2,True,1.0,6,mid_trial_dropoff
U00591,2026-03-06,2026-03-20,not_provided,starter,True,2026-03-16,15,11,9,112,6.0,0.9,True,1.3636363636363635,-16,completed_trial_window
U00592,2026-01-18,2026-02-01,51-200,pro,True,2026-01-24,3,3,4,33,14.0,0.4,True,1.0,15,completed_trial_window
U00593,2026-05-29,2026-06-12,not_provided,business,True,2026-06-05,7,6,7,54,34.0,0.7,True,1.1666666666666667,24,completed_trial_window
U00594,2026-01-12,2026-01-26,51-200,pro,False,,18,10,3,35,1.0,0.3,False,1.8,23,completed_trial_window
U00595,2026-03-28,2026-04-11,not_provided,pro,True,2026-04-09,7,6,2,12,5.0,0.2,False,1.1666666666666667,-4,completed_trial_window
U00596,2026-05-03,2026-05-17,not_provided,pro,True,2026-05-10,7,6,5,48,28.0,0.5,False,1.1666666666666667,10,completed_trial_window
U00597,2026-01-17,2026-01-31,not_provided,starter,False,,5,4,4,31,19.0,0.4,False,1.25,3,completed_trial_window
U00598,2026-01-10,2026-01-24,51-200,pro,False,,2,2,3,22,6.0,0.3,True,1.0,-6,completed_trial_window
U00599,2026-01-12,2026-01-26,11-50,starter,True,2026-01-22,7,5,5,44,10.0,0.5,False,1.4,-8,completed_trial_window
U00600,2026-03-21,2026-04-04,not_provided,starter,True,2026-04-03,8,7,8,94,3.0,0.8,True,1.1428571428571428,-4,completed_trial_window
U00601,2026-05-02,2026-05-16,51-200,starter,False,,3,3,5,48,0.0,0.5,True,1.0,2,completed_trial_window
U00602,2026-06-15,2026-06-29,11-50,business,True,2026-06-25,4,4,4,31,26.0,0.4,False,1.0,9,mid_trial_dropoff
U00603,2026-01-13,2026-01-27,not_provided,business,True,2026-01-22,9,8,6,110,8.0,0.6,True,1.125,24,completed_trial_window
U00604,2026-02-01,2026-02-15,51-200,starter,True,2026-02-12,2,2,1,9,205.0,0.1,True,1.0,9,completed_trial_window
U00605,2026-04-23,2026-05-07,200+,business,True,2026-04-30,3,3,4,13,17.0,0.4,False,1.0,-5,mid_trial_dropoff
U00606,2026-05-08,2026-05-22,not_provided,starter,True,2026-05-18,2,2,5,58,0.0,0.5,True,1.0,8,completed_trial_window
U00607,2026-05-13,2026-05-27,51-200,starter,False,,5,5,3,19,5.0,0.3,True,1.0,-3,completed_trial_window
U00608,2026-04-19,2026-05-03,1-10,starter,True,2026-05-03,7,6,6,57,30.0,0.6,True,1.1666666666666667,1,completed_trial_window
U00609,2026-02-16,2026-03-02,not_provided,business,False,,7,5,2,7,19.0,0.2,False,1.4,-5,completed_trial_window
U00610,2026-03-24,2026-04-07,1-10,starter,False,,10,7,3,24,21.0,0.3,True,1.4285714285714286,0,completed_trial_window
U00611,2026-03-25,2026-04-08,not_provided,business,False,,5,5,5,38,2.0,0.5,True,1.0,-16,completed_trial_window
U00612,2026-03-20,2026-04-03,200+,pro,True,2026-03-31,8,7,3,23,43.0,0.3,True,1.1428571428571428,-9,completed_trial_window
U00613,2026-02-12,2026-02-26,not_provided,starter,False,,5,4,2,27,12.0,0.2,False,1.25,-5,completed_trial_window
U00614,2026-03-31,2026-04-14,200+,starter,True,2026-04-10,11,8,2,26,22.0,0.2,True,1.375,-2,completed_trial_window
U00615,2026-06-07,2026-06-21,200+,business,False,,4,4,5,54,7.0,0.5,True,1.0,16,mid_trial_dropoff
U00616,2026-06-13,2026-06-27,1-10,starter,False,,9,7,4,28,14.0,0.4,True,1.2857142857142858,4,completed_trial_window
U00617,2026-06-13,2026-06-27,200+,business,True,2026-06-26,6,6,3,36,19.0,0.3,True,1.0,6,completed_trial_window
U00618,2026-02-10,2026-02-24,1-10,pro,True,2026-02-24,1,1,2,19,7.0,0.2,True,1.0,5,early_dropoff
U00619,2026-04-23,2026-05-07,1-10,pro,False,,12,9,6,59,28.0,0.6,True,1.3333333333333333,5,completed_trial_window
U00620,2026-01-18,2026-02-01,11-50,business,False,,2,2,2,6,49.0,0.2,True,1.0,4,completed_trial_window
U00621,2026-04-04,2026-04-18,51-200,starter,True,2026-04-18,7,5,2,21,14.0,0.2,False,1.4,5,completed_trial_window
U00622,2026-01-09,2026-01-23,not_provided,pro,False,,6,4,5,23,0.0,0.5,True,1.5,-5,completed_trial_window
U00623,2026-04-26,2026-05-10,51-200,business,True,2026-05-08,4,3,2,3,221.0,0.2,False,1.3333333333333333,3,completed_trial_window
U00624,2026-01-20,2026-02-03,not_provided,pro,False,,3,3,2,11,100.0,0.2,True,1.0,7,completed_trial_window
U00625,2026-05-16,2026-05-30,51-200,starter,False,,10,7,6,57,12.0,0.6,True,1.4285714285714286,23,completed_trial_window
U00626,2026-03-22,2026-04-05,not_provided,business,True,2026-03-30,6,4,5,49,15.0,0.5,True,1.5,7,completed_trial_window
U00627,2026-01-30,2026-02-13,1-10,business,True,2026-02-06,4,4,6,65,27.0,0.6,True,1.0,27,completed_trial_window
U00628,2026-05-08,2026-05-22,not_provided,starter,True,2026-05-21,10,8,5,54,5.0,0.5,True,1.25,20,completed_trial_window
U00629,2026-01-31,2026-02-14,51-200,business,False,,6,4,4,11,43.0,0.4,True,1.5,5,completed_trial_window
U00630,2026-04-25,2026-05-09,11-50,pro,False,,4,4,2,10,8.0,0.2,True,1.0,8,completed_trial_window
U00631,2026-03-15,2026-03-29,not_provided,starter,False,,5,4,6,71,39.0,0.6,True,1.25,-3,completed_trial_window
U00632,2026-02-21,2026-03-07,1-10,pro,True,2026-02-27,2,2,4,43,6.0,0.4,True,1.0,5,completed_trial_window
U00633,2026-04-26,2026-05-10,11-50,business,False,,2,2,4,28,20.0,0.4,False,1.0,4,completed_trial_window
U00634,2026-04-24,2026-05-08,1-10,business,False,,7,6,3,14,10.0,0.3,True,1.1666666666666667,12,completed_trial_window
U00635,2026-03-23,2026-04-06,not_provided,business,False,,1,1,1,3,341.0,0.1,True,1.0,3,completed_trial_window
U00636,2026-01-17,2026-01-31,not_provided,pro,False,,8,4,8,101,3.0,0.8,True,2.0,11,completed_trial_window
U00637,2026-03-16,2026-03-30,51-200,pro,False,,7,5,1,3,141.0,0.1,False,1.4,-3,mid_trial_dropoff
U00638,2026-06-13,2026-06-27,11-50,business,True,2026-06-26,5,4,4,34,2.0,0.4,True,1.25,4,completed_trial_window
U00639,2026-02-27,2026-03-13,1-10,pro,False,,1,1,1,1,86.0,0.1,False,1.0,-1,completed_trial_window
U00640,2026-02-05,2026-02-19,11-50,starter,True,2026-02-10,13,8,6,112,5.0,0.6,True,1.625,28,completed_trial_window
U00641,2026-04-03,2026-04-17,not_provided,pro,True,2026-04-13,7,6,9,117,4.0,0.9,True,1.1666666666666667,7,completed_trial_window
U00642,2026-04-30,2026-05-14,not_provided,pro,False,,5,5,4,15,18.0,0.4,True,1.0,-7,completed_trial_window
U00643,2026-06-06,2026-06-20,1-10,starter,True,2026-06-15,7,4,5,37,4.0,0.5,True,1.75,17,completed_trial_window
U00644,2026-04-12,2026-04-26,not_provided,business,False,,9,7,3,16,116.0,0.3,False,1.2857142857142858,10,completed_trial_window
U00645,2026-05-03,2026-05-17,not_provided,starter,True,2026-05-14,7,6,5,41,26.0,0.5,True,1.1666666666666667,-7,completed_trial_window
U00646,2026-05-28,2026-06-11,1-10,pro,False,,3,3,3,22,26.0,0.3,False,1.0,8,mid_trial_dropoff
U00647,2026-03-23,2026-04-06,not_provided,starter,True,2026-04-04,11,9,4,68,5.0,0.4,True,1.2222222222222223,-2,completed_trial_window
U00648,2026-04-30,2026-05-14,not_provided,pro,False,,10,7,5,18,63.0,0.5,True,1.4285714285714286,4,completed_trial_window
U00649,2026-03-30,2026-04-13,11-50,pro,False,,1,1,3,23,33.0,0.3,True,1.0,-1,mid_trial_dropoff
U00650,2026-06-13,2026-06-27,not_provided,pro,True,2026-06-20,5,5,5,72,18.0,0.5,True,1.0,0,completed_trial_window
U00651,2026-04-21,2026-05-05,not_provided,starter,False,,4,4,2,20,11.0,0.2,True,1.0,0,completed_trial_window
U00652,2026-02-01,2026-02-15,not_provided,pro,False,,4,3,4,8,15.0,0.4,True,1.3333333333333333,-4,completed_trial_window
U00653,2026-03-19,2026-04-02,11-50,pro,False,,2,2,6,49,28.0,0.6,True,1.0,5,mid_trial_dropoff
U00654,2026-03-24,2026-04-07,not_provided,pro,True,2026-04-03,10,7,2,23,0.0,0.2,True,1.4285714285714286,-1,completed_trial_window
U00655,2026-05-13,2026-05-27,51-200,starter,True,2026-05-22,1,1,3,26,35.0,0.3,True,1.0,0,mid_trial_dropoff
U00656,2026-02-20,2026-03-06,not_provided,pro,False,,9,6,7,62,17.0,0.7,True,1.5,12,completed_trial_window
U00657,2026-03-12,2026-03-26,11-50,business,True,2026-03-21,2,2,4,39,9.0,0.4,True,1.0,5,completed_trial_window
U00658,2026-06-07,2026-06-21,not_provided,starter,False,,7,7,2,12,76.0,0.2,True,1.0,-2,completed_trial_window
U00659,2026-05-09,2026-05-23,not_provided,pro,False,,3,3,3,20,29.0,0.3,True,1.0,-6,completed_trial_window
U00660,2026-06-01,2026-06-15,not_provided,pro,True,2026-06-08,6,5,6,38,19.0,0.6,True,1.2,4,completed_trial_window
U00661,2026-06-09,2026-06-23,not_provided,pro,False,,1,1,3,19,52.0,0.3,True,1.0,1,completed_trial_window
U00662,2026-03-28,2026-04-11,not_provided,starter,True,2026-04-02,8,7,7,93,6.0,0.7,True,1.1428571428571428,-1,completed_trial_window
U00663,2026-01-21,2026-02-04,1-10,business,True,2026-02-04,4,3,4,15,25.0,0.4,False,1.3333333333333333,-3,completed_trial_window
U00664,2026-03-09,2026-03-23,not_provided,pro,False,,9,7,7,56,30.0,0.7,True,1.2857142857142858,10,completed_trial_window
U00665,2026-05-27,2026-06-10,200+,pro,False,,7,6,2,12,79.0,0.2,True,1.1666666666666667,6,completed_trial_window
U00666,2026-06-13,2026-06-27,1-10,starter,False,,1,1,3,7,56.0,0.3,True,1.0,3,early_dropoff
U00667,2026-06-10,2026-06-24,not_provided,business,False,,9,8,6,72,0.0,0.6,True,1.125,-28,completed_trial_window
U00668,2026-06-14,2026-06-28,51-200,starter,True,2026-06-22,5,5,6,99,2.0,0.6,True,1.0,25,completed_trial_window
U00669,2026-04-14,2026-04-28,51-200,starter,False,,7,5,4,32,11.0,0.4,True,1.4,-4,completed_trial_window
U00670,2026-01-19,2026-02-02,not_provided,starter,False,,4,4,4,23,0.0,0.4,True,1.0,-17,completed_trial_window
U00671,2026-02-10,2026-02-24,200+,starter,True,2026-02-22,12,9,4,45,23.0,0.4,False,1.3333333333333333,9,completed_trial_window
U00672,2026-04-29,2026-05-13,11-50,business,False,,11,5,6,46,37.0,0.6,True,2.2,18,completed_trial_window
U00673,2026-06-05,2026-06-19,11-50,business,False,,4,2,3,24,20.0,0.3,True,2.0,14,mid_trial_dropoff
U00674,2026-03-23,2026-04-06,not_provided,business,False,,6,6,5,34,7.0,0.5,True,1.0,-12,completed_trial_window
U00675,2026-04-13,2026-04-27,11-50,business,False,,4,4,6,37,20.0,0.6,True,1.0,-1,completed_trial_window
U00676,2026-05-12,2026-05-26,not_provided,starter,False,,10,8,8,87,1.0,0.8,True,1.25,5,completed_trial_window
U00677,2026-03-23,2026-04-06,11-50,starter,True,2026-03-29,11,9,6,91,6.0,0.6,True,1.2222222222222223,13,completed_trial_window
U00678,2026-03-10,2026-03-24,200+,pro,True,2026-03-17,4,4,4,49,22.0,0.4,True,1.0,-15,completed_trial_window
U00679,2026-01-25,2026-02-08,1-10,business,False,,3,3,6,35,2.0,0.6,True,1.0,23,completed_trial_window
U00680,2026-04-09,2026-04-23,not_provided,starter,True,2026-04-17,9,5,2,6,43.0,0.2,False,1.8,4,completed_trial_window
U00681,2026-02-10,2026-02-24,51-200,pro,True,2026-02-20,6,6,5,58,13.0,0.5,True,1.0,-2,completed_trial_window
U00682,2026-02-18,2026-03-04,11-50,starter,False,,1,1,4,8,44.0,0.4,True,1.0,2,early_dropoff
U00683,2026-05-12,2026-05-26,200+,starter,True,2026-05-21,5,5,3,30,1.0,0.3,True,1.0,-6,completed_trial_window
U00684,2026-05-08,2026-05-22,1-10,starter,False,,9,7,5,73,15.0,0.5,True,1.2857142857142858,11,completed_trial_window
U00685,2026-04-11,2026-04-25,not_provided,starter,True,2026-04-19,3,3,4,44,9.0,0.4,True,1.0,6,mid_trial_dropoff
U00686,2026-02-25,2026-03-11,not_provided,business,True,2026-03-02,4,3,3,21,24.0,0.3,False,1.3333333333333333,-7,completed_trial_window
U00687,2026-01-13,2026-01-27,51-200,starter,False,,2,2,4,17,100.0,0.4,True,1.0,3,completed_trial_window
U00688,2026-06-02,2026-06-16,not_provided,business,False,,6,5,5,50,60.0,0.5,True,1.2,8,completed_trial_window
U00689,2026-05-01,2026-05-15,51-200,pro,True,2026-05-06,6,5,5,60,2.0,0.5,True,1.2,0,completed_trial_window
U00690,2026-01-28,2026-02-11,200+,pro,False,,5,5,6,77,0.0,0.6,True,1.0,15,completed_trial_window
U00691,2026-03-09,2026-03-23,not_provided,business,True,2026-03-20,2,2,5,27,126.0,0.5,True,1.0,7,mid_trial_dropoff
U00692,2026-04-04,2026-04-18,1-10,starter,False,,3,3,3,19,119.0,0.3,True,1.0,11,completed_trial_window
U00693,2026-01-14,2026-01-28,not_provided,pro,False,,11,10,7,103,1.0,0.7,True,1.1,-25,completed_trial_window
U00694,2026-02-19,2026-03-05,51-200,pro,True,2026-02-28,6,5,6,60,1.0,0.6,True,1.2,14,completed_trial_window
U00695,2026-01-19,2026-02-02,200+,pro,True,2026-01-31,6,6,8,110,11.0,0.8,True,1.0,4,completed_trial_window
U00696,2026-05-21,2026-06-04,51-200,pro,True,2026-06-04,3,3,1,20,4.0,0.1,True,1.0,6,completed_trial_window
U00697,2026-01-31,2026-02-14,11-50,starter,False,,3,2,4,10,97.0,0.4,False,1.5,4,mid_trial_dropoff
U00698,2026-04-11,2026-04-25,51-200,business,False,,4,3,3,14,26.0,0.3,True,1.3333333333333333,4,mid_trial_dropoff
U00699,2026-05-23,2026-06-06,51-200,pro,True,2026-05-31,4,3,3,33,10.0,0.3,True,1.3333333333333333,7,completed_trial_window
U00700,2026-06-04,2026-06-18,not_provided,starter,True,2026-06-17,7,6,8,62,0.0,0.8,True,1.1666666666666667,-8,completed_trial_window
U00701,2026-01-11,2026-01-25,1-10,starter,False,,7,6,4,29,6.0,0.4,False,1.1666666666666667,3,completed_trial_window
U00702,2026-02-05,2026-02-19,not_provided,business,False,,3,2,4,47,5.0,0.4,True,1.5,-5,completed_trial_window
U00703,2026-05-02,2026-05-16,not_provided,starter,False,,8,7,6,35,20.0,0.6,True,1.1428571428571428,-7,completed_trial_window
U00704,2026-02-08,2026-02-22,not_provided,pro,False,,10,6,4,26,8.0,0.4,True,1.6666666666666667,10,completed_trial_window
U00705,2026-02-05,2026-02-19,51-200,pro,False,,8,5,5,63,3.0,0.5,True,1.6,17,completed_trial_window
U00706,2026-03-23,2026-04-06,11-50,starter,False,,2,2,7,104,10.0,0.7,True,1.0,-20,completed_trial_window
U00707,2026-06-07,2026-06-21,not_provided,business,False,,6,6,4,28,15.0,0.4,True,1.0,-2,completed_trial_window
U00708,2026-06-01,2026-06-15,51-200,pro,True,2026-06-14,11,6,3,38,3.0,0.3,False,1.8333333333333333,-4,completed_trial_window
U00709,2026-05-17,2026-05-31,200+,business,True,2026-05-31,10,7,3,45,31.0,0.3,True,1.4285714285714286,-3,completed_trial_window
U00710,2026-03-18,2026-04-01,200+,starter,True,2026-03-28,13,10,9,132,2.0,0.9,True,1.3,14,completed_trial_window
U00711,2026-03-26,2026-04-09,not_provided,starter,True,2026-04-06,9,6,7,103,0.0,0.7,True,1.5,3,completed_trial_window
U00712,2026-05-30,2026-06-13,51-200,business,False,,4,4,5,34,55.0,0.5,True,1.0,16,completed_trial_window
U00713,2026-06-11,2026-06-25,1-10,pro,False,,6,5,3,16,15.0,0.3,True,1.2,-4,completed_trial_window
U00714,2026-05-02,2026-05-16,51-200,business,False,,8,7,2,10,229.0,0.2,False,1.1428571428571428,10,completed_trial_window
U00715,2026-05-29,2026-06-12,not_provided,pro,True,2026-06-03,2,2,4,45,11.0,0.4,True,1.0,-11,completed_trial_window
U00716,2026-05-30,2026-06-13,200+,pro,False,,2,2,1,4,334.0,0.1,False,1.0,4,early_dropoff
U00717,2026-05-15,2026-05-29,not_provided,business,True,2026-05-29,4,3,7,104,9.0,0.7,True,1.3333333333333333,8,completed_trial_window
U00718,2026-04-08,2026-04-22,11-50,business,False,,7,3,4,36,11.0,0.4,True,2.3333333333333335,-2,completed_trial_window
U00719,2026-03-04,2026-03-18,1-10,pro,False,,4,4,4,26,3.0,0.4,True,1.0,-4,completed_trial_window
U00720,2026-01-29,2026-02-12,11-50,starter,False,,9,7,1,2,136.0,0.1,False,1.2857142857142858,-2,completed_trial_window
U00721,2026-04-23,2026-05-07,51-200,starter,True,2026-04-30,8,5,6,50,4.0,0.6,True,1.6,2,completed_trial_window
U00722,2026-04-16,2026-04-30,not_provided,pro,False,,6,5,5,50,36.0,0.5,True,1.2,8,completed_trial_window
U00723,2026-04-16,2026-04-30,not_provided,pro,False,,2,2,5,17,11.0,0.5,True,1.0,-3,early_dropoff
U00724,2026-05-01,2026-05-15,not_provided,business,False,,7,5,1,3,262.0,0.1,False,1.4,3,mid_trial_dropoff
U00725,2026-01-16,2026-01-30,not_provided,pro,True,2026-01-29,13,7,7,75,5.0,0.7,True,1.8571428571428572,7,completed_trial_window
U00726,2026-02-23,2026-03-09,not_provided,business,True,2026-03-07,9,8,6,59,14.0,0.6,True,1.125,5,completed_trial_window
U00727,2026-05-15,2026-05-29,200+,business,False,,11,7,6,70,20.0,0.6,True,1.5714285714285714,22,completed_trial_window
U00728,2026-02-14,2026-02-28,200+,pro,True,2026-02-24,6,5,6,70,1.0,0.6,True,1.2,2,completed_trial_window
U00729,2026-05-20,2026-06-03,51-200,business,True,2026-05-29,10,6,4,71,25.0,0.4,True,1.6666666666666667,21,completed_trial_window
U00730,2026-06-06,2026-06-20,200+,pro,False,,10,8,9,133,1.0,0.9,True,1.25,-21,completed_trial_window
U00731,2026-03-05,2026-03-19,51-200,pro,True,2026-03-14,6,5,4,61,6.0,0.4,True,1.2,-29,completed_trial_window
U00732,2026-02-27,2026-03-13,51-200,business,True,2026-03-07,13,9,7,78,3.0,0.7,True,1.4444444444444444,10,completed_trial_window
U00733,2026-05-06,2026-05-20,51-200,starter,False,,6,4,2,30,23.0,0.2,False,1.5,4,completed_trial_window
U00734,2026-03-31,2026-04-14,not_provided,business,False,,3,3,3,8,10.0,0.3,True,1.0,-8,completed_trial_window
U00735,2026-03-12,2026-03-26,51-200,starter,False,,11,10,5,62,6.0,0.5,True,1.1,0,completed_trial_window
U00736,2026-05-27,2026-06-10,not_provided,pro,False,,2,2,4,16,118.0,0.4,True,1.0,4,mid_trial_dropoff
U00737,2026-04-08,2026-04-22,200+,business,False,,4,4,4,19,24.0,0.4,True,1.0,9,completed_trial_window
U00738,2026-02-07,2026-02-21,51-200,starter,False,,10,7,3,54,44.0,0.3,True,1.4285714285714286,4,completed_trial_window
U00739,2026-03-15,2026-03-29,not_provided,starter,False,,3,3,2,7,74.0,0.2,False,1.0,1,completed_trial_window
U00740,2026-03-30,2026-04-13,200+,business,False,,2,2,6,42,12.0,0.6,True,1.0,10,completed_trial_window
U00741,2026-03-07,2026-03-21,not_provided,starter,True,2026-03-15,3,3,4,43,47.0,0.4,True,1.0,15,completed_trial_window
U00742,2026-02-21,2026-03-07,not_provided,business,False,,10,7,7,30,10.0,0.7,True,1.4285714285714286,2,completed_trial_window
U00743,2026-05-24,2026-06-07,not_provided,business,False,,6,4,3,8,23.0,0.3,True,1.5,-2,completed_trial_window
U00744,2026-02-05,2026-02-19,1-10,pro,True,2026-02-19,6,3,5,48,6.0,0.5,True,2.0,-6,completed_trial_window
U00745,2026-03-03,2026-03-17,11-50,starter,False,,5,4,7,57,33.0,0.7,True,1.25,23,completed_trial_window
U00746,2026-05-16,2026-05-30,11-50,business,False,,4,3,2,4,123.0,0.2,True,1.3333333333333333,0,completed_trial_window
U00747,2026-03-01,2026-03-15,1-10,starter,True,2026-03-12,7,6,2,29,15.0,0.2,False,1.1666666666666667,7,completed_trial_window
U00748,2026-03-26,2026-04-09,not_provided,starter,True,2026-04-01,3,2,2,10,4.0,0.2,True,1.5,-4,completed_trial_window
U00749,2026-02-05,2026-02-19,1-10,pro,True,2026-02-12,5,5,3,15,38.0,0.3,True,1.0,-5,completed_trial_window
U00750,2026-04-15,2026-04-29,not_provided,starter,False,,1,1,1,4,6.0,0.1,False,1.0,2,completed_trial_window
U00751,2026-05-03,2026-05-17,not_provided,pro,False,,8,7,2,6,169.0,0.2,True,1.1428571428571428,6,completed_trial_window
U00752,2026-03-15,2026-03-29,51-200,business,True,2026-03-20,3,3,7,59,1.0,0.7,True,1.0,15,completed_trial_window
U00753,2026-01-23,2026-02-06,not_provided,pro,False,,10,7,5,29,9.0,0.5,True,1.4285714285714286,-17,completed_trial_window
U00754,2026-03-01,2026-03-15,not_provided,business,True,2026-03-06,6,6,6,59,51.0,0.6,True,1.0,33,completed_trial_window
U00755,2026-02-14,2026-02-28,200+,pro,True,2026-02-19,3,3,5,69,15.0,0.5,True,1.0,17,completed_trial_window
U00756,2026-04-12,2026-04-26,200+,pro,False,,2,2,2,8,187.0,0.2,True,1.0,8,completed_trial_window
U00757,2026-03-16,2026-03-30,1-10,starter,False,,7,7,4,31,30.0,0.4,True,1.0,5,completed_trial_window
U00758,2026-03-18,2026-04-01,not_provided,pro,True,2026-03-24,7,4,9,107,0.0,0.9,True,1.75,5,completed_trial_window
U00759,2026-03-27,2026-04-10,51-200,starter,False,,5,5,6,43,69.0,0.6,True,1.0,19,completed_trial_window
U00760,2026-06-14,2026-06-28,not_provided,pro,False,,1,1,4,8,28.0,0.4,True,1.0,2,completed_trial_window
U00761,2026-05-07,2026-05-21,11-50,pro,False,,9,7,5,41,2.0,0.5,True,1.2857142857142858,9,completed_trial_window
U00762,2026-04-30,2026-05-14,51-200,pro,False,,4,4,5,33,9.0,0.5,True,1.0,-9,completed_trial_window
U00763,2026-01-29,2026-02-12,51-200,pro,False,,4,4,3,10,16.0,0.3,True,1.0,2,completed_trial_window
U00764,2026-04-28,2026-05-12,not_provided,business,False,,6,6,2,24,56.0,0.2,False,1.0,12,completed_trial_window
U00765,2026-02-17,2026-03-03,1-10,business,False,,6,4,2,9,216.0,0.2,True,1.5,9,completed_trial_window
U00766,2026-03-28,2026-04-11,51-200,pro,False,,11,8,4,21,2.0,0.4,True,1.375,-3,completed_trial_window
U00767,2026-02-19,2026-03-05,11-50,pro,False,,10,5,4,33,9.0,0.4,True,2.0,5,completed_trial_window
U00768,2026-06-13,2026-06-27,200+,starter,True,2026-06-26,10,8,7,108,0.0,0.7,True,1.25,0,completed_trial_window
U00769,2026-03-25,2026-04-08,1-10,starter,False,,9,8,7,85,4.0,0.7,True,1.125,-23,completed_trial_window
U00770,2026-01-25,2026-02-08,11-50,pro,False,,7,6,2,12,29.0,0.2,True,1.1666666666666667,-4,completed_trial_window
U00771,2026-05-03,2026-05-17,51-200,pro,False,,4,4,3,24,30.0,0.3,False,1.0,-6,mid_trial_dropoff
U00772,2026-01-02,2026-01-16,51-200,starter,False,,7,6,4,28,0.0,0.4,True,1.1666666666666667,-4,completed_trial_window
U00773,2026-03-02,2026-03-16,200+,business,False,,2,2,4,26,74.0,0.4,True,1.0,8,early_dropoff
U00774,2026-03-26,2026-04-09,51-200,pro,True,2026-04-09,4,4,3,32,12.0,0.3,True,1.0,2,completed_trial_window
U00775,2026-01-03,2026-01-17,51-200,business,True,2026-01-13,7,6,6,101,1.0,0.6,True,1.1666666666666667,3,completed_trial_window
U00776,2026-03-02,2026-03-16,1-10,business,False,,3,3,2,19,44.0,0.2,True,1.0,-9,mid_trial_dropoff
U00777,2026-01-31,2026-02-14,200+,business,False,,2,2,4,27,51.0,0.4,True,1.0,-5,completed_trial_window
U00778,2026-02-10,2026-02-24,200+,business,False,,6,5,1,6,102.0,0.1,False,1.2,2,completed_trial_window
U00779,2026-05-09,2026-05-23,not_provided,business,True,2026-05-15,3,3,4,39,19.0,0.4,True,1.0,-11,completed_trial_window
U00780,2026-06-13,2026-06-27,51-200,business,True,2026-06-27,8,6,3,22,13.0,0.3,True,1.3333333333333333,2,completed_trial_window
U00781,2026-02-26,2026-03-12,11-50,pro,True,2026-03-10,8,6,7,82,46.0,0.7,True,1.3333333333333333,12,completed_trial_window
U00782,2026-02-09,2026-02-23,200+,business,False,,4,3,3,11,38.0,0.3,True,1.3333333333333333,-3,completed_trial_window
U00783,2026-06-05,2026-06-19,51-200,starter,False,,5,5,2,4,55.0,0.2,True,1.0,-2,completed_trial_window
U00784,2026-05-21,2026-06-04,200+,pro,True,2026-05-29,8,6,3,37,0.0,0.3,True,1.3333333333333333,-15,completed_trial_window
U00785,2026-03-05,2026-03-19,not_provided,pro,False,,4,3,5,45,12.0,0.5,True,1.3333333333333333,11,early_dropoff
U00786,2026-01-21,2026-02-04,not_provided,starter,True,2026-02-03,7,5,5,57,5.0,0.5,True,1.4,-3,completed_trial_window
U00787,2026-04-03,2026-04-17,1-10,pro,True,2026-04-09,13,8,3,39,10.0,0.3,True,1.625,9,completed_trial_window
U00788,2026-01-16,2026-01-30,not_provided,pro,False,,7,6,4,18,12.0,0.4,True,1.1666666666666667,6,completed_trial_window
U00789,2026-02-21,2026-03-07,not_provided,pro,False,,5,5,1,8,175.0,0.1,False,1.0,8,completed_trial_window
U00790,2026-02-08,2026-02-22,11-50,business,False,,5,5,3,18,26.0,0.3,True,1.0,-12,completed_trial_window
U00791,2026-05-14,2026-05-28,200+,starter,False,,9,6,6,84,0.0,0.6,True,1.5,16,completed_trial_window
U00792,2026-02-22,2026-03-08,not_provided,pro,False,,7,6,5,36,10.0,0.5,True,1.1666666666666667,20,completed_trial_window
U00793,2026-05-06,2026-05-20,1-10,pro,False,,4,3,3,23,31.0,0.3,False,1.3333333333333333,-5,completed_trial_window
U00794,2026-04-25,2026-05-09,1-10,starter,True,2026-05-02,1,1,3,13,5.0,0.3,True,1.0,7,completed_trial_window
U00795,2026-05-12,2026-05-26,200+,starter,False,,4,3,3,12,12.0,0.3,False,1.3333333333333333,8,completed_trial_window
U00796,2026-05-25,2026-06-08,1-10,pro,True,2026-06-06,8,7,5,71,2.0,0.5,True,1.1428571428571428,-25,completed_trial_window
U00797,2026-03-20,2026-04-03,not_provided,starter,False,,3,3,3,15,78.0,0.3,True,1.0,3,completed_trial_window
U00798,2026-04-12,2026-04-26,51-200,starter,False,,10,8,5,39,38.0,0.5,True,1.25,3,completed_trial_window
U00799,2026-02-25,2026-03-11,not_provided,starter,True,2026-03-02,2,2,6,73,2.0,0.6,True,1.0,3,completed_trial_window
U00800,2026-04-19,2026-05-03,51-200,business,False,,5,5,6,61,8.0,0.6,True,1.0,-11,completed_trial_window
U00801,2026-01-17,2026-01-31,not_provided,starter,True,2026-01-23,1,1,3,29,0.0,0.3,True,1.0,11,mid_trial_dropoff
U00802,2026-05-01,2026-05-15,1-10,business,False,,5,4,4,23,48.0,0.4,True,1.25,-9,mid_trial_dropoff
U00803,2026-04-15,2026-04-29,11-50,pro,True,2026-04-26,10,6,6,73,16.0,0.6,True,1.6666666666666667,11,completed_trial_window
U00804,2026-04-06,2026-04-20,200+,starter,False,,5,5,5,47,2.0,0.5,True,1.0,-1,completed_trial_window
U00805,2026-04-07,2026-04-21,200+,starter,True,2026-04-20,3,3,2,11,12.0,0.2,False,1.0,-1,completed_trial_window
U00806,2026-02-04,2026-02-18,not_provided,business,False,,8,8,4,49,5.0,0.4,True,1.0,1,completed_trial_window
U00807,2026-01-31,2026-02-14,11-50,pro,True,2026-02-11,5,5,2,15,13.0,0.2,True,1.0,-1,completed_trial_window
U00808,2026-05-16,2026-05-30,11-50,business,False,,9,7,3,39,20.0,0.3,True,1.2857142857142858,5,completed_trial_window
U00809,2026-02-27,2026-03-13,1-10,starter,True,2026-03-08,13,8,7,67,6.0,0.7,True,1.625,7,completed_trial_window
U00810,2026-04-29,2026-05-13,not_provided,business,True,2026-05-12,5,4,6,69,3.0,0.6,True,1.25,21,completed_trial_window
U00811,2026-04-19,2026-05-03,not_provided,starter,False,,8,6,4,27,87.0,0.4,True,1.3333333333333333,17,completed_trial_window
U00812,2026-02-28,2026-03-14,11-50,starter,False,,10,8,5,50,16.0,0.5,True,1.25,2,completed_trial_window
U00813,2026-03-30,2026-04-13,11-50,business,False,,3,3,5,25,30.0,0.5,False,1.0,5,completed_trial_window
U00814,2026-02-18,2026-03-04,not_provided,starter,False,,6,6,4,48,24.0,0.4,True,1.0,0,completed_trial_window
U00815,2026-01-09,2026-01-23,not_provided,starter,True,2026-01-23,15,9,7,108,2.0,0.7,True,1.6666666666666667,6,completed_trial_window
U00816,2026-01-05,2026-01-19,11-50,pro,False,,3,3,2,12,76.0,0.2,True,1.0,4,completed_trial_window
U00817,2026-01-18,2026-02-01,1-10,pro,True,2026-01-23,8,6,4,36,4.0,0.4,True,1.3333333333333333,14,completed_trial_window
U00818,2026-04-25,2026-05-09,not_provided,business,False,,6,6,1,4,138.0,0.1,True,1.0,2,completed_trial_window
U00819,2026-01-13,2026-01-27,11-50,business,False,,10,8,3,18,2.0,0.3,True,1.25,-2,completed_trial_window
U00820,2026-01-12,2026-01-26,200+,starter,False,,5,4,2,21,5.0,0.2,True,1.25,-1,completed_trial_window
U00821,2026-03-01,2026-03-15,not_provided,pro,False,,5,5,6,49,1.0,0.6,True,1.0,-21,completed_trial_window
U00822,2026-01-15,2026-01-29,11-50,pro,True,2026-01-24,1,1,1,4,117.0,0.1,False,1.0,-4,completed_trial_window
U00823,2026-03-01,2026-03-15,not_provided,pro,False,,2,2,5,26,14.0,0.5,True,1.0,8,completed_trial_window
U00824,2026-03-23,2026-04-06,not_provided,pro,False,,1,1,1,2,124.0,0.1,False,1.0,-2,early_dropoff
U00825,2026-03-24,2026-04-07,11-50,business,True,2026-03-31,4,4,7,48,15.0,0.7,True,1.0,12,mid_trial_dropoff
U00826,2026-05-14,2026-05-28,11-50,starter,True,2026-05-23,10,9,7,93,13.0,0.7,True,1.1111111111111112,19,completed_trial_window
U00827,2026-03-12,2026-03-26,1-10,pro,False,,10,7,6,43,39.0,0.6,True,1.4285714285714286,-13,completed_trial_window
U00828,2026-06-01,2026-06-15,not_provided,pro,False,,8,8,8,106,6.0,0.8,True,1.0,14,completed_trial_window
U00829,2026-06-10,2026-06-24,not_provided,starter,False,,8,7,5,73,10.0,0.5,True,1.1428571428571428,17,completed_trial_window
U00830,2026-05-23,2026-06-06,200+,starter,True,2026-06-02,7,6,5,44,32.0,0.5,True,1.1666666666666667,2,completed_trial_window
U00831,2026-06-14,2026-06-28,not_provided,starter,False,,7,6,3,17,17.0,0.3,False,1.1666666666666667,-13,completed_trial_window
U00832,2026-05-15,2026-05-29,51-200,business,True,2026-05-26,3,3,6,83,32.0,0.6,True,1.0,13,completed_trial_window
U00833,2026-04-15,2026-04-29,11-50,business,False,,4,4,2,5,87.0,0.2,True,1.0,1,completed_trial_window
U00834,2026-04-07,2026-04-21,11-50,pro,False,,5,5,3,17,29.0,0.3,True,1.0,13,completed_trial_window
U00835,2026-05-02,2026-05-16,11-50,pro,False,,5,5,2,23,27.0,0.2,False,1.0,1,completed_trial_window
U00836,2026-03-18,2026-04-01,not_provided,pro,False,,11,10,5,49,4.0,0.5,True,1.1,-13,completed_trial_window
U00837,2026-04-29,2026-05-13,1-10,pro,False,,8,6,6,80,15.0,0.6,True,1.3333333333333333,-12,completed_trial_window
U00838,2026-04-16,2026-04-30,200+,pro,False,,8,6,9,127,0.0,0.9,True,1.3333333333333333,9,completed_trial_window
U00839,2026-05-16,2026-05-30,11-50,starter,True,2026-05-24,2,2,3,46,52.0,0.3,True,1.0,24,completed_trial_window
U00840,2026-03-07,2026-03-21,11-50,business,True,2026-03-13,5,4,4,60,15.0,0.4,True,1.25,-10,mid_trial_dropoff
U00841,2026-04-26,2026-05-10,51-200,starter,False,,6,5,4,29,5.0,0.4,True,1.2,1,completed_trial_window
U00842,2026-05-18,2026-06-01,not_provided,pro,True,2026-05-23,7,7,4,39,4.0,0.4,True,1.0,-9,completed_trial_window
U00843,2026-03-10,2026-03-24,200+,business,False,,15,11,6,57,10.0,0.6,True,1.3636363636363635,-23,completed_trial_window
U00844,2026-06-04,2026-06-18,not_provided,starter,False,,8,7,8,105,10.0,0.8,True,1.1428571428571428,-9,completed_trial_window
U00845,2026-01-19,2026-02-02,11-50,pro,False,,4,4,4,31,3.0,0.4,True,1.0,-11,completed_trial_window
U00846,2026-05-24,2026-06-07,11-50,starter,True,2026-06-01,8,6,7,93,3.0,0.7,True,1.3333333333333333,35,completed_trial_window
U00847,2026-03-27,2026-04-10,51-200,starter,False,,3,3,1,2,50.0,0.1,False,1.0,-2,completed_trial_window
U00848,2026-02-24,2026-03-10,11-50,business,False,,9,9,1,3,4.0,0.1,True,1.0,-3,completed_trial_window
U00849,2026-01-31,2026-02-14,not_provided,starter,False,,7,4,4,27,5.0,0.4,True,1.75,-11,completed_trial_window
U00850,2026-03-04,2026-03-18,not_provided,pro,False,,5,5,4,30,17.0,0.4,True,1.0,8,completed_trial_window
U00851,2026-02-22,2026-03-08,200+,pro,True,2026-03-07,5,3,2,6,106.0,0.2,False,1.6666666666666667,-2,completed_trial_window
U00852,2026-03-24,2026-04-07,51-200,starter,False,,6,5,8,55,13.0,0.8,True,1.2,3,completed_trial_window
U00853,2026-04-30,2026-05-14,not_provided,business,False,,7,5,6,37,15.0,0.6,True,1.4,27,completed_trial_window
U00854,2026-04-02,2026-04-16,51-200,business,False,,7,5,6,53,27.0,0.6,True,1.4,5,completed_trial_window
U00855,2026-04-03,2026-04-17,not_provided,starter,True,2026-04-15,5,5,6,66,24.0,0.6,True,1.0,42,completed_trial_window
U00856,2026-01-26,2026-02-09,not_provided,starter,False,,6,5,4,39,80.0,0.4,True,1.2,9,completed_trial_window
U00857,2026-03-23,2026-04-06,11-50,business,False,,9,8,1,4,240.0,0.1,False,1.125,4,completed_trial_window
U00858,2026-03-22,2026-04-05,200+,starter,True,2026-04-05,7,5,10,139,5.0,1.0,True,1.4,23,completed_trial_window
U00859,2026-02-26,2026-03-12,not_provided,pro,False,,13,10,4,44,12.0,0.4,True,1.3,0,completed_trial_window
U00860,2026-01-05,2026-01-19,51-200,pro,True,2026-01-19,10,9,4,44,4.0,0.4,True,1.1111111111111112,4,completed_trial_window
U00861,2026-05-29,2026-06-12,not_provided,starter,False,,8,6,3,20,33.0,0.3,True,1.3333333333333333,0,completed_trial_window
U00862,2026-03-17,2026-03-31,11-50,pro,True,2026-03-27,7,7,3,21,28.0,0.3,False,1.0,-9,completed_trial_window
U00863,2026-02-28,2026-03-14,200+,pro,True,2026-03-08,2,2,2,6,113.0,0.2,False,1.0,-2,completed_trial_window
U00864,2026-05-08,2026-05-22,not_provided,business,False,,5,3,5,41,13.0,0.5,True,1.6666666666666667,7,completed_trial_window
U00865,2026-03-28,2026-04-11,51-200,starter,False,,19,10,5,70,3.0,0.5,False,1.9,-10,completed_trial_window
U00866,2026-06-14,2026-06-28,not_provided,starter,True,2026-06-26,4,4,1,2,250.0,0.1,False,1.0,2,completed_trial_window
U00867,2026-02-13,2026-02-27,not_provided,business,True,2026-02-20,18,11,1,14,0.0,0.1,False,1.6363636363636365,0,completed_trial_window
U00868,2026-02-05,2026-02-19,not_provided,pro,True,2026-02-17,1,1,5,43,12.0,0.5,True,1.0,21,completed_trial_window
U00869,2026-02-17,2026-03-03,not_provided,business,True,2026-02-22,13,10,7,52,3.0,0.7,True,1.3,-4,completed_trial_window
U00870,2026-05-15,2026-05-29,1-10,starter,True,2026-05-20,5,4,4,42,14.0,0.4,True,1.25,6,completed_trial_window
U00871,2026-01-02,2026-01-16,200+,pro,True,2026-01-10,4,3,7,54,38.0,0.7,True,1.3333333333333333,28,mid_trial_dropoff
U00872,2026-01-18,2026-02-01,not_provided,pro,True,2026-01-23,4,4,3,15,103.0,0.3,False,1.0,3,completed_trial_window
U00873,2026-02-25,2026-03-11,not_provided,starter,False,,6,5,4,25,56.0,0.4,True,1.2,1,completed_trial_window
U00874,2026-04-06,2026-04-20,1-10,pro,False,,4,4,4,50,14.0,0.4,True,1.0,0,completed_trial_window
U00875,2026-06-13,2026-06-27,not_provided,pro,False,,3,3,3,19,21.0,0.3,False,1.0,1,completed_trial_window
U00876,2026-05-04,2026-05-18,not_provided,starter,False,,12,9,6,51,0.0,0.6,True,1.3333333333333333,-11,completed_trial_window
U00877,2026-01-05,2026-01-19,1-10,pro,False,,6,4,3,15,34.0,0.3,True,1.5,-7,completed_trial_window
U00878,2026-05-22,2026-06-05,200+,starter,False,,3,3,5,36,43.0,0.5,False,1.0,16,completed_trial_window
U00879,2026-01-05,2026-01-19,not_provided,business,True,2026-01-14,5,3,7,89,1.0,0.7,True,1.6666666666666667,13,completed_trial_window
U00880,2026-05-18,2026-06-01,51-200,starter,False,,5,4,4,51,21.0,0.4,True,1.25,15,completed_trial_window
U00881,2026-05-09,2026-05-23,not_provided,business,True,2026-05-20,9,6,7,77,4.0,0.7,True,1.5,11,completed_trial_window
U00882,2026-02-15,2026-03-01,1-10,starter,True,2026-02-28,6,5,2,15,25.0,0.2,True,1.2,7,completed_trial_window
U00883,2026-02-08,2026-02-22,11-50,pro,False,,6,6,5,47,10.0,0.5,True,1.0,15,completed_trial_window
U00884,2026-06-08,2026-06-22,not_provided,business,True,2026-06-18,2,2,3,18,6.0,0.3,True,1.0,6,early_dropoff
U00885,2026-03-10,2026-03-24,200+,starter,False,,7,7,7,58,54.0,0.7,True,1.0,2,completed_trial_window
U00886,2026-04-06,2026-04-20,200+,starter,False,,14,9,2,7,32.0,0.2,False,1.5555555555555556,-1,completed_trial_window
U00887,2026-05-25,2026-06-08,11-50,business,True,2026-06-02,5,5,4,47,16.0,0.4,False,1.0,-5,completed_trial_window
U00888,2026-03-18,2026-04-01,not_provided,starter,True,2026-03-23,12,9,7,127,3.0,0.7,True,1.3333333333333333,35,completed_trial_window
U00889,2026-01-24,2026-02-07,200+,starter,False,,2,2,4,37,31.0,0.4,True,1.0,9,mid_trial_dropoff
U00890,2026-04-07,2026-04-21,not_provided,starter,False,,7,5,1,17,8.0,0.1,False,1.4,-5,completed_trial_window
U00891,2026-01-15,2026-01-29,not_provided,starter,True,2026-01-22,5,4,4,57,12.0,0.4,True,1.25,19,completed_trial_window
U00892,2026-01-22,2026-02-05,200+,starter,True,2026-02-01,8,6,4,67,26.0,0.4,True,1.3333333333333333,-7,completed_trial_window
U00893,2026-05-25,2026-06-08,1-10,pro,False,,7,4,6,35,6.0,0.6,True,1.75,5,completed_trial_window
U00894,2026-01-11,2026-01-25,11-50,pro,False,,4,3,4,37,9.0,0.4,True,1.3333333333333333,1,mid_trial_dropoff
U00895,2026-05-26,2026-06-09,200+,business,False,,11,8,5,58,16.0,0.5,True,1.375,2,completed_trial_window
U00896,2026-01-12,2026-01-26,1-10,business,False,,2,2,4,25,45.0,0.4,False,1.0,-1,completed_trial_window
U00897,2026-03-13,2026-03-27,not_provided,pro,True,2026-03-18,9,6,2,22,32.0,0.2,True,1.5,-6,completed_trial_window
U00898,2026-02-15,2026-03-01,51-200,starter,True,2026-02-23,5,4,2,9,34.0,0.2,True,1.25,1,completed_trial_window
U00899,2026-05-31,2026-06-14,11-50,business,True,2026-06-11,14,11,6,90,14.0,0.6,True,1.2727272727272727,40,completed_trial_window
U00900,2026-01-20,2026-02-03,51-200,pro,True,2026-02-03,7,5,6,60,13.0,0.6,True,1.4,2,completed_trial_window
U00901,2026-03-03,2026-03-17,not_provided,starter,True,2026-03-16,2,2,1,12,96.0,0.1,True,1.0,8,completed_trial_window
U00902,2026-03-26,2026-04-09,200+,business,False,,6,5,2,14,35.0,0.2,True,1.2,-10,completed_trial_window
U00903,2026-02-05,2026-02-19,not_provided,business,False,,4,3,5,46,1.0,0.5,True,1.3333333333333333,8,completed_trial_window
U00904,2026-01-21,2026-02-04,not_provided,business,True,2026-01-31,6,5,6,62,19.0,0.6,True,1.2,10,completed_trial_window
U00905,2026-01-14,2026-01-28,1-10,starter,True,2026-01-22,4,4,3,19,76.0,0.3,False,1.0,1,completed_trial_window
U00906,2026-01-20,2026-02-03,51-200,pro,False,,6,5,3,16,4.0,0.3,False,1.2,-2,completed_trial_window
U00907,2026-06-07,2026-06-21,not_provided,starter,True,2026-06-17,5,4,4,46,7.0,0.4,True,1.25,-2,mid_trial_dropoff
U00908,2026-01-08,2026-01-22,not_provided,business,True,2026-01-20,5,4,3,36,5.0,0.3,True,1.25,20,completed_trial_window
U00909,2026-05-06,2026-05-20,11-50,business,True,2026-05-19,5,5,3,30,39.0,0.3,True,1.0,-6,completed_trial_window
U00910,2026-04-07,2026-04-21,200+,pro,False,,2,2,2,6,111.0,0.2,True,1.0,2,completed_trial_window
U00911,2026-05-30,2026-06-13,not_provided,starter,False,,2,2,1,4,281.0,0.1,False,1.0,4,completed_trial_window
U00912,2026-01-22,2026-02-05,not_provided,business,False,,4,4,1,4,179.0,0.1,False,1.0,4,completed_trial_window
U00913,2026-03-05,2026-03-19,not_provided,starter,False,,1,1,5,25,45.0,0.5,True,1.0,-1,completed_trial_window
U00914,2026-01-22,2026-02-05,51-200,pro,False,,8,8,6,48,18.0,0.6,False,1.0,12,completed_trial_window
U00915,2026-04-08,2026-04-22,not_provided,business,False,,7,7,6,72,7.0,0.6,True,1.0,-24,completed_trial_window
U00916,2026-02-09,2026-02-23,not_provided,starter,False,,7,5,5,46,37.0,0.5,True,1.4,14,completed_trial_window
U00917,2026-03-23,2026-04-06,51-200,starter,False,,6,5,3,15,63.0,0.3,False,1.2,-1,completed_trial_window
U00918,2026-01-24,2026-02-07,1-10,business,False,,5,5,5,67,4.0,0.5,True,1.0,25,completed_trial_window
U00919,2026-04-24,2026-05-08,51-200,business,True,2026-04-30,8,7,2,15,136.0,0.2,True,1.1428571428571428,5,completed_trial_window
U00920,2026-02-03,2026-02-17,1-10,pro,True,2026-02-14,9,9,4,36,34.0,0.4,False,1.0,-16,completed_trial_window
U00921,2026-04-25,2026-05-09,not_provided,pro,True,2026-05-08,17,10,8,100,9.0,0.8,True,1.7,-26,completed_trial_window
U00922,2026-04-15,2026-04-29,1-10,starter,True,2026-04-21,9,7,8,78,5.0,0.8,True,1.2857142857142858,20,completed_trial_window
U00923,2026-04-01,2026-04-15,not_provided,starter,True,2026-04-15,11,11,6,86,3.0,0.6,True,1.0,-18,completed_trial_window
U00924,2026-06-03,2026-06-17,51-200,starter,False,,2,2,3,19,49.0,0.3,True,1.0,-3,mid_trial_dropoff
U00925,2026-01-04,2026-01-18,51-200,starter,False,,1,1,6,35,24.0,0.6,True,1.0,-1,mid_trial_dropoff
U00926,2026-04-10,2026-04-24,1-10,business,True,2026-04-23,5,4,1,2,210.0,0.1,False,1.25,2,mid_trial_dropoff
U00927,2026-03-04,2026-03-18,not_provided,pro,True,2026-03-11,8,7,4,77,33.0,0.4,True,1.1428571428571428,11,mid_trial_dropoff
U00928,2026-04-08,2026-04-22,11-50,pro,False,,3,3,5,22,7.0,0.5,True,1.0,-10,completed_trial_window
U00929,2026-03-10,2026-03-24,51-200,business,False,,6,6,6,52,1.0,0.6,True,1.0,-6,completed_trial_window
U00930,2026-05-07,2026-05-21,11-50,starter,False,,4,3,4,27,116.0,0.4,True,1.3333333333333333,11,mid_trial_dropoff
U00931,2026-02-12,2026-02-26,200+,business,False,,3,2,4,36,13.0,0.4,True,1.5,0,mid_trial_dropoff
U00932,2026-04-18,2026-05-02,51-200,starter,True,2026-04-24,10,7,10,177,8.0,1.0,True,1.4285714285714286,15,completed_trial_window
U00933,2026-04-03,2026-04-17,51-200,pro,False,,8,6,5,22,16.0,0.5,False,1.3333333333333333,4,completed_trial_window
U00934,2026-06-10,2026-06-24,200+,pro,True,2026-06-24,2,2,3,25,14.0,0.3,True,1.0,3,mid_trial_dropoff
U00935,2026-02-20,2026-03-06,200+,starter,False,,5,5,3,16,17.0,0.3,True,1.0,2,completed_trial_window
U00936,2026-02-04,2026-02-18,51-200,starter,False,,3,3,3,14,154.0,0.3,True,1.0,0,mid_trial_dropoff
U00937,2026-04-12,2026-04-26,51-200,pro,False,,4,2,1,9,73.0,0.1,False,2.0,1,early_dropoff
U00938,2026-04-08,2026-04-22,51-200,starter,False,,4,4,4,14,63.0,0.4,True,1.0,0,completed_trial_window
U00939,2026-03-27,2026-04-10,200+,business,True,2026-04-10,9,8,7,77,17.0,0.7,True,1.125,17,completed_trial_window
U00940,2026-02-04,2026-02-18,51-200,business,True,2026-02-18,6,6,6,71,11.0,0.6,True,1.0,3,completed_trial_window
U00941,2026-02-21,2026-03-07,200+,business,False,,6,5,2,10,12.0,0.2,True,1.2,-2,completed_trial_window
U00942,2026-02-15,2026-03-01,200+,business,False,,10,8,8,76,15.0,0.8,True,1.25,6,completed_trial_window
U00943,2026-03-16,2026-03-30,not_provided,business,True,2026-03-28,5,4,4,49,27.0,0.4,True,1.25,11,completed_trial_window
U00944,2026-05-28,2026-06-11,11-50,business,False,,6,4,4,28,21.0,0.4,False,1.5,-14,completed_trial_window
U00945,2026-04-07,2026-04-21,51-200,starter,True,2026-04-17,5,5,6,76,11.0,0.6,True,1.0,20,completed_trial_window
U00946,2026-01-30,2026-02-13,not_provided,pro,False,,5,3,5,31,25.0,0.5,True,1.6666666666666667,21,completed_trial_window
U00947,2026-06-01,2026-06-15,not_provided,pro,True,2026-06-14,9,8,6,87,1.0,0.6,True,1.125,15,completed_trial_window
U00948,2026-01-07,2026-01-21,not_provided,starter,True,2026-01-15,5,5,4,30,15.0,0.4,True,1.0,12,completed_trial_window
U00949,2026-04-23,2026-05-07,51-200,business,False,,11,8,3,60,3.0,0.3,True,1.375,-30,completed_trial_window
U00950,2026-01-18,2026-02-01,200+,business,False,,5,4,3,25,118.0,0.3,True,1.25,19,completed_trial_window
U00951,2026-05-08,2026-05-22,11-50,business,False,,4,3,2,3,34.0,0.2,False,1.3333333333333333,-3,completed_trial_window
U00952,2026-03-19,2026-04-02,11-50,business,False,,6,5,6,47,11.0,0.6,True,1.2,7,completed_trial_window
U00953,2026-02-09,2026-02-23,not_provided,starter,False,,1,1,3,9,109.0,0.3,True,1.0,3,early_dropoff
U00954,2026-04-07,2026-04-21,1-10,starter,True,2026-04-21,7,4,6,84,1.0,0.6,True,1.75,-8,completed_trial_window
U00955,2026-05-03,2026-05-17,not_provided,starter,False,,3,3,5,44,7.0,0.5,False,1.0,10,completed_trial_window
U00956,2026-05-17,2026-05-31,not_provided,business,False,,10,8,6,69,6.0,0.6,True,1.25,11,completed_trial_window
U00957,2026-04-18,2026-05-02,not_provided,starter,False,,5,4,4,38,9.0,0.4,True,1.25,-14,completed_trial_window
U00958,2026-04-03,2026-04-17,not_provided,pro,False,,3,2,5,38,8.0,0.5,True,1.5,0,completed_trial_window
U00959,2026-06-02,2026-06-16,not_provided,starter,False,,3,3,1,1,59.0,0.1,False,1.0,-1,mid_trial_dropoff
U00960,2026-01-28,2026-02-11,11-50,business,False,,3,3,4,34,96.0,0.4,True,1.0,-2,completed_trial_window
U00961,2026-04-01,2026-04-15,11-50,business,False,,7,7,4,35,47.0,0.4,True,1.0,15,completed_trial_window
U00962,2026-06-06,2026-06-20,1-10,pro,False,,4,4,4,12,51.0,0.4,True,1.0,0,completed_trial_window
U00963,2026-06-15,2026-06-29,not_provided,business,True,2026-06-26,4,4,7,64,0.0,0.7,True,1.0,-4,completed_trial_window
U00964,2026-03-26,2026-04-09,200+,starter,True,2026-03-31,9,7,4,57,3.0,0.4,True,1.2857142857142858,-1,completed_trial_window
U00965,2026-01-26,2026-02-09,51-200,pro,False,,7,5,6,75,15.0,0.6,True,1.4,3,completed_trial_window
U00966,2026-05-11,2026-05-25,not_provided,pro,False,,3,3,4,59,4.0,0.4,True,1.0,7,completed_trial_window
U00967,2026-05-23,2026-06-06,not_provided,business,False,,5,5,3,11,85.0,0.3,True,1.0,1,completed_trial_window
U00968,2026-05-28,2026-06-11,11-50,starter,False,,6,5,2,15,43.0,0.2,False,1.2,1,completed_trial_window
U00969,2026-04-06,2026-04-20,200+,starter,False,,7,4,6,23,3.0,0.6,True,1.75,-13,completed_trial_window
U00970,2026-05-31,2026-06-14,not_provided,pro,False,,6,5,5,26,4.0,0.5,True,1.2,8,completed_trial_window
U00971,2026-02-08,2026-02-22,51-200,starter,False,,5,3,6,35,45.0,0.6,True,1.6666666666666667,-1,completed_trial_window
U00972,2026-05-04,2026-05-18,1-10,business,False,,18,11,8,101,16.0,0.8,True,1.6363636363636365,33,completed_trial_window
U00973,2026-04-17,2026-05-01,1-10,starter,False,,5,4,5,48,5.0,0.5,True,1.25,4,completed_trial_window
U00974,2026-02-06,2026-02-20,51-200,business,True,2026-02-16,6,5,3,15,55.0,0.3,True,1.2,7,completed_trial_window
U00975,2026-04-27,2026-05-11,11-50,pro,True,2026-05-09,11,8,7,116,0.0,0.7,True,1.375,16,completed_trial_window
U00976,2026-03-31,2026-04-14,200+,starter,False,,7,6,6,62,19.0,0.6,True,1.1666666666666667,-2,completed_trial_window
U00977,2026-04-23,2026-05-07,not_provided,business,True,2026-05-05,6,5,6,63,15.0,0.6,True,1.2,9,completed_trial_window
U00978,2026-03-23,2026-04-06,1-10,business,True,2026-03-28,6,6,2,23,0.0,0.2,True,1.0,-1,completed_trial_window
U00979,2026-01-30,2026-02-13,1-10,business,False,,1,1,4,31,14.0,0.4,True,1.0,7,mid_trial_dropoff
U00980,2026-06-15,2026-06-29,1-10,business,False,,8,6,5,48,24.0,0.5,True,1.3333333333333333,-6,completed_trial_window
U00981,2026-02-12,2026-02-26,not_provided,pro,True,2026-02-25,7,7,7,109,16.0,0.7,True,1.0,-7,completed_trial_window
U00982,2026-02-14,2026-02-28,not_provided,pro,False,,16,10,5,52,35.0,0.5,True,1.6,2,completed_trial_window
U00983,2026-03-26,2026-04-09,not_provided,starter,True,2026-04-07,3,3,4,26,2.0,0.4,True,1.0,0,mid_trial_dropoff
U00984,2026-03-01,2026-03-15,200+,business,True,2026-03-08,8,7,6,76,0.0,0.6,True,1.1428571428571428,16,completed_trial_window
U00985,2026-02-17,2026-03-03,not_provided,business,True,2026-02-28,4,4,5,74,5.0,0.5,True,1.0,-2,completed_trial_window
U00986,2026-04-12,2026-04-26,1-10,business,False,,6,6,5,41,42.0,0.5,True,1.0,-5,completed_trial_window
U00987,2026-06-07,2026-06-21,11-50,starter,False,,4,4,2,8,7.0,0.2,False,1.0,0,completed_trial_window
U00988,2026-06-01,2026-06-15,200+,starter,True,2026-06-06,5,4,6,53,10.0,0.6,True,1.25,9,completed_trial_window
U00989,2026-02-24,2026-03-10,11-50,business,False,,7,7,4,29,28.0,0.4,False,1.0,9,mid_trial_dropoff
U00990,2026-01-17,2026-01-31,not_provided,starter,False,,4,4,3,44,21.0,0.3,True,1.0,-20,completed_trial_window
U00991,2026-05-18,2026-06-01,11-50,business,False,,10,9,3,22,33.0,0.3,True,1.1111111111111112,-8,completed_trial_window
U00992,2026-03-25,2026-04-08,11-50,starter,False,,4,4,5,34,50.0,0.5,True,1.0,-6,completed_trial_window
U00993,2026-01-30,2026-02-13,51-200,business,True,2026-02-11,8,7,5,52,32.0,0.5,True,1.1428571428571428,-2,completed_trial_window
U00994,2026-05-16,2026-05-30,not_provided,business,False,,11,8,4,26,20.0,0.4,True,1.375,4,completed_trial_window
U00995,2026-06-02,2026-06-16,200+,pro,True,2026-06-13,11,7,1,6,57.0,0.1,False,1.5714285714285714,0,completed_trial_window
U00996,2026-05-31,2026-06-14,1-10,business,False,,4,3,4,25,5.0,0.4,False,1.3333333333333333,-3,completed_trial_window
U00997,2026-04-01,2026-04-15,200+,pro,False,,8,7,6,38,28.0,0.6,True,1.1428571428571428,14,completed_trial_window
U00998,2026-02-14,2026-02-28,not_provided,business,True,2026-02-23,10,7,4,34,6.0,0.4,True,1.4285714285714286,4,completed_trial_window
U00999,2026-06-07,2026-06-21,not_provided,starter,False,,5,4,2,17,56.0,0.2,True,1.25,-1,completed_trial_window
U01000,2026-02-04,2026-02-18,51-200,starter,True,2026-02-12,3,2,2,20,1.0,0.2,True,1.5,-6,completed_trial_window
U01001,2026-03-20,2026-04-03,1-10,pro,True,2026-03-30,8,7,4,22,49.0,0.4,False,1.1428571428571428,0,completed_trial_window
U01002,2026-02-06,2026-02-20,not_provided,starter,True,2026-02-17,6,4,6,64,0.0,0.6,True,1.5,14,completed_trial_window
U01003,2026-06-02,2026-06-16,11-50,pro,False,,4,3,4,40,18.0,0.4,True,1.3333333333333333,-2,mid_trial_dropoff
U01004,2026-04-09,2026-04-23,200+,pro,False,,3,3,7,51,6.0,0.7,True,1.0,1,completed_trial_window
U01005,2026-05-05,2026-05-19,not_provided,pro,False,,5,5,7,58,27.0,0.7,True,1.0,8,completed_trial_window
U01006,2026-06-15,2026-06-29,11-50,pro,False,,2,2,2,8,105.0,0.2,False,1.0,-2,mid_trial_dropoff
U01007,2026-02-12,2026-02-26,200+,business,True,2026-02-19,11,10,7,79,6.0,0.7,True,1.1,-5,completed_trial_window
U01008,2026-02-17,2026-03-03,51-200,starter,True,2026-03-03,9,7,7,81,12.0,0.7,True,1.2857142857142858,1,completed_trial_window
U01009,2026-01-14,2026-01-28,51-200,starter,False,,6,6,2,5,142.0,0.2,False,1.0,3,completed_trial_window
U01010,2026-05-05,2026-05-19,11-50,pro,False,,7,4,7,58,12.0,0.7,True,1.75,-10,completed_trial_window
U01011,2026-04-09,2026-04-23,not_provided,pro,True,2026-04-21,7,6,2,25,127.0,0.2,False,1.1666666666666667,15,completed_trial_window
U01012,2026-04-15,2026-04-29,not_provided,starter,True,2026-04-26,14,11,6,71,3.0,0.6,True,1.2727272727272727,35,completed_trial_window
U01013,2026-04-24,2026-05-08,200+,pro,True,2026-04-30,4,3,3,16,119.0,0.3,True,1.3333333333333333,2,completed_trial_window
U01014,2026-05-25,2026-06-08,1-10,pro,False,,3,3,1,1,11.0,0.1,False,1.0,-1,completed_trial_window
U01015,2026-03-16,2026-03-30,1-10,business,False,,1,1,1,4,58.0,0.1,False,1.0,-2,mid_trial_dropoff
U01016,2026-02-27,2026-03-13,not_provided,business,True,2026-03-06,4,3,3,41,0.0,0.3,True,1.3333333333333333,5,completed_trial_window
U01017,2026-04-28,2026-05-12,not_provided,business,False,,8,8,6,60,7.0,0.6,True,1.0,-4,completed_trial_window
U01018,2026-05-07,2026-05-21,not_provided,pro,False,,6,5,5,37,0.0,0.5,True,1.2,-5,completed_trial_window
U01019,2026-01-29,2026-02-12,not_provided,starter,False,,6,4,3,17,57.0,0.3,True,1.5,9,completed_trial_window
U01020,2026-03-10,2026-03-24,not_provided,business,True,2026-03-23,5,3,4,24,20.0,0.4,True,1.6666666666666667,-14,completed_trial_window
U01021,2026-01-11,2026-01-25,not_provided,starter,False,,6,4,5,28,53.0,0.5,False,1.5,-10,completed_trial_window
U01022,2026-05-20,2026-06-03,11-50,starter,False,,5,4,2,10,25.0,0.2,True,1.25,2,completed_trial_window
U01023,2026-01-27,2026-02-10,not_provided,business,True,2026-02-04,3,3,4,9,76.0,0.4,False,1.0,7,completed_trial_window
U01024,2026-03-18,2026-04-01,1-10,starter,True,2026-03-27,5,5,7,74,3.0,0.7,True,1.0,-22,completed_trial_window
U01025,2026-03-31,2026-04-14,1-10,starter,True,2026-04-06,2,2,5,54,1.0,0.5,True,1.0,-8,completed_trial_window
U01026,2026-03-02,2026-03-16,11-50,business,False,,3,3,4,20,12.0,0.4,False,1.0,-6,completed_trial_window
U01027,2026-05-31,2026-06-14,not_provided,business,True,2026-06-14,2,2,1,6,125.0,0.1,False,1.0,4,mid_trial_dropoff
U01028,2026-06-11,2026-06-25,200+,pro,False,,4,4,5,41,16.0,0.5,True,1.0,9,completed_trial_window
U01029,2026-06-07,2026-06-21,11-50,pro,False,,4,4,4,25,68.0,0.4,True,1.0,5,completed_trial_window
U01030,2026-02-22,2026-03-08,1-10,pro,False,,7,6,9,33,3.0,0.9,True,1.1666666666666667,-5,completed_trial_window
U01031,2026-03-31,2026-04-14,not_provided,business,True,2026-04-14,5,5,7,42,0.0,0.7,True,1.0,-2,completed_trial_window
U01032,2026-05-18,2026-06-01,11-50,business,False,,6,4,4,35,15.0,0.4,True,1.5,11,completed_trial_window
U01033,2026-03-16,2026-03-30,51-200,pro,False,,4,4,1,4,176.0,0.1,True,1.0,4,completed_trial_window
U01034,2026-03-10,2026-03-24,not_provided,business,False,,9,6,5,41,0.0,0.5,True,1.5,-5,completed_trial_window
U01035,2026-01-25,2026-02-08,11-50,starter,False,,4,3,1,4,67.0,0.1,True,1.3333333333333333,2,completed_trial_window
U01036,2026-01-16,2026-01-30,51-200,business,True,2026-01-23,7,5,6,118,2.0,0.6,True,1.4,-18,completed_trial_window
U01037,2026-02-03,2026-02-17,11-50,pro,False,,6,3,4,23,42.0,0.4,True,2.0,-5,completed_trial_window
U01038,2026-03-24,2026-04-07,11-50,business,False,,5,5,4,17,1.0,0.4,True,1.0,-1,completed_trial_window
U01039,2026-04-11,2026-04-25,200+,pro,True,2026-04-25,10,9,7,108,11.0,0.7,True,1.1111111111111112,14,completed_trial_window
U01040,2026-06-11,2026-06-25,51-200,business,False,,1,1,1,2,267.0,0.1,False,1.0,2,early_dropoff
U01041,2026-04-17,2026-05-01,200+,starter,False,,4,4,2,11,111.0,0.2,False,1.0,3,completed_trial_window
U01042,2026-01-20,2026-02-03,not_provided,starter,False,,4,4,3,22,38.0,0.3,True,1.0,4,completed_trial_window
U01043,2026-04-14,2026-04-28,not_provided,business,False,,9,7,3,14,173.0,0.3,True,1.2857142857142858,14,completed_trial_window
U01044,2026-03-13,2026-03-27,not_provided,business,False,,4,4,1,17,47.0,0.1,True,1.0,3,completed_trial_window
U01045,2026-04-27,2026-05-11,200+,business,False,,2,2,3,14,38.0,0.3,True,1.0,2,early_dropoff
U01046,2026-05-29,2026-06-12,1-10,business,False,,3,3,5,52,2.0,0.5,True,1.0,-6,completed_trial_window
U01047,2026-01-24,2026-02-07,not_provided,starter,False,,2,2,4,29,34.0,0.4,True,1.0,-17,mid_trial_dropoff
U01048,2026-06-12,2026-06-26,not_provided,business,True,2026-06-22,14,10,6,78,9.0,0.6,True,1.4,-6,completed_trial_window
U01049,2026-01-17,2026-01-31,not_provided,starter,False,,5,4,5,32,55.0,0.5,True,1.25,10,completed_trial_window
U01050,2026-02-25,2026-03-11,200+,pro,False,,1,1,3,28,3.0,0.3,True,1.0,12,completed_trial_window
U01051,2026-05-07,2026-05-21,51-200,business,True,2026-05-16,11,7,8,120,35.0,0.8,True,1.5714285714285714,32,completed_trial_window
U01052,2026-03-28,2026-04-11,not_provided,pro,False,,4,4,3,18,23.0,0.3,True,1.0,-10,completed_trial_window
U01053,2026-02-03,2026-02-17,not_provided,starter,True,2026-02-13,11,10,6,63,0.0,0.6,True,1.1,21,completed_trial_window
U01054,2026-01-13,2026-01-27,1-10,starter,True,2026-01-25,7,5,2,23,15.0,0.2,True,1.4,9,completed_trial_window
U01055,2026-01-05,2026-01-19,1-10,pro,False,,4,4,4,13,60.0,0.4,False,1.0,-5,completed_trial_window
U01056,2026-04-23,2026-05-07,200+,starter,False,,2,2,3,12,145.0,0.3,False,1.0,2,completed_trial_window
U01057,2026-04-20,2026-05-04,11-50,business,True,2026-04-27,3,2,5,42,32.0,0.5,True,1.5,-6,mid_trial_dropoff
U01058,2026-06-16,2026-06-30,51-200,pro,False,,4,4,3,13,8.0,0.3,False,1.0,1,completed_trial_window
U01059,2026-03-12,2026-03-26,1-10,business,False,,6,6,7,60,5.0,0.7,False,1.0,-14,completed_trial_window
U01060,2026-04-03,2026-04-17,51-200,starter,False,,4,4,2,22,0.0,0.2,False,1.0,2,completed_trial_window
U01061,2026-04-06,2026-04-20,not_provided,business,False,,6,4,5,35,38.0,0.5,True,1.5,-9,completed_trial_window
U01062,2026-02-12,2026-02-26,1-10,starter,True,2026-02-21,7,5,8,104,6.0,0.8,True,1.4,24,mid_trial_dropoff
U01063,2026-03-01,2026-03-15,200+,business,True,2026-03-07,9,8,3,24,31.0,0.3,False,1.125,2,completed_trial_window
U01064,2026-01-25,2026-02-08,1-10,pro,False,,5,5,2,4,32.0,0.2,True,1.0,-2,completed_trial_window
U01065,2026-05-03,2026-05-17,1-10,pro,False,,9,8,4,55,29.0,0.4,True,1.125,-29,completed_trial_window
U01066,2026-06-01,2026-06-15,11-50,pro,False,,4,4,4,27,82.0,0.4,True,1.0,5,completed_trial_window
U01067,2026-04-24,2026-05-08,1-10,starter,False,,7,7,4,16,43.0,0.4,True,1.0,2,completed_trial_window
U01068,2026-03-29,2026-04-12,1-10,starter,False,,3,3,3,21,7.0,0.3,False,1.0,-1,mid_trial_dropoff
U01069,2026-02-03,2026-02-17,200+,starter,True,2026-02-11,10,9,7,81,2.0,0.7,True,1.1111111111111112,1,completed_trial_window
U01070,2026-04-09,2026-04-23,1-10,business,False,,5,5,4,21,1.0,0.4,True,1.0,13,completed_trial_window
U01071,2026-01-27,2026-02-10,1-10,business,False,,4,4,6,61,30.0,0.6,True,1.0,9,completed_trial_window
U01072,2026-04-05,2026-04-19,51-200,pro,False,,10,8,7,55,10.0,0.7,True,1.25,-3,completed_trial_window
U01073,2026-04-08,2026-04-22,11-50,business,False,,8,6,4,48,7.0,0.4,True,1.3333333333333333,8,completed_trial_window
U01074,2026-02-06,2026-02-20,1-10,pro,False,,9,6,5,46,13.0,0.5,False,1.5,-16,completed_trial_window
U01075,2026-05-25,2026-06-08,1-10,pro,False,,8,7,7,76,25.0,0.7,True,1.1428571428571428,-4,completed_trial_window
U01076,2026-06-16,2026-06-30,11-50,starter,True,2026-06-26,9,5,7,69,12.0,0.7,True,1.8,-13,mid_trial_dropoff
U01077,2026-02-24,2026-03-10,not_provided,business,True,2026-03-03,8,6,3,16,6.0,0.3,False,1.3333333333333333,2,completed_trial_window
U01078,2026-04-16,2026-04-30,not_provided,business,True,2026-04-28,5,3,3,27,0.0,0.3,True,1.6666666666666667,-5,mid_trial_dropoff
U01079,2026-02-25,2026-03-11,1-10,starter,False,,4,3,3,23,35.0,0.3,True,1.3333333333333333,3,completed_trial_window
U01080,2026-02-05,2026-02-19,1-10,pro,False,,4,3,3,13,68.0,0.3,True,1.3333333333333333,9,mid_trial_dropoff
U01081,2026-04-09,2026-04-23,51-200,starter,True,2026-04-19,11,7,5,61,21.0,0.5,True,1.5714285714285714,-17,completed_trial_window
U01082,2026-02-05,2026-02-19,11-50,business,True,2026-02-11,11,9,8,97,20.0,0.8,True,1.2222222222222223,11,completed_trial_window
U01083,2026-03-05,2026-03-19,not_provided,pro,False,,14,10,5,38,6.0,0.5,True,1.4,-2,completed_trial_window
U01084,2026-06-03,2026-06-17,not_provided,pro,True,2026-06-12,4,3,5,55,0.0,0.5,True,1.3333333333333333,-5,completed_trial_window
U01085,2026-01-07,2026-01-21,not_provided,business,False,,8,6,3,13,30.0,0.3,True,1.3333333333333333,7,completed_trial_window
U01086,2026-02-22,2026-03-08,not_provided,pro,True,2026-03-07,9,8,5,67,33.0,0.5,True,1.125,5,completed_trial_window
U01087,2026-02-18,2026-03-04,not_provided,starter,True,2026-02-27,12,8,5,74,0.0,0.5,True,1.5,16,completed_trial_window
U01088,2026-06-15,2026-06-29,1-10,pro,False,,5,5,7,68,15.0,0.7,True,1.0,36,completed_trial_window
U01089,2026-05-07,2026-05-21,200+,starter,False,,5,4,4,24,7.0,0.4,True,1.25,10,completed_trial_window
U01090,2026-03-03,2026-03-17,200+,business,False,,8,6,3,45,3.0,0.3,True,1.3333333333333333,7,completed_trial_window
U01091,2026-06-02,2026-06-16,1-10,pro,False,,9,8,6,65,3.0,0.6,True,1.125,25,completed_trial_window
U01092,2026-01-04,2026-01-18,51-200,business,True,2026-01-11,10,8,5,53,14.0,0.5,True,1.25,-9,completed_trial_window
U01093,2026-04-10,2026-04-24,not_provided,starter,False,,6,6,4,25,0.0,0.4,True,1.0,-15,completed_trial_window
U01094,2026-04-04,2026-04-18,not_provided,business,True,2026-04-11,8,7,5,71,1.0,0.5,True,1.1428571428571428,-15,completed_trial_window
U01095,2026-05-01,2026-05-15,1-10,starter,True,2026-05-15,2,1,4,42,12.0,0.4,True,2.0,4,mid_trial_dropoff
U01096,2026-01-18,2026-02-01,1-10,business,False,,12,9,6,27,50.0,0.6,True,1.3333333333333333,-3,completed_trial_window
U01097,2026-02-25,2026-03-11,1-10,starter,True,2026-03-08,3,3,5,59,10.0,0.5,True,1.0,-19,mid_trial_dropoff
U01098,2026-05-10,2026-05-24,51-200,business,True,2026-05-23,5,5,6,48,5.0,0.6,False,1.0,8,completed_trial_window
U01099,2026-04-17,2026-05-01,200+,business,True,2026-04-28,4,3,3,30,56.0,0.3,True,1.3333333333333333,2,completed_trial_window
U01100,2026-01-22,2026-02-05,not_provided,pro,False,,3,2,6,28,11.0,0.6,False,1.5,-16,completed_trial_window
U01101,2026-05-18,2026-06-01,not_provided,pro,True,2026-05-27,12,9,5,71,7.0,0.5,True,1.3333333333333333,-5,completed_trial_window
U01102,2026-01-22,2026-02-05,51-200,starter,True,2026-02-04,6,5,3,15,62.0,0.3,False,1.2,-13,completed_trial_window
U01103,2026-02-22,2026-03-08,11-50,pro,True,2026-03-04,10,7,2,36,27.0,0.2,True,1.4285714285714286,14,completed_trial_window
U01104,2026-04-11,2026-04-25,not_provided,business,False,,7,6,2,4,4.0,0.2,False,1.1666666666666667,-2,completed_trial_window
U01105,2026-06-16,2026-06-30,not_provided,business,True,2026-06-22,6,5,6,67,3.0,0.6,True,1.2,-1,completed_trial_window
U01106,2026-03-21,2026-04-04,not_provided,starter,True,2026-03-29,5,5,6,36,26.0,0.6,True,1.0,8,completed_trial_window
U01107,2026-01-15,2026-01-29,11-50,starter,False,,4,4,6,52,12.0,0.6,True,1.0,6,completed_trial_window
U01108,2026-04-22,2026-05-06,1-10,starter,False,,15,8,7,97,1.0,0.7,True,1.875,-21,completed_trial_window
U01109,2026-06-06,2026-06-20,not_provided,starter,False,,1,1,4,16,25.0,0.4,True,1.0,-2,completed_trial_window
U01110,2026-03-21,2026-04-04,not_provided,business,False,,14,8,4,28,5.0,0.4,True,1.75,-4,completed_trial_window
U01111,2026-02-14,2026-02-28,1-10,starter,False,,6,4,3,16,47.0,0.3,False,1.5,-2,completed_trial_window
U01112,2026-02-05,2026-02-19,not_provided,starter,False,,4,3,5,34,27.0,0.5,True,1.3333333333333333,-10,completed_trial_window
U01113,2026-02-11,2026-02-25,200+,business,False,,4,4,3,34,9.0,0.3,False,1.0,0,completed_trial_window
U01114,2026-05-14,2026-05-28,not_provided,business,False,,1,1,3,11,53.0,0.3,True,1.0,-1,completed_trial_window
U01115,2026-03-08,2026-03-22,11-50,business,False,,7,6,5,65,18.0,0.5,True,1.1666666666666667,-15,completed_trial_window
U01116,2026-02-02,2026-02-16,not_provided,business,False,,1,1,5,52,28.0,0.5,True,1.0,2,completed_trial_window
U01117,2026-01-31,2026-02-14,1-10,business,False,,11,8,5,40,22.0,0.5,False,1.375,-6,completed_trial_window
U01118,2026-04-20,2026-05-04,51-200,pro,False,,5,5,2,8,82.0,0.2,True,1.0,0,completed_trial_window
U01119,2026-01-17,2026-01-31,51-200,business,False,,5,5,5,30,17.0,0.5,True,1.0,-2,completed_trial_window
U01120,2026-05-28,2026-06-11,not_provided,starter,True,2026-06-09,9,6,8,121,3.0,0.8,True,1.5,21,completed_trial_window
U01121,2026-04-27,2026-05-11,not_provided,business,False,,8,6,5,30,62.0,0.5,True,1.3333333333333333,-2,completed_trial_window
U01122,2026-01-15,2026-01-29,200+,pro,False,,7,6,4,58,2.0,0.4,True,1.1666666666666667,-8,completed_trial_window
U01123,2026-02-12,2026-02-26,51-200,pro,False,,4,4,2,6,52.0,0.2,False,1.0,-2,completed_trial_window
U01124,2026-03-07,2026-03-21,1-10,pro,True,2026-03-13,11,8,5,45,56.0,0.5,True,1.375,5,completed_trial_window
U01125,2026-02-28,2026-03-14,not_provided,pro,True,2026-03-05,5,4,5,46,44.0,0.5,True,1.25,2,completed_trial_window
U01126,2026-01-12,2026-01-26,1-10,pro,False,,7,5,2,5,65.0,0.2,False,1.4,-5,completed_trial_window
U01127,2026-01-12,2026-01-26,200+,business,True,2026-01-23,8,6,8,76,1.0,0.8,True,1.3333333333333333,12,completed_trial_window
U01128,2026-02-08,2026-02-22,11-50,starter,True,2026-02-21,2,2,5,28,48.0,0.5,False,1.0,-4,mid_trial_dropoff
U01129,2026-04-18,2026-05-02,11-50,business,True,2026-04-26,10,9,5,77,2.0,0.5,True,1.1111111111111112,-3,completed_trial_window
U01130,2026-04-17,2026-05-01,not_provided,business,False,,1,1,6,64,9.0,0.6,True,1.0,0,mid_trial_dropoff
U01131,2026-03-11,2026-03-25,1-10,pro,True,2026-03-21,7,6,3,44,16.0,0.3,False,1.1666666666666667,4,completed_trial_window
U01132,2026-01-31,2026-02-14,not_provided,business,True,2026-02-05,1,1,2,7,64.0,0.2,False,1.0,-7,mid_trial_dropoff
U01133,2026-02-15,2026-03-01,11-50,pro,False,,5,5,6,53,11.0,0.6,True,1.0,5,completed_trial_window
U01134,2026-01-12,2026-01-26,200+,starter,True,2026-01-24,5,4,6,39,9.0,0.6,True,1.25,-13,completed_trial_window
U01135,2026-03-14,2026-03-28,51-200,business,True,2026-03-20,7,6,7,109,10.0,0.7,True,1.1666666666666667,-21,completed_trial_window
U01136,2026-05-22,2026-06-05,200+,starter,False,,4,3,4,24,46.0,0.4,True,1.3333333333333333,6,mid_trial_dropoff
U01137,2026-04-05,2026-04-19,11-50,business,False,,1,1,3,9,8.0,0.3,True,1.0,-3,mid_trial_dropoff
U01138,2026-05-25,2026-06-08,51-200,business,False,,3,3,4,31,78.0,0.4,False,1.0,-11,completed_trial_window
U01139,2026-06-09,2026-06-23,11-50,starter,True,2026-06-19,7,5,1,2,102.0,0.1,False,1.4,-2,completed_trial_window
U01140,2026-06-01,2026-06-15,200+,pro,True,2026-06-14,5,5,7,96,2.0,0.7,True,1.0,-4,completed_trial_window
U01141,2026-03-04,2026-03-18,11-50,starter,False,,7,6,4,52,13.0,0.4,True,1.1666666666666667,-4,completed_trial_window
U01142,2026-04-15,2026-04-29,1-10,pro,True,2026-04-28,3,2,3,19,90.0,0.3,False,1.5,3,completed_trial_window
U01143,2026-03-30,2026-04-13,not_provided,business,False,,4,3,4,34,23.0,0.4,True,1.3333333333333333,0,completed_trial_window
U01144,2026-01-03,2026-01-17,51-200,starter,True,2026-01-14,12,10,4,49,24.0,0.4,True,1.2,-7,completed_trial_window
U01145,2026-03-20,2026-04-03,1-10,pro,False,,4,4,7,78,4.0,0.7,True,1.0,16,completed_trial_window
U01146,2026-05-16,2026-05-30,11-50,starter,False,,7,6,4,45,6.0,0.4,True,1.1666666666666667,15,completed_trial_window
U01147,2026-05-06,2026-05-20,1-10,pro,True,2026-05-15,8,7,6,64,7.0,0.6,True,1.1428571428571428,-6,completed_trial_window
U01148,2026-01-24,2026-02-07,1-10,pro,True,2026-02-06,6,5,5,64,8.0,0.5,True,1.2,4,mid_trial_dropoff
U01149,2026-04-16,2026-04-30,not_provided,business,False,,7,7,3,23,133.0,0.3,True,1.0,19,completed_trial_window
U01150,2026-04-28,2026-05-12,not_provided,starter,True,2026-05-12,6,6,4,34,19.0,0.4,True,1.0,6,completed_trial_window
U01151,2026-01-25,2026-02-08,not_provided,pro,False,,8,8,2,11,12.0,0.2,False,1.0,-5,completed_trial_window
U01152,2026-06-13,2026-06-27,200+,starter,True,2026-06-27,3,3,4,58,47.0,0.4,True,1.0,22,completed_trial_window
U01153,2026-05-26,2026-06-09,1-10,starter,True,2026-06-02,7,6,3,12,120.0,0.3,True,1.1666666666666667,6,completed_trial_window
U01154,2026-03-02,2026-03-16,51-200,business,False,,7,6,5,36,27.0,0.5,True,1.1666666666666667,-4,completed_trial_window
U01155,2026-03-22,2026-04-05,200+,business,False,,6,5,3,5,83.0,0.3,True,1.2,3,mid_trial_dropoff
U01156,2026-03-25,2026-04-08,51-200,starter,False,,7,6,6,48,7.0,0.6,True,1.1666666666666667,6,mid_trial_dropoff
U01157,2026-03-11,2026-03-25,11-50,starter,False,,4,4,8,58,2.0,0.8,True,1.0,-8,completed_trial_window
U01158,2026-02-21,2026-03-07,11-50,pro,False,,4,4,4,29,53.0,0.4,False,1.0,-1,completed_trial_window
U01159,2026-01-28,2026-02-11,11-50,starter,False,,3,2,4,16,74.0,0.4,True,1.5,4,completed_trial_window
U01160,2026-02-12,2026-02-26,200+,starter,True,2026-02-22,6,6,6,55,9.0,0.6,True,1.0,-3,completed_trial_window
U01161,2026-04-15,2026-04-29,1-10,pro,False,,7,6,8,78,17.0,0.8,True,1.1666666666666667,0,completed_trial_window
U01162,2026-04-02,2026-04-16,11-50,starter,False,,16,9,6,78,19.0,0.6,True,1.7777777777777777,-12,completed_trial_window
U01163,2026-03-20,2026-04-03,200+,business,False,,4,4,5,67,41.0,0.5,True,1.0,11,completed_trial_window
U01164,2026-01-31,2026-02-14,1-10,pro,True,2026-02-09,9,5,5,65,1.0,0.5,True,1.8,7,completed_trial_window
U01165,2026-06-04,2026-06-18,1-10,pro,False,,10,6,6,101,14.0,0.6,True,1.6666666666666667,11,completed_trial_window
U01166,2026-03-25,2026-04-08,11-50,starter,False,,3,3,2,9,5.0,0.2,True,1.0,-5,completed_trial_window
U01167,2026-03-05,2026-03-19,51-200,starter,True,2026-03-18,7,7,4,58,0.0,0.4,True,1.0,6,completed_trial_window
U01168,2026-01-13,2026-01-27,not_provided,business,True,2026-01-22,9,8,8,85,8.0,0.8,True,1.125,27,completed_trial_window
U01169,2026-02-14,2026-02-28,1-10,starter,True,2026-02-26,5,4,6,64,3.0,0.6,True,1.25,-18,completed_trial_window
U01170,2026-05-23,2026-06-06,not_provided,pro,False,,9,7,5,59,21.0,0.5,False,1.2857142857142858,-7,completed_trial_window
U01171,2026-03-05,2026-03-19,1-10,starter,False,,3,2,4,19,19.0,0.4,True,1.5,-3,completed_trial_window
U01172,2026-01-27,2026-02-10,11-50,starter,False,,1,1,2,7,303.0,0.2,False,1.0,7,completed_trial_window
U01173,2026-01-04,2026-01-18,1-10,pro,False,,3,3,1,2,292.0,0.1,False,1.0,2,completed_trial_window
U01174,2026-02-03,2026-02-17,11-50,starter,False,,6,5,6,38,35.0,0.6,True,1.2,8,completed_trial_window
U01175,2026-04-06,2026-04-20,not_provided,business,False,,2,2,5,38,23.0,0.5,True,1.0,8,mid_trial_dropoff
U01176,2026-06-15,2026-06-29,1-10,pro,True,2026-06-29,8,7,6,107,9.0,0.6,True,1.1428571428571428,-3,completed_trial_window
U01177,2026-03-08,2026-03-22,1-10,starter,False,,14,9,7,51,5.0,0.7,True,1.5555555555555556,-1,completed_trial_window
U01178,2026-01-17,2026-01-31,11-50,business,False,,8,8,4,30,10.0,0.4,True,1.0,-4,completed_trial_window
U01179,2026-04-24,2026-05-08,11-50,starter,False,,5,5,3,41,7.0,0.3,True,1.0,-5,completed_trial_window
U01180,2026-03-26,2026-04-09,1-10,starter,False,,3,2,2,6,43.0,0.2,False,1.5,-2,mid_trial_dropoff
U01181,2026-04-29,2026-05-13,1-10,pro,True,2026-05-13,6,5,1,9,48.0,0.1,True,1.2,5,completed_trial_window
U01182,2026-04-21,2026-05-05,not_provided,starter,False,,4,4,5,60,9.0,0.5,True,1.0,4,completed_trial_window
U01183,2026-05-08,2026-05-22,1-10,starter,False,,12,9,4,35,0.0,0.4,False,1.3333333333333333,11,completed_trial_window
U01184,2026-04-20,2026-05-04,11-50,business,False,,5,5,1,16,38.0,0.1,False,1.0,0,completed_trial_window
U01185,2026-02-24,2026-03-10,11-50,business,False,,3,3,3,27,8.0,0.3,True,1.0,9,completed_trial_window
U01186,2026-03-13,2026-03-27,200+,pro,False,,1,1,2,5,89.0,0.2,True,1.0,1,mid_trial_dropoff
U01187,2026-01-09,2026-01-23,not_provided,pro,True,2026-01-23,10,9,5,81,1.0,0.5,True,1.1111111111111112,-7,completed_trial_window
U01188,2026-03-04,2026-03-18,not_provided,business,False,,3,3,2,4,66.0,0.2,False,1.0,-2,mid_trial_dropoff
U01189,2026-05-08,2026-05-22,200+,pro,False,,1,1,4,19,158.0,0.4,True,1.0,11,early_dropoff
U01190,2026-05-03,2026-05-17,1-10,starter,True,2026-05-12,10,8,6,78,8.0,0.6,True,1.25,6,completed_trial_window
U01191,2026-04-09,2026-04-23,11-50,starter,False,,10,6,2,14,0.0,0.2,True,1.6666666666666667,-2,completed_trial_window
U01192,2026-02-21,2026-03-07,not_provided,pro,False,,13,7,5,46,2.0,0.5,True,1.8571428571428572,0,completed_trial_window
U01193,2026-03-05,2026-03-19,not_provided,pro,False,,2,2,2,13,3.0,0.2,True,1.0,-11,completed_trial_window
U01194,2026-01-05,2026-01-19,200+,business,False,,1,1,3,11,95.0,0.3,True,1.0,7,completed_trial_window
U01195,2026-04-02,2026-04-16,200+,pro,True,2026-04-14,6,4,5,41,27.0,0.5,True,1.5,1,completed_trial_window
U01196,2026-03-30,2026-04-13,not_provided,pro,True,2026-04-09,7,5,5,70,25.0,0.5,True,1.4,30,completed_trial_window
U01197,2026-04-10,2026-04-24,51-200,pro,False,,7,5,5,72,6.0,0.5,False,1.4,-4,completed_trial_window
U01198,2026-01-07,2026-01-21,51-200,pro,True,2026-01-15,13,9,9,165,3.0,0.9,True,1.4444444444444444,37,completed_trial_window
U01199,2026-01-08,2026-01-22,51-200,starter,True,2026-01-20,1,1,5,18,57.0,0.5,True,1.0,-4,early_dropoff
U01200,2026-05-16,2026-05-30,51-200,pro,False,,7,6,5,42,30.0,0.5,True,1.1666666666666667,16,completed_trial_window
U01201,2026-03-01,2026-03-15,11-50,starter,False,,8,5,6,48,1.0,0.6,True,1.6,10,completed_trial_window
U01202,2026-03-05,2026-03-19,not_provided,pro,True,2026-03-14,1,1,1,11,57.0,0.1,True,1.0,1,mid_trial_dropoff
U01203,2026-05-17,2026-05-31,not_provided,starter,True,2026-05-25,1,1,4,56,7.0,0.4,True,1.0,10,completed_trial_window
U01204,2026-05-28,2026-06-11,200+,business,False,,6,6,2,14,51.0,0.2,True,1.0,-4,completed_trial_window
U01205,2026-02-14,2026-02-28,11-50,pro,False,,4,4,2,16,43.0,0.2,True,1.0,4,completed_trial_window
U01206,2026-06-01,2026-06-15,51-200,business,False,,5,4,4,36,25.0,0.4,True,1.25,4,completed_trial_window
U01207,2026-04-02,2026-04-16,not_provided,starter,False,,7,6,8,90,17.0,0.8,True,1.1666666666666667,26,completed_trial_window
U01208,2026-04-01,2026-04-15,not_provided,pro,True,2026-04-08,8,6,5,59,1.0,0.5,True,1.3333333333333333,-11,completed_trial_window
U01209,2026-05-25,2026-06-08,11-50,starter,False,,6,5,3,11,5.0,0.3,True,1.2,-11,completed_trial_window
U01210,2026-05-19,2026-06-02,51-200,pro,True,2026-05-31,4,4,4,60,13.0,0.4,True,1.0,-14,completed_trial_window
U01211,2026-01-10,2026-01-24,1-10,starter,False,,11,7,5,58,3.0,0.5,True,1.5714285714285714,10,completed_trial_window
U01212,2026-03-01,2026-03-15,not_provided,pro,True,2026-03-06,5,4,1,3,42.0,0.1,False,1.25,-3,completed_trial_window
U01213,2026-05-15,2026-05-29,200+,starter,False,,7,5,2,5,237.0,0.2,True,1.4,5,completed_trial_window
U01214,2026-03-26,2026-04-09,not_provided,pro,False,,6,6,5,38,90.0,0.5,True,1.0,8,completed_trial_window
U01215,2026-02-03,2026-02-17,51-200,business,True,2026-02-10,4,3,5,44,36.0,0.5,True,1.3333333333333333,10,completed_trial_window
U01216,2026-03-24,2026-04-07,1-10,starter,False,,7,6,6,55,7.0,0.6,True,1.1666666666666667,-9,completed_trial_window
U01217,2026-02-07,2026-02-21,not_provided,business,True,2026-02-14,9,9,6,61,19.0,0.6,False,1.0,-13,completed_trial_window
U01218,2026-01-29,2026-02-12,not_provided,business,False,,1,1,5,20,77.0,0.5,True,1.0,18,early_dropoff
U01219,2026-01-19,2026-02-02,51-200,business,True,2026-01-30,6,4,7,59,27.0,0.7,True,1.5,15,completed_trial_window
U01220,2026-05-31,2026-06-14,1-10,business,False,,7,7,5,28,2.0,0.5,True,1.0,0,completed_trial_window
U01221,2026-03-19,2026-04-02,51-200,pro,True,2026-03-26,10,7,4,36,7.0,0.4,True,1.4285714285714286,-4,completed_trial_window
U01222,2026-04-22,2026-05-06,not_provided,starter,True,2026-05-02,3,3,6,59,0.0,0.6,True,1.0,15,completed_trial_window
U01223,2026-02-14,2026-02-28,not_provided,pro,False,,7,7,3,11,6.0,0.3,False,1.0,-1,completed_trial_window
U01224,2026-06-07,2026-06-21,51-200,pro,False,,7,7,3,27,25.0,0.3,True,1.0,9,completed_trial_window
U01225,2026-05-31,2026-06-14,11-50,starter,False,,1,1,1,4,104.0,0.1,False,1.0,2,completed_trial_window
U01226,2026-03-20,2026-04-03,not_provided,business,True,2026-03-29,1,1,3,23,27.0,0.3,True,1.0,5,early_dropoff
U01227,2026-02-02,2026-02-16,11-50,business,False,,9,7,7,67,4.0,0.7,True,1.2857142857142858,-5,completed_trial_window
U01228,2026-01-01,2026-01-15,not_provided,pro,True,2026-01-12,8,5,6,78,3.0,0.6,True,1.6,-6,completed_trial_window
U01229,2026-05-26,2026-06-09,1-10,pro,True,2026-06-09,6,5,6,62,19.0,0.6,True,1.2,6,completed_trial_window
U01230,2026-03-23,2026-04-06,not_provided,pro,False,,7,7,6,53,31.0,0.6,True,1.0,9,completed_trial_window
U01231,2026-06-13,2026-06-27,not_provided,starter,True,2026-06-25,7,6,5,56,20.0,0.5,True,1.1666666666666667,-22,completed_trial_window
U01232,2026-02-06,2026-02-20,51-200,business,True,2026-02-12,13,9,8,110,7.0,0.8,True,1.4444444444444444,14,completed_trial_window
U01233,2026-03-02,2026-03-16,51-200,business,True,2026-03-09,5,4,3,33,25.0,0.3,True,1.25,-9,completed_trial_window
U01234,2026-06-12,2026-06-26,1-10,business,False,,8,6,7,49,1.0,0.7,True,1.3333333333333333,17,completed_trial_window
U01235,2026-06-13,2026-06-27,not_provided,business,True,2026-06-25,6,4,5,48,6.0,0.5,True,1.5,-10,completed_trial_window
U01236,2026-01-03,2026-01-17,51-200,pro,False,,10,7,4,58,2.0,0.4,True,1.4285714285714286,26,completed_trial_window
U01237,2026-03-05,2026-03-19,not_provided,starter,True,2026-03-15,2,2,5,36,14.0,0.5,True,1.0,-12,completed_trial_window
U01238,2026-03-07,2026-03-21,1-10,business,True,2026-03-12,9,7,6,91,18.0,0.6,True,1.2857142857142858,1,completed_trial_window
U01239,2026-01-13,2026-01-27,200+,starter,False,,9,7,8,103,3.0,0.8,True,1.2857142857142858,-13,mid_trial_dropoff
U01240,2026-04-18,2026-05-02,11-50,starter,False,,2,2,6,50,9.0,0.6,True,1.0,-26,completed_trial_window
U01241,2026-05-07,2026-05-21,200+,business,True,2026-05-20,6,5,7,57,0.0,0.7,True,1.2,3,completed_trial_window
U01242,2026-04-07,2026-04-21,1-10,starter,False,,4,4,8,44,7.0,0.8,True,1.0,-18,completed_trial_window
U01243,2026-05-28,2026-06-11,not_provided,business,True,2026-06-05,10,6,6,75,38.0,0.6,True,1.6666666666666667,1,completed_trial_window
U01244,2026-02-11,2026-02-25,200+,starter,True,2026-02-16,12,8,4,54,47.0,0.4,True,1.5,8,completed_trial_window
U01245,2026-03-17,2026-03-31,1-10,business,True,2026-03-26,4,4,5,43,24.0,0.5,True,1.0,13,completed_trial_window
U01246,2026-01-27,2026-02-10,1-10,business,True,2026-02-03,10,7,7,107,55.0,0.7,True,1.4285714285714286,11,completed_trial_window
U01247,2026-04-07,2026-04-21,11-50,business,False,,11,8,7,93,12.0,0.7,True,1.375,-13,completed_trial_window
U01248,2026-01-20,2026-02-03,not_provided,starter,False,,3,2,4,15,15.0,0.4,False,1.5,1,completed_trial_window
U01249,2026-03-28,2026-04-11,not_provided,pro,False,,3,2,2,16,14.0,0.2,False,1.5,0,early_dropoff
U01250,2026-05-04,2026-05-18,not_provided,starter,False,,2,2,3,22,26.0,0.3,True,1.0,0,completed_trial_window
U01251,2026-04-21,2026-05-05,not_provided,pro,False,,10,5,8,104,16.0,0.8,True,2.0,22,completed_trial_window
U01252,2026-06-05,2026-06-19,200+,pro,True,2026-06-10,8,7,10,135,0.0,1.0,True,1.1428571428571428,9,completed_trial_window
U01253,2026-01-26,2026-02-09,51-200,pro,False,,9,6,3,27,15.0,0.3,True,1.5,9,completed_trial_window
U01254,2026-02-18,2026-03-04,200+,business,False,,10,6,4,29,74.0,0.4,True,1.6666666666666667,9,completed_trial_window
U01255,2026-05-22,2026-06-05,not_provided,business,True,2026-06-04,5,4,5,15,42.0,0.5,True,1.25,1,completed_trial_window
U01256,2026-03-09,2026-03-23,not_provided,business,True,2026-03-18,7,5,4,45,28.0,0.4,True,1.4,5,completed_trial_window
U01257,2026-03-02,2026-03-16,1-10,starter,False,,2,2,3,45,1.0,0.3,False,1.0,17,completed_trial_window
U01258,2026-04-11,2026-04-25,not_provided,pro,False,,7,7,7,83,12.0,0.7,True,1.0,-1,completed_trial_window
U01259,2026-05-06,2026-05-20,11-50,starter,False,,15,10,7,56,41.0,0.7,True,1.5,12,completed_trial_window
U01260,2026-04-03,2026-04-17,1-10,starter,False,,2,2,3,14,13.0,0.3,False,1.0,-6,completed_trial_window
U01261,2026-01-23,2026-02-06,51-200,business,False,,3,2,4,14,11.0,0.4,True,1.5,4,completed_trial_window
U01262,2026-06-10,2026-06-24,not_provided,starter,False,,5,5,1,2,115.0,0.1,True,1.0,-2,completed_trial_window
U01263,2026-02-21,2026-03-07,1-10,starter,False,,5,4,5,29,38.0,0.5,True,1.25,7,completed_trial_window
U01264,2026-02-22,2026-03-08,11-50,business,True,2026-03-03,8,7,5,53,1.0,0.5,True,1.1428571428571428,-11,completed_trial_window
U01265,2026-01-21,2026-02-04,200+,starter,False,,2,2,2,11,78.0,0.2,False,1.0,1,completed_trial_window
U01266,2026-03-20,2026-04-03,200+,starter,False,,2,2,4,22,79.0,0.4,True,1.0,8,mid_trial_dropoff
U01267,2026-05-06,2026-05-20,not_provided,business,False,,7,4,4,24,22.0,0.4,True,1.75,0,completed_trial_window
U01268,2026-01-24,2026-02-07,not_provided,pro,False,,9,6,5,67,9.0,0.5,True,1.5,7,completed_trial_window
U01269,2026-04-10,2026-04-24,11-50,business,False,,7,4,5,33,5.0,0.5,True,1.75,1,completed_trial_window
U01270,2026-04-08,2026-04-22,51-200,pro,True,2026-04-20,7,7,3,16,152.0,0.3,False,1.0,8,completed_trial_window
U01271,2026-01-12,2026-01-26,51-200,starter,False,,14,9,8,118,7.0,0.8,True,1.5555555555555556,30,completed_trial_window
U01272,2026-04-30,2026-05-14,51-200,pro,False,,4,4,4,19,31.0,0.4,True,1.0,1,mid_trial_dropoff
U01273,2026-03-10,2026-03-24,not_provided,starter,False,,11,9,7,98,2.0,0.7,True,1.2222222222222223,2,completed_trial_window
U01274,2026-02-08,2026-02-22,not_provided,business,False,,7,4,3,25,46.0,0.3,True,1.75,5,completed_trial_window
U01275,2026-01-25,2026-02-08,1-10,business,False,,5,5,4,42,13.0,0.4,True,1.0,6,completed_trial_window
U01276,2026-03-30,2026-04-13,not_provided,starter,False,,8,8,8,53,31.0,0.8,True,1.0,-11,completed_trial_window
U01277,2026-05-31,2026-06-14,11-50,pro,False,,9,7,5,59,15.0,0.5,True,1.2857142857142858,-3,completed_trial_window
U01278,2026-01-16,2026-01-30,200+,pro,False,,5,5,1,4,286.0,0.1,True,1.0,4,completed_trial_window
U01279,2026-04-18,2026-05-02,not_provided,business,True,2026-04-30,8,6,6,124,14.0,0.6,True,1.3333333333333333,84,completed_trial_window
U01280,2026-05-27,2026-06-10,11-50,starter,False,,9,8,5,75,32.0,0.5,True,1.125,-3,completed_trial_window
U01281,2026-03-18,2026-04-01,1-10,starter,False,,4,4,3,23,5.0,0.3,True,1.0,-5,completed_trial_window
U01282,2026-01-09,2026-01-23,not_provided,pro,False,,7,7,2,12,8.0,0.2,False,1.0,-2,completed_trial_window
U01283,2026-05-13,2026-05-27,not_provided,business,True,2026-05-27,2,2,6,29,29.0,0.6,True,1.0,3,completed_trial_window
U01284,2026-02-07,2026-02-21,1-10,starter,False,,3,3,2,15,183.0,0.2,False,1.0,15,completed_trial_window
U01285,2026-02-14,2026-02-28,11-50,pro,False,,7,6,3,23,41.0,0.3,True,1.1666666666666667,3,completed_trial_window
U01286,2026-02-19,2026-03-05,11-50,starter,False,,4,4,3,18,52.0,0.3,True,1.0,6,completed_trial_window
U01287,2026-04-19,2026-05-03,1-10,business,False,,11,7,4,47,16.0,0.4,False,1.5714285714285714,3,completed_trial_window
U01288,2026-04-22,2026-05-06,11-50,business,False,,12,8,7,77,2.0,0.7,True,1.5,-7,completed_trial_window
U01289,2026-02-07,2026-02-21,not_provided,business,False,,7,5,6,28,0.0,0.6,True,1.4,-12,completed_trial_window
U01290,2026-03-23,2026-04-06,not_provided,starter,False,,6,5,4,22,101.0,0.4,True,1.2,2,completed_trial_window
U01291,2026-01-23,2026-02-06,200+,pro,False,,2,2,2,8,69.0,0.2,True,1.0,0,completed_trial_window
U01292,2026-04-12,2026-04-26,not_provided,business,False,,13,7,7,78,30.0,0.7,True,1.8571428571428572,14,completed_trial_window
U01293,2026-03-12,2026-03-26,not_provided,starter,True,2026-03-17,6,6,4,31,73.0,0.4,True,1.0,5,completed_trial_window
U01294,2026-06-09,2026-06-23,not_provided,pro,True,2026-06-20,9,8,4,24,16.0,0.4,False,1.125,-20,completed_trial_window
U01295,2026-01-29,2026-02-12,200+,pro,False,,9,7,8,102,6.0,0.8,True,1.2857142857142858,4,completed_trial_window
U01296,2026-02-07,2026-02-21,not_provided,pro,True,2026-02-21,5,4,5,43,42.0,0.5,True,1.25,11,mid_trial_dropoff
U01297,2026-01-26,2026-02-09,1-10,pro,True,2026-02-01,6,4,3,42,2.0,0.3,True,1.5,4,completed_trial_window
U01298,2026-03-15,2026-03-29,not_provided,business,False,,5,5,4,21,0.0,0.4,True,1.0,3,completed_trial_window
U01299,2026-04-16,2026-04-30,51-200,starter,False,,4,4,4,52,12.0,0.4,True,1.0,-10,completed_trial_window
U01300,2026-05-05,2026-05-19,not_provided,pro,False,,11,8,8,73,1.0,0.8,True,1.375,-19,completed_trial_window
U01301,2026-05-02,2026-05-16,1-10,pro,False,,6,5,2,18,54.0,0.2,True,1.2,2,completed_trial_window
U01302,2026-03-12,2026-03-26,200+,pro,True,2026-03-26,4,4,5,46,12.0,0.5,False,1.0,2,completed_trial_window
U01303,2026-06-05,2026-06-19,not_provided,business,False,,8,5,5,38,15.0,0.5,True,1.6,-2,completed_trial_window
U01304,2026-04-13,2026-04-27,1-10,starter,True,2026-04-23,4,3,8,113,8.0,0.8,True,1.3333333333333333,-1,completed_trial_window
U01305,2026-03-02,2026-03-16,1-10,business,False,,8,5,6,33,20.0,0.6,True,1.6,-3,completed_trial_window
U01306,2026-05-02,2026-05-16,51-200,business,False,,3,3,5,42,37.0,0.5,True,1.0,-16,completed_trial_window
U01307,2026-01-06,2026-01-20,51-200,business,True,2026-01-15,4,4,1,8,117.0,0.1,False,1.0,0,completed_trial_window
U01308,2026-03-13,2026-03-27,200+,business,False,,4,4,4,29,0.0,0.4,True,1.0,-15,completed_trial_window
U01309,2026-01-26,2026-02-09,11-50,pro,False,,11,7,3,26,21.0,0.3,True,1.5714285714285714,16,completed_trial_window
U01310,2026-03-18,2026-04-01,not_provided,starter,False,,5,5,6,42,20.0,0.6,True,1.0,6,completed_trial_window
U01311,2026-03-24,2026-04-07,51-200,business,False,,4,2,3,28,23.0,0.3,False,2.0,16,completed_trial_window
U01312,2026-04-17,2026-05-01,not_provided,business,False,,12,6,4,25,3.0,0.4,False,2.0,-1,mid_trial_dropoff
U01313,2026-01-23,2026-02-06,11-50,starter,False,,6,6,5,39,53.0,0.5,True,1.0,15,completed_trial_window
U01314,2026-02-24,2026-03-10,200+,business,True,2026-03-08,8,8,6,66,3.0,0.6,True,1.0,8,completed_trial_window
U01315,2026-05-13,2026-05-27,51-200,starter,False,,9,8,3,20,13.0,0.3,True,1.125,-10,completed_trial_window
U01316,2026-05-12,2026-05-26,11-50,starter,True,2026-05-21,3,3,3,23,97.0,0.3,False,1.0,7,completed_trial_window
U01317,2026-05-10,2026-05-24,200+,pro,True,2026-05-23,11,8,8,145,2.0,0.8,True,1.375,15,completed_trial_window
U01318,2026-05-26,2026-06-09,1-10,pro,True,2026-06-03,15,9,7,103,7.0,0.7,True,1.6666666666666667,1,completed_trial_window
U01319,2026-02-21,2026-03-07,1-10,pro,True,2026-02-26,8,8,4,40,51.0,0.4,True,1.0,8,completed_trial_window
U01320,2026-04-27,2026-05-11,1-10,business,False,,6,6,5,43,39.0,0.5,True,1.0,27,completed_trial_window
U01321,2026-02-20,2026-03-06,51-200,business,True,2026-03-04,12,10,7,144,11.0,0.7,True,1.2,28,completed_trial_window
U01322,2026-05-10,2026-05-24,200+,business,True,2026-05-16,6,5,4,39,22.0,0.4,True,1.2,13,completed_trial_window
U01323,2026-01-08,2026-01-22,11-50,business,True,2026-01-20,5,5,7,83,5.0,0.7,True,1.0,-5,completed_trial_window
U01324,2026-06-02,2026-06-16,200+,pro,False,,7,5,4,38,27.0,0.4,True,1.4,4,completed_trial_window
U01325,2026-05-02,2026-05-16,not_provided,pro,True,2026-05-12,10,5,8,123,2.0,0.8,True,2.0,13,mid_trial_dropoff
U01326,2026-03-30,2026-04-13,11-50,business,False,,7,5,5,26,29.0,0.5,True,1.4,4,completed_trial_window
U01327,2026-01-24,2026-02-07,51-200,starter,False,,5,5,4,29,8.0,0.4,True,1.0,5,completed_trial_window
U01328,2026-04-09,2026-04-23,1-10,pro,False,,7,6,3,24,21.0,0.3,False,1.1666666666666667,-12,completed_trial_window
U01329,2026-05-27,2026-06-10,11-50,pro,False,,4,3,4,16,99.0,0.4,True,1.3333333333333333,0,completed_trial_window
U01330,2026-06-15,2026-06-29,11-50,business,True,2026-06-23,3,3,1,3,102.0,0.1,False,1.0,-3,completed_trial_window
U01331,2026-03-10,2026-03-24,not_provided,starter,False,,4,4,1,3,81.0,0.1,False,1.0,-3,completed_trial_window
U01332,2026-05-12,2026-05-26,1-10,business,True,2026-05-17,8,6,3,33,9.0,0.3,True,1.3333333333333333,1,completed_trial_window
U01333,2026-05-02,2026-05-16,11-50,business,True,2026-05-09,6,6,4,38,14.0,0.4,True,1.0,6,completed_trial_window
U01334,2026-06-03,2026-06-17,1-10,pro,False,,1,1,3,15,95.0,0.3,True,1.0,11,mid_trial_dropoff
U01335,2026-03-06,2026-03-20,not_provided,business,True,2026-03-15,4,3,5,79,18.0,0.5,True,1.3333333333333333,-13,completed_trial_window
U01336,2026-04-19,2026-05-03,200+,business,True,2026-05-01,11,8,2,9,147.0,0.2,False,1.375,-5,completed_trial_window
U01337,2026-03-06,2026-03-20,11-50,starter,False,,5,5,1,16,70.0,0.1,False,1.0,14,completed_trial_window
U01338,2026-03-19,2026-04-02,not_provided,pro,False,,4,4,1,2,106.0,0.1,False,1.0,0,completed_trial_window
U01339,2026-06-09,2026-06-23,200+,pro,False,,8,7,7,73,1.0,0.7,True,1.1428571428571428,-9,completed_trial_window
U01340,2026-01-27,2026-02-10,1-10,pro,True,2026-02-06,1,1,1,19,70.0,0.1,True,1.0,9,completed_trial_window
U01341,2026-05-24,2026-06-07,not_provided,pro,True,2026-06-07,5,4,1,2,334.0,0.1,False,1.25,2,completed_trial_window
U01342,2026-03-14,2026-03-28,51-200,business,False,,3,2,5,31,0.0,0.5,True,1.5,5,completed_trial_window
U01343,2026-01-28,2026-02-11,200+,starter,False,,4,3,4,21,12.0,0.4,True,1.3333333333333333,17,completed_trial_window
U01344,2026-03-28,2026-04-11,51-200,business,False,,11,7,2,13,36.0,0.2,False,1.5714285714285714,11,completed_trial_window
U01345,2026-03-25,2026-04-08,51-200,business,False,,6,4,4,37,19.0,0.4,True,1.5,-7,completed_trial_window
U01346,2026-06-16,2026-06-30,51-200,pro,False,,5,4,6,59,69.0,0.6,True,1.25,31,completed_trial_window
U01347,2026-02-08,2026-02-22,not_provided,pro,False,,3,3,7,57,20.0,0.7,True,1.0,9,completed_trial_window
U01348,2026-01-15,2026-01-29,not_provided,starter,False,,9,6,10,80,13.0,1.0,True,1.5,38,completed_trial_window
U01349,2026-03-23,2026-04-06,not_provided,pro,False,,5,5,5,29,19.0,0.5,True,1.0,13,completed_trial_window
U01350,2026-01-07,2026-01-21,not_provided,starter,False,,7,6,9,105,3.0,0.9,True,1.1666666666666667,11,completed_trial_window
U01351,2026-03-17,2026-03-31,51-200,starter,True,2026-03-28,9,6,4,54,12.0,0.4,True,1.5,8,completed_trial_window
U01352,2026-04-10,2026-04-24,not_provided,starter,False,,7,4,7,54,24.0,0.7,True,1.75,10,completed_trial_window
U01353,2026-05-30,2026-06-13,not_provided,pro,False,,11,10,8,61,18.0,0.8,True,1.1,29,completed_trial_window
U01354,2026-02-18,2026-03-04,51-200,business,False,,8,7,4,40,4.0,0.4,True,1.1428571428571428,16,completed_trial_window
U01355,2026-02-26,2026-03-12,not_provided,pro,False,,6,5,7,64,3.0,0.7,True,1.2,6,completed_trial_window
U01356,2026-06-13,2026-06-27,200+,business,False,,3,3,3,23,25.0,0.3,True,1.0,9,completed_trial_window
U01357,2026-04-02,2026-04-16,not_provided,business,True,2026-04-09,5,4,4,36,26.0,0.4,True,1.25,-8,completed_trial_window
U01358,2026-05-23,2026-06-06,11-50,business,True,2026-05-29,5,4,4,53,3.0,0.4,True,1.25,5,completed_trial_window
U01359,2026-05-01,2026-05-15,11-50,business,True,2026-05-10,7,6,2,22,3.0,0.2,False,1.1666666666666667,6,completed_trial_window
U01360,2026-05-24,2026-06-07,11-50,business,False,,4,4,4,21,45.0,0.4,True,1.0,7,completed_trial_window
U01361,2026-03-27,2026-04-10,not_provided,starter,False,,10,5,7,58,20.0,0.7,True,2.0,6,completed_trial_window
U01362,2026-02-26,2026-03-12,51-200,pro,False,,8,6,5,35,10.0,0.5,True,1.3333333333333333,5,completed_trial_window
U01363,2026-03-20,2026-04-03,200+,business,False,,2,2,3,14,50.0,0.3,False,1.0,-12,completed_trial_window
U01364,2026-04-06,2026-04-20,51-200,pro,True,2026-04-15,11,6,4,61,2.0,0.4,True,1.8333333333333333,-1,completed_trial_window
U01365,2026-04-29,2026-05-13,1-10,starter,True,2026-05-04,12,9,6,78,14.0,0.6,True,1.3333333333333333,-24,completed_trial_window
U01366,2026-06-12,2026-06-26,not_provided,pro,False,,13,8,5,60,1.0,0.5,True,1.625,14,completed_trial_window
U01367,2026-06-08,2026-06-22,1-10,starter,True,2026-06-16,4,3,2,21,77.0,0.2,True,1.3333333333333333,-7,completed_trial_window
U01368,2026-05-09,2026-05-23,1-10,business,False,,2,2,3,12,1.0,0.3,False,1.0,-2,mid_trial_dropoff
U01369,2026-04-08,2026-04-22,not_provided,business,False,,5,5,4,38,10.0,0.4,True,1.0,-16,completed_trial_window
U01370,2026-04-16,2026-04-30,1-10,pro,True,2026-04-23,7,6,4,26,4.0,0.4,True,1.1666666666666667,10,completed_trial_window
U01371,2026-02-21,2026-03-07,51-200,starter,True,2026-03-07,10,7,7,108,3.0,0.7,True,1.4285714285714286,48,completed_trial_window
U01372,2026-04-28,2026-05-12,11-50,business,False,,3,3,1,2,219.0,0.1,False,1.0,2,completed_trial_window
U01373,2026-02-16,2026-03-02,1-10,starter,True,2026-02-26,5,4,6,57,1.0,0.6,True,1.25,-3,completed_trial_window
U01374,2026-06-11,2026-06-25,11-50,business,False,,3,3,5,47,5.0,0.5,True,1.0,13,completed_trial_window
U01375,2026-06-12,2026-06-26,1-10,starter,True,2026-06-24,5,5,3,28,23.0,0.3,True,1.0,16,completed_trial_window
U01376,2026-03-12,2026-03-26,11-50,pro,True,2026-03-26,13,9,4,31,46.0,0.4,True,1.4444444444444444,7,completed_trial_window
U01377,2026-02-10,2026-02-24,200+,starter,False,,8,6,3,14,0.0,0.3,True,1.3333333333333333,-6,completed_trial_window
U01378,2026-02-03,2026-02-17,not_provided,starter,False,,3,3,7,33,6.0,0.7,True,1.0,1,completed_trial_window
U01379,2026-06-12,2026-06-26,200+,starter,True,2026-06-23,9,6,6,94,13.0,0.6,True,1.5,24,completed_trial_window
U01380,2026-05-03,2026-05-17,200+,starter,True,2026-05-08,7,5,3,17,15.0,0.3,True,1.4,-5,completed_trial_window
U01381,2026-05-17,2026-05-31,11-50,business,False,,4,4,4,20,28.0,0.4,True,1.0,-2,mid_trial_dropoff
U01382,2026-04-06,2026-04-20,1-10,business,False,,1,1,1,7,215.0,0.1,False,1.0,7,completed_trial_window
U01383,2026-05-16,2026-05-30,11-50,starter,True,2026-05-21,14,9,6,67,17.0,0.6,False,1.5555555555555556,1,completed_trial_window
U01384,2026-06-10,2026-06-24,not_provided,pro,True,2026-06-18,6,5,8,97,3.0,0.8,True,1.2,-9,completed_trial_window
U01385,2026-03-30,2026-04-13,51-200,pro,True,2026-04-05,7,6,3,21,52.0,0.3,True,1.1666666666666667,1,completed_trial_window
U01386,2026-04-09,2026-04-23,not_provided,pro,False,,3,3,5,24,52.0,0.5,True,1.0,10,completed_trial_window
U01387,2026-03-20,2026-04-03,11-50,starter,False,,8,8,4,21,23.0,0.4,True,1.0,7,completed_trial_window
U01388,2026-01-12,2026-01-26,51-200,business,False,,5,4,2,9,88.0,0.2,False,1.25,-5,completed_trial_window
U01389,2026-04-27,2026-05-11,not_provided,pro,True,2026-05-11,10,8,4,39,8.0,0.4,False,1.25,-3,completed_trial_window
U01390,2026-05-15,2026-05-29,51-200,starter,False,,2,2,1,3,138.0,0.1,False,1.0,1,completed_trial_window
U01391,2026-02-04,2026-02-18,51-200,starter,False,,9,7,6,69,10.0,0.6,True,1.2857142857142858,-3,completed_trial_window
U01392,2026-04-02,2026-04-16,11-50,pro,False,,3,3,4,18,14.0,0.4,True,1.0,0,mid_trial_dropoff
U01393,2026-04-14,2026-04-28,1-10,pro,False,,6,5,5,44,26.0,0.5,True,1.2,22,completed_trial_window
U01394,2026-02-27,2026-03-13,not_provided,pro,False,,10,7,4,27,13.0,0.4,True,1.4285714285714286,9,completed_trial_window
U01395,2026-02-24,2026-03-10,not_provided,starter,False,,5,5,3,16,59.0,0.3,False,1.0,6,completed_trial_window
U01396,2026-05-31,2026-06-14,not_provided,pro,False,,9,7,1,12,63.0,0.1,False,1.2857142857142858,2,completed_trial_window
U01397,2026-02-01,2026-02-15,51-200,business,True,2026-02-06,3,2,6,34,2.0,0.6,True,1.5,-4,mid_trial_dropoff
U01398,2026-04-07,2026-04-21,not_provided,business,False,,10,7,7,67,4.0,0.7,True,1.4285714285714286,15,completed_trial_window
U01399,2026-05-17,2026-05-31,not_provided,starter,False,,6,4,1,1,175.0,0.1,False,1.5,1,completed_trial_window
U01400,2026-06-02,2026-06-16,1-10,business,True,2026-06-08,4,4,5,58,17.0,0.5,True,1.0,26,completed_trial_window
U01401,2026-01-06,2026-01-20,1-10,business,False,,3,3,2,4,126.0,0.2,True,1.0,0,completed_trial_window
U01402,2026-01-30,2026-02-13,200+,starter,False,,3,3,1,3,168.0,0.1,False,1.0,3,completed_trial_window
U01403,2026-04-08,2026-04-22,1-10,pro,False,,8,6,2,14,42.0,0.2,False,1.3333333333333333,6,completed_trial_window
U01404,2026-03-06,2026-03-20,200+,business,True,2026-03-13,12,7,7,114,2.0,0.7,True,1.7142857142857142,48,completed_trial_window
U01405,2026-02-22,2026-03-08,not_provided,business,False,,5,4,2,10,8.0,0.2,True,1.25,-8,mid_trial_dropoff
U01406,2026-06-11,2026-06-25,1-10,business,True,2026-06-22,7,7,5,40,10.0,0.5,True,1.0,6,completed_trial_window
U01407,2026-01-26,2026-02-09,not_provided,pro,False,,1,1,3,6,95.0,0.3,True,1.0,4,mid_trial_dropoff
U01408,2026-03-11,2026-03-25,not_provided,pro,False,,5,4,2,32,11.0,0.2,False,1.25,-2,completed_trial_window
U01409,2026-02-05,2026-02-19,200+,starter,False,,5,5,8,58,18.0,0.8,True,1.0,6,completed_trial_window
U01410,2026-05-11,2026-05-25,not_provided,pro,True,2026-05-17,11,8,7,83,2.0,0.7,True,1.375,9,completed_trial_window
U01411,2026-03-14,2026-03-28,1-10,starter,False,,10,8,6,39,18.0,0.6,True,1.25,-3,completed_trial_window
U01412,2026-05-08,2026-05-22,11-50,pro,False,,10,10,5,45,8.0,0.5,True,1.0,-19,completed_trial_window
U01413,2026-02-21,2026-03-07,51-200,pro,False,,6,6,3,5,175.0,0.3,False,1.0,5,completed_trial_window
U01414,2026-02-21,2026-03-07,51-200,business,True,2026-03-04,10,8,8,83,28.0,0.8,True,1.25,35,completed_trial_window
U01415,2026-03-17,2026-03-31,11-50,starter,False,,3,3,2,9,97.0,0.2,True,1.0,-5,completed_trial_window
U01416,2026-05-21,2026-06-04,200+,pro,False,,4,3,5,37,26.0,0.5,False,1.3333333333333333,15,completed_trial_window
U01417,2026-05-04,2026-05-18,51-200,pro,False,,4,4,4,15,17.0,0.4,True,1.0,-15,mid_trial_dropoff
U01418,2026-01-01,2026-01-15,1-10,business,True,2026-01-07,2,2,3,15,4.0,0.3,True,1.0,-3,completed_trial_window
U01419,2026-01-29,2026-02-12,not_provided,business,False,,5,5,5,62,14.0,0.5,True,1.0,2,completed_trial_window
U01420,2026-05-07,2026-05-21,11-50,starter,True,2026-05-20,3,3,5,48,39.0,0.5,True,1.0,-2,completed_trial_window
U01421,2026-01-20,2026-02-03,not_provided,business,False,,7,7,2,16,66.0,0.2,False,1.0,10,completed_trial_window
U01422,2026-01-26,2026-02-09,51-200,business,False,,9,6,2,12,90.0,0.2,True,1.5,0,completed_trial_window
U01423,2026-03-01,2026-03-15,200+,business,False,,1,1,1,5,88.0,0.1,False,1.0,-3,early_dropoff
U01424,2026-03-09,2026-03-23,200+,starter,False,,15,10,8,99,2.0,0.8,True,1.5,-9,completed_trial_window
U01425,2026-01-26,2026-02-09,11-50,starter,True,2026-02-04,13,9,6,109,11.0,0.6,True,1.4444444444444444,-1,completed_trial_window
U01426,2026-04-03,2026-04-17,not_provided,business,False,,6,6,4,25,2.0,0.4,True,1.0,-3,completed_trial_window
U01427,2026-04-20,2026-05-04,not_provided,starter,False,,1,1,4,23,34.0,0.4,True,1.0,11,completed_trial_window
U01428,2026-01-25,2026-02-08,1-10,starter,True,2026-02-01,1,1,3,19,31.0,0.3,True,1.0,-5,early_dropoff
U01429,2026-06-15,2026-06-29,11-50,business,False,,3,3,6,65,9.0,0.6,True,1.0,-27,completed_trial_window
U01430,2026-04-02,2026-04-16,200+,pro,True,2026-04-11,5,4,4,33,70.0,0.4,True,1.25,-15,completed_trial_window
U01431,2026-01-24,2026-02-07,51-200,business,False,,6,5,1,19,19.0,0.1,False,1.2,-5,completed_trial_window
U01432,2026-02-16,2026-03-02,1-10,starter,False,,3,3,2,24,33.0,0.2,True,1.0,4,mid_trial_dropoff
U01433,2026-04-13,2026-04-27,200+,business,False,,1,1,3,15,6.0,0.3,False,1.0,-7,completed_trial_window
U01434,2026-04-09,2026-04-23,not_provided,starter,False,,6,6,2,14,73.0,0.2,False,1.0,-2,completed_trial_window
U01435,2026-04-18,2026-05-02,not_provided,pro,False,,3,3,1,6,109.0,0.1,False,1.0,2,completed_trial_window
U01436,2026-01-29,2026-02-12,11-50,business,True,2026-02-03,5,5,6,71,8.0,0.6,True,1.0,-33,completed_trial_window
U01437,2026-02-10,2026-02-24,1-10,starter,False,,5,5,4,32,5.0,0.4,True,1.0,-8,completed_trial_window
U01438,2026-06-01,2026-06-15,200+,pro,False,,10,8,7,49,4.0,0.7,True,1.25,5,completed_trial_window
U01439,2026-04-23,2026-05-07,11-50,pro,False,,6,5,4,17,20.0,0.4,False,1.2,1,completed_trial_window
U01440,2026-04-08,2026-04-22,51-200,pro,False,,3,3,8,103,7.0,0.8,True,1.0,15,completed_trial_window
U01441,2026-01-08,2026-01-22,not_provided,business,True,2026-01-15,10,8,6,43,4.0,0.6,True,1.25,-3,completed_trial_window
U01442,2026-05-04,2026-05-18,200+,starter,True,2026-05-15,6,6,8,113,31.0,0.8,True,1.0,-17,completed_trial_window
U01443,2026-04-23,2026-05-07,1-10,starter,True,2026-05-02,2,2,1,2,340.0,0.1,False,1.0,2,early_dropoff
U01444,2026-03-22,2026-04-05,1-10,business,False,,3,3,3,9,5.0,0.3,True,1.0,7,completed_trial_window
U01445,2026-05-15,2026-05-29,not_provided,pro,False,,5,4,1,8,64.0,0.1,True,1.25,0,completed_trial_window
U01446,2026-05-25,2026-06-08,11-50,business,False,,8,7,7,84,10.0,0.7,True,1.1428571428571428,-4,completed_trial_window
U01447,2026-03-28,2026-04-11,not_provided,pro,False,,2,2,4,12,121.0,0.4,True,1.0,8,mid_trial_dropoff
U01448,2026-06-08,2026-06-22,1-10,starter,False,,4,4,5,64,3.0,0.5,True,1.0,22,mid_trial_dropoff
U01449,2026-03-05,2026-03-19,200+,business,True,2026-03-16,7,6,4,28,39.0,0.4,True,1.1666666666666667,14,completed_trial_window
U01450,2026-02-08,2026-02-22,not_provided,pro,False,,5,4,7,60,3.0,0.7,True,1.25,-4,completed_trial_window
U01451,2026-01-14,2026-01-28,1-10,business,True,2026-01-21,6,4,7,111,5.0,0.7,True,1.5,-1,completed_trial_window
U01452,2026-05-10,2026-05-24,200+,starter,False,,3,3,2,12,37.0,0.2,True,1.0,-10,mid_trial_dropoff
U01453,2026-02-12,2026-02-26,1-10,starter,False,,8,8,1,6,214.0,0.1,False,1.0,6,completed_trial_window
U01454,2026-03-24,2026-04-07,11-50,business,True,2026-04-02,5,5,7,53,0.0,0.7,True,1.0,-19,completed_trial_window
U01455,2026-01-13,2026-01-27,not_provided,pro,False,,4,4,3,22,32.0,0.3,True,1.0,-6,completed_trial_window
U01456,2026-05-21,2026-06-04,not_provided,starter,True,2026-06-01,6,5,5,55,24.0,0.5,True,1.2,37,completed_trial_window
U01457,2026-03-02,2026-03-16,1-10,starter,False,,8,7,5,26,21.0,0.5,False,1.1428571428571428,-2,completed_trial_window
U01458,2026-04-24,2026-05-08,not_provided,starter,True,2026-04-30,3,3,3,18,14.0,0.3,True,1.0,0,completed_trial_window
U01459,2026-05-08,2026-05-22,200+,business,True,2026-05-14,10,9,7,88,23.0,0.7,True,1.1111111111111112,40,completed_trial_window
U01460,2026-05-08,2026-05-22,not_provided,business,False,,10,7,6,62,4.0,0.6,True,1.4285714285714286,-2,completed_trial_window
U01461,2026-01-05,2026-01-19,1-10,starter,False,,4,4,5,23,19.0,0.5,True,1.0,-23,completed_trial_window
U01462,2026-04-16,2026-04-30,1-10,pro,False,,4,4,1,4,304.0,0.1,False,1.0,4,completed_trial_window
U01463,2026-05-21,2026-06-04,1-10,starter,True,2026-06-04,6,5,7,69,5.0,0.7,True,1.2,19,completed_trial_window
U01464,2026-06-08,2026-06-22,not_provided,business,True,2026-06-21,9,7,9,108,7.0,0.9,True,1.2857142857142858,-12,completed_trial_window
U01465,2026-05-24,2026-06-07,11-50,business,True,2026-06-05,9,7,4,44,1.0,0.4,True,1.2857142857142858,4,completed_trial_window
U01466,2026-03-29,2026-04-12,51-200,starter,False,,2,2,4,20,9.0,0.4,True,1.0,-6,mid_trial_dropoff
U01467,2026-02-27,2026-03-13,200+,business,False,,12,7,2,22,39.0,0.2,False,1.7142857142857142,-8,completed_trial_window
U01468,2026-05-24,2026-06-07,not_provided,pro,True,2026-06-05,6,4,5,48,34.0,0.5,True,1.5,10,completed_trial_window
U01469,2026-04-04,2026-04-18,not_provided,starter,False,,1,1,1,10,73.0,0.1,False,1.0,0,mid_trial_dropoff
U01470,2026-01-30,2026-02-13,1-10,business,False,,5,4,4,16,159.0,0.4,True,1.25,10,completed_trial_window
U01471,2026-02-26,2026-03-12,1-10,business,False,,9,8,6,21,34.0,0.6,True,1.125,-3,completed_trial_window
U01472,2026-04-01,2026-04-15,not_provided,business,True,2026-04-14,6,6,7,112,0.0,0.7,True,1.0,24,completed_trial_window
U01473,2026-05-14,2026-05-28,51-200,business,True,2026-05-20,6,5,5,43,17.0,0.5,True,1.2,-11,completed_trial_window
U01474,2026-01-12,2026-01-26,11-50,starter,False,,9,7,7,77,9.0,0.7,True,1.2857142857142858,21,completed_trial_window
U01475,2026-02-05,2026-02-19,not_provided,business,True,2026-02-16,6,6,2,13,105.0,0.2,True,1.0,5,completed_trial_window
U01476,2026-01-28,2026-02-11,51-200,pro,False,,6,6,6,31,8.0,0.6,True,1.0,5,completed_trial_window
U01477,2026-02-20,2026-03-06,11-50,starter,False,,3,3,1,9,64.0,0.1,False,1.0,7,completed_trial_window
U01478,2026-04-11,2026-04-25,11-50,starter,False,,8,5,5,31,101.0,0.5,True,1.6,1,completed_trial_window
U01479,2026-02-18,2026-03-04,not_provided,business,True,2026-02-24,12,8,6,80,11.0,0.6,True,1.5,-12,completed_trial_window
U01480,2026-04-17,2026-05-01,1-10,business,False,,2,2,5,48,2.0,0.5,True,1.0,24,completed_trial_window
U01481,2026-05-31,2026-06-14,1-10,starter,False,,5,5,5,43,9.0,0.5,True,1.0,-9,completed_trial_window
U01482,2026-04-28,2026-05-12,not_provided,pro,False,,9,6,3,23,28.0,0.3,False,1.5,-7,completed_trial_window
U01483,2026-05-10,2026-05-24,11-50,starter,False,,5,3,4,26,3.0,0.4,True,1.6666666666666667,-10,completed_trial_window
U01484,2026-01-02,2026-01-16,not_provided,business,False,,5,5,5,54,32.0,0.5,True,1.0,-6,completed_trial_window
U01485,2026-01-13,2026-01-27,not_provided,starter,True,2026-01-27,4,4,2,5,151.0,0.2,False,1.0,3,completed_trial_window
U01486,2026-05-04,2026-05-18,not_provided,pro,True,2026-05-18,5,4,3,41,24.0,0.3,True,1.25,9,completed_trial_window
U01487,2026-02-14,2026-02-28,not_provided,pro,True,2026-02-20,10,8,6,47,2.0,0.6,True,1.25,-7,completed_trial_window
U01488,2026-04-10,2026-04-24,not_provided,pro,False,,3,3,3,12,10.0,0.3,True,1.0,-8,completed_trial_window
U01489,2026-06-05,2026-06-19,51-200,pro,True,2026-06-16,7,5,7,78,11.0,0.7,True,1.4,10,completed_trial_window
U01490,2026-04-18,2026-05-02,not_provided,business,True,2026-04-26,8,7,3,13,0.0,0.3,False,1.1428571428571428,-3,completed_trial_window
U01491,2026-03-12,2026-03-26,200+,business,False,,10,8,7,37,27.0,0.7,True,1.25,13,completed_trial_window
U01492,2026-03-17,2026-03-31,200+,pro,True,2026-03-24,15,11,7,103,1.0,0.7,True,1.3636363636363635,23,completed_trial_window
U01493,2026-04-16,2026-04-30,not_provided,business,False,,2,2,4,35,3.0,0.4,True,1.0,1,mid_trial_dropoff
U01494,2026-05-12,2026-05-26,51-200,business,False,,6,6,7,41,10.0,0.7,True,1.0,-19,completed_trial_window
U01495,2026-05-21,2026-06-04,51-200,business,False,,4,4,2,5,147.0,0.2,True,1.0,1,completed_trial_window
U01496,2026-05-22,2026-06-05,not_provided,pro,True,2026-05-30,4,3,6,64,14.0,0.6,True,1.3333333333333333,0,completed_trial_window
U01497,2026-02-23,2026-03-09,not_provided,business,False,,4,4,4,27,36.0,0.4,True,1.0,3,completed_trial_window
U01498,2026-03-16,2026-03-30,not_provided,business,True,2026-03-23,5,5,1,5,229.0,0.1,False,1.0,5,completed_trial_window
U01499,2026-06-16,2026-06-30,11-50,pro,True,2026-06-29,5,5,2,10,8.0,0.2,False,1.0,-10,completed_trial_window
U01500,2026-06-13,2026-06-27,51-200,business,True,2026-06-19,14,9,3,31,0.0,0.3,True,1.5555555555555556,-9,completed_trial_window
U01501,2026-04-01,2026-04-15,not_provided,starter,True,2026-04-15,3,3,3,28,54.0,0.3,True,1.0,14,completed_trial_window
U01502,2026-05-27,2026-06-10,not_provided,business,False,,5,5,3,10,84.0,0.3,False,1.0,8,completed_trial_window
U01503,2026-04-17,2026-05-01,not_provided,business,False,,1,1,7,42,6.0,0.7,True,1.0,-14,completed_trial_window
U01504,2026-05-17,2026-05-31,51-200,starter,True,2026-05-22,6,6,7,83,12.0,0.7,True,1.0,-3,completed_trial_window
U01505,2026-05-14,2026-05-28,1-10,starter,True,2026-05-25,7,7,5,55,6.0,0.5,True,1.0,9,completed_trial_window
U01506,2026-02-07,2026-02-21,1-10,business,False,,3,2,6,17,48.0,0.6,True,1.5,-9,mid_trial_dropoff
U01507,2026-01-15,2026-01-29,11-50,business,True,2026-01-22,1,1,3,20,25.0,0.3,True,1.0,0,completed_trial_window
U01508,2026-03-15,2026-03-29,not_provided,business,True,2026-03-22,5,5,2,8,231.0,0.2,False,1.0,8,completed_trial_window
U01509,2026-01-16,2026-01-30,not_provided,business,True,2026-01-24,12,7,8,68,7.0,0.8,True,1.7142857142857142,30,completed_trial_window
U01510,2026-05-19,2026-06-02,1-10,business,False,,10,8,5,61,12.0,0.5,True,1.25,-5,completed_trial_window
U01511,2026-04-26,2026-05-10,1-10,pro,False,,2,2,4,33,28.0,0.4,True,1.0,11,completed_trial_window
U01512,2026-05-24,2026-06-07,11-50,business,False,,4,4,7,48,0.0,0.7,True,1.0,18,completed_trial_window
U01513,2026-06-15,2026-06-29,not_provided,starter,False,,9,6,4,33,36.0,0.4,False,1.5,-13,completed_trial_window
U01514,2026-03-02,2026-03-16,not_provided,business,False,,1,1,2,7,46.0,0.2,False,1.0,-1,completed_trial_window
U01515,2026-03-15,2026-03-29,not_provided,business,True,2026-03-20,3,3,8,75,4.0,0.8,True,1.0,7,mid_trial_dropoff
U01516,2026-04-08,2026-04-22,200+,starter,False,,8,8,9,161,2.0,0.9,True,1.0,7,completed_trial_window
U01517,2026-03-22,2026-04-05,not_provided,starter,False,,6,5,3,33,27.0,0.3,True,1.2,-15,completed_trial_window
U01518,2026-01-04,2026-01-18,not_provided,business,False,,4,4,4,20,30.0,0.4,True,1.0,-8,completed_trial_window
U01519,2026-02-21,2026-03-07,not_provided,starter,False,,5,5,5,49,2.0,0.5,True,1.0,-3,completed_trial_window
U01520,2026-02-27,2026-03-13,not_provided,business,False,,2,2,2,13,49.0,0.2,False,1.0,3,completed_trial_window
U01521,2026-06-15,2026-06-29,51-200,pro,False,,7,6,3,21,38.0,0.3,True,1.1666666666666667,11,completed_trial_window
U01522,2026-05-20,2026-06-03,not_provided,pro,False,,4,4,4,30,77.0,0.4,True,1.0,16,mid_trial_dropoff
U01523,2026-02-20,2026-03-06,not_provided,pro,False,,5,4,2,13,41.0,0.2,True,1.25,1,completed_trial_window
U01524,2026-03-17,2026-03-31,200+,pro,False,,4,3,2,7,64.0,0.2,False,1.3333333333333333,-1,completed_trial_window
U01525,2026-01-20,2026-02-03,11-50,pro,False,,4,4,3,13,60.0,0.3,False,1.0,-5,completed_trial_window
U01526,2026-05-12,2026-05-26,1-10,starter,True,2026-05-17,10,8,6,57,14.0,0.6,True,1.25,13,completed_trial_window
U01527,2026-04-20,2026-05-04,51-200,pro,False,,8,8,1,15,109.0,0.1,True,1.0,3,completed_trial_window
U01528,2026-03-09,2026-03-23,11-50,pro,False,,8,6,5,53,12.0,0.5,True,1.3333333333333333,9,completed_trial_window
U01529,2026-05-30,2026-06-13,51-200,starter,True,2026-06-09,13,9,6,89,6.0,0.6,True,1.4444444444444444,17,completed_trial_window
U01530,2026-04-30,2026-05-14,not_provided,pro,True,2026-05-05,3,2,7,61,27.0,0.7,True,1.5,27,completed_trial_window
U01531,2026-02-09,2026-02-23,51-200,pro,False,,8,6,7,63,10.0,0.7,True,1.3333333333333333,-9,completed_trial_window
U01532,2026-01-14,2026-01-28,not_provided,pro,True,2026-01-23,5,5,4,43,23.0,0.4,True,1.0,19,completed_trial_window
U01533,2026-05-06,2026-05-20,not_provided,pro,False,,8,7,7,52,25.0,0.7,True,1.1428571428571428,8,completed_trial_window
U01534,2026-04-02,2026-04-16,1-10,business,True,2026-04-12,9,7,4,30,51.0,0.4,True,1.2857142857142858,8,completed_trial_window
U01535,2026-05-15,2026-05-29,11-50,pro,True,2026-05-28,5,4,5,60,5.0,0.5,True,1.25,-4,completed_trial_window
U01536,2026-01-18,2026-02-01,not_provided,pro,True,2026-01-29,10,7,3,15,68.0,0.3,True,1.4285714285714286,9,completed_trial_window
U01537,2026-05-20,2026-06-03,not_provided,starter,False,,7,6,5,44,16.0,0.5,True,1.1666666666666667,-16,completed_trial_window
U01538,2026-01-24,2026-02-07,51-200,pro,True,2026-02-01,11,10,4,54,6.0,0.4,True,1.1,6,completed_trial_window
U01539,2026-03-26,2026-04-09,51-200,business,False,,4,3,5,18,27.0,0.5,True,1.3333333333333333,-2,mid_trial_dropoff
U01540,2026-03-17,2026-03-31,11-50,pro,True,2026-03-30,3,2,5,29,10.0,0.5,True,1.5,-1,completed_trial_window
U01541,2026-05-02,2026-05-16,not_provided,business,True,2026-05-07,5,3,7,84,21.0,0.7,True,1.6666666666666667,40,completed_trial_window
U01542,2026-01-30,2026-02-13,not_provided,business,False,,3,3,6,33,40.0,0.6,True,1.0,-1,completed_trial_window
U01543,2026-04-25,2026-05-09,11-50,business,False,,5,4,4,52,44.0,0.4,True,1.25,4,completed_trial_window
U01544,2026-06-07,2026-06-21,not_provided,pro,True,2026-06-12,9,7,5,35,65.0,0.5,True,1.2857142857142858,17,completed_trial_window
U01545,2026-03-24,2026-04-07,200+,starter,True,2026-04-04,3,3,1,2,131.0,0.1,False,1.0,-2,mid_trial_dropoff
U01546,2026-03-07,2026-03-21,not_provided,business,False,,7,6,3,13,21.0,0.3,True,1.1666666666666667,-3,completed_trial_window
U01547,2026-03-14,2026-03-28,1-10,pro,True,2026-03-24,4,3,6,69,5.0,0.6,True,1.3333333333333333,7,completed_trial_window
U01548,2026-05-12,2026-05-26,not_provided,starter,False,,6,6,4,19,37.0,0.4,True,1.0,1,completed_trial_window
U01549,2026-05-05,2026-05-19,1-10,business,True,2026-05-13,11,8,7,83,29.0,0.7,True,1.375,-3,completed_trial_window
U01550,2026-03-24,2026-04-07,not_provided,starter,False,,3,3,2,13,15.0,0.2,False,1.0,5,completed_trial_window
U01551,2026-01-25,2026-02-08,11-50,pro,False,,8,8,5,50,5.0,0.5,False,1.0,-6,completed_trial_window
U01552,2026-05-17,2026-05-31,1-10,business,False,,10,6,7,55,10.0,0.7,True,1.6666666666666667,9,completed_trial_window
U01553,2026-01-17,2026-01-31,11-50,business,True,2026-01-25,1,1,3,17,31.0,0.3,True,1.0,-5,early_dropoff
U01554,2026-04-19,2026-05-03,1-10,pro,True,2026-05-02,8,8,6,58,7.0,0.6,True,1.0,-8,completed_trial_window
U01555,2026-04-22,2026-05-06,not_provided,starter,True,2026-04-29,5,5,5,44,22.0,0.5,True,1.0,6,completed_trial_window
U01556,2026-01-07,2026-01-21,200+,business,False,,6,5,2,13,86.0,0.2,False,1.2,5,completed_trial_window
U01557,2026-03-26,2026-04-09,1-10,starter,True,2026-04-01,5,5,7,155,9.0,0.7,True,1.0,29,completed_trial_window
U01558,2026-01-14,2026-01-28,11-50,business,True,2026-01-27,5,5,7,94,2.0,0.7,True,1.0,24,completed_trial_window
U01559,2026-01-19,2026-02-02,not_provided,pro,False,,4,4,3,15,133.0,0.3,True,1.0,-1,completed_trial_window
U01560,2026-03-08,2026-03-22,200+,starter,True,2026-03-20,5,4,5,36,59.0,0.5,False,1.25,8,completed_trial_window
U01561,2026-06-11,2026-06-25,200+,starter,True,2026-06-21,1,1,7,104,5.0,0.7,True,1.0,20,completed_trial_window
U01562,2026-01-05,2026-01-19,200+,business,False,,12,9,6,52,1.0,0.6,True,1.3333333333333333,8,completed_trial_window
U01563,2026-01-31,2026-02-14,not_provided,starter,False,,3,3,1,4,63.0,0.1,False,1.0,-4,completed_trial_window
U01564,2026-06-14,2026-06-28,not_provided,pro,False,,14,8,8,74,9.0,0.8,True,1.75,0,completed_trial_window
U01565,2026-01-17,2026-01-31,not_provided,pro,True,2026-01-22,10,9,6,60,12.0,0.6,True,1.1111111111111112,0,completed_trial_window
U01566,2026-01-19,2026-02-02,51-200,pro,True,2026-01-25,6,4,5,50,19.0,0.5,True,1.5,8,completed_trial_window
U01567,2026-03-16,2026-03-30,not_provided,business,True,2026-03-30,8,5,6,92,16.0,0.6,True,1.6,24,completed_trial_window
U01568,2026-01-23,2026-02-06,51-200,starter,True,2026-02-03,8,6,1,12,21.0,0.1,False,1.3333333333333333,4,completed_trial_window
U01569,2026-04-12,2026-04-26,not_provided,starter,True,2026-04-24,11,8,7,70,17.0,0.7,True,1.375,-10,completed_trial_window
U01570,2026-02-10,2026-02-24,not_provided,pro,False,,4,4,2,10,45.0,0.2,False,1.0,-8,completed_trial_window
U01571,2026-02-04,2026-02-18,not_provided,starter,True,2026-02-17,14,9,5,65,28.0,0.5,False,1.5555555555555556,-13,completed_trial_window
U01572,2026-03-17,2026-03-31,not_provided,pro,False,,6,6,4,31,122.0,0.4,True,1.0,27,completed_trial_window
U01573,2026-03-18,2026-04-01,not_provided,business,False,,5,4,3,15,34.0,0.3,True,1.25,-7,completed_trial_window
U01574,2026-06-15,2026-06-29,51-200,starter,False,,5,5,1,13,42.0,0.1,False,1.0,3,completed_trial_window
U01575,2026-05-22,2026-06-05,not_provided,pro,False,,7,6,4,20,3.0,0.4,True,1.1666666666666667,2,completed_trial_window
U01576,2026-02-01,2026-02-15,1-10,starter,True,2026-02-15,1,1,5,29,45.0,0.5,True,1.0,17,early_dropoff
U01577,2026-06-02,2026-06-16,200+,pro,False,,10,7,6,50,13.0,0.6,True,1.4285714285714286,-4,completed_trial_window
U01578,2026-05-21,2026-06-04,1-10,business,False,,5,4,2,4,135.0,0.2,False,1.25,2,completed_trial_window
U01579,2026-02-23,2026-03-09,not_provided,business,False,,9,6,4,49,1.0,0.4,True,1.5,5,completed_trial_window
U01580,2026-03-30,2026-04-13,11-50,starter,False,,3,2,2,8,40.0,0.2,True,1.5,-8,mid_trial_dropoff
U01581,2026-06-15,2026-06-29,not_provided,pro,True,2026-06-22,4,3,7,52,10.0,0.7,True,1.3333333333333333,2,completed_trial_window
U01582,2026-02-17,2026-03-03,11-50,pro,False,,11,7,6,39,9.0,0.6,True,1.5714285714285714,-3,completed_trial_window
U01583,2026-03-06,2026-03-20,11-50,starter,False,,9,7,7,61,33.0,0.7,True,1.2857142857142858,-13,completed_trial_window
U01584,2026-02-16,2026-03-02,not_provided,pro,False,,5,4,3,16,46.0,0.3,True,1.25,2,completed_trial_window
U01585,2026-01-14,2026-01-28,not_provided,starter,True,2026-01-27,8,7,6,65,8.0,0.6,True,1.1428571428571428,-13,completed_trial_window
U01586,2026-01-19,2026-02-02,51-200,business,True,2026-01-25,13,9,8,126,4.0,0.8,True,1.4444444444444444,-6,completed_trial_window
U01587,2026-03-06,2026-03-20,1-10,pro,True,2026-03-20,8,7,4,21,19.0,0.4,True,1.1428571428571428,1,completed_trial_window
U01588,2026-05-05,2026-05-19,51-200,business,False,,6,4,4,38,22.0,0.4,True,1.5,10,completed_trial_window
U01589,2026-02-02,2026-02-16,not_provided,business,False,,3,3,3,16,13.0,0.3,True,1.0,6,completed_trial_window
U01590,2026-03-02,2026-03-16,1-10,business,False,,4,4,2,8,64.0,0.2,False,1.0,-6,completed_trial_window
U01591,2026-06-08,2026-06-22,1-10,pro,False,,3,3,2,3,150.0,0.2,False,1.0,1,mid_trial_dropoff
U01592,2026-03-23,2026-04-06,200+,starter,True,2026-04-02,12,9,3,41,24.0,0.3,True,1.3333333333333333,7,completed_trial_window
U01593,2026-06-07,2026-06-21,not_provided,business,False,,6,4,7,79,18.0,0.7,True,1.5,3,completed_trial_window
U01594,2026-05-30,2026-06-13,11-50,pro,False,,2,2,2,25,56.0,0.2,True,1.0,11,completed_trial_window
U01595,2026-05-26,2026-06-09,51-200,business,False,,2,2,3,11,15.0,0.3,True,1.0,5,completed_trial_window
U01596,2026-04-20,2026-05-04,11-50,starter,True,2026-04-30,8,5,9,99,7.0,0.9,True,1.6,29,completed_trial_window
U01597,2026-03-05,2026-03-19,11-50,business,True,2026-03-16,8,5,5,62,2.0,0.5,True,1.6,-16,completed_trial_window
U01598,2026-03-12,2026-03-26,51-200,pro,True,2026-03-22,1,1,3,10,69.0,0.3,False,1.0,4,completed_trial_window
U01599,2026-05-03,2026-05-17,200+,starter,False,,8,6,7,59,2.0,0.7,True,1.3333333333333333,-15,completed_trial_window
U01600,2026-04-02,2026-04-16,51-200,starter,True,2026-04-15,10,8,5,42,8.0,0.5,True,1.25,6,completed_trial_window
U01601,2026-01-28,2026-02-11,11-50,business,False,,5,3,2,13,59.0,0.2,False,1.6666666666666667,-1,completed_trial_window
U01602,2026-06-05,2026-06-19,1-10,business,True,2026-06-12,6,3,6,97,20.0,0.6,True,2.0,9,mid_trial_dropoff
U01603,2026-05-18,2026-06-01,11-50,business,True,2026-05-24,5,4,5,61,1.0,0.5,True,1.25,21,completed_trial_window
U01604,2026-01-20,2026-02-03,1-10,pro,False,,2,2,2,6,42.0,0.2,False,1.0,2,completed_trial_window
U01605,2026-06-11,2026-06-25,1-10,pro,True,2026-06-25,12,10,6,110,15.0,0.6,True,1.2,0,completed_trial_window
U01606,2026-04-14,2026-04-28,not_provided,pro,True,2026-04-19,16,11,6,78,6.0,0.6,True,1.4545454545454546,24,completed_trial_window
U01607,2026-05-22,2026-06-05,51-200,pro,False,,5,4,5,20,39.0,0.5,True,1.25,12,completed_trial_window
U01608,2026-05-19,2026-06-02,200+,business,False,,4,4,5,20,6.0,0.5,False,1.0,6,completed_trial_window
U01609,2026-02-08,2026-02-22,51-200,starter,False,,8,7,4,41,14.0,0.4,True,1.1428571428571428,-15,completed_trial_window
U01610,2026-02-27,2026-03-13,not_provided,business,True,2026-03-08,2,2,1,17,17.0,0.1,True,1.0,7,completed_trial_window
U01611,2026-02-04,2026-02-18,200+,pro,True,2026-02-17,7,5,4,28,6.0,0.4,True,1.4,-10,completed_trial_window
U01612,2026-01-24,2026-02-07,200+,business,False,,6,5,6,50,0.0,0.6,True,1.2,-10,completed_trial_window
U01613,2026-05-09,2026-05-23,1-10,business,True,2026-05-17,5,4,7,51,1.0,0.7,True,1.25,3,completed_trial_window
U01614,2026-06-07,2026-06-21,not_provided,pro,False,,7,6,2,10,99.0,0.2,True,1.1666666666666667,-4,completed_trial_window
U01615,2026-05-12,2026-05-26,11-50,starter,True,2026-05-19,8,8,4,51,2.0,0.4,True,1.0,1,completed_trial_window
U01616,2026-02-15,2026-03-01,not_provided,pro,True,2026-02-22,6,5,7,96,10.0,0.7,True,1.2,-4,completed_trial_window
U01617,2026-05-04,2026-05-18,51-200,starter,False,,7,5,3,18,58.0,0.3,True,1.4,4,completed_trial_window
U01618,2026-02-26,2026-03-12,200+,pro,False,,9,8,5,27,38.0,0.5,True,1.125,9,completed_trial_window
U01619,2026-01-17,2026-01-31,51-200,business,False,,4,3,2,16,38.0,0.2,True,1.3333333333333333,0,completed_trial_window
U01620,2026-03-01,2026-03-15,1-10,business,True,2026-03-09,9,6,6,74,4.0,0.6,True,1.5,-2,completed_trial_window
U01621,2026-05-13,2026-05-27,51-200,starter,False,,6,5,5,49,4.0,0.5,True,1.2,-19,mid_trial_dropoff
U01622,2026-05-01,2026-05-15,200+,starter,False,,1,1,5,18,8.0,0.5,True,1.0,4,early_dropoff
U01623,2026-01-11,2026-01-25,not_provided,business,False,,3,2,7,70,36.0,0.7,True,1.5,14,completed_trial_window
U01624,2026-01-27,2026-02-10,not_provided,pro,False,,3,3,1,2,62.0,0.1,False,1.0,-2,completed_trial_window
U01625,2026-06-12,2026-06-26,51-200,business,False,,3,3,4,32,2.0,0.4,True,1.0,4,completed_trial_window
U01626,2026-03-09,2026-03-23,not_provided,pro,False,,2,2,1,1,343.0,0.1,False,1.0,1,completed_trial_window
U01627,2026-05-26,2026-06-09,11-50,starter,False,,7,7,9,115,3.0,0.9,True,1.0,23,completed_trial_window
U01628,2026-04-07,2026-04-21,51-200,pro,False,,4,2,3,21,6.0,0.3,False,2.0,9,mid_trial_dropoff
U01629,2026-01-20,2026-02-03,not_provided,business,False,,8,6,3,10,21.0,0.3,True,1.3333333333333333,-2,completed_trial_window
U01630,2026-04-07,2026-04-21,11-50,pro,False,,3,3,2,3,165.0,0.2,True,1.0,1,completed_trial_window
U01631,2026-04-14,2026-04-28,51-200,business,False,,7,4,5,42,56.0,0.5,True,1.75,20,completed_trial_window
U01632,2026-05-05,2026-05-19,200+,pro,False,,9,5,4,50,10.0,0.4,True,1.8,-4,completed_trial_window
U01633,2026-01-02,2026-01-16,not_provided,pro,False,,9,6,4,33,28.0,0.4,True,1.5,13,completed_trial_window
U01634,2026-04-23,2026-05-07,11-50,pro,True,2026-04-29,10,5,2,12,67.0,0.2,False,2.0,6,completed_trial_window
U01635,2026-05-12,2026-05-26,not_provided,business,False,,5,4,5,36,2.0,0.5,True,1.25,-6,mid_trial_dropoff
U01636,2026-02-24,2026-03-10,11-50,pro,False,,7,6,2,7,156.0,0.2,True,1.1666666666666667,-1,completed_trial_window
U01637,2026-02-10,2026-02-24,51-200,pro,False,,5,5,4,22,6.0,0.4,True,1.0,-6,completed_trial_window
U01638,2026-01-31,2026-02-14,not_provided,pro,False,,17,9,4,53,4.0,0.4,False,1.8888888888888888,7,completed_trial_window
U01639,2026-04-17,2026-05-01,51-200,business,False,,6,5,4,21,55.0,0.4,True,1.2,-9,completed_trial_window
U01640,2026-01-30,2026-02-13,200+,business,False,,12,8,5,41,13.0,0.5,True,1.5,21,completed_trial_window
U01641,2026-05-03,2026-05-17,200+,pro,True,2026-05-17,4,4,2,5,18.0,0.2,False,1.0,-5,completed_trial_window
U01642,2026-02-11,2026-02-25,not_provided,starter,False,,8,7,3,21,30.0,0.3,False,1.1428571428571428,-5,completed_trial_window
U01643,2026-01-06,2026-01-20,11-50,starter,True,2026-01-13,8,7,8,104,2.0,0.8,True,1.1428571428571428,-2,completed_trial_window
U01644,2026-05-27,2026-06-10,not_provided,pro,False,,11,8,2,6,197.0,0.2,False,1.375,6,completed_trial_window
U01645,2026-02-04,2026-02-18,not_provided,pro,False,,9,7,6,29,15.0,0.6,True,1.2857142857142858,13,completed_trial_window
U01646,2026-01-11,2026-01-25,not_provided,pro,True,2026-01-16,1,1,1,5,19.0,0.1,False,1.0,3,completed_trial_window
U01647,2026-02-12,2026-02-26,51-200,pro,True,2026-02-25,8,6,6,78,4.0,0.6,True,1.3333333333333333,12,completed_trial_window
U01648,2026-04-14,2026-04-28,not_provided,pro,False,,9,5,4,32,15.0,0.4,True,1.8,2,completed_trial_window
U01649,2026-06-13,2026-06-27,1-10,business,False,,5,4,4,17,8.0,0.4,True,1.25,3,completed_trial_window
U01650,2026-03-14,2026-03-28,1-10,pro,True,2026-03-26,8,6,5,51,8.0,0.5,True,1.3333333333333333,7,completed_trial_window
U01651,2026-06-05,2026-06-19,200+,starter,False,,10,7,9,133,12.0,0.9,True,1.4285714285714286,23,completed_trial_window
U01652,2026-02-13,2026-02-27,11-50,starter,True,2026-02-27,5,5,4,35,17.0,0.4,True,1.0,-17,completed_trial_window
U01653,2026-02-06,2026-02-20,not_provided,pro,False,,4,4,6,62,3.0,0.6,True,1.0,10,completed_trial_window
U01654,2026-06-09,2026-06-23,not_provided,pro,True,2026-06-18,4,4,3,30,9.0,0.3,True,1.0,-20,completed_trial_window
U01655,2026-02-12,2026-02-26,not_provided,business,False,,11,7,8,63,15.0,0.8,True,1.5714285714285714,-13,completed_trial_window
U01656,2026-03-29,2026-04-12,200+,pro,False,,3,3,4,56,19.0,0.4,True,1.0,4,completed_trial_window
U01657,2026-06-01,2026-06-15,1-10,pro,True,2026-06-12,4,4,5,31,54.0,0.5,True,1.0,11,completed_trial_window
U01658,2026-04-09,2026-04-23,11-50,starter,False,,5,5,4,16,15.0,0.4,False,1.0,0,completed_trial_window
U01659,2026-01-05,2026-01-19,11-50,pro,False,,2,2,4,20,49.0,0.4,True,1.0,2,completed_trial_window
U01660,2026-05-10,2026-05-24,not_provided,starter,False,,8,6,3,13,24.0,0.3,False,1.3333333333333333,3,completed_trial_window
U01661,2026-02-08,2026-02-22,not_provided,starter,False,,5,5,4,22,155.0,0.4,False,1.0,10,completed_trial_window
U01662,2026-02-15,2026-03-01,200+,pro,True,2026-03-01,5,4,1,3,303.0,0.1,False,1.25,3,completed_trial_window
U01663,2026-01-10,2026-01-24,not_provided,pro,False,,6,6,3,15,112.0,0.3,True,1.0,7,completed_trial_window
U01664,2026-01-31,2026-02-14,1-10,starter,False,,12,9,4,40,8.0,0.4,True,1.3333333333333333,8,completed_trial_window
U01665,2026-02-03,2026-02-17,not_provided,pro,True,2026-02-08,8,7,3,32,20.0,0.3,False,1.1428571428571428,10,completed_trial_window
U01666,2026-06-16,2026-06-30,200+,pro,False,,6,5,5,60,0.0,0.5,False,1.2,8,mid_trial_dropoff
U01667,2026-04-18,2026-05-02,51-200,starter,False,,3,3,3,24,6.0,0.3,True,1.0,0,completed_trial_window
U01668,2026-05-16,2026-05-30,200+,pro,False,,6,6,1,8,117.0,0.1,False,1.0,0,completed_trial_window
U01669,2026-05-04,2026-05-18,200+,business,False,,5,4,6,43,31.0,0.6,True,1.25,13,completed_trial_window
U01670,2026-05-31,2026-06-14,not_provided,business,True,2026-06-14,4,4,2,28,2.0,0.2,False,1.0,10,completed_trial_window
U01671,2026-01-26,2026-02-09,200+,pro,False,,2,2,2,7,61.0,0.2,True,1.0,3,mid_trial_dropoff
U01672,2026-03-07,2026-03-21,200+,pro,False,,16,8,8,70,18.0,0.8,True,2.0,6,completed_trial_window
U01673,2026-01-22,2026-02-05,51-200,pro,True,2026-02-04,8,7,4,47,12.0,0.4,True,1.1428571428571428,1,completed_trial_window
U01674,2026-04-15,2026-04-29,51-200,pro,True,2026-04-20,5,4,1,15,8.0,0.1,False,1.25,5,completed_trial_window
U01675,2026-01-02,2026-01-16,not_provided,pro,False,,6,5,4,14,17.0,0.4,True,1.2,6,completed_trial_window
U01676,2026-01-31,2026-02-14,not_provided,starter,False,,1,1,3,6,7.0,0.3,True,1.0,2,early_dropoff
U01677,2026-04-07,2026-04-21,not_provided,pro,True,2026-04-17,14,8,7,81,13.0,0.7,True,1.75,1,completed_trial_window
U01678,2026-04-15,2026-04-29,51-200,starter,False,,2,2,3,19,20.0,0.3,True,1.0,7,completed_trial_window
U01679,2026-02-09,2026-02-23,200+,business,False,,10,8,8,72,8.0,0.8,True,1.25,20,completed_trial_window
U01680,2026-05-30,2026-06-13,51-200,business,False,,3,3,5,20,43.0,0.5,True,1.0,4,mid_trial_dropoff
U01681,2026-05-18,2026-06-01,200+,pro,False,,5,5,5,39,4.0,0.5,True,1.0,1,completed_trial_window
U01682,2026-04-04,2026-04-18,not_provided,business,False,,11,9,5,75,26.0,0.5,True,1.2222222222222223,3,completed_trial_window
U01683,2026-04-12,2026-04-26,11-50,starter,False,,3,3,7,101,4.0,0.7,True,1.0,11,completed_trial_window
U01684,2026-05-22,2026-06-05,not_provided,starter,False,,5,3,2,10,44.0,0.2,True,1.6666666666666667,-10,completed_trial_window
U01685,2026-02-15,2026-03-01,51-200,pro,True,2026-02-28,7,7,5,43,34.0,0.5,True,1.0,13,completed_trial_window
U01686,2026-05-04,2026-05-18,51-200,business,False,,6,6,3,40,9.0,0.3,False,1.0,18,completed_trial_window
U01687,2026-05-28,2026-06-11,51-200,business,False,,10,7,9,112,1.0,0.9,True,1.4285714285714286,-4,completed_trial_window
U01688,2026-04-12,2026-04-26,not_provided,pro,True,2026-04-18,12,6,5,46,8.0,0.5,True,2.0,0,completed_trial_window
U01689,2026-02-28,2026-03-14,200+,business,False,,8,5,4,34,16.0,0.4,True,1.6,6,completed_trial_window
U01690,2026-02-11,2026-02-25,1-10,pro,True,2026-02-24,6,5,5,53,12.0,0.5,True,1.2,-15,completed_trial_window
U01691,2026-04-13,2026-04-27,51-200,pro,False,,1,1,3,18,126.0,0.3,True,1.0,16,early_dropoff
U01692,2026-06-07,2026-06-21,not_provided,business,False,,12,7,7,63,7.0,0.7,True,1.7142857142857142,11,completed_trial_window
U01693,2026-01-14,2026-01-28,11-50,starter,True,2026-01-19,12,10,7,93,3.0,0.7,True,1.2,1,completed_trial_window
U01694,2026-01-24,2026-02-07,11-50,starter,False,,11,7,5,61,1.0,0.5,True,1.5714285714285714,9,completed_trial_window
U01695,2026-06-03,2026-06-17,200+,starter,False,,3,3,1,2,310.0,0.1,False,1.0,2,completed_trial_window
U01696,2026-01-17,2026-01-31,51-200,pro,False,,5,4,1,2,157.0,0.1,False,1.25,-2,completed_trial_window
U01697,2026-04-05,2026-04-19,1-10,pro,False,,8,5,4,19,15.0,0.4,True,1.6,-7,completed_trial_window
U01698,2026-01-10,2026-01-24,not_provided,starter,False,,2,2,4,18,15.0,0.4,True,1.0,-4,mid_trial_dropoff
U01699,2026-04-13,2026-04-27,not_provided,business,True,2026-04-26,7,6,6,48,35.0,0.6,False,1.1666666666666667,24,completed_trial_window
U01700,2026-03-15,2026-03-29,not_provided,pro,True,2026-03-20,5,4,4,36,10.0,0.4,True,1.25,4,completed_trial_window
U01701,2026-02-14,2026-02-28,not_provided,starter,False,,9,7,10,91,2.0,1.0,True,1.2857142857142858,7,completed_trial_window
U01702,2026-04-23,2026-05-07,1-10,pro,False,,5,3,4,37,7.0,0.4,True,1.6666666666666667,-17,completed_trial_window
U01703,2026-05-13,2026-05-27,51-200,pro,False,,1,1,2,10,61.0,0.2,False,1.0,4,early_dropoff
U01704,2026-01-09,2026-01-23,not_provided,pro,False,,1,1,4,12,5.0,0.4,False,1.0,-4,completed_trial_window
U01705,2026-05-13,2026-05-27,not_provided,pro,True,2026-05-27,7,7,7,94,3.0,0.7,True,1.0,-22,completed_trial_window
U01706,2026-02-13,2026-02-27,not_provided,starter,False,,9,7,3,30,9.0,0.3,True,1.2857142857142858,0,completed_trial_window
U01707,2026-04-03,2026-04-17,11-50,business,False,,9,6,8,77,7.0,0.8,True,1.5,3,completed_trial_window
U01708,2026-01-01,2026-01-15,11-50,starter,False,,5,4,4,15,19.0,0.4,True,1.25,9,completed_trial_window
U01709,2026-03-12,2026-03-26,200+,business,False,,2,2,2,16,21.0,0.2,True,1.0,-2,completed_trial_window
U01710,2026-04-12,2026-04-26,200+,pro,True,2026-04-20,6,5,7,113,2.0,0.7,True,1.2,5,completed_trial_window
U01711,2026-05-13,2026-05-27,1-10,business,True,2026-05-19,7,5,5,47,39.0,0.5,True,1.4,1,completed_trial_window
U01712,2026-01-24,2026-02-07,not_provided,business,True,2026-02-06,9,9,6,58,1.0,0.6,True,1.0,20,completed_trial_window
U01713,2026-05-30,2026-06-13,51-200,business,False,,7,7,5,44,17.0,0.5,True,1.0,-6,completed_trial_window
U01714,2026-03-12,2026-03-26,11-50,pro,True,2026-03-20,5,4,6,100,1.0,0.6,True,1.25,16,completed_trial_window
U01715,2026-04-27,2026-05-11,200+,pro,True,2026-05-02,6,6,7,117,6.0,0.7,True,1.0,-3,completed_trial_window
U01716,2026-03-08,2026-03-22,11-50,starter,True,2026-03-21,10,7,4,23,13.0,0.4,True,1.4285714285714286,-7,completed_trial_window
U01717,2026-01-28,2026-02-11,not_provided,starter,True,2026-02-10,5,5,4,32,17.0,0.4,True,1.0,-2,completed_trial_window
U01718,2026-03-17,2026-03-31,51-200,starter,False,,5,4,3,25,27.0,0.3,True,1.25,-3,completed_trial_window
U01719,2026-05-12,2026-05-26,51-200,pro,False,,5,3,2,5,57.0,0.2,False,1.6666666666666667,-5,completed_trial_window
U01720,2026-05-28,2026-06-11,51-200,business,True,2026-06-09,9,8,7,95,2.0,0.7,True,1.125,5,completed_trial_window
U01721,2026-04-07,2026-04-21,not_provided,starter,True,2026-04-15,10,6,5,51,11.0,0.5,True,1.6666666666666667,-15,completed_trial_window
U01722,2026-03-28,2026-04-11,200+,business,False,,3,3,6,70,0.0,0.6,True,1.0,10,completed_trial_window
U01723,2026-04-28,2026-05-12,not_provided,starter,False,,5,4,2,16,5.0,0.2,True,1.25,-4,completed_trial_window
U01724,2026-05-04,2026-05-18,1-10,business,True,2026-05-10,8,7,7,63,7.0,0.7,True,1.1428571428571428,-5,completed_trial_window
U01725,2026-04-08,2026-04-22,not_provided,pro,True,2026-04-16,15,11,6,74,36.0,0.6,True,1.3636363636363635,-6,completed_trial_window
U01726,2026-03-22,2026-04-05,200+,business,False,,10,9,6,54,14.0,0.6,True,1.1111111111111112,0,completed_trial_window
U01727,2026-05-13,2026-05-27,not_provided,starter,True,2026-05-22,13,11,4,62,4.0,0.4,True,1.1818181818181819,36,completed_trial_window
U01728,2026-03-05,2026-03-19,51-200,starter,True,2026-03-16,2,2,3,14,51.0,0.3,True,1.0,6,completed_trial_window
U01729,2026-03-29,2026-04-12,1-10,pro,True,2026-04-05,2,1,5,54,5.0,0.5,True,2.0,-10,completed_trial_window
U01730,2026-05-02,2026-05-16,51-200,business,False,,2,1,2,5,105.0,0.2,False,2.0,-1,early_dropoff
U01731,2026-02-25,2026-03-11,not_provided,business,True,2026-03-04,4,4,1,17,35.0,0.1,True,1.0,13,completed_trial_window
U01732,2026-02-18,2026-03-04,200+,business,False,,6,5,4,29,125.0,0.4,True,1.2,15,completed_trial_window
U01733,2026-02-21,2026-03-07,11-50,business,False,,7,5,5,14,75.0,0.5,True,1.4,6,completed_trial_window
U01734,2026-03-03,2026-03-17,51-200,pro,False,,6,5,4,30,48.0,0.4,True,1.2,2,completed_trial_window
U01735,2026-02-28,2026-03-14,11-50,pro,False,,7,6,5,46,39.0,0.5,True,1.1666666666666667,-2,completed_trial_window
U01736,2026-06-08,2026-06-22,51-200,pro,False,,1,1,2,9,92.0,0.2,True,1.0,5,mid_trial_dropoff
U01737,2026-01-28,2026-02-11,1-10,starter,True,2026-02-09,3,3,3,28,17.0,0.3,True,1.0,-6,completed_trial_window
U01738,2026-06-07,2026-06-21,1-10,pro,False,,8,6,4,28,90.0,0.4,True,1.3333333333333333,22,completed_trial_window
U01739,2026-01-11,2026-01-25,200+,business,False,,9,6,1,11,22.0,0.1,False,1.5,-5,completed_trial_window
U01740,2026-06-08,2026-06-22,51-200,starter,True,2026-06-22,5,3,4,68,1.0,0.4,True,1.6666666666666667,-4,completed_trial_window
U01741,2026-03-12,2026-03-26,200+,pro,False,,3,3,6,25,23.0,0.6,True,1.0,-13,completed_trial_window
U01742,2026-05-11,2026-05-25,51-200,starter,True,2026-05-19,3,3,1,9,115.0,0.1,False,1.0,-3,completed_trial_window
U01743,2026-05-28,2026-06-11,11-50,starter,False,,6,5,5,66,13.0,0.5,True,1.2,0,completed_trial_window
U01744,2026-05-15,2026-05-29,200+,starter,False,,3,3,3,22,1.0,0.3,True,1.0,-10,mid_trial_dropoff
U01745,2026-05-19,2026-06-02,1-10,pro,False,,3,3,2,7,253.0,0.2,True,1.0,7,completed_trial_window
U01746,2026-03-30,2026-04-13,200+,business,False,,5,5,5,49,12.0,0.5,True,1.0,19,completed_trial_window
U01747,2026-02-14,2026-02-28,200+,starter,False,,10,8,8,81,21.0,0.8,True,1.25,7,completed_trial_window
U01748,2026-05-13,2026-05-27,200+,business,False,,3,3,2,9,10.0,0.2,True,1.0,-5,completed_trial_window
U01749,2026-01-03,2026-01-17,1-10,business,True,2026-01-11,8,6,5,40,42.0,0.5,True,1.3333333333333333,-4,completed_trial_window
U01750,2026-04-08,2026-04-22,not_provided,starter,False,,6,5,6,49,10.0,0.6,True,1.2,-3,completed_trial_window
U01751,2026-03-25,2026-04-08,51-200,pro,False,,6,5,4,39,39.0,0.4,True,1.2,3,completed_trial_window
U01752,2026-03-08,2026-03-22,11-50,pro,False,,5,4,5,37,44.0,0.5,True,1.25,-7,completed_trial_window
U01753,2026-03-09,2026-03-23,11-50,business,False,,8,5,1,8,148.0,0.1,False,1.6,2,completed_trial_window
U01754,2026-05-01,2026-05-15,not_provided,business,False,,1,1,3,12,108.0,0.3,False,1.0,4,mid_trial_dropoff
U01755,2026-04-04,2026-04-18,11-50,starter,True,2026-04-15,8,6,6,77,7.0,0.6,True,1.3333333333333333,-23,completed_trial_window
U01756,2026-02-23,2026-03-09,200+,business,False,,2,2,3,10,94.0,0.3,True,1.0,4,mid_trial_dropoff
U01757,2026-04-06,2026-04-20,51-200,starter,False,,2,2,3,16,25.0,0.3,True,1.0,6,early_dropoff
U01758,2026-03-13,2026-03-27,200+,pro,True,2026-03-27,1,1,3,8,95.0,0.3,False,1.0,-2,mid_trial_dropoff
U01759,2026-02-03,2026-02-17,not_provided,business,False,,6,4,4,12,60.0,0.4,True,1.5,2,completed_trial_window
U01760,2026-02-28,2026-03-14,1-10,business,True,2026-03-09,3,3,7,86,2.0,0.7,True,1.0,-22,completed_trial_window
U01761,2026-03-02,2026-03-16,not_provided,starter,False,,5,5,7,53,0.0,0.7,True,1.0,15,completed_trial_window
U01762,2026-04-08,2026-04-22,11-50,pro,False,,4,4,2,4,54.0,0.2,False,1.0,0,completed_trial_window
U01763,2026-02-08,2026-02-22,200+,starter,False,,6,6,5,32,9.0,0.5,True,1.0,-4,mid_trial_dropoff
U01764,2026-02-15,2026-03-01,200+,starter,True,2026-02-22,6,5,7,69,8.0,0.7,True,1.2,17,completed_trial_window
U01765,2026-06-11,2026-06-25,not_provided,pro,False,,5,4,3,20,63.0,0.3,False,1.25,-14,completed_trial_window
U01766,2026-03-22,2026-04-05,200+,business,False,,10,8,5,57,2.0,0.5,True,1.25,-1,completed_trial_window
U01767,2026-03-06,2026-03-20,not_provided,pro,False,,10,7,6,52,6.0,0.6,True,1.4285714285714286,6,completed_trial_window
U01768,2026-01-13,2026-01-27,200+,starter,True,2026-01-20,6,5,7,74,7.0,0.7,True,1.2,26,completed_trial_window
U01769,2026-01-16,2026-01-30,11-50,business,False,,4,4,5,14,25.0,0.5,True,1.0,12,completed_trial_window
U01770,2026-05-02,2026-05-16,not_provided,starter,True,2026-05-14,5,5,6,51,90.0,0.6,True,1.0,13,completed_trial_window
U01771,2026-03-27,2026-04-10,51-200,business,False,,16,10,9,162,3.0,0.9,True,1.6,0,completed_trial_window
U01772,2026-04-03,2026-04-17,not_provided,pro,False,,6,5,6,49,11.0,0.6,True,1.2,-9,completed_trial_window
U01773,2026-03-07,2026-03-21,51-200,starter,False,,9,8,5,29,4.0,0.5,True,1.125,3,completed_trial_window
U01774,2026-04-16,2026-04-30,1-10,business,False,,6,5,7,65,1.0,0.7,True,1.2,17,mid_trial_dropoff
U01775,2026-06-05,2026-06-19,11-50,pro,False,,10,9,7,101,2.0,0.7,True,1.1111111111111112,3,completed_trial_window
U01776,2026-05-28,2026-06-11,not_provided,business,False,,8,8,3,35,80.0,0.3,True,1.0,7,completed_trial_window
U01777,2026-05-18,2026-06-01,11-50,business,False,,5,4,7,43,8.0,0.7,True,1.25,1,mid_trial_dropoff
U01778,2026-04-01,2026-04-15,51-200,business,True,2026-04-14,17,9,7,88,7.0,0.7,True,1.8888888888888888,20,completed_trial_window
U01779,2026-05-05,2026-05-19,not_provided,starter,False,,12,9,6,64,2.0,0.6,True,1.3333333333333333,-8,completed_trial_window
U01780,2026-01-21,2026-02-04,200+,pro,False,,2,2,6,53,26.0,0.6,True,1.0,3,completed_trial_window
U01781,2026-03-15,2026-03-29,200+,business,False,,5,5,4,16,20.0,0.4,True,1.0,-4,completed_trial_window
U01782,2026-02-07,2026-02-21,11-50,business,False,,5,4,2,4,256.0,0.2,False,1.25,4,completed_trial_window
U01783,2026-03-28,2026-04-11,200+,business,True,2026-04-11,6,4,4,60,8.0,0.4,True,1.5,-16,completed_trial_window
U01784,2026-05-27,2026-06-10,200+,starter,True,2026-06-02,7,6,6,47,24.0,0.6,True,1.1666666666666667,9,completed_trial_window
U01785,2026-02-11,2026-02-25,51-200,pro,False,,13,9,5,42,10.0,0.5,True,1.4444444444444444,-26,completed_trial_window
U01786,2026-03-22,2026-04-05,51-200,business,False,,5,5,3,17,51.0,0.3,False,1.0,5,completed_trial_window
U01787,2026-03-16,2026-03-30,not_provided,business,True,2026-03-30,14,10,5,36,6.0,0.5,False,1.4,-8,completed_trial_window
U01788,2026-06-15,2026-06-29,200+,business,True,2026-06-27,6,4,1,4,314.0,0.1,False,1.5,4,completed_trial_window
U01789,2026-04-03,2026-04-17,not_provided,pro,False,,10,9,3,27,87.0,0.3,True,1.1111111111111112,19,completed_trial_window
U01790,2026-05-14,2026-05-28,200+,starter,True,2026-05-21,4,4,7,86,0.0,0.7,True,1.0,8,completed_trial_window
U01791,2026-02-17,2026-03-03,1-10,pro,False,,1,1,2,6,203.0,0.2,False,1.0,6,completed_trial_window
U01792,2026-03-02,2026-03-16,not_provided,business,False,,3,3,1,2,45.0,0.1,False,1.0,0,completed_trial_window
U01793,2026-01-21,2026-02-04,11-50,pro,False,,7,6,5,55,11.0,0.5,True,1.1666666666666667,-5,completed_trial_window
U01794,2026-04-12,2026-04-26,1-10,starter,True,2026-04-18,2,2,1,13,28.0,0.1,True,1.0,3,completed_trial_window
U01795,2026-05-02,2026-05-16,not_provided,starter,True,2026-05-07,9,7,6,100,8.0,0.6,True,1.2857142857142858,18,completed_trial_window
U01796,2026-04-12,2026-04-26,not_provided,starter,False,,14,9,5,57,6.0,0.5,True,1.5555555555555556,23,completed_trial_window
U01797,2026-01-27,2026-02-10,51-200,pro,True,2026-02-03,1,1,3,16,43.0,0.3,True,1.0,-6,completed_trial_window
U01798,2026-01-22,2026-02-05,not_provided,starter,False,,6,6,6,44,11.0,0.6,True,1.0,18,completed_trial_window
U01799,2026-03-21,2026-04-04,11-50,pro,True,2026-03-30,7,7,5,53,28.0,0.5,True,1.0,-15,completed_trial_window
U01800,2026-04-24,2026-05-08,not_provided,pro,True,2026-05-01,4,4,2,9,30.0,0.2,False,1.0,5,completed_trial_window
U01801,2026-05-15,2026-05-29,11-50,starter,True,2026-05-20,6,4,5,45,32.0,0.5,True,1.5,-7,completed_trial_window
U01802,2026-04-02,2026-04-16,51-200,starter,False,,4,3,3,41,13.0,0.3,True,1.3333333333333333,-5,mid_trial_dropoff
U01803,2026-04-30,2026-05-14,not_provided,business,False,,6,6,3,25,3.0,0.3,False,1.0,-1,completed_trial_window
U01804,2026-05-21,2026-06-04,200+,pro,False,,6,5,5,39,12.0,0.5,True,1.2,23,completed_trial_window
U01805,2026-05-19,2026-06-02,11-50,pro,False,,4,4,4,25,19.0,0.4,True,1.0,-3,completed_trial_window
U01806,2026-06-02,2026-06-16,200+,business,True,2026-06-16,12,9,7,124,3.0,0.7,True,1.3333333333333333,28,completed_trial_window
U01807,2026-04-22,2026-05-06,not_provided,business,False,,7,5,3,20,58.0,0.3,True,1.4,10,completed_trial_window
U01808,2026-06-13,2026-06-27,not_provided,business,False,,4,4,4,21,30.0,0.4,True,1.0,1,completed_trial_window
U01809,2026-03-30,2026-04-13,200+,pro,False,,10,8,8,68,0.0,0.8,True,1.25,8,completed_trial_window
U01810,2026-02-28,2026-03-14,1-10,starter,False,,7,6,5,36,8.0,0.5,True,1.1666666666666667,14,completed_trial_window
U01811,2026-03-20,2026-04-03,51-200,starter,True,2026-03-29,4,4,3,12,131.0,0.3,True,1.0,4,completed_trial_window
U01812,2026-02-09,2026-02-23,51-200,starter,True,2026-02-14,13,9,6,101,16.0,0.6,True,1.4444444444444444,5,completed_trial_window
U01813,2026-05-14,2026-05-28,11-50,business,False,,4,4,5,38,40.0,0.5,True,1.0,0,completed_trial_window
U01814,2026-03-15,2026-03-29,200+,pro,True,2026-03-20,2,2,2,24,56.0,0.2,False,1.0,6,completed_trial_window
U01815,2026-05-06,2026-05-20,200+,business,False,,8,5,4,45,2.0,0.4,True,1.6,-17,completed_trial_window
U01816,2026-01-03,2026-01-17,200+,business,True,2026-01-17,3,3,4,38,18.0,0.4,False,1.0,6,mid_trial_dropoff
U01817,2026-03-01,2026-03-15,1-10,pro,False,,4,4,5,34,66.0,0.5,True,1.0,22,completed_trial_window
U01818,2026-04-06,2026-04-20,11-50,starter,False,,6,5,3,13,30.0,0.3,True,1.2,-3,completed_trial_window
U01819,2026-05-24,2026-06-07,200+,starter,False,,3,3,2,6,27.0,0.2,True,1.0,2,completed_trial_window
U01820,2026-03-05,2026-03-19,11-50,business,True,2026-03-16,12,9,8,88,6.0,0.8,True,1.3333333333333333,-34,completed_trial_window
U01821,2026-04-07,2026-04-21,11-50,business,True,2026-04-13,5,5,4,33,9.0,0.4,False,1.0,1,completed_trial_window
U01822,2026-04-19,2026-05-03,not_provided,pro,False,,9,7,7,63,2.0,0.7,True,1.2857142857142858,31,completed_trial_window
U01823,2026-05-13,2026-05-27,not_provided,business,True,2026-05-22,2,2,5,42,28.0,0.5,True,1.0,18,completed_trial_window
U01824,2026-03-14,2026-03-28,not_provided,business,False,,3,3,3,18,63.0,0.3,True,1.0,2,completed_trial_window
U01825,2026-05-17,2026-05-31,51-200,starter,False,,5,3,2,10,12.0,0.2,True,1.6666666666666667,-10,completed_trial_window
U01826,2026-02-18,2026-03-04,1-10,pro,True,2026-02-25,13,8,5,34,40.0,0.5,False,1.625,-4,completed_trial_window
U01827,2026-03-16,2026-03-30,1-10,business,True,2026-03-28,4,3,6,46,3.0,0.6,True,1.3333333333333333,-14,completed_trial_window
U01828,2026-06-08,2026-06-22,200+,business,True,2026-06-22,13,8,9,148,3.0,0.9,True,1.625,-32,completed_trial_window
U01829,2026-05-06,2026-05-20,11-50,business,True,2026-05-11,4,4,4,21,27.0,0.4,True,1.0,-9,completed_trial_window
U01830,2026-02-08,2026-02-22,1-10,pro,False,,4,4,5,32,42.0,0.5,True,1.0,20,completed_trial_window
U01831,2026-01-06,2026-01-20,11-50,starter,True,2026-01-15,7,5,4,34,33.0,0.4,True,1.4,18,completed_trial_window
U01832,2026-03-10,2026-03-24,11-50,business,False,,6,6,3,10,8.0,0.3,True,1.0,-4,completed_trial_window
U01833,2026-04-23,2026-05-07,not_provided,starter,True,2026-05-01,10,7,6,37,36.0,0.6,True,1.4285714285714286,5,completed_trial_window
U01834,2026-01-24,2026-02-07,11-50,starter,False,,7,5,7,47,2.0,0.7,True,1.4,17,completed_trial_window
U01835,2026-05-07,2026-05-21,11-50,business,False,,7,6,3,11,100.0,0.3,True,1.1666666666666667,9,completed_trial_window
U01836,2026-04-18,2026-05-02,51-200,starter,True,2026-04-28,9,7,7,112,1.0,0.7,True,1.2857142857142858,-6,completed_trial_window
U01837,2026-04-29,2026-05-13,not_provided,starter,False,,6,5,8,90,13.0,0.8,True,1.2,8,completed_trial_window
U01838,2026-03-26,2026-04-09,1-10,pro,False,,2,2,2,8,215.0,0.2,True,1.0,8,completed_trial_window
U01839,2026-01-15,2026-01-29,51-200,starter,True,2026-01-21,7,7,7,140,2.0,0.7,True,1.0,64,completed_trial_window
U01840,2026-05-20,2026-06-03,200+,pro,False,,3,3,2,17,56.0,0.2,True,1.0,3,completed_trial_window
U01841,2026-02-19,2026-03-05,51-200,starter,False,,3,2,2,10,45.0,0.2,True,1.5,0,mid_trial_dropoff
U01842,2026-01-04,2026-01-18,1-10,business,False,,4,4,6,35,17.0,0.6,True,1.0,-3,completed_trial_window
U01843,2026-03-05,2026-03-19,200+,starter,False,,11,7,5,50,4.0,0.5,True,1.5714285714285714,6,completed_trial_window
U01844,2026-03-05,2026-03-19,not_provided,starter,True,2026-03-13,3,3,3,29,61.0,0.3,True,1.0,17,mid_trial_dropoff
U01845,2026-04-28,2026-05-12,not_provided,starter,True,2026-05-11,5,4,5,55,12.0,0.5,True,1.25,-7,completed_trial_window
U01846,2026-02-23,2026-03-09,200+,starter,False,,1,1,4,20,30.0,0.4,True,1.0,-4,completed_trial_window
U01847,2026-03-21,2026-04-04,51-200,pro,False,,8,7,1,6,1.0,0.1,False,1.1428571428571428,0,completed_trial_window
U01848,2026-06-11,2026-06-25,not_provided,starter,True,2026-06-24,7,7,1,11,27.0,0.1,False,1.0,3,completed_trial_window
U01849,2026-05-14,2026-05-28,1-10,business,False,,5,4,7,60,10.0,0.7,True,1.25,16,completed_trial_window
U01850,2026-05-04,2026-05-18,not_provided,business,False,,6,5,3,23,53.0,0.3,True,1.2,11,completed_trial_window
U01851,2026-02-20,2026-03-06,51-200,starter,False,,9,7,7,83,30.0,0.7,True,1.2857142857142858,19,completed_trial_window
U01852,2026-02-25,2026-03-11,1-10,pro,False,,2,2,4,13,102.0,0.4,True,1.0,3,completed_trial_window
U01853,2026-06-12,2026-06-26,200+,business,False,,1,1,3,15,19.0,0.3,False,1.0,-3,mid_trial_dropoff
U01854,2026-01-04,2026-01-18,11-50,business,True,2026-01-18,5,4,4,29,3.0,0.4,True,1.25,-1,completed_trial_window
U01855,2026-01-31,2026-02-14,200+,pro,False,,5,4,4,22,15.0,0.4,False,1.25,6,completed_trial_window
U01856,2026-01-03,2026-01-17,1-10,pro,True,2026-01-15,7,5,4,65,32.0,0.4,True,1.4,-5,completed_trial_window
U01857,2026-06-02,2026-06-16,11-50,business,True,2026-06-08,3,3,6,63,37.0,0.6,True,1.0,35,completed_trial_window
U01858,2026-03-05,2026-03-19,11-50,starter,False,,7,6,5,33,10.0,0.5,True,1.1666666666666667,7,completed_trial_window
U01859,2026-01-24,2026-02-07,not_provided,pro,False,,6,5,8,89,13.0,0.8,True,1.2,-15,completed_trial_window
U01860,2026-03-28,2026-04-11,not_provided,starter,False,,1,1,6,22,33.0,0.6,True,1.0,4,early_dropoff
U01861,2026-01-16,2026-01-30,51-200,business,True,2026-01-23,7,5,5,71,0.0,0.5,True,1.4,-21,completed_trial_window
U01862,2026-05-18,2026-06-01,1-10,pro,True,2026-05-30,4,4,4,48,0.0,0.4,True,1.0,6,completed_trial_window
U01863,2026-03-01,2026-03-15,51-200,pro,False,,6,4,4,19,10.0,0.4,True,1.5,-11,completed_trial_window
U01864,2026-06-15,2026-06-29,51-200,starter,True,2026-06-23,1,1,1,1,246.0,0.1,False,1.0,1,early_dropoff
U01865,2026-01-06,2026-01-20,not_provided,starter,False,,2,2,1,3,229.0,0.1,False,1.0,3,mid_trial_dropoff
U01866,2026-04-02,2026-04-16,not_provided,pro,False,,6,6,6,35,26.0,0.6,True,1.0,9,completed_trial_window
U01867,2026-03-06,2026-03-20,1-10,starter,False,,7,7,5,41,19.0,0.5,True,1.0,-1,completed_trial_window
U01868,2026-04-23,2026-05-07,not_provided,business,False,,8,5,2,30,27.0,0.2,False,1.6,8,completed_trial_window
U01869,2026-05-19,2026-06-02,not_provided,starter,False,,5,5,4,16,80.0,0.4,True,1.0,0,completed_trial_window
U01870,2026-02-18,2026-03-04,not_provided,pro,True,2026-03-03,7,6,4,62,15.0,0.4,True,1.1666666666666667,34,completed_trial_window
U01871,2026-03-31,2026-04-14,51-200,business,False,,4,4,5,31,69.0,0.5,True,1.0,-3,completed_trial_window
U01872,2026-04-30,2026-05-14,51-200,pro,False,,5,4,2,15,56.0,0.2,True,1.25,-3,completed_trial_window
U01873,2026-05-22,2026-06-05,11-50,starter,False,,6,5,2,22,42.0,0.2,True,1.2,4,completed_trial_window
U01874,2026-05-16,2026-05-30,11-50,starter,False,,9,7,3,27,45.0,0.3,False,1.2857142857142858,11,completed_trial_window
U01875,2026-03-17,2026-03-31,51-200,pro,False,,3,2,5,33,35.0,0.5,True,1.5,-15,completed_trial_window
U01876,2026-04-04,2026-04-18,200+,starter,False,,6,6,8,60,12.0,0.8,True,1.0,-2,completed_trial_window
U01877,2026-06-13,2026-06-27,not_provided,starter,False,,7,4,3,26,15.0,0.3,True,1.75,-6,completed_trial_window
U01878,2026-02-17,2026-03-03,1-10,pro,False,,6,6,3,13,142.0,0.3,True,1.0,-1,completed_trial_window
U01879,2026-04-04,2026-04-18,not_provided,pro,False,,3,3,4,22,60.0,0.4,True,1.0,-14,mid_trial_dropoff
U01880,2026-03-24,2026-04-07,not_provided,starter,True,2026-04-06,9,8,5,43,6.0,0.5,True,1.125,3,completed_trial_window
U01881,2026-04-10,2026-04-24,11-50,pro,True,2026-04-22,7,6,5,65,53.0,0.5,True,1.1666666666666667,17,completed_trial_window
U01882,2026-05-22,2026-06-05,11-50,pro,False,,3,3,3,7,106.0,0.3,True,1.0,1,mid_trial_dropoff
U01883,2026-03-14,2026-03-28,51-200,starter,False,,4,3,3,14,20.0,0.3,True,1.3333333333333333,-6,mid_trial_dropoff
U01884,2026-06-14,2026-06-28,51-200,starter,False,,6,6,4,27,31.0,0.4,False,1.0,-5,completed_trial_window
U01885,2026-01-25,2026-02-08,not_provided,business,True,2026-01-31,13,7,3,39,5.0,0.3,True,1.8571428571428572,3,completed_trial_window
U01886,2026-01-12,2026-01-26,11-50,pro,True,2026-01-17,5,3,6,62,6.0,0.6,True,1.6666666666666667,12,completed_trial_window
U01887,2026-02-21,2026-03-07,1-10,starter,False,,1,1,3,12,5.0,0.3,True,1.0,0,early_dropoff
U01888,2026-02-19,2026-03-05,1-10,starter,False,,6,6,5,32,1.0,0.5,True,1.0,-4,completed_trial_window
U01889,2026-05-27,2026-06-10,not_provided,starter,False,,7,5,3,21,12.0,0.3,True,1.4,-17,completed_trial_window
U01890,2026-05-06,2026-05-20,not_provided,pro,False,,11,8,3,16,66.0,0.3,False,1.375,6,completed_trial_window
U01891,2026-06-01,2026-06-15,51-200,starter,False,,6,4,5,30,42.0,0.5,True,1.5,10,completed_trial_window
U01892,2026-04-04,2026-04-18,11-50,pro,False,,6,5,5,63,25.0,0.5,True,1.2,13,completed_trial_window
U01893,2026-01-19,2026-02-02,1-10,pro,True,2026-01-31,10,5,6,90,2.0,0.6,True,2.0,-36,completed_trial_window
U01894,2026-01-21,2026-02-04,200+,business,True,2026-01-26,6,6,5,68,26.0,0.5,True,1.0,8,completed_trial_window
U01895,2026-04-03,2026-04-17,not_provided,business,False,,3,3,3,24,27.0,0.3,True,1.0,-4,completed_trial_window
U01896,2026-04-17,2026-05-01,51-200,business,True,2026-04-22,9,6,8,117,8.0,0.8,True,1.5,23,completed_trial_window
U01897,2026-06-07,2026-06-21,51-200,pro,True,2026-06-12,8,7,7,64,4.0,0.7,True,1.1428571428571428,4,completed_trial_window
U01898,2026-01-19,2026-02-02,51-200,starter,False,,7,6,7,49,15.0,0.7,True,1.1666666666666667,9,completed_trial_window
U01899,2026-02-25,2026-03-11,not_provided,starter,False,,6,6,5,43,6.0,0.5,False,1.0,5,completed_trial_window
U01900,2026-01-26,2026-02-09,not_provided,pro,False,,8,7,5,24,43.0,0.5,True,1.1428571428571428,0,completed_trial_window
U01901,2026-05-17,2026-05-31,200+,pro,False,,12,8,10,138,0.0,1.0,True,1.5,12,completed_trial_window
U01902,2026-02-19,2026-03-05,not_provided,business,False,,6,4,4,39,12.0,0.4,True,1.5,3,completed_trial_window
U01903,2026-03-05,2026-03-19,not_provided,business,False,,8,7,4,28,51.0,0.4,True,1.1428571428571428,18,completed_trial_window
U01904,2026-02-15,2026-03-01,not_provided,business,False,,17,9,5,58,23.0,0.5,True,1.8888888888888888,24,completed_trial_window
U01905,2026-05-23,2026-06-06,200+,business,True,2026-05-29,9,8,7,95,16.0,0.7,True,1.125,27,completed_trial_window
U01906,2026-06-13,2026-06-27,not_provided,business,True,2026-06-25,7,7,3,21,13.0,0.3,False,1.0,-13,completed_trial_window
U01907,2026-04-20,2026-05-04,1-10,pro,False,,2,2,2,5,93.0,0.2,True,1.0,1,completed_trial_window
U01908,2026-02-16,2026-03-02,not_provided,starter,False,,3,2,3,6,62.0,0.3,True,1.5,-6,completed_trial_window
U01909,2026-05-10,2026-05-24,51-200,business,False,,5,4,2,5,85.0,0.2,False,1.25,1,completed_trial_window
U01910,2026-02-10,2026-02-24,not_provided,pro,False,,7,4,4,21,106.0,0.4,True,1.75,5,completed_trial_window
U01911,2026-04-24,2026-05-08,51-200,business,False,,8,7,4,21,46.0,0.4,False,1.1428571428571428,1,completed_trial_window
U01912,2026-05-21,2026-06-04,51-200,business,True,2026-06-01,6,5,5,56,3.0,0.5,False,1.2,2,completed_trial_window
U01913,2026-06-12,2026-06-26,200+,business,True,2026-06-22,16,11,4,53,11.0,0.4,True,1.4545454545454546,21,completed_trial_window
U01914,2026-06-05,2026-06-19,11-50,pro,False,,6,6,1,6,199.0,0.1,True,1.0,6,completed_trial_window
U01915,2026-05-20,2026-06-03,11-50,starter,True,2026-06-02,8,6,6,62,10.0,0.6,True,1.3333333333333333,-6,completed_trial_window
U01916,2026-03-07,2026-03-21,51-200,starter,True,2026-03-19,5,3,7,86,0.0,0.7,True,1.6666666666666667,10,completed_trial_window
U01917,2026-04-12,2026-04-26,1-10,business,False,,4,4,9,56,28.0,0.9,True,1.0,22,completed_trial_window
U01918,2026-01-09,2026-01-23,51-200,pro,False,,4,3,5,48,15.0,0.5,True,1.3333333333333333,-4,mid_trial_dropoff
U01919,2026-01-05,2026-01-19,not_provided,pro,False,,3,3,2,9,29.0,0.2,False,1.0,-7,completed_trial_window
U01920,2026-03-19,2026-04-02,1-10,business,True,2026-03-27,2,2,6,42,17.0,0.6,True,1.0,-8,completed_trial_window
U01921,2026-02-24,2026-03-10,51-200,starter,True,2026-03-05,9,7,8,103,0.0,0.8,True,1.2857142857142858,3,completed_trial_window
U01922,2026-05-22,2026-06-05,not_provided,pro,False,,11,8,3,15,47.0,0.3,True,1.375,3,completed_trial_window
U01923,2026-05-27,2026-06-10,not_provided,pro,True,2026-06-02,7,6,2,30,6.0,0.2,True,1.1666666666666667,10,completed_trial_window
U01924,2026-01-10,2026-01-24,200+,business,False,,2,2,2,11,19.0,0.2,True,1.0,-3,completed_trial_window
U01925,2026-02-09,2026-02-23,11-50,business,True,2026-02-19,2,2,6,60,1.0,0.6,True,1.0,22,mid_trial_dropoff
U01926,2026-05-30,2026-06-13,11-50,pro,False,,11,8,4,30,25.0,0.4,False,1.375,-2,completed_trial_window
U01927,2026-03-07,2026-03-21,51-200,starter,False,,12,10,8,138,12.0,0.8,True,1.2,-12,completed_trial_window
U01928,2026-05-27,2026-06-10,200+,pro,False,,4,4,3,5,162.0,0.3,True,1.0,3,completed_trial_window
U01929,2026-02-25,2026-03-11,not_provided,starter,False,,11,7,5,41,4.0,0.5,True,1.5714285714285714,3,completed_trial_window
U01930,2026-03-25,2026-04-08,200+,pro,True,2026-04-06,6,5,3,35,10.0,0.3,True,1.2,-5,completed_trial_window
U01931,2026-05-28,2026-06-11,1-10,pro,True,2026-06-06,8,7,7,94,11.0,0.7,True,1.1428571428571428,-12,completed_trial_window
U01932,2026-01-10,2026-01-24,not_provided,pro,True,2026-01-21,9,7,5,64,22.0,0.5,True,1.2857142857142858,20,completed_trial_window
U01933,2026-01-21,2026-02-04,1-10,business,False,,3,2,2,9,65.0,0.2,False,1.5,3,completed_trial_window
U01934,2026-03-31,2026-04-14,200+,starter,False,,4,3,3,11,46.0,0.3,True,1.3333333333333333,7,completed_trial_window
U01935,2026-01-31,2026-02-14,11-50,business,True,2026-02-14,7,6,3,17,18.0,0.3,True,1.1666666666666667,1,completed_trial_window
U01936,2026-01-03,2026-01-17,not_provided,business,False,,7,4,7,50,19.0,0.7,True,1.75,4,completed_trial_window
U01937,2026-04-08,2026-04-22,1-10,business,False,,6,5,5,35,63.0,0.5,False,1.2,15,completed_trial_window
U01938,2026-05-15,2026-05-29,1-10,business,True,2026-05-28,2,2,5,97,24.0,0.5,True,1.0,51,completed_trial_window
U01939,2026-05-25,2026-06-08,11-50,business,True,2026-06-07,5,4,4,38,5.0,0.4,True,1.25,-8,completed_trial_window
U01940,2026-02-26,2026-03-12,11-50,starter,False,,6,6,3,16,70.0,0.3,False,1.0,10,completed_trial_window
U01941,2026-04-11,2026-04-25,200+,pro,True,2026-04-25,10,8,7,86,9.0,0.7,True,1.25,0,completed_trial_window
U01942,2026-05-10,2026-05-24,1-10,pro,True,2026-05-21,11,6,7,94,30.0,0.7,True,1.8333333333333333,16,completed_trial_window
U01943,2026-03-16,2026-03-30,200+,pro,False,,2,2,3,14,10.0,0.3,True,1.0,2,completed_trial_window
U01944,2026-02-03,2026-02-17,51-200,starter,True,2026-02-15,6,5,7,101,8.0,0.7,True,1.2,-5,completed_trial_window
U01945,2026-05-27,2026-06-10,not_provided,starter,True,2026-06-09,2,2,1,17,154.0,0.1,True,1.0,11,completed_trial_window
U01946,2026-04-13,2026-04-27,51-200,starter,False,,4,3,7,44,6.0,0.7,True,1.3333333333333333,0,completed_trial_window
U01947,2026-04-13,2026-04-27,not_provided,starter,True,2026-04-20,5,5,7,61,2.0,0.7,True,1.0,9,completed_trial_window
U01948,2026-02-04,2026-02-18,200+,pro,True,2026-02-12,6,4,3,28,0.0,0.3,True,1.5,-10,completed_trial_window
U01949,2026-05-05,2026-05-19,200+,business,False,,4,4,7,80,0.0,0.7,True,1.0,-10,completed_trial_window
U01950,2026-05-27,2026-06-10,11-50,pro,False,,5,4,5,61,23.0,0.5,False,1.25,-23,completed_trial_window
U01951,2026-06-07,2026-06-21,not_provided,pro,True,2026-06-15,10,7,6,45,9.0,0.6,True,1.4285714285714286,5,completed_trial_window
U01952,2026-03-04,2026-03-18,1-10,business,False,,9,8,5,49,7.0,0.5,True,1.125,-3,completed_trial_window
U01953,2026-04-21,2026-05-05,51-200,business,True,2026-05-05,4,3,2,13,39.0,0.2,True,1.3333333333333333,-7,completed_trial_window
U01954,2026-01-23,2026-02-06,1-10,business,True,2026-02-03,7,6,2,4,101.0,0.2,False,1.1666666666666667,-4,completed_trial_window
U01955,2026-04-19,2026-05-03,51-200,business,False,,11,7,5,44,34.0,0.5,True,1.5714285714285714,0,completed_trial_window
U01956,2026-02-18,2026-03-04,51-200,business,False,,7,6,8,42,5.0,0.8,True,1.1666666666666667,8,completed_trial_window
U01957,2026-06-02,2026-06-16,not_provided,starter,False,,4,3,3,28,46.0,0.3,False,1.3333333333333333,20,completed_trial_window
U01958,2026-03-20,2026-04-03,11-50,business,False,,1,1,3,15,74.0,0.3,False,1.0,-7,early_dropoff
U01959,2026-06-07,2026-06-21,200+,pro,False,,5,5,3,26,10.0,0.3,False,1.0,-8,completed_trial_window
U01960,2026-02-07,2026-02-21,200+,starter,False,,5,4,2,13,38.0,0.2,False,1.25,-1,completed_trial_window
U01961,2026-03-01,2026-03-15,11-50,business,False,,4,3,3,23,16.0,0.3,True,1.3333333333333333,-1,completed_trial_window
U01962,2026-04-06,2026-04-20,11-50,business,True,2026-04-12,9,7,8,109,11.0,0.8,True,1.2857142857142858,5,completed_trial_window
U01963,2026-01-29,2026-02-12,not_provided,starter,False,,5,4,1,3,59.0,0.1,False,1.25,-3,completed_trial_window
U01964,2026-03-04,2026-03-18,not_provided,pro,False,,4,4,1,3,44.0,0.1,False,1.0,-3,completed_trial_window
U01965,2026-03-15,2026-03-29,1-10,business,False,,6,5,5,59,1.0,0.5,False,1.2,3,completed_trial_window
U01966,2026-01-29,2026-02-12,51-200,starter,True,2026-02-10,6,5,6,52,4.0,0.6,True,1.2,16,completed_trial_window
U01967,2026-01-06,2026-01-20,51-200,pro,False,,11,8,6,72,7.0,0.6,True,1.375,24,completed_trial_window
U01968,2026-05-18,2026-06-01,11-50,pro,False,,6,4,5,57,1.0,0.5,True,1.5,-19,completed_trial_window
U01969,2026-05-20,2026-06-03,not_provided,business,False,,4,4,5,23,13.0,0.5,True,1.0,13,completed_trial_window
U01970,2026-05-21,2026-06-04,200+,pro,False,,14,7,6,47,13.0,0.6,True,2.0,-23,completed_trial_window
U01971,2026-02-06,2026-02-20,not_provided,business,False,,2,2,3,12,32.0,0.3,False,1.0,-2,early_dropoff
U01972,2026-01-05,2026-01-19,200+,pro,True,2026-01-18,7,5,6,58,0.0,0.6,True,1.4,6,completed_trial_window
U01973,2026-01-12,2026-01-26,51-200,pro,True,2026-01-17,7,5,7,67,27.0,0.7,True,1.4,-5,completed_trial_window
U01974,2026-03-14,2026-03-28,11-50,business,False,,4,4,3,19,0.0,0.3,True,1.0,1,mid_trial_dropoff
U01975,2026-06-08,2026-06-22,51-200,starter,False,,5,3,4,30,30.0,0.4,False,1.6666666666666667,6,completed_trial_window
U01976,2026-04-30,2026-05-14,not_provided,starter,False,,3,3,4,12,3.0,0.4,True,1.0,2,completed_trial_window
U01977,2026-01-18,2026-02-01,200+,business,True,2026-01-27,2,2,3,19,32.0,0.3,True,1.0,-5,completed_trial_window
U01978,2026-04-03,2026-04-17,1-10,starter,False,,1,1,5,34,7.0,0.5,True,1.0,-6,early_dropoff
U01979,2026-03-16,2026-03-30,not_provided,starter,False,,8,7,5,38,58.0,0.5,True,1.1428571428571428,-2,completed_trial_window
U01980,2026-03-01,2026-03-15,200+,pro,True,2026-03-07,3,3,1,10,170.0,0.1,True,1.0,10,completed_trial_window
U01981,2026-03-22,2026-04-05,200+,pro,True,2026-04-04,10,7,2,17,92.0,0.2,True,1.4285714285714286,7,completed_trial_window
U01982,2026-01-23,2026-02-06,11-50,pro,True,2026-02-05,6,6,6,72,3.0,0.6,True,1.0,8,completed_trial_window
U01983,2026-04-28,2026-05-12,not_provided,business,True,2026-05-03,5,4,4,40,60.0,0.4,True,1.25,0,completed_trial_window
U01984,2026-01-11,2026-01-25,11-50,pro,False,,6,6,7,83,6.0,0.7,True,1.0,29,completed_trial_window
U01985,2026-03-20,2026-04-03,51-200,starter,False,,5,5,4,47,11.0,0.4,True,1.0,-9,completed_trial_window
U01986,2026-04-11,2026-04-25,not_provided,pro,False,,3,3,4,35,57.0,0.4,True,1.0,-11,completed_trial_window
U01987,2026-01-05,2026-01-19,51-200,business,True,2026-01-15,6,4,4,35,32.0,0.4,True,1.5,9,completed_trial_window
U01988,2026-04-01,2026-04-15,not_provided,business,True,2026-04-09,2,2,5,34,36.0,0.5,True,1.0,-6,completed_trial_window
U01989,2026-05-09,2026-05-23,51-200,starter,False,,11,8,9,94,2.0,0.9,True,1.375,-8,completed_trial_window
U01990,2026-06-10,2026-06-24,51-200,starter,True,2026-06-15,11,8,8,98,38.0,0.8,True,1.375,10,completed_trial_window
U01991,2026-05-23,2026-06-06,51-200,pro,False,,4,2,6,48,14.0,0.6,True,2.0,6,completed_trial_window
U01992,2026-02-08,2026-02-22,51-200,starter,True,2026-02-15,4,3,5,32,9.0,0.5,True,1.3333333333333333,10,mid_trial_dropoff
U01993,2026-01-23,2026-02-06,not_provided,starter,False,,3,2,6,31,8.0,0.6,True,1.5,-5,completed_trial_window
U01994,2026-05-14,2026-05-28,not_provided,pro,False,,5,4,4,15,196.0,0.4,True,1.25,15,completed_trial_window
U01995,2026-06-10,2026-06-24,not_provided,pro,True,2026-06-21,7,5,3,22,45.0,0.3,False,1.4,-4,completed_trial_window
U01996,2026-03-03,2026-03-17,not_provided,pro,False,,6,6,6,51,4.0,0.6,True,1.0,9,completed_trial_window
U01997,2026-04-20,2026-05-04,51-200,pro,True,2026-04-30,5,4,7,113,3.0,0.7,True,1.25,41,completed_trial_window
U01998,2026-04-25,2026-05-09,not_provided,pro,False,,6,5,6,36,8.0,0.6,False,1.2,-2,completed_trial_window
U01999,2026-02-22,2026-03-08,not_provided,pro,True,2026-03-08,9,8,5,81,32.0,0.5,True,1.125,23,completed_trial_window
U02000,2026-05-19,2026-06-02,not_provided,pro,False,,6,5,4,25,8.0,0.4,True,1.2,-17,completed_trial_window
