user_id,event_timestamp,event_type,device
U00001,2026-06-26 04:19:00,page_view,mobile
U00001,2026-06-19 04:41:00,session_end,mobile
U00001,2026-06-18 02:35:00,session_end,web
U00001,2026-06-15 10:53:00,Login,web
U00001,2026-06-25 10:56:00,session_start,
U00002,2026-03-08 14:47:00,logout,Web
U00002,2026-03-06 06:06:00,Login,mobile
U00002,2026-03-04 19:39:00,LOGIN ,mobile
U00002,2026-03-13 07:14:00,page_view,web
U00002,2026-03-09 02:44:00,logout,
U00002,2026-03-06 16:54:00,session_end,
U00002,2026-03-15 20:23:00,Login,
U00003,2026-02-03 15:08:00,Login,mobile
U00003,2026-01-30 01:26:00,logout,web
U00003,2026-02-10 08:26:00,Login,mobile
U00004,2026-06-01 06:04:00,Login,
U00005,2026-01-22 19:31:00,page_view,Web
U00005,2026-01-22 14:56:00,Login,
U00005,2026-01-15 01:38:00,page_view,
U00005,2026-01-20 10:25:00,session_end,web
U00005,2026-01-17 03:28:00,session_start,web
U00005,2026-01-23 07:33:00,session_end,
U00006,2026-03-12 01:35:00,session_start,web
U00006,2026-03-04 09:28:00,session_start,Web
U00006,2026-03-13 09:29:00,Login,
U00006,2026-03-05 19:58:00,login,mobile
U00006,2026-03-08 20:28:00,login,web
U00006,2026-03-03 18:57:00,page_view,mobile
U00007,2026-05-30 13:20:00,session_start,web
U00007,2026-05-26 14:37:00,page_view,mobile
U00007,2026-06-07 14:05:00,LOGIN ,Web
U00007,2026-06-04 20:58:00,page_view,mobile
U00007,2026-06-04 23:07:00,login,web
U00007,2026-06-04 14:40:00,LOGIN ,web
U00008,2026-04-26 22:24:00,page_view,mobile
U00009,2026-06-06 17:24:00,login,mobile
U00009,2026-06-14 10:36:00,logout,mobile
U00009,2026-06-02 04:11:00,logout,web
U00009,2026-06-06 09:19:00,page_view,
U00009,2026-06-04 20:11:00,login,mobile
U00009,2026-06-03 00:39:00,logout,Web
U00009,2026-05-31 14:31:00,logout,
U00010,2026-02-18 00:38:00,session_start,mobile
U00010,2026-02-13 18:42:00,session_start,
U00010,2026-02-16 14:05:00,session_end,web
U00011,2026-03-16 17:17:00,session_end,mobile
U00011,2026-03-13 05:09:00,login,Web
U00011,2026-03-13 04:54:00,login,Web
U00012,2026-04-02 02:03:00,login,
U00012,2026-03-30 05:43:00,LOGIN ,mobile
U00012,2026-04-04 23:37:00,LOGIN ,web
U00012,2026-03-29 09:20:00,LOGIN ,
U00012,2026-04-10 02:48:00,session_start,web
U00012,2026-04-01 15:08:00,login,Web
U00012,2026-04-02 16:26:00,session_end,mobile
U00012,2026-04-08 06:39:00,login,web
U00012,2026-04-06 23:40:00,session_end,web
U00013,2026-04-15 23:44:00,session_end,Web
U00013,2026-04-14 19:54:00,LOGIN ,Web
U00014,2026-04-07 18:39:00,LOGIN ,mobile
U00014,2026-04-08 18:31:00,session_end,
U00014,2026-04-06 05:56:00,session_end,mobile
U00015,2026-05-09 09:12:00,login,web
U00015,2026-04-28 14:40:00,logout,web
U00015,2026-05-09 06:51:00,session_end,
U00015,2026-05-04 01:21:00,LOGIN ,mobile
U00015,2026-04-28 20:12:00,page_view,Web
U00015,2026-05-02 02:19:00,LOGIN ,Web
U00016,2026-02-02 00:07:00,page_view,Web
U00016,2026-01-26 12:46:00,session_end,web
U00016,2026-02-03 05:12:00,LOGIN ,Web
U00016,2026-02-04 21:30:00,session_start,web
U00016,2026-01-31 04:30:00,Login,
U00016,2026-02-04 17:57:00,LOGIN ,
U00016,2026-02-02 13:59:00,page_view,web
U00016,2026-02-03 16:19:00,session_end,Web
U00016,2026-01-29 17:01:00,Login,Web
U00016,2026-02-02 11:04:00,Login,Web
U00017,2026-04-16 00:21:00,session_start,mobile
U00017,2026-04-12 19:24:00,Login,web
U00017,2026-04-16 09:45:00,logout,Web
U00018,2026-01-29 01:17:00,session_start,web
U00018,2026-01-25 07:23:00,session_start,Web
U00018,2026-01-21 16:19:00,Login,web
U00018,2026-01-23 01:49:00,Login,web
U00018,2026-01-25 16:01:00,logout,
U00018,2026-02-01 16:09:00,Login,Web
U00018,2026-02-01 15:46:00,logout,Web
U00018,2026-01-30 10:09:00,logout,web
U00019,2026-03-29 16:43:00,Login,mobile
U00019,2026-03-27 01:29:00,session_start,web
U00019,2026-03-16 09:59:00,login,web
U00019,2026-03-21 14:56:00,login,web
U00019,2026-03-24 21:47:00,LOGIN ,web
U00019,2026-03-25 09:40:00,Login,Web
U00019,2026-03-19 06:18:00,LOGIN ,Web
U00019,2026-03-28 14:42:00,login,Web
U00020,2026-01-28 05:17:00,login,web
U00020,2026-02-04 17:32:00,login,mobile
U00020,2026-02-03 11:35:00,LOGIN ,Web
U00020,2026-01-28 22:51:00,LOGIN ,mobile
U00020,2026-01-28 02:19:00,session_end,Web
U00020,2026-02-03 14:03:00,Login,web
U00020,2026-02-02 21:03:00,login,
U00020,2026-01-26 02:27:00,session_start,mobile
U00020,2026-02-06 19:57:00,session_end,
U00020,2026-02-04 11:19:00,LOGIN ,mobile
U00020,2026-02-06 21:51:00,session_end,web
U00020,2026-02-09 14:36:00,Login,web
U00021,2026-06-25 22:29:00,login,
U00021,2026-06-16 21:41:00,page_view,
U00021,2026-06-19 07:14:00,Login,Web
U00021,2026-06-26 11:25:00,Login,Web
U00022,2026-04-17 10:29:00,session_start,web
U00022,2026-04-06 15:07:00,LOGIN ,
U00022,2026-04-12 05:18:00,logout,Web
U00022,2026-04-14 18:08:00,session_end,web
U00022,2026-04-11 22:50:00,login,Web
U00023,2026-03-18 20:04:00,logout,Web
U00023,2026-03-18 14:25:00,session_end,
U00023,2026-03-13 19:15:00,session_end,mobile
U00024,2026-06-22 12:04:00,LOGIN ,mobile
U00025,2026-06-25 22:37:00,session_start,
U00025,2026-06-21 10:34:00,page_view,mobile
U00025,2026-06-14 21:42:00,login,
U00025,2026-06-13 18:38:00,session_start,Web
U00025,2026-06-20 03:52:00,session_start,mobile
U00025,2026-06-16 12:04:00,session_end,web
U00025,2026-06-22 19:49:00,logout,
U00026,2026-03-09 15:41:00,page_view,web
U00026,2026-03-05 06:52:00,Login,web
U00026,2026-03-16 04:42:00,Login,
U00026,2026-03-12 09:24:00,session_end,
U00026,2026-03-07 06:43:00,LOGIN ,Web
U00026,2026-03-13 21:19:00,session_start,Web
U00026,2026-03-05 18:00:00,session_end,
U00026,2026-03-17 04:54:00,LOGIN ,web
U00026,2026-03-09 17:03:00,login,Web
U00026,2026-03-05 09:55:00,login,mobile
U00027,2026-03-17 22:37:00,session_start,Web
U00028,2026-06-03 12:25:00,session_start,
U00028,2026-05-31 06:42:00,Login,
U00028,2026-05-25 06:35:00,session_start,Web
U00028,2026-06-05 13:09:00,LOGIN ,mobile
U00028,2026-05-25 00:04:00,page_view,web
U00028,2026-05-25 23:56:00,session_start,
U00028,2026-05-25 02:08:00,page_view,
U00029,2026-01-28 14:57:00,logout,
U00029,2026-01-24 05:29:00,session_end,
U00029,2026-01-23 14:24:00,LOGIN ,mobile
U00029,2026-01-17 13:38:00,login,
U00029,2026-01-28 23:15:00,page_view,Web
U00029,2026-01-21 17:36:00,LOGIN ,web
U00030,2026-04-13 18:30:00,page_view,Web
U00030,2026-04-14 18:30:00,page_view,web
U00030,2026-04-15 23:46:00,session_end,Web
U00030,2026-04-20 16:05:00,session_end,web
U00030,2026-04-16 15:40:00,page_view,web
U00030,2026-04-23 20:34:00,logout,Web
U00030,2026-04-22 01:57:00,LOGIN ,web
U00030,2026-04-20 14:32:00,session_start,Web
U00030,2026-04-19 11:51:00,LOGIN ,Web
U00030,2026-04-15 01:44:00,session_end,Web
U00030,2026-04-24 18:16:00,login,
U00031,2026-03-05 05:36:00,login,Web
U00031,2026-03-08 23:39:00,login,Web
U00031,2026-03-03 02:08:00,session_end,web
U00031,2026-03-09 08:16:00,Login,Web
U00031,2026-02-28 08:00:00,page_view,web
U00031,2026-03-05 05:58:00,session_end,mobile
U00032,2026-04-01 14:23:00,logout,mobile
U00032,2026-03-26 22:15:00,session_start,mobile
U00032,2026-04-03 16:55:00,login,Web
U00032,2026-03-23 04:38:00,logout,mobile
U00033,2026-04-25 15:48:00,session_start,
U00033,2026-04-15 21:28:00,page_view,mobile
U00034,2026-02-09 18:46:00,logout,Web
U00034,2026-02-06 20:16:00,logout,web
U00034,2026-02-06 05:29:00,session_start,
U00034,2026-02-10 15:47:00,logout,mobile
U00034,2026-02-12 21:45:00,session_start,
U00035,2026-03-09 04:33:00,logout,
U00035,2026-03-05 09:59:00,logout,
U00035,2026-03-11 21:20:00,session_end,web
U00036,2026-05-19 17:40:00,LOGIN ,
U00036,2026-05-27 20:54:00,LOGIN ,Web
U00037,2026-06-03 08:51:00,login,Web
U00037,2026-06-09 18:25:00,session_start,mobile
U00037,2026-06-10 21:37:00,logout,mobile
U00037,2026-06-07 10:43:00,page_view,mobile
U00037,2026-06-04 17:00:00,page_view,web
U00037,2026-06-12 02:00:00,session_start,web
U00038,2026-04-11 03:43:00,session_start,Web
U00038,2026-04-06 23:18:00,LOGIN ,mobile
U00038,2026-04-03 00:39:00,login,web
U00038,2026-04-12 21:57:00,logout,mobile
U00038,2026-04-12 20:07:00,page_view,web
U00038,2026-04-04 19:08:00,session_start,mobile
U00038,2026-04-17 03:44:00,Login,Web
U00038,2026-04-07 14:42:00,login,
U00039,2026-05-25 08:49:00,session_start,Web
U00039,2026-05-15 05:49:00,login,Web
U00039,2026-05-23 01:24:00,session_start,Web
U00039,2026-05-11 08:52:00,LOGIN ,mobile
U00039,2026-05-18 02:31:00,Login,
U00039,2026-05-13 20:31:00,login,mobile
U00039,2026-05-19 13:13:00,session_end,web
U00039,2026-05-25 14:45:00,LOGIN ,web
U00039,2026-05-11 02:04:00,session_end,Web
U00039,2026-05-23 14:01:00,session_start,mobile
U00039,2026-05-21 20:00:00,login,
U00040,2026-01-17 04:44:00,LOGIN ,
U00040,2026-01-22 00:32:00,page_view,
U00040,2026-01-20 13:25:00,logout,web
U00040,2026-01-21 07:00:00,session_start,
U00040,2026-01-14 18:34:00,LOGIN ,Web
U00040,2026-01-23 09:25:00,login,web
U00040,2026-01-18 17:54:00,LOGIN ,web
U00040,2026-01-26 14:48:00,logout,Web
U00040,2026-01-23 06:11:00,session_end,web
U00040,2026-01-19 21:12:00,LOGIN ,
U00041,2026-06-24 03:40:00,page_view,Web
U00041,2026-06-17 02:56:00,page_view,
U00042,2026-06-13 06:08:00,login,mobile
U00042,2026-06-02 23:37:00,Login,
U00042,2026-06-08 02:50:00,session_end,Web
U00042,2026-06-09 17:53:00,logout,
U00042,2026-06-02 01:21:00,login,Web
U00042,2026-06-14 23:02:00,session_start,web
U00042,2026-06-05 20:42:00,session_end,
U00042,2026-06-12 17:09:00,page_view,mobile
U00042,2026-06-16 02:02:00,page_view,mobile
U00042,2026-06-09 20:01:00,session_start,web
U00043,2026-04-11 22:41:00,Login,web
U00044,2026-05-18 20:03:00,LOGIN ,web
U00044,2026-05-23 19:10:00,logout,web
U00044,2026-05-29 03:07:00,session_start,mobile
U00044,2026-05-17 06:27:00,LOGIN ,
U00044,2026-05-21 03:43:00,session_end,mobile
U00044,2026-05-21 06:48:00,login,mobile
U00044,2026-05-21 02:07:00,LOGIN ,mobile
U00045,2026-01-15 13:10:00,page_view,Web
U00045,2026-01-11 05:28:00,Login,web
U00045,2026-01-05 03:50:00,logout,
U00045,2026-01-15 05:01:00,session_start,web
U00045,2026-01-03 00:11:00,login,Web
U00045,2026-01-09 22:51:00,logout,
U00045,2026-01-14 04:13:00,Login,Web
U00046,2026-02-07 14:26:00,Login,mobile
U00046,2026-02-08 22:02:00,session_end,mobile
U00046,2026-02-10 15:39:00,login,Web
U00046,2026-02-04 13:00:00,session_end,mobile
U00046,2026-02-02 03:33:00,login,Web
U00047,2026-03-23 17:32:00,Login,
U00047,2026-03-22 20:42:00,Login,Web
U00047,2026-03-10 06:07:00,logout,mobile
U00047,2026-03-20 15:31:00,Login,mobile
U00047,2026-03-20 01:03:00,page_view,Web
U00047,2026-03-14 06:27:00,LOGIN ,Web
U00047,2026-03-19 14:02:00,login,web
U00047,2026-03-24 17:11:00,Login,web
U00047,2026-03-17 16:07:00,login,mobile
U00047,2026-03-21 14:37:00,session_end,Web
U00047,2026-03-16 06:47:00,page_view,Web
U00047,2026-03-13 03:20:00,Login,web
U00047,2026-03-13 23:26:00,logout,mobile
U00047,2026-03-16 07:04:00,session_start,
U00048,2026-01-29 13:09:00,Login,
U00048,2026-01-31 12:23:00,Login,
U00048,2026-02-09 06:40:00,LOGIN ,Web
U00048,2026-02-01 10:08:00,login,web
U00048,2026-02-02 04:07:00,logout,
U00049,2026-02-17 13:10:00,logout,Web
U00049,2026-02-13 09:38:00,Login,mobile
U00049,2026-02-19 17:54:00,Login,web
U00049,2026-02-16 16:31:00,logout,mobile
U00049,2026-02-19 15:53:00,session_start,Web
U00050,2026-03-09 23:27:00,page_view,mobile
U00050,2026-03-12 10:27:00,session_end,mobile
U00050,2026-03-23 18:09:00,session_end,web
U00050,2026-03-15 01:02:00,session_start,web
U00050,2026-03-15 16:25:00,session_start,web
U00050,2026-03-16 15:15:00,login,web
U00050,2026-03-20 23:26:00,Login,mobile
U00050,2026-03-14 09:15:00,page_view,web
U00050,2026-03-09 15:42:00,LOGIN ,mobile
U00050,2026-03-20 14:54:00,session_end,web
U00051,2026-05-17 14:49:00,Login,
U00051,2026-05-12 11:40:00,session_start,web
U00051,2026-05-23 20:04:00,session_start,Web
U00051,2026-05-18 01:18:00,session_start,Web
U00051,2026-05-21 19:34:00,session_end,mobile
U00052,2026-06-25 21:05:00,session_end,Web
U00052,2026-06-24 01:32:00,page_view,Web
U00052,2026-06-27 01:07:00,session_start,Web
U00052,2026-06-20 19:02:00,LOGIN ,Web
U00052,2026-06-15 20:35:00,page_view,web
U00052,2026-06-21 22:49:00,Login,mobile
U00052,2026-06-18 07:34:00,login,
U00052,2026-06-24 18:55:00,page_view,mobile
U00053,2026-03-04 23:48:00,Login,Web
U00053,2026-02-25 08:32:00,page_view,
U00053,2026-02-24 01:04:00,LOGIN ,Web
U00053,2026-02-27 15:32:00,session_end,web
U00053,2026-02-27 22:34:00,page_view,Web
U00053,2026-02-27 19:23:00,logout,web
U00053,2026-02-23 14:05:00,login,
U00054,2026-06-02 05:18:00,login,web
U00055,2026-06-05 08:07:00,page_view,mobile
U00055,2026-06-10 04:55:00,Login,web
U00055,2026-06-07 13:43:00,session_end,mobile
U00055,2026-06-10 11:26:00,session_start,web
U00055,2026-06-07 06:04:00,login,mobile
U00056,2026-01-18 16:41:00,LOGIN ,
U00056,2026-01-14 10:41:00,page_view,Web
U00057,2026-03-27 18:42:00,page_view,
U00057,2026-03-27 09:36:00,Login,Web
U00057,2026-03-22 08:14:00,session_start,Web
U00057,2026-03-24 01:09:00,LOGIN ,Web
U00057,2026-03-27 05:39:00,Login,Web
U00058,2026-05-28 05:53:00,page_view,mobile
U00058,2026-05-28 07:07:00,login,Web
U00058,2026-06-04 04:28:00,LOGIN ,Web
U00058,2026-05-28 06:35:00,page_view,web
U00058,2026-06-05 10:22:00,Login,Web
U00058,2026-06-02 17:10:00,session_end,Web
U00058,2026-05-27 00:25:00,session_start,mobile
U00058,2026-06-02 10:09:00,login,Web
U00058,2026-06-05 22:18:00,session_start,Web
U00058,2026-06-07 18:42:00,Login,
U00059,2026-01-23 22:07:00,page_view,
U00059,2026-02-01 01:08:00,page_view,web
U00059,2026-01-22 00:25:00,session_end,mobile
U00059,2026-01-25 11:05:00,LOGIN ,web
U00059,2026-01-27 20:12:00,session_end,mobile
U00059,2026-01-30 08:12:00,login,web
U00059,2026-01-26 14:43:00,page_view,web
U00059,2026-01-26 12:12:00,session_start,Web
U00059,2026-01-27 19:32:00,login,Web
U00060,2026-05-08 04:45:00,logout,
U00060,2026-05-07 12:23:00,login,Web
U00060,2026-05-07 11:19:00,session_start,web
U00061,2026-03-12 23:56:00,session_start,
U00061,2026-03-21 14:18:00,Login,
U00061,2026-03-20 13:08:00,logout,web
U00061,2026-03-11 06:19:00,session_start,Web
U00061,2026-03-10 18:48:00,session_start,web
U00061,2026-03-09 13:40:00,LOGIN ,
U00061,2026-03-11 17:29:00,page_view,mobile
U00062,2026-02-27 05:53:00,session_start,Web
U00062,2026-03-04 15:02:00,logout,Web
U00062,2026-03-09 18:19:00,session_start,
U00062,2026-02-27 00:50:00,login,mobile
U00062,2026-02-28 09:40:00,logout,
U00062,2026-02-25 20:42:00,LOGIN ,
U00062,2026-02-26 15:58:00,page_view,mobile
U00062,2026-02-24 03:48:00,LOGIN ,
U00062,2026-02-25 19:47:00,LOGIN ,
U00063,2026-03-02 13:55:00,LOGIN ,
U00063,2026-03-04 03:23:00,session_end,web
U00063,2026-03-06 08:10:00,session_end,web
U00063,2026-02-23 10:29:00,page_view,mobile
U00063,2026-02-26 05:03:00,LOGIN ,Web
U00063,2026-02-27 20:58:00,LOGIN ,web
U00063,2026-02-25 09:33:00,page_view,web
U00064,2026-04-21 06:49:00,page_view,mobile
U00064,2026-04-25 03:38:00,logout,mobile
U00064,2026-04-21 10:55:00,LOGIN ,Web
U00065,2026-04-10 21:44:00,page_view,Web
U00065,2026-04-07 17:37:00,LOGIN ,mobile
U00065,2026-04-06 04:33:00,LOGIN ,Web
U00065,2026-04-18 15:26:00,LOGIN ,mobile
U00066,2026-04-27 06:09:00,session_end,mobile
U00066,2026-05-09 06:50:00,session_end,web
U00066,2026-05-02 14:58:00,login,web
U00066,2026-05-09 04:59:00,login,
U00066,2026-05-01 09:44:00,LOGIN ,mobile
U00066,2026-05-09 14:56:00,session_end,Web
U00067,2026-03-01 22:19:00,login,web
U00067,2026-03-02 04:54:00,page_view,mobile
U00067,2026-03-10 07:19:00,Login,mobile
U00067,2026-03-01 02:27:00,page_view,web
U00067,2026-02-28 00:49:00,session_start,
U00068,2026-01-06 06:06:00,login,web
U00068,2026-01-13 03:58:00,LOGIN ,web
U00068,2026-01-07 09:42:00,login,web
U00068,2026-01-18 03:58:00,session_end,mobile
U00069,2026-06-09 06:11:00,page_view,Web
U00069,2026-05-31 02:09:00,logout,Web
U00070,2026-01-28 11:22:00,Login,mobile
U00070,2026-01-27 18:04:00,login,web
U00070,2026-01-27 06:45:00,Login,Web
U00070,2026-01-21 17:00:00,page_view,web
U00070,2026-02-02 06:58:00,session_end,
U00070,2026-01-24 22:37:00,Login,
U00070,2026-01-29 03:11:00,logout,Web
U00070,2026-01-25 13:13:00,session_end,mobile
U00070,2026-01-25 03:48:00,LOGIN ,web
U00071,2026-03-07 03:33:00,Login,
U00071,2026-03-12 11:45:00,LOGIN ,web
U00071,2026-03-01 10:31:00,login,
U00071,2026-03-04 14:38:00,page_view,Web
U00072,2026-01-29 14:14:00,session_end,
U00072,2026-01-23 13:12:00,logout,web
U00072,2026-02-02 15:43:00,LOGIN ,mobile
U00072,2026-01-19 21:31:00,page_view,web
U00073,2026-03-19 14:33:00,page_view,web
U00073,2026-03-14 04:25:00,session_start,web
U00073,2026-03-24 05:04:00,LOGIN ,mobile
U00073,2026-03-18 06:38:00,logout,
U00074,2026-02-25 07:53:00,session_start,
U00074,2026-02-28 22:49:00,session_end,Web
U00074,2026-03-08 20:25:00,LOGIN ,
U00074,2026-03-06 19:25:00,session_start,Web
U00075,2026-05-30 14:06:00,login,Web
U00075,2026-06-04 15:14:00,page_view,mobile
U00075,2026-05-28 03:47:00,login,web
U00075,2026-06-04 21:01:00,Login,
U00075,2026-06-06 21:20:00,Login,Web
U00075,2026-06-06 19:06:00,logout,web
U00075,2026-06-07 16:49:00,session_start,
U00075,2026-05-31 09:42:00,session_start,
U00075,2026-06-05 08:34:00,LOGIN ,web
U00075,2026-06-09 01:27:00,login,
U00076,2026-05-09 10:54:00,session_start,
U00077,2026-02-01 01:02:00,Login,Web
U00077,2026-02-08 22:10:00,session_start,
U00078,2026-04-03 09:45:00,session_start,
U00078,2026-04-13 03:36:00,page_view,
U00078,2026-04-11 17:43:00,session_end,
U00078,2026-04-08 17:54:00,Login,web
U00078,2026-04-07 08:31:00,session_end,
U00078,2026-04-10 21:22:00,logout,Web
U00078,2026-04-06 01:01:00,session_end,web
U00078,2026-04-03 11:22:00,logout,web
U00078,2026-04-13 20:21:00,session_start,web
U00078,2026-04-07 11:22:00,session_start,Web
U00078,2026-04-01 21:15:00,Login,mobile
U00079,2026-01-24 09:37:00,login,web
U00079,2026-01-27 09:07:00,LOGIN ,mobile
U00079,2026-01-14 17:20:00,login,
U00079,2026-01-24 13:36:00,session_end,
U00079,2026-01-18 00:44:00,session_start,web
U00079,2026-01-19 12:36:00,session_start,Web
U00080,2026-06-24 03:51:00,session_start,web
U00081,2026-04-25 21:13:00,LOGIN ,
U00081,2026-04-22 21:21:00,Login,Web
U00081,2026-04-19 13:12:00,session_start,web
U00081,2026-04-27 17:13:00,LOGIN ,Web
U00082,2026-01-28 09:36:00,session_start,mobile
U00082,2026-02-06 23:05:00,page_view,web
U00082,2026-02-06 10:17:00,login,
U00082,2026-02-03 06:22:00,logout,web
U00082,2026-02-07 09:32:00,logout,Web
U00082,2026-02-03 21:34:00,LOGIN ,mobile
U00082,2026-02-03 12:16:00,session_end,
U00082,2026-02-07 17:11:00,login,mobile
U00083,2026-05-27 15:13:00,page_view,
U00083,2026-05-22 20:34:00,logout,
U00083,2026-06-01 18:46:00,page_view,web
U00083,2026-05-26 06:23:00,session_start,mobile
U00083,2026-05-21 04:47:00,page_view,Web
U00083,2026-05-31 13:26:00,LOGIN ,web
U00084,2026-04-29 06:54:00,session_start,Web
U00084,2026-05-02 09:41:00,Login,Web
U00084,2026-04-29 19:15:00,session_start,mobile
U00084,2026-04-20 04:12:00,login,mobile
U00084,2026-05-01 09:29:00,session_start,
U00084,2026-04-25 20:57:00,login,mobile
U00085,2026-03-07 08:08:00,login,Web
U00085,2026-03-17 08:42:00,session_end,mobile
U00085,2026-03-15 01:46:00,session_start,web
U00086,2026-05-21 02:20:00,session_end,Web
U00086,2026-06-03 02:57:00,session_start,Web
U00086,2026-05-31 21:56:00,login,
U00086,2026-06-03 23:53:00,Login,mobile
U00087,2026-06-17 18:47:00,session_end,web
U00088,2026-03-10 21:53:00,session_end,Web
U00088,2026-03-09 02:15:00,session_end,web
U00088,2026-03-14 10:21:00,logout,
U00088,2026-03-14 23:47:00,Login,
U00088,2026-03-05 04:06:00,Login,mobile
U00088,2026-03-06 14:26:00,LOGIN ,web
U00088,2026-03-09 17:23:00,page_view,web
U00089,2026-05-09 17:27:00,session_start,mobile
U00089,2026-05-08 04:23:00,session_start,Web
U00089,2026-05-17 09:01:00,page_view,web
U00089,2026-05-17 23:42:00,logout,web
U00089,2026-05-15 21:15:00,LOGIN ,
U00089,2026-05-08 20:44:00,LOGIN ,web
U00089,2026-05-12 07:54:00,session_start,
U00089,2026-05-04 12:59:00,LOGIN ,Web
U00089,2026-05-05 07:19:00,Login,mobile
U00089,2026-05-18 14:40:00,LOGIN ,
U00089,2026-05-16 01:17:00,logout,web
U00089,2026-05-17 15:30:00,page_view,
U00089,2026-05-18 10:45:00,session_start,web
U00090,2026-02-25 05:44:00,LOGIN ,web
U00090,2026-02-17 13:38:00,page_view,Web
U00090,2026-02-19 22:01:00,logout,web
U00090,2026-02-22 20:11:00,page_view,
U00090,2026-02-24 20:08:00,login,
U00090,2026-02-15 20:19:00,LOGIN ,web
U00090,2026-02-13 05:15:00,session_end,mobile
U00090,2026-02-25 19:43:00,session_start,Web
U00090,2026-02-19 15:55:00,page_view,mobile
U00091,2026-04-14 05:43:00,session_end,Web
U00091,2026-04-22 09:12:00,login,
U00091,2026-04-15 05:25:00,session_start,mobile
U00091,2026-04-10 00:59:00,session_end,mobile
U00091,2026-04-24 02:29:00,Login,Web
U00091,2026-04-21 05:03:00,session_start,
U00091,2026-04-19 08:09:00,login,Web
U00091,2026-04-12 18:07:00,login,
U00091,2026-04-22 14:52:00,page_view,
U00092,2026-03-16 07:45:00,Login,mobile
U00092,2026-03-28 08:18:00,page_view,
U00092,2026-03-21 04:27:00,logout,mobile
U00092,2026-03-24 06:52:00,LOGIN ,mobile
U00092,2026-03-21 05:26:00,logout,mobile
U00092,2026-03-15 09:16:00,Login,
U00092,2026-03-29 07:23:00,session_end,
U00092,2026-03-16 00:30:00,Login,Web
U00093,2026-06-03 12:43:00,Login,
U00093,2026-06-03 13:47:00,session_end,Web
U00093,2026-05-24 03:35:00,login,web
U00093,2026-05-28 07:30:00,LOGIN ,web
U00093,2026-05-23 08:32:00,session_end,
U00093,2026-05-27 12:42:00,LOGIN ,mobile
U00094,2026-05-19 17:02:00,session_end,mobile
U00094,2026-05-09 05:32:00,session_start,Web
U00094,2026-05-19 14:08:00,login,Web
U00094,2026-05-16 16:27:00,Login,Web
U00094,2026-05-06 10:02:00,Login,
U00095,2026-03-30 08:47:00,LOGIN ,
U00095,2026-03-21 08:39:00,logout,Web
U00095,2026-03-25 10:27:00,Login,Web
U00095,2026-03-28 15:48:00,Login,
U00095,2026-03-17 06:09:00,login,mobile
U00096,2026-05-31 01:30:00,LOGIN ,mobile
U00096,2026-06-09 14:27:00,login,
U00096,2026-05-29 14:22:00,page_view,
U00096,2026-06-05 15:07:00,logout,mobile
U00096,2026-05-30 11:05:00,Login,Web
U00096,2026-05-31 05:47:00,session_end,Web
U00096,2026-06-07 21:37:00,Login,web
U00096,2026-06-06 18:11:00,session_start,web
U00096,2026-06-01 15:43:00,login,Web
U00096,2026-05-29 09:43:00,page_view,web
U00096,2026-06-04 11:37:00,login,Web
U00096,2026-05-31 00:05:00,session_start,
U00096,2026-06-05 20:17:00,session_end,web
U00096,2026-06-03 01:41:00,session_end,
U00097,2026-01-21 23:46:00,logout,mobile
U00098,2026-01-16 01:51:00,page_view,Web
U00098,2026-01-18 01:47:00,login,
U00099,2026-05-10 12:16:00,Login,mobile
U00099,2026-05-21 12:05:00,login,mobile
U00099,2026-05-11 12:49:00,session_start,Web
U00099,2026-05-19 20:09:00,login,Web
U00100,2026-05-18 13:47:00,logout,Web
U00100,2026-05-25 21:38:00,Login,Web
U00100,2026-05-21 03:53:00,LOGIN ,mobile
U00100,2026-05-18 14:56:00,session_start,
U00100,2026-05-15 18:38:00,session_start,web
U00100,2026-05-23 13:51:00,LOGIN ,mobile
U00101,2026-06-08 20:27:00,login,web
U00101,2026-06-10 10:29:00,page_view,mobile
U00101,2026-06-12 21:45:00,Login,
U00101,2026-06-10 20:41:00,session_end,web
U00101,2026-06-06 14:27:00,login,
U00101,2026-06-06 04:08:00,page_view,Web
U00101,2026-06-15 07:33:00,session_start,Web
U00101,2026-06-11 01:35:00,login,web
U00101,2026-06-10 03:32:00,session_start,
U00101,2026-06-03 14:42:00,page_view,Web
U00101,2026-06-07 08:37:00,login,web
U00101,2026-06-03 23:42:00,session_start,mobile
U00102,2026-03-14 05:53:00,session_start,web
U00102,2026-03-03 13:56:00,page_view,Web
U00102,2026-03-07 18:46:00,session_start,
U00102,2026-03-11 08:21:00,logout,mobile
U00102,2026-03-05 05:05:00,page_view,Web
U00102,2026-03-15 21:06:00,session_start,web
U00102,2026-03-02 12:07:00,login,mobile
U00102,2026-03-12 15:29:00,page_view,
U00102,2026-03-15 21:47:00,session_end,
U00102,2026-03-06 19:52:00,session_end,Web
U00102,2026-03-13 21:44:00,page_view,
U00102,2026-03-14 09:05:00,Login,mobile
U00103,2026-05-26 06:07:00,logout,web
U00103,2026-06-06 06:54:00,login,mobile
U00103,2026-06-02 20:09:00,page_view,mobile
U00104,2026-06-08 20:54:00,logout,mobile
U00104,2026-06-03 09:49:00,session_start,mobile
U00104,2026-06-09 13:01:00,login,mobile
U00104,2026-06-16 04:47:00,page_view,
U00104,2026-06-09 15:01:00,logout,
U00104,2026-06-11 07:12:00,LOGIN ,
U00104,2026-06-02 10:00:00,login,
U00104,2026-06-08 15:47:00,session_end,Web
U00104,2026-06-02 15:25:00,session_start,
U00104,2026-06-05 22:03:00,session_end,web
U00104,2026-06-08 18:20:00,session_end,web
U00104,2026-06-06 20:26:00,session_start,web
U00104,2026-06-09 19:41:00,LOGIN ,
U00104,2026-06-13 13:01:00,Login,Web
U00104,2026-06-13 06:30:00,LOGIN ,
U00104,2026-06-05 16:14:00,session_end,Web
U00105,2026-05-02 19:54:00,logout,
U00105,2026-04-20 09:46:00,page_view,
U00105,2026-04-24 21:41:00,page_view,Web
U00105,2026-04-30 15:51:00,logout,mobile
U00105,2026-04-27 06:18:00,page_view,web
U00106,2026-06-04 15:08:00,Login,mobile
U00106,2026-05-27 19:31:00,login,
U00106,2026-06-01 09:15:00,Login,web
U00106,2026-05-25 11:56:00,LOGIN ,Web
U00106,2026-06-04 05:11:00,logout,web
U00106,2026-06-06 02:21:00,session_start,web
U00106,2026-06-03 07:07:00,session_end,mobile
U00107,2026-03-01 08:21:00,logout,Web
U00107,2026-03-06 01:49:00,session_end,Web
U00107,2026-03-08 04:54:00,page_view,web
U00107,2026-03-05 01:59:00,session_start,
U00107,2026-03-07 03:06:00,logout,web
U00107,2026-03-07 17:02:00,session_end,web
U00108,2026-03-05 20:07:00,logout,mobile
U00108,2026-03-17 11:10:00,page_view,Web
U00108,2026-03-14 14:48:00,session_end,
U00108,2026-03-14 03:09:00,page_view,Web
U00109,2026-02-08 04:07:00,logout,mobile
U00109,2026-02-10 13:49:00,logout,web
U00109,2026-02-06 15:21:00,LOGIN ,mobile
U00109,2026-02-04 08:23:00,page_view,
U00109,2026-02-08 20:42:00,Login,mobile
U00109,2026-02-15 16:26:00,logout,mobile
U00109,2026-02-05 13:26:00,session_start,
U00109,2026-02-16 16:50:00,page_view,Web
U00109,2026-02-03 14:09:00,logout,web
U00109,2026-02-14 16:04:00,login,Web
U00110,2026-05-03 12:49:00,Login,
U00110,2026-04-28 12:48:00,login,mobile
U00110,2026-05-12 18:03:00,page_view,Web
U00110,2026-05-04 12:56:00,page_view,Web
U00110,2026-05-09 23:20:00,LOGIN ,web
U00110,2026-05-11 08:57:00,session_end,mobile
U00110,2026-05-09 12:28:00,page_view,mobile
U00111,2026-05-12 17:39:00,logout,
U00111,2026-05-09 11:56:00,logout,
U00111,2026-05-10 06:56:00,LOGIN ,web
U00111,2026-04-28 17:21:00,session_start,mobile
U00111,2026-05-06 17:18:00,Login,web
U00111,2026-05-06 17:19:00,session_end,Web
U00111,2026-05-10 20:10:00,login,web
U00111,2026-05-12 17:37:00,LOGIN ,mobile
U00111,2026-05-11 09:46:00,session_start,web
U00112,2026-01-30 01:53:00,LOGIN ,Web
U00112,2026-01-29 16:22:00,login,web
U00112,2026-01-31 20:07:00,session_start,Web
U00112,2026-01-28 23:00:00,session_start,Web
U00112,2026-01-22 23:37:00,session_end,mobile
U00112,2026-01-24 09:18:00,page_view,mobile
U00112,2026-01-30 12:33:00,page_view,mobile
U00112,2026-01-20 10:33:00,session_end,mobile
U00113,2026-05-23 11:29:00,login,mobile
U00113,2026-05-21 13:53:00,session_start,web
U00113,2026-05-11 01:27:00,Login,
U00113,2026-05-13 14:04:00,LOGIN ,
U00114,2026-01-27 17:33:00,logout,
U00114,2026-01-31 08:37:00,session_start,
U00114,2026-01-25 22:59:00,session_start,
U00114,2026-01-31 05:09:00,session_end,mobile
U00114,2026-01-25 22:29:00,Login,web
U00114,2026-01-29 06:29:00,session_start,web
U00115,2026-02-21 05:35:00,LOGIN ,web
U00115,2026-02-19 13:07:00,login,Web
U00115,2026-02-19 09:02:00,session_end,mobile
U00115,2026-02-11 11:19:00,LOGIN ,Web
U00115,2026-02-14 15:01:00,logout,mobile
U00115,2026-02-12 18:26:00,login,Web
U00115,2026-02-24 09:13:00,Login,
U00115,2026-02-10 03:35:00,LOGIN ,web
U00115,2026-02-23 01:26:00,session_start,Web
U00115,2026-02-19 14:57:00,LOGIN ,
U00115,2026-02-17 23:53:00,session_end,mobile
U00115,2026-02-22 04:32:00,page_view,
U00115,2026-02-22 14:42:00,session_start,mobile
U00116,2026-06-19 23:20:00,login,
U00116,2026-06-12 07:57:00,session_start,Web
U00116,2026-06-14 01:42:00,session_start,Web
U00116,2026-06-16 02:55:00,Login,web
U00116,2026-06-15 20:50:00,logout,Web
U00116,2026-06-14 20:07:00,page_view,web
U00116,2026-06-09 19:34:00,session_end,web
U00116,2026-06-15 16:12:00,logout,
U00117,2026-05-30 00:07:00,page_view,mobile
U00117,2026-05-22 08:50:00,Login,mobile
U00117,2026-06-04 22:53:00,session_end,
U00117,2026-05-23 17:38:00,LOGIN ,
U00117,2026-05-31 01:31:00,logout,web
U00117,2026-05-27 13:11:00,session_start,web
U00117,2026-06-04 16:20:00,session_start,Web
U00117,2026-05-23 03:06:00,session_end,mobile
U00117,2026-05-26 04:11:00,LOGIN ,web
U00117,2026-05-24 09:26:00,page_view,mobile
U00118,2026-02-04 19:20:00,Login,web
U00118,2026-02-15 01:19:00,session_start,web
U00118,2026-02-09 04:26:00,LOGIN ,Web
U00118,2026-02-10 03:03:00,Login,mobile
U00118,2026-02-16 19:37:00,Login,
U00118,2026-02-12 16:24:00,login,Web
U00118,2026-02-04 10:29:00,session_end,
U00118,2026-02-05 15:01:00,session_start,mobile
U00119,2026-06-05 00:17:00,session_end,web
U00119,2026-05-25 17:41:00,logout,mobile
U00119,2026-05-26 18:26:00,session_start,web
U00119,2026-06-04 20:32:00,Login,mobile
U00119,2026-05-27 17:10:00,logout,mobile
U00120,2026-06-12 13:58:00,session_end,
U00120,2026-06-04 00:52:00,session_start,Web
U00120,2026-06-14 05:00:00,login,
U00120,2026-06-08 19:16:00,logout,
U00120,2026-06-09 20:13:00,session_end,Web
U00120,2026-06-04 05:47:00,session_end,web
U00120,2026-06-08 02:25:00,page_view,web
U00120,2026-06-17 04:46:00,session_end,Web
U00120,2026-06-18 13:13:00,session_end,Web
U00120,2026-06-18 21:21:00,page_view,Web
U00120,2026-06-16 22:28:00,LOGIN ,mobile
U00121,2026-04-08 10:21:00,Login,
U00121,2026-04-07 10:01:00,page_view,mobile
U00121,2026-04-08 00:38:00,session_start,web
U00121,2026-04-12 00:43:00,Login,
U00121,2026-04-06 22:45:00,session_start,
U00121,2026-04-06 02:50:00,page_view,web
U00121,2026-04-06 00:57:00,logout,
U00121,2026-04-08 03:22:00,logout,
U00122,2026-06-25 19:22:00,session_start,mobile
U00122,2026-06-25 22:00:00,login,
U00122,2026-06-17 06:28:00,login,mobile
U00122,2026-06-23 00:48:00,LOGIN ,Web
U00123,2026-05-09 02:52:00,session_end,Web
U00123,2026-05-18 22:14:00,Login,
U00123,2026-05-11 01:17:00,session_start,mobile
U00123,2026-05-06 06:52:00,page_view,
U00124,2026-01-25 08:36:00,session_end,
U00124,2026-01-26 17:12:00,page_view,mobile
U00124,2026-01-25 18:08:00,page_view,web
U00124,2026-01-26 08:59:00,session_end,mobile
U00124,2026-02-07 16:46:00,logout,Web
U00124,2026-01-27 21:01:00,page_view,Web
U00124,2026-02-03 17:56:00,session_start,web
U00125,2026-03-18 20:43:00,page_view,web
U00125,2026-03-25 10:27:00,logout,
U00125,2026-03-16 03:43:00,session_end,
U00125,2026-03-19 11:33:00,logout,web
U00125,2026-03-26 23:14:00,login,Web
U00125,2026-03-26 13:34:00,session_start,Web
U00125,2026-03-12 12:12:00,LOGIN ,web
U00126,2026-04-10 18:51:00,login,mobile
U00126,2026-04-07 13:04:00,Login,mobile
U00126,2026-03-29 10:19:00,login,web
U00126,2026-03-27 15:27:00,logout,web
U00126,2026-04-05 20:59:00,LOGIN ,Web
U00126,2026-03-30 03:30:00,Login,Web
U00126,2026-04-09 01:52:00,LOGIN ,mobile
U00126,2026-03-28 19:39:00,session_start,web
U00126,2026-04-06 14:37:00,login,web
U00127,2026-03-09 01:24:00,LOGIN ,web
U00127,2026-03-21 04:03:00,logout,
U00127,2026-03-09 09:39:00,page_view,
U00127,2026-03-10 03:43:00,login,web
U00127,2026-03-13 12:25:00,login,
U00127,2026-03-12 19:50:00,page_view,web
U00127,2026-03-16 12:29:00,logout,
U00128,2026-05-08 19:39:00,login,Web
U00128,2026-05-04 21:50:00,login,
U00128,2026-05-02 10:37:00,Login,web
U00128,2026-04-25 00:38:00,page_view,web
U00129,2026-06-02 06:57:00,session_end,mobile
U00129,2026-06-03 16:16:00,LOGIN ,
U00129,2026-05-31 23:39:00,session_start,mobile
U00129,2026-05-27 04:51:00,login,web
U00129,2026-05-26 09:37:00,session_start,Web
U00129,2026-05-28 18:56:00,session_end,mobile
U00129,2026-05-26 15:19:00,session_end,Web
U00129,2026-05-28 11:00:00,session_end,mobile
U00130,2026-01-20 07:32:00,logout,web
U00130,2026-01-26 11:12:00,Login,mobile
U00130,2026-02-01 02:21:00,Login,
U00130,2026-01-31 22:29:00,session_end,Web
U00130,2026-02-02 18:36:00,LOGIN ,Web
U00130,2026-01-26 10:10:00,login,
U00130,2026-02-03 01:31:00,Login,web
U00130,2026-01-30 07:44:00,Login,
U00131,2026-05-29 06:15:00,session_start,Web
U00131,2026-06-01 23:24:00,Login,
U00131,2026-05-22 00:23:00,login,web
U00131,2026-05-25 00:35:00,login,mobile
U00132,2026-06-03 14:12:00,page_view,Web
U00132,2026-05-30 00:12:00,Login,Web
U00132,2026-06-01 07:56:00,LOGIN ,mobile
U00132,2026-06-04 17:15:00,Login,mobile
U00132,2026-05-30 05:53:00,LOGIN ,web
U00132,2026-05-30 21:08:00,session_start,web
U00132,2026-06-04 06:19:00,session_start,mobile
U00133,2026-04-26 11:42:00,Login,
U00134,2026-04-03 22:04:00,login,mobile
U00134,2026-04-03 04:50:00,Login,mobile
U00134,2026-03-28 12:44:00,LOGIN ,Web
U00134,2026-03-29 13:40:00,Login,web
U00135,2026-04-14 19:37:00,Login,Web
U00135,2026-04-14 04:20:00,Login,web
U00135,2026-04-12 08:55:00,Login,
U00136,2026-03-08 23:05:00,logout,
U00136,2026-03-17 21:39:00,login,mobile
U00136,2026-03-13 12:48:00,page_view,Web
U00137,2026-05-31 16:29:00,Login,Web
U00137,2026-06-04 11:33:00,page_view,
U00137,2026-06-04 15:30:00,LOGIN ,
U00137,2026-06-03 18:41:00,login,mobile
U00137,2026-05-27 06:28:00,logout,mobile
U00137,2026-05-30 06:19:00,session_start,
U00137,2026-06-02 05:59:00,logout,Web
U00137,2026-05-28 17:05:00,Login,web
U00137,2026-05-28 14:33:00,LOGIN ,mobile
U00138,2026-02-18 01:29:00,session_end,Web
U00138,2026-02-15 14:29:00,session_start,
U00138,2026-02-14 15:20:00,LOGIN ,
U00139,2026-04-16 05:28:00,Login,Web
U00139,2026-04-26 02:22:00,login,Web
U00140,2026-04-09 16:32:00,session_end,web
U00140,2026-04-08 08:59:00,Login,web
U00140,2026-03-28 02:23:00,login,mobile
U00140,2026-04-01 06:43:00,LOGIN ,Web
U00140,2026-03-31 23:52:00,logout,Web
U00140,2026-03-30 22:38:00,Login,Web
U00140,2026-03-27 09:18:00,logout,Web
U00140,2026-04-08 12:25:00,logout,web
U00140,2026-04-03 20:32:00,logout,mobile
U00141,2026-03-18 12:14:00,Login,mobile
U00141,2026-03-12 07:33:00,session_end,
U00141,2026-03-16 14:21:00,logout,web
U00141,2026-03-10 06:27:00,logout,
U00141,2026-03-08 14:28:00,logout,web
U00141,2026-03-10 04:36:00,logout,mobile
U00142,2026-02-01 23:00:00,session_start,Web
U00142,2026-02-02 07:26:00,session_start,
U00142,2026-02-09 22:34:00,LOGIN ,Web
U00142,2026-02-06 00:36:00,logout,web
U00142,2026-02-11 04:09:00,LOGIN ,
U00142,2026-02-03 06:25:00,login,
U00142,2026-01-31 15:06:00,LOGIN ,
U00143,2026-05-11 09:05:00,Login,web
U00143,2026-05-11 17:11:00,login,
U00144,2026-03-31 05:12:00,login,
U00144,2026-04-04 06:14:00,LOGIN ,web
U00144,2026-04-07 01:23:00,session_end,web
U00144,2026-04-02 10:55:00,session_start,
U00144,2026-04-02 03:08:00,session_end,
U00144,2026-04-07 23:04:00,session_start,mobile
U00144,2026-04-02 06:19:00,session_start,
U00144,2026-04-02 19:36:00,LOGIN ,mobile
U00144,2026-04-08 22:43:00,session_start,Web
U00144,2026-04-03 00:09:00,session_start,web
U00144,2026-04-13 12:38:00,logout,mobile
U00144,2026-04-08 10:58:00,session_end,
U00145,2026-03-06 14:36:00,login,web
U00145,2026-03-03 20:56:00,session_start,Web
U00145,2026-03-10 22:50:00,LOGIN ,
U00145,2026-03-08 05:26:00,Login,mobile
U00145,2026-03-13 19:46:00,session_start,
U00145,2026-03-05 21:11:00,page_view,web
U00145,2026-03-05 22:02:00,Login,mobile
U00145,2026-03-03 20:34:00,LOGIN ,web
U00146,2026-03-02 23:46:00,Login,
U00147,2026-01-24 17:07:00,LOGIN ,web
U00147,2026-01-30 03:32:00,logout,Web
U00147,2026-01-24 14:10:00,LOGIN ,mobile
U00147,2026-01-26 01:29:00,login,web
U00147,2026-01-28 22:43:00,page_view,
U00147,2026-01-24 10:47:00,session_start,mobile
U00147,2026-01-24 01:00:00,LOGIN ,web
U00147,2026-01-29 04:20:00,page_view,
U00147,2026-01-25 14:04:00,login,mobile
U00148,2026-06-25 14:08:00,session_start,Web
U00148,2026-06-27 05:10:00,logout,web
U00148,2026-06-23 03:11:00,LOGIN ,web
U00149,2026-05-26 23:25:00,Login,web
U00149,2026-05-28 00:43:00,LOGIN ,mobile
U00149,2026-05-25 11:11:00,Login,web
U00149,2026-06-01 21:34:00,Login,
U00150,2026-02-10 01:53:00,page_view,web
U00150,2026-02-05 22:19:00,session_start,web
U00150,2026-02-08 00:03:00,logout,
U00151,2026-03-21 06:59:00,Login,Web
U00152,2026-06-16 07:12:00,login,web
U00152,2026-06-08 00:00:00,LOGIN ,mobile
U00152,2026-06-12 21:04:00,Login,web
U00152,2026-06-14 21:10:00,page_view,mobile
U00152,2026-06-02 13:32:00,login,Web
U00153,2026-04-27 17:40:00,Login,mobile
U00153,2026-05-06 17:25:00,session_start,web
U00153,2026-04-25 06:06:00,LOGIN ,Web
U00153,2026-04-24 00:25:00,page_view,Web
U00153,2026-04-22 12:13:00,session_start,mobile
U00153,2026-04-23 21:52:00,LOGIN ,Web
U00153,2026-04-22 02:56:00,Login,
U00153,2026-04-26 19:31:00,login,mobile
U00153,2026-04-26 03:38:00,LOGIN ,
U00153,2026-05-02 22:08:00,LOGIN ,mobile
U00154,2026-02-09 22:20:00,logout,
U00154,2026-01-31 10:01:00,session_end,
U00155,2026-02-24 16:40:00,page_view,mobile
U00155,2026-02-26 18:45:00,login,mobile
U00155,2026-02-18 19:48:00,login,Web
U00155,2026-02-21 23:27:00,logout,mobile
U00156,2026-05-01 02:03:00,Login,Web
U00156,2026-04-29 09:12:00,Login,
U00156,2026-04-25 20:02:00,Login,
U00156,2026-05-03 10:08:00,LOGIN ,Web
U00156,2026-05-02 01:33:00,logout,
U00156,2026-05-02 09:48:00,login,mobile
U00156,2026-05-05 23:21:00,LOGIN ,mobile
U00156,2026-04-25 17:03:00,page_view,mobile
U00156,2026-05-04 21:44:00,page_view,mobile
U00156,2026-05-01 12:33:00,LOGIN ,mobile
U00156,2026-04-29 20:00:00,login,
U00156,2026-04-23 06:03:00,page_view,mobile
U00156,2026-04-25 04:05:00,Login,mobile
U00156,2026-04-25 16:05:00,session_start,
U00157,2026-02-24 05:46:00,Login,mobile
U00157,2026-02-26 05:38:00,Login,Web
U00158,2026-03-30 18:28:00,page_view,mobile
U00158,2026-03-30 15:05:00,LOGIN ,
U00158,2026-04-01 05:30:00,session_start,
U00158,2026-04-03 19:47:00,session_start,mobile
U00158,2026-04-08 15:01:00,logout,
U00158,2026-04-01 02:48:00,LOGIN ,mobile
U00158,2026-04-03 23:11:00,LOGIN ,
U00158,2026-04-02 09:29:00,LOGIN ,
U00159,2026-03-26 19:30:00,login,Web
U00159,2026-03-20 22:30:00,Login,mobile
U00159,2026-04-01 06:00:00,login,Web
U00159,2026-03-25 12:59:00,session_start,
U00159,2026-03-29 11:24:00,session_start,Web
U00159,2026-03-28 18:04:00,session_start,web
U00159,2026-04-01 03:24:00,session_end,mobile
U00159,2026-03-21 13:16:00,logout,Web
U00159,2026-03-26 22:31:00,page_view,Web
U00160,2026-04-26 01:41:00,session_start,
U00160,2026-04-26 07:15:00,session_start,web
U00160,2026-04-29 11:40:00,page_view,web
U00160,2026-04-26 21:41:00,Login,Web
U00160,2026-04-24 14:43:00,Login,Web
U00160,2026-04-18 19:37:00,page_view,mobile
U00160,2026-04-15 03:49:00,login,
U00160,2026-04-21 22:37:00,login,mobile
U00160,2026-04-29 13:10:00,logout,
U00161,2026-03-21 22:19:00,session_end,
U00161,2026-03-26 09:46:00,session_start,web
U00161,2026-03-18 20:36:00,logout,Web
U00161,2026-03-30 04:17:00,page_view,mobile
U00161,2026-03-31 23:25:00,page_view,Web
U00161,2026-03-17 05:52:00,session_start,web
U00161,2026-03-18 02:49:00,page_view,
U00161,2026-03-25 13:41:00,LOGIN ,
U00161,2026-03-19 05:23:00,Login,mobile
U00161,2026-03-20 15:11:00,session_end,web
U00162,2026-02-26 18:52:00,Login,mobile
U00162,2026-02-22 01:47:00,Login,mobile
U00162,2026-02-23 13:28:00,page_view,web
U00162,2026-03-04 20:10:00,login,Web
U00162,2026-02-20 12:07:00,LOGIN ,web
U00162,2026-02-24 00:37:00,Login,
U00163,2026-02-21 21:48:00,login,web
U00163,2026-02-14 08:48:00,login,web
U00164,2026-03-20 06:33:00,logout,web
U00164,2026-03-25 19:33:00,logout,Web
U00164,2026-04-02 15:30:00,logout,Web
U00164,2026-03-28 13:21:00,LOGIN ,Web
U00164,2026-03-24 07:23:00,page_view,
U00164,2026-03-25 19:03:00,LOGIN ,Web
U00164,2026-03-31 03:00:00,session_start,
U00164,2026-03-30 04:01:00,session_end,web
U00165,2026-04-01 16:17:00,page_view,mobile
U00165,2026-03-24 14:39:00,page_view,
U00165,2026-03-27 13:42:00,Login,web
U00165,2026-03-29 10:01:00,page_view,Web
U00165,2026-04-01 01:51:00,page_view,Web
U00165,2026-03-29 14:14:00,session_end,
U00165,2026-03-25 23:39:00,logout,web
U00165,2026-03-24 13:59:00,session_start,web
U00165,2026-03-30 12:18:00,session_end,mobile
U00165,2026-03-30 04:55:00,session_end,web
U00166,2026-05-31 15:50:00,login,Web
U00166,2026-06-11 21:35:00,logout,
U00166,2026-05-31 14:07:00,session_start,mobile
U00167,2026-03-27 06:10:00,logout,web
U00167,2026-03-25 13:45:00,login,mobile
U00167,2026-04-07 10:57:00,session_start,Web
U00167,2026-03-27 23:16:00,page_view,
U00167,2026-04-07 21:07:00,page_view,mobile
U00167,2026-04-07 17:40:00,page_view,
U00168,2026-04-25 22:21:00,logout,mobile
U00168,2026-05-08 18:49:00,session_end,web
U00168,2026-05-04 10:24:00,page_view,
U00168,2026-05-04 20:50:00,session_end,
U00168,2026-05-06 07:14:00,LOGIN ,web
U00169,2026-05-15 02:07:00,login,Web
U00169,2026-05-22 18:59:00,Login,web
U00169,2026-05-20 11:08:00,logout,Web
U00169,2026-05-17 18:47:00,login,Web
U00169,2026-05-11 18:34:00,Login,
U00169,2026-05-17 10:49:00,LOGIN ,mobile
U00169,2026-05-19 21:38:00,session_end,mobile
U00169,2026-05-12 12:00:00,session_end,
U00170,2026-01-27 04:52:00,LOGIN ,mobile
U00170,2026-01-29 21:29:00,Login,Web
U00170,2026-01-24 23:42:00,logout,web
U00170,2026-01-31 10:19:00,session_end,web
U00170,2026-01-26 22:36:00,session_start,mobile
U00170,2026-01-29 09:45:00,session_start,web
U00170,2026-02-03 10:09:00,logout,mobile
U00170,2026-02-04 23:59:00,logout,mobile
U00170,2026-02-02 23:03:00,logout,mobile
U00171,2026-04-09 15:46:00,session_start,Web
U00171,2026-04-09 21:58:00,logout,mobile
U00171,2026-03-27 17:25:00,LOGIN ,
U00171,2026-04-06 15:22:00,logout,
U00171,2026-04-02 02:33:00,page_view,Web
U00171,2026-03-31 22:59:00,Login,
U00171,2026-03-28 04:20:00,logout,web
U00171,2026-04-09 22:19:00,session_start,mobile
U00171,2026-04-05 04:28:00,page_view,
U00172,2026-03-03 04:13:00,Login,mobile
U00173,2026-01-18 20:00:00,LOGIN ,web
U00173,2026-01-17 04:24:00,session_start,mobile
U00173,2026-01-21 01:06:00,LOGIN ,
U00173,2026-01-09 01:07:00,session_end,Web
U00173,2026-01-16 13:09:00,page_view,
U00173,2026-01-10 01:07:00,Login,
U00173,2026-01-14 09:44:00,session_end,mobile
U00174,2026-06-16 23:24:00,logout,web
U00174,2026-06-18 14:55:00,logout,
U00174,2026-06-10 20:41:00,session_start,Web
U00174,2026-06-06 03:07:00,login,web
U00174,2026-06-13 20:42:00,session_end,mobile
U00174,2026-06-06 18:36:00,session_end,
U00174,2026-06-10 22:47:00,login,mobile
U00175,2026-06-17 15:41:00,page_view,
U00175,2026-06-15 18:08:00,login,Web
U00175,2026-06-12 22:58:00,logout,mobile
U00175,2026-06-17 22:01:00,session_start,
U00175,2026-06-12 16:53:00,session_end,web
U00175,2026-06-23 06:42:00,login,mobile
U00175,2026-06-24 19:44:00,Login,web
U00176,2026-04-17 14:51:00,LOGIN ,web
U00176,2026-04-09 04:36:00,Login,mobile
U00176,2026-04-10 17:16:00,logout,web
U00176,2026-04-10 03:32:00,LOGIN ,Web
U00176,2026-04-17 05:27:00,page_view,web
U00176,2026-04-12 09:02:00,session_end,Web
U00176,2026-04-19 17:28:00,Login,
U00176,2026-04-20 10:33:00,LOGIN ,mobile
U00176,2026-04-20 03:42:00,logout,web
U00176,2026-04-12 01:12:00,Login,Web
U00176,2026-04-22 06:08:00,session_end,mobile
U00177,2026-02-16 11:17:00,Login,
U00177,2026-02-08 17:16:00,LOGIN ,
U00177,2026-02-17 05:25:00,session_start,web
U00177,2026-02-11 21:27:00,page_view,mobile
U00178,2026-02-05 06:04:00,page_view,Web
U00178,2026-02-07 22:41:00,Login,Web
U00178,2026-02-06 21:41:00,logout,mobile
U00178,2026-02-03 04:20:00,logout,
U00178,2026-02-03 00:38:00,Login,web
U00178,2026-02-01 03:34:00,login,
U00179,2026-02-16 10:40:00,login,Web
U00179,2026-03-01 10:49:00,LOGIN ,mobile
U00179,2026-02-28 07:17:00,login,web
U00179,2026-02-21 07:24:00,login,web
U00180,2026-05-01 16:46:00,LOGIN ,
U00180,2026-04-30 16:22:00,page_view,Web
U00180,2026-05-07 08:38:00,login,web
U00180,2026-05-01 10:48:00,session_start,mobile
U00180,2026-05-04 23:43:00,logout,
U00180,2026-05-06 18:08:00,LOGIN ,web
U00180,2026-05-09 16:45:00,Login,mobile
U00180,2026-05-01 12:36:00,page_view,Web
U00181,2026-02-01 23:40:00,LOGIN ,mobile
U00181,2026-02-11 19:26:00,page_view,
U00181,2026-02-03 14:22:00,logout,
U00181,2026-02-09 09:17:00,session_start,mobile
U00181,2026-02-05 20:54:00,login,Web
U00181,2026-02-07 10:54:00,login,web
U00181,2026-02-02 23:15:00,login,mobile
U00182,2026-05-08 01:05:00,page_view,Web
U00182,2026-05-07 15:51:00,logout,web
U00182,2026-05-05 21:32:00,page_view,mobile
U00182,2026-05-06 15:32:00,page_view,web
U00182,2026-05-05 00:39:00,Login,web
U00183,2026-06-04 13:44:00,session_end,Web
U00183,2026-05-27 23:42:00,logout,web
U00183,2026-06-02 14:10:00,page_view,mobile
U00183,2026-05-26 02:23:00,logout,mobile
U00184,2026-06-14 11:03:00,session_start,
U00184,2026-06-12 05:23:00,login,Web
U00184,2026-06-20 21:15:00,logout,web
U00185,2026-04-24 09:30:00,LOGIN ,Web
U00185,2026-04-23 00:47:00,page_view,
U00185,2026-04-23 09:59:00,page_view,web
U00185,2026-05-04 14:57:00,session_end,
U00185,2026-04-20 11:00:00,session_end,
U00185,2026-04-25 09:22:00,login,web
U00185,2026-04-25 23:11:00,session_start,Web
U00185,2026-04-20 03:27:00,session_start,mobile
U00186,2026-05-03 16:32:00,Login,
U00186,2026-05-03 15:00:00,Login,Web
U00186,2026-05-05 15:25:00,LOGIN ,Web
U00186,2026-05-07 13:57:00,Login,Web
U00186,2026-05-03 14:42:00,logout,
U00186,2026-05-04 04:22:00,page_view,
U00187,2026-03-05 11:56:00,logout,mobile
U00187,2026-03-06 06:18:00,login,mobile
U00187,2026-03-11 13:47:00,LOGIN ,web
U00187,2026-03-07 21:12:00,session_start,Web
U00187,2026-03-06 13:31:00,session_end,
U00187,2026-03-17 21:45:00,Login,Web
U00188,2026-05-26 12:32:00,page_view,
U00188,2026-05-16 03:06:00,logout,web
U00188,2026-05-16 04:22:00,session_end,web
U00188,2026-05-26 21:15:00,login,Web
U00188,2026-05-20 19:47:00,login,
U00188,2026-05-21 09:18:00,session_start,web
U00188,2026-05-26 13:15:00,session_end,mobile
U00188,2026-05-25 16:11:00,Login,Web
U00189,2026-03-15 03:55:00,LOGIN ,mobile
U00190,2026-03-25 13:12:00,session_start,web
U00191,2026-04-03 23:32:00,session_end,mobile
U00191,2026-03-26 18:40:00,page_view,mobile
U00191,2026-03-26 03:08:00,session_start,web
U00191,2026-03-27 06:59:00,Login,
U00192,2026-02-08 19:12:00,login,web
U00192,2026-02-14 13:33:00,LOGIN ,mobile
U00192,2026-02-11 10:27:00,session_start,web
U00192,2026-02-16 13:41:00,login,Web
U00192,2026-02-09 08:23:00,LOGIN ,Web
U00192,2026-02-19 13:15:00,LOGIN ,web
U00193,2026-02-11 01:00:00,login,Web
U00193,2026-02-12 09:30:00,LOGIN ,web
U00193,2026-02-15 05:16:00,session_start,Web
U00193,2026-02-14 09:07:00,login,web
U00194,2026-01-27 17:49:00,logout,mobile
U00194,2026-01-22 11:47:00,logout,Web
U00194,2026-01-28 18:33:00,session_end,Web
U00194,2026-01-20 20:17:00,Login,
U00194,2026-01-18 03:08:00,page_view,web
U00194,2026-01-17 18:58:00,page_view,mobile
U00194,2026-01-20 22:28:00,login,web
U00195,2026-04-03 19:21:00,LOGIN ,
U00195,2026-04-07 06:34:00,page_view,mobile
U00195,2026-03-26 04:12:00,session_start,Web
U00195,2026-04-09 17:22:00,LOGIN ,
U00195,2026-04-05 22:07:00,session_start,web
U00195,2026-04-02 13:33:00,session_end,web
U00195,2026-03-28 19:17:00,page_view,mobile
U00195,2026-03-30 01:36:00,login,mobile
U00196,2026-01-27 12:31:00,page_view,web
U00196,2026-01-18 14:48:00,session_end,
U00196,2026-01-24 12:25:00,session_end,Web
U00196,2026-01-19 05:00:00,Login,mobile
U00196,2026-01-25 22:00:00,logout,
U00196,2026-01-24 22:46:00,session_end,Web
U00196,2026-01-20 07:18:00,page_view,Web
U00197,2026-04-18 03:10:00,Login,web
U00197,2026-04-18 07:18:00,login,mobile
U00197,2026-04-24 08:59:00,Login,Web
U00197,2026-04-23 01:41:00,Login,mobile
U00197,2026-04-18 03:00:00,page_view,Web
U00198,2026-01-16 19:23:00,LOGIN ,web
U00198,2026-01-17 17:16:00,page_view,mobile
U00199,2026-01-08 19:18:00,LOGIN ,web
U00199,2026-01-12 00:52:00,LOGIN ,mobile
U00199,2026-01-13 08:11:00,LOGIN ,web
U00199,2026-01-10 21:55:00,logout,web
U00199,2026-01-13 23:44:00,session_start,Web
U00199,2026-01-15 20:40:00,session_end,mobile
U00199,2026-01-15 14:14:00,LOGIN ,Web
U00199,2026-01-05 18:40:00,logout,
U00199,2026-01-04 14:14:00,page_view,
U00199,2026-01-07 04:57:00,session_start,web
U00199,2026-01-09 05:29:00,Login,mobile
U00199,2026-01-05 18:31:00,page_view,mobile
U00199,2026-01-12 09:01:00,LOGIN ,mobile
U00199,2026-01-16 05:52:00,session_start,mobile
U00200,2026-04-19 04:04:00,session_start,mobile
U00201,2026-05-27 20:25:00,login,mobile
U00201,2026-05-31 00:38:00,login,
U00201,2026-05-26 00:07:00,logout,web
U00201,2026-06-01 20:59:00,login,mobile
U00202,2026-05-08 02:17:00,Login,web
U00202,2026-05-17 00:50:00,login,Web
U00202,2026-05-18 22:05:00,Login,mobile
U00202,2026-05-12 18:57:00,session_start,mobile
U00202,2026-05-09 10:30:00,Login,mobile
U00202,2026-05-05 17:44:00,LOGIN ,web
U00202,2026-05-05 01:06:00,session_end,Web
U00202,2026-05-06 16:56:00,logout,
U00202,2026-05-07 00:58:00,Login,web
U00202,2026-05-08 13:24:00,Login,Web
U00203,2026-05-02 09:14:00,page_view,
U00203,2026-05-02 22:52:00,login,
U00203,2026-04-24 03:14:00,login,Web
U00203,2026-04-27 02:39:00,LOGIN ,web
U00204,2026-04-15 02:57:00,login,mobile
U00204,2026-04-12 13:33:00,LOGIN ,mobile
U00204,2026-04-20 13:09:00,page_view,Web
U00204,2026-04-19 09:22:00,login,Web
U00204,2026-04-24 15:42:00,LOGIN ,Web
U00204,2026-04-22 22:51:00,login,web
U00204,2026-04-23 04:49:00,page_view,mobile
U00204,2026-04-15 04:24:00,session_start,
U00205,2026-04-27 02:07:00,session_end,
U00205,2026-04-25 08:09:00,login,Web
U00205,2026-04-16 05:49:00,session_start,Web
U00205,2026-04-19 15:27:00,session_start,
U00205,2026-04-23 20:21:00,Login,mobile
U00205,2026-04-20 13:35:00,session_start,
U00206,2026-05-08 17:52:00,Login,
U00206,2026-05-01 18:45:00,session_start,mobile
U00206,2026-05-11 02:15:00,LOGIN ,web
U00206,2026-05-03 00:23:00,session_end,
U00206,2026-05-02 03:03:00,LOGIN ,Web
U00206,2026-05-13 04:18:00,session_start,mobile
U00206,2026-05-13 17:59:00,session_start,mobile
U00206,2026-05-03 07:03:00,page_view,mobile
U00206,2026-05-01 22:45:00,Login,
U00207,2026-01-18 00:44:00,session_start,Web
U00207,2026-01-07 22:06:00,page_view,web
U00207,2026-01-14 19:55:00,Login,web
U00207,2026-01-09 11:09:00,login,mobile
U00207,2026-01-08 00:36:00,logout,
U00207,2026-01-09 05:30:00,page_view,mobile
U00207,2026-01-18 16:44:00,LOGIN ,
U00208,2026-01-13 23:21:00,session_start,web
U00208,2026-01-11 03:09:00,login,web
U00208,2026-01-16 05:32:00,Login,web
U00209,2026-04-26 13:43:00,session_start,Web
U00209,2026-05-04 18:32:00,LOGIN ,mobile
U00210,2026-02-22 05:17:00,login,
U00210,2026-02-18 23:13:00,session_start,web
U00210,2026-02-19 12:11:00,logout,web
U00210,2026-03-01 22:29:00,session_start,Web
U00210,2026-02-26 20:25:00,logout,
U00210,2026-02-18 01:51:00,LOGIN ,
U00210,2026-02-19 08:06:00,login,web
U00210,2026-02-21 19:49:00,logout,Web
U00210,2026-02-16 07:18:00,Login,web
U00210,2026-02-17 06:38:00,login,Web
U00211,2026-03-28 17:12:00,page_view,web
U00211,2026-03-28 08:05:00,session_end,web
U00212,2026-04-03 15:02:00,login,Web
U00212,2026-03-26 09:00:00,LOGIN ,Web
U00213,2026-04-24 16:12:00,LOGIN ,
U00213,2026-04-29 11:08:00,page_view,web
U00213,2026-04-23 13:57:00,page_view,web
U00213,2026-04-26 04:01:00,session_end,
U00213,2026-04-25 18:55:00,logout,web
U00214,2026-05-05 05:09:00,page_view,
U00214,2026-05-02 20:05:00,page_view,mobile
U00214,2026-05-15 06:51:00,page_view,mobile
U00214,2026-05-13 22:10:00,session_end,Web
U00214,2026-05-08 04:21:00,LOGIN ,Web
U00214,2026-05-10 13:02:00,page_view,
U00214,2026-05-04 06:39:00,session_end,web
U00214,2026-05-03 18:40:00,session_start,web
U00214,2026-05-13 00:09:00,logout,Web
U00214,2026-05-09 02:31:00,login,
U00214,2026-05-06 05:59:00,LOGIN ,mobile
U00215,2026-05-20 08:36:00,LOGIN ,Web
U00215,2026-05-20 02:11:00,page_view,
U00215,2026-05-23 15:16:00,logout,
U00215,2026-05-29 04:07:00,session_end,
U00215,2026-05-19 11:54:00,LOGIN ,
U00215,2026-05-25 19:58:00,page_view,mobile
U00215,2026-05-26 11:32:00,logout,Web
U00216,2026-06-21 02:43:00,session_start,
U00216,2026-06-20 21:02:00,session_end,web
U00216,2026-06-27 07:44:00,logout,web
U00216,2026-06-18 03:18:00,session_start,mobile
U00216,2026-06-25 12:54:00,login,mobile
U00217,2026-01-17 14:42:00,login,Web
U00217,2026-01-18 14:41:00,session_end,
U00217,2026-01-12 02:11:00,page_view,web
U00217,2026-01-25 12:49:00,session_start,mobile
U00218,2026-02-27 10:04:00,LOGIN ,Web
U00218,2026-03-02 15:13:00,page_view,
U00218,2026-02-22 08:29:00,login,mobile
U00218,2026-02-28 04:40:00,Login,Web
U00219,2026-02-18 01:38:00,logout,
U00219,2026-02-09 11:50:00,session_start,
U00219,2026-02-12 01:13:00,logout,web
U00219,2026-02-21 21:27:00,LOGIN ,Web
U00220,2026-05-12 05:05:00,Login,web
U00220,2026-05-06 12:05:00,LOGIN ,
U00220,2026-05-15 13:33:00,Login,Web
U00220,2026-05-04 01:05:00,session_start,Web
U00220,2026-05-14 09:10:00,Login,Web
U00220,2026-05-08 15:30:00,session_end,mobile
U00220,2026-05-13 13:22:00,page_view,
U00220,2026-05-15 00:35:00,logout,mobile
U00220,2026-05-03 23:42:00,session_end,mobile
U00220,2026-05-07 21:52:00,page_view,Web
U00220,2026-05-02 04:57:00,session_start,mobile
U00221,2026-06-01 10:07:00,logout,
U00221,2026-05-29 16:46:00,login,
U00221,2026-06-07 04:40:00,session_start,web
U00221,2026-05-25 06:47:00,Login,
U00221,2026-06-05 17:49:00,Login,
U00221,2026-05-28 11:13:00,Login,web
U00221,2026-05-30 11:01:00,LOGIN ,Web
U00222,2026-04-13 03:44:00,session_start,
U00222,2026-04-11 13:22:00,LOGIN ,
U00222,2026-04-13 10:07:00,Login,
U00222,2026-04-11 11:11:00,session_end,mobile
U00222,2026-04-13 13:24:00,LOGIN ,
U00222,2026-04-15 09:44:00,session_end,web
U00223,2026-06-06 03:05:00,page_view,web
U00223,2026-06-14 13:06:00,session_start,web
U00223,2026-06-15 14:32:00,session_end,web
U00224,2026-02-21 09:54:00,session_start,mobile
U00224,2026-02-14 14:35:00,session_start,web
U00224,2026-02-14 15:07:00,LOGIN ,
U00224,2026-02-17 20:45:00,logout,
U00224,2026-02-11 11:50:00,Login,Web
U00225,2026-06-02 21:16:00,LOGIN ,
U00226,2026-06-07 07:00:00,session_start,web
U00226,2026-05-28 00:09:00,logout,Web
U00226,2026-06-10 16:52:00,page_view,Web
U00226,2026-06-02 05:36:00,session_start,mobile
U00226,2026-06-05 12:12:00,session_end,
U00226,2026-06-10 01:51:00,session_end,
U00226,2026-05-30 20:24:00,page_view,mobile
U00226,2026-06-03 10:33:00,Login,
U00226,2026-05-31 03:45:00,logout,mobile
U00226,2026-06-05 03:40:00,session_end,
U00226,2026-06-10 20:58:00,LOGIN ,mobile
U00227,2026-04-17 06:05:00,login,web
U00227,2026-04-18 00:40:00,logout,mobile
U00227,2026-04-12 19:45:00,session_end,web
U00227,2026-04-21 12:01:00,page_view,mobile
U00227,2026-04-19 20:40:00,logout,Web
U00227,2026-04-14 07:41:00,Login,Web
U00227,2026-04-15 17:53:00,Login,
U00227,2026-04-24 08:42:00,login,Web
U00227,2026-04-13 04:40:00,login,web
U00228,2026-01-21 14:59:00,session_end,web
U00228,2026-01-21 04:18:00,LOGIN ,mobile
U00228,2026-01-21 02:31:00,logout,Web
U00229,2026-02-10 06:25:00,login,
U00229,2026-02-08 00:26:00,login,
U00229,2026-02-06 02:13:00,page_view,
U00229,2026-02-02 10:40:00,session_start,mobile
U00230,2026-06-05 09:00:00,Login,web
U00230,2026-06-04 10:22:00,session_start,web
U00230,2026-06-05 16:47:00,LOGIN ,web
U00230,2026-06-06 19:01:00,session_end,web
U00230,2026-06-11 16:48:00,Login,mobile
U00230,2026-06-16 11:07:00,Login,web
U00230,2026-06-08 04:14:00,login,mobile
U00230,2026-06-07 08:30:00,Login,web
U00230,2026-06-08 22:35:00,page_view,Web
U00231,2026-01-18 23:51:00,session_start,
U00231,2026-01-19 12:59:00,Login,Web
U00231,2026-01-13 06:43:00,logout,Web
U00231,2026-01-17 03:37:00,logout,Web
U00231,2026-01-13 06:46:00,session_start,
U00231,2026-01-25 14:27:00,session_end,Web
U00231,2026-01-24 10:39:00,login,
U00232,2026-04-26 06:36:00,LOGIN ,Web
U00232,2026-05-04 20:52:00,login,
U00232,2026-04-22 01:32:00,LOGIN ,
U00233,2026-01-22 19:52:00,page_view,Web
U00234,2026-04-04 00:07:00,Login,Web
U00234,2026-04-04 05:22:00,Login,web
U00234,2026-04-01 21:23:00,LOGIN ,mobile
U00234,2026-04-10 10:07:00,login,Web
U00234,2026-04-09 00:45:00,LOGIN ,mobile
U00234,2026-04-05 18:50:00,LOGIN ,mobile
U00235,2026-02-05 02:24:00,LOGIN ,mobile
U00235,2026-02-05 06:06:00,session_end,Web
U00235,2026-02-08 19:56:00,logout,web
U00235,2026-02-06 20:26:00,page_view,
U00236,2026-02-14 10:12:00,Login,web
U00236,2026-02-21 15:31:00,login,Web
U00236,2026-02-15 03:07:00,session_start,mobile
U00237,2026-05-23 10:37:00,session_start,mobile
U00237,2026-05-23 00:18:00,login,web
U00237,2026-05-28 14:18:00,Login,
U00237,2026-05-14 17:58:00,session_end,web
U00237,2026-05-19 20:01:00,login,
U00237,2026-05-15 13:46:00,LOGIN ,Web
U00238,2026-05-23 11:25:00,login,Web
U00238,2026-05-25 19:03:00,session_start,Web
U00238,2026-05-29 14:31:00,logout,web
U00238,2026-05-31 11:39:00,login,web
U00238,2026-05-21 01:52:00,login,mobile
U00238,2026-05-19 10:55:00,page_view,
U00238,2026-05-21 05:05:00,Login,Web
U00238,2026-05-31 17:00:00,page_view,web
U00238,2026-05-22 01:07:00,login,Web
U00239,2026-06-02 08:21:00,page_view,
U00239,2026-06-05 22:10:00,Login,
U00239,2026-06-02 04:20:00,logout,mobile
U00240,2026-03-16 18:56:00,logout,
U00240,2026-03-14 14:42:00,login,mobile
U00240,2026-03-13 15:42:00,session_start,Web
U00240,2026-03-09 23:30:00,Login,web
U00240,2026-03-08 09:45:00,login,Web
U00240,2026-03-12 07:42:00,page_view,mobile
U00240,2026-03-15 02:04:00,session_start,web
U00240,2026-03-07 00:42:00,Login,
U00240,2026-03-17 12:12:00,session_start,web
U00240,2026-03-09 06:52:00,session_end,Web
U00241,2026-05-08 09:45:00,session_start,mobile
U00241,2026-05-09 16:06:00,Login,mobile
U00241,2026-05-10 11:24:00,session_start,mobile
U00241,2026-05-08 12:12:00,login,Web
U00242,2026-06-12 05:43:00,LOGIN ,web
U00242,2026-06-08 14:56:00,login,web
U00242,2026-06-09 00:57:00,session_start,mobile
U00242,2026-06-10 00:30:00,page_view,
U00242,2026-06-11 08:07:00,session_end,web
U00242,2026-06-11 13:13:00,Login,
U00242,2026-06-14 13:32:00,LOGIN ,web
U00242,2026-06-13 08:23:00,login,web
U00242,2026-06-16 12:46:00,session_start,mobile
U00242,2026-06-10 06:25:00,Login,Web
U00243,2026-01-16 19:31:00,session_end,
U00243,2026-01-09 21:03:00,page_view,mobile
U00243,2026-01-09 07:07:00,login,web
U00243,2026-01-17 08:15:00,login,web
U00244,2026-02-20 07:56:00,session_end,
U00244,2026-02-22 12:06:00,Login,Web
U00244,2026-02-23 06:10:00,logout,mobile
U00245,2026-04-06 20:18:00,page_view,Web
U00245,2026-04-12 00:06:00,Login,
U00245,2026-04-12 09:54:00,page_view,mobile
U00245,2026-04-03 10:43:00,login,mobile
U00245,2026-04-03 10:57:00,session_start,mobile
U00246,2026-03-13 21:30:00,session_start,Web
U00246,2026-03-13 05:16:00,login,mobile
U00246,2026-03-23 00:38:00,LOGIN ,
U00246,2026-03-22 00:31:00,logout,mobile
U00246,2026-03-20 03:02:00,logout,web
U00246,2026-03-22 21:18:00,logout,mobile
U00246,2026-03-21 16:10:00,logout,mobile
U00246,2026-03-25 03:06:00,LOGIN ,Web
U00247,2026-05-30 15:47:00,LOGIN ,Web
U00247,2026-06-02 15:16:00,LOGIN ,
U00247,2026-05-23 11:19:00,page_view,Web
U00247,2026-06-06 16:49:00,page_view,
U00247,2026-05-24 08:43:00,session_end,web
U00247,2026-05-25 13:54:00,Login,mobile
U00247,2026-05-28 15:01:00,Login,
U00248,2026-01-27 06:47:00,login,mobile
U00248,2026-02-05 12:40:00,login,Web
U00248,2026-02-05 20:43:00,session_end,
U00248,2026-02-05 16:11:00,LOGIN ,Web
U00248,2026-02-05 10:25:00,session_end,
U00249,2026-04-19 09:12:00,login,Web
U00249,2026-04-28 19:07:00,session_start,
U00249,2026-04-24 11:18:00,login,web
U00249,2026-04-22 21:09:00,session_start,mobile
U00249,2026-04-23 09:39:00,session_end,mobile
U00249,2026-04-19 15:18:00,login,Web
U00249,2026-04-15 14:02:00,Login,Web
U00249,2026-04-28 18:07:00,login,
U00249,2026-04-19 00:27:00,LOGIN ,web
U00249,2026-04-15 08:08:00,LOGIN ,Web
U00249,2026-04-27 16:42:00,logout,mobile
U00250,2026-05-03 22:17:00,Login,mobile
U00250,2026-05-08 18:58:00,login,Web
U00250,2026-05-05 01:30:00,LOGIN ,mobile
U00250,2026-05-14 21:40:00,session_start,
U00250,2026-05-08 03:57:00,LOGIN ,Web
U00250,2026-05-11 09:11:00,session_end,
U00250,2026-05-12 10:51:00,session_end,mobile
U00251,2026-05-05 06:16:00,Login,
U00251,2026-05-03 06:19:00,LOGIN ,web
U00251,2026-04-29 18:59:00,page_view,
U00251,2026-05-03 05:24:00,logout,
U00251,2026-04-26 04:33:00,session_start,Web
U00252,2026-03-25 21:45:00,LOGIN ,
U00252,2026-03-22 13:29:00,session_start,
U00252,2026-03-24 00:58:00,session_end,web
U00252,2026-03-29 13:05:00,logout,mobile
U00252,2026-03-26 09:50:00,Login,Web
U00252,2026-03-19 19:34:00,session_end,Web
U00252,2026-03-17 12:08:00,session_start,web
U00252,2026-03-24 16:29:00,logout,web
U00252,2026-03-18 01:17:00,logout,web
U00253,2026-03-09 19:06:00,logout,Web
U00253,2026-03-13 15:44:00,LOGIN ,web
U00253,2026-03-05 23:37:00,page_view,web
U00254,2026-04-16 06:33:00,Login,
U00254,2026-04-07 07:57:00,page_view,mobile
U00254,2026-04-09 20:19:00,page_view,web
U00254,2026-04-17 15:39:00,page_view,mobile
U00255,2026-05-17 02:00:00,Login,web
U00255,2026-05-24 03:15:00,Login,web
U00255,2026-05-23 00:53:00,session_end,
U00255,2026-05-22 01:59:00,login,Web
U00255,2026-05-22 15:11:00,logout,mobile
U00255,2026-05-29 17:16:00,logout,
U00255,2026-05-29 21:39:00,login,
U00255,2026-05-18 20:01:00,Login,mobile
U00256,2026-04-08 23:42:00,Login,mobile
U00256,2026-04-03 23:44:00,session_end,mobile
U00256,2026-04-02 15:18:00,LOGIN ,web
U00256,2026-04-04 15:23:00,page_view,Web
U00256,2026-04-01 12:44:00,logout,web
U00257,2026-05-04 13:52:00,session_start,mobile
U00257,2026-04-27 09:29:00,login,
U00257,2026-04-27 18:19:00,login,
U00257,2026-04-27 11:08:00,session_start,
U00257,2026-05-01 00:10:00,LOGIN ,mobile
U00257,2026-05-02 22:33:00,session_start,web
U00258,2026-03-08 20:09:00,LOGIN ,Web
U00258,2026-03-13 22:54:00,logout,mobile
U00258,2026-03-10 21:19:00,session_start,web
U00258,2026-03-20 20:30:00,session_start,
U00258,2026-03-15 21:11:00,session_end,Web
U00258,2026-03-08 22:20:00,session_end,Web
U00258,2026-03-15 19:53:00,session_start,web
U00258,2026-03-06 00:54:00,page_view,mobile
U00259,2026-02-22 03:42:00,login,
U00259,2026-03-05 21:30:00,LOGIN ,mobile
U00259,2026-03-03 23:50:00,Login,web
U00259,2026-03-05 05:46:00,session_start,
U00260,2026-06-01 02:03:00,session_end,Web
U00260,2026-05-19 01:54:00,page_view,web
U00260,2026-05-25 11:38:00,page_view,web
U00260,2026-06-01 05:20:00,login,
U00261,2026-03-03 04:40:00,session_end,mobile
U00261,2026-02-28 08:31:00,session_start,Web
U00261,2026-02-28 06:47:00,Login,
U00261,2026-03-10 16:51:00,logout,mobile
U00262,2026-03-13 18:01:00,page_view,web
U00262,2026-03-15 01:51:00,Login,web
U00262,2026-03-17 13:36:00,session_end,web
U00262,2026-03-17 05:43:00,page_view,
U00262,2026-03-15 06:36:00,logout,
U00262,2026-03-20 11:22:00,session_end,mobile
U00263,2026-06-14 02:28:00,session_start,
U00264,2026-03-04 02:36:00,login,mobile
U00264,2026-03-03 16:19:00,login,web
U00264,2026-02-26 07:03:00,session_end,Web
U00264,2026-02-19 07:52:00,LOGIN ,Web
U00264,2026-02-25 22:22:00,login,mobile
U00264,2026-02-23 02:34:00,session_end,mobile
U00265,2026-04-16 16:59:00,session_end,Web
U00265,2026-04-09 19:03:00,session_end,web
U00265,2026-04-12 15:59:00,LOGIN ,web
U00265,2026-04-03 10:26:00,LOGIN ,mobile
U00265,2026-04-08 01:08:00,Login,Web
U00265,2026-04-17 21:58:00,login,mobile
U00265,2026-04-10 02:51:00,session_end,web
U00265,2026-04-08 02:26:00,session_end,web
U00266,2026-01-18 17:30:00,Login,Web
U00266,2026-01-15 01:06:00,login,
U00266,2026-01-12 07:41:00,LOGIN ,
U00266,2026-01-11 09:50:00,logout,mobile
U00266,2026-01-04 01:01:00,logout,mobile
U00266,2026-01-12 19:55:00,session_start,web
U00266,2026-01-12 15:03:00,session_start,
U00266,2026-01-15 04:27:00,page_view,
U00267,2026-03-20 04:07:00,session_start,web
U00267,2026-03-26 19:57:00,LOGIN ,Web
U00268,2026-05-25 10:27:00,login,mobile
U00268,2026-05-25 02:37:00,login,mobile
U00268,2026-05-28 23:48:00,logout,web
U00268,2026-06-03 00:55:00,page_view,mobile
U00268,2026-06-04 01:04:00,login,mobile
U00268,2026-05-29 05:18:00,login,Web
U00268,2026-05-27 19:41:00,Login,Web
U00269,2026-06-15 19:25:00,session_start,web
U00269,2026-06-23 02:04:00,LOGIN ,mobile
U00269,2026-06-20 22:47:00,logout,Web
U00269,2026-06-27 07:28:00,page_view,Web
U00269,2026-06-18 17:18:00,logout,mobile
U00269,2026-06-21 08:20:00,page_view,web
U00269,2026-06-13 11:57:00,session_start,
U00269,2026-06-17 02:13:00,Login,mobile
U00269,2026-06-17 23:35:00,Login,web
U00269,2026-06-18 23:52:00,logout,mobile
U00269,2026-06-13 07:44:00,session_start,
U00269,2026-06-14 00:31:00,logout,web
U00269,2026-06-17 08:37:00,session_start,Web
U00269,2026-06-26 02:03:00,LOGIN ,
U00269,2026-06-20 00:55:00,session_start,
U00270,2026-06-03 01:14:00,Login,
U00270,2026-05-29 21:27:00,session_end,web
U00271,2026-05-13 09:02:00,session_end,Web
U00271,2026-05-17 00:58:00,session_end,Web
U00271,2026-05-17 08:51:00,logout,mobile
U00271,2026-05-15 00:21:00,page_view,
U00272,2026-01-27 13:50:00,page_view,web
U00272,2026-01-26 03:35:00,session_start,Web
U00272,2026-01-27 17:29:00,session_start,Web
U00272,2026-01-16 12:29:00,page_view,mobile
U00272,2026-01-16 00:17:00,logout,Web
U00272,2026-01-15 07:49:00,session_end,Web
U00272,2026-01-19 18:25:00,login,Web
U00272,2026-01-19 08:42:00,LOGIN ,web
U00272,2026-01-15 09:36:00,page_view,Web
U00272,2026-01-27 08:54:00,Login,
U00272,2026-01-21 00:28:00,login,
U00272,2026-01-14 11:30:00,page_view,mobile
U00272,2026-01-20 01:37:00,login,Web
U00272,2026-01-28 19:35:00,LOGIN ,web
U00272,2026-01-21 05:16:00,logout,Web
U00273,2026-02-03 15:08:00,Login,mobile
U00273,2026-02-01 19:41:00,login,mobile
U00273,2026-01-31 20:02:00,Login,
U00273,2026-02-08 10:02:00,session_end,mobile
U00273,2026-01-30 22:16:00,LOGIN ,web
U00273,2026-02-09 11:34:00,page_view,web
U00273,2026-02-08 07:22:00,login,web
U00274,2026-01-27 14:07:00,session_end,web
U00274,2026-01-22 06:20:00,session_end,Web
U00274,2026-02-01 21:26:00,login,
U00274,2026-02-02 09:09:00,login,Web
U00274,2026-01-28 11:21:00,session_start,Web
U00274,2026-01-26 09:39:00,login,mobile
U00274,2026-01-24 01:18:00,Login,web
U00275,2026-01-15 19:13:00,logout,Web
U00275,2026-01-22 22:49:00,page_view,Web
U00275,2026-01-17 12:53:00,session_end,web
U00275,2026-01-24 23:09:00,session_start,web
U00276,2026-03-20 07:36:00,session_end,
U00276,2026-03-27 23:07:00,logout,web
U00276,2026-03-28 15:42:00,session_end,
U00277,2026-02-05 08:12:00,logout,Web
U00277,2026-02-14 07:21:00,Login,Web
U00277,2026-02-03 14:20:00,page_view,web
U00277,2026-02-11 07:28:00,page_view,
U00277,2026-02-05 02:22:00,session_end,web
U00277,2026-02-14 11:41:00,session_start,mobile
U00277,2026-02-07 13:14:00,session_end,mobile
U00277,2026-02-14 17:15:00,logout,
U00277,2026-02-10 18:42:00,Login,Web
U00278,2026-06-17 09:21:00,LOGIN ,web
U00278,2026-06-06 13:26:00,session_end,mobile
U00278,2026-06-14 15:40:00,logout,mobile
U00278,2026-06-19 05:56:00,session_start,web
U00278,2026-06-07 03:26:00,LOGIN ,
U00278,2026-06-16 03:08:00,logout,web
U00278,2026-06-18 13:01:00,page_view,mobile
U00278,2026-06-06 04:32:00,logout,
U00279,2026-03-13 13:22:00,Login,
U00279,2026-03-10 17:15:00,page_view,Web
U00280,2026-04-25 10:57:00,logout,Web
U00281,2026-03-29 19:39:00,login,web
U00281,2026-03-21 23:58:00,LOGIN ,
U00281,2026-04-03 13:40:00,session_start,
U00281,2026-03-24 15:44:00,Login,mobile
U00281,2026-03-31 18:58:00,logout,web
U00281,2026-03-22 00:37:00,session_end,Web
U00281,2026-03-30 20:29:00,session_start,Web
U00281,2026-03-27 05:32:00,page_view,Web
U00281,2026-04-01 03:14:00,LOGIN ,
U00281,2026-03-25 01:36:00,session_end,
U00282,2026-06-10 10:24:00,LOGIN ,mobile
U00282,2026-06-08 01:52:00,page_view,mobile
U00282,2026-06-12 16:17:00,session_end,Web
U00282,2026-06-07 11:18:00,Login,web
U00282,2026-06-10 08:31:00,session_start,mobile
U00282,2026-06-20 05:18:00,LOGIN ,web
U00282,2026-06-20 07:42:00,LOGIN ,mobile
U00282,2026-06-07 06:35:00,logout,mobile
U00282,2026-06-06 19:57:00,login,mobile
U00282,2026-06-06 15:53:00,logout,web
U00282,2026-06-11 06:18:00,session_end,
U00282,2026-06-17 14:33:00,Login,
U00282,2026-06-10 03:45:00,page_view,web
U00282,2026-06-13 13:31:00,LOGIN ,web
U00282,2026-06-19 04:17:00,page_view,web
U00282,2026-06-11 02:47:00,logout,mobile
U00283,2026-03-06 02:20:00,Login,Web
U00283,2026-02-27 14:40:00,page_view,web
U00283,2026-03-06 22:20:00,login,
U00283,2026-02-24 22:50:00,session_end,Web
U00284,2026-01-24 17:42:00,logout,web
U00284,2026-01-31 20:00:00,Login,mobile
U00284,2026-01-30 12:55:00,Login,mobile
U00284,2026-01-25 15:09:00,session_start,mobile
U00284,2026-02-01 15:18:00,Login,mobile
U00284,2026-01-31 02:33:00,logout,mobile
U00285,2026-02-14 13:04:00,session_start,mobile
U00285,2026-02-25 05:02:00,session_start,Web
U00285,2026-02-23 12:40:00,session_end,mobile
U00286,2026-01-11 11:30:00,session_end,mobile
U00287,2026-06-16 09:53:00,Login,Web
U00287,2026-06-12 15:31:00,logout,
U00287,2026-06-11 11:34:00,session_start,Web
U00287,2026-06-03 07:07:00,logout,Web
U00287,2026-06-08 14:20:00,Login,
U00287,2026-06-03 05:29:00,LOGIN ,web
U00287,2026-06-07 22:25:00,page_view,mobile
U00288,2026-01-21 15:53:00,logout,
U00288,2026-01-18 13:43:00,Login,web
U00288,2026-01-13 08:32:00,Login,
U00288,2026-01-09 17:49:00,LOGIN ,Web
U00288,2026-01-19 10:26:00,session_start,
U00288,2026-01-15 12:16:00,login,Web
U00288,2026-01-16 23:14:00,LOGIN ,web
U00288,2026-01-13 14:26:00,Login,mobile
U00289,2026-03-22 06:49:00,page_view,web
U00289,2026-03-23 19:21:00,Login,web
U00289,2026-03-25 00:51:00,session_start,web
U00289,2026-03-26 22:21:00,LOGIN ,web
U00289,2026-03-24 01:33:00,Login,Web
U00290,2026-03-09 06:10:00,logout,
U00290,2026-03-14 22:14:00,LOGIN ,mobile
U00291,2026-06-14 11:21:00,session_start,mobile
U00291,2026-06-08 23:15:00,login,web
U00291,2026-06-13 00:48:00,session_end,web
U00291,2026-06-08 12:50:00,session_start,web
U00291,2026-06-02 09:19:00,login,mobile
U00291,2026-06-10 22:15:00,login,Web
U00291,2026-06-11 03:52:00,logout,
U00291,2026-06-10 12:08:00,logout,Web
U00291,2026-06-13 02:04:00,login,
U00291,2026-05-31 00:47:00,logout,mobile
U00292,2026-04-20 23:37:00,logout,
U00292,2026-04-22 19:54:00,LOGIN ,Web
U00292,2026-04-25 16:47:00,login,Web
U00292,2026-04-23 14:12:00,login,Web
U00292,2026-04-29 18:30:00,session_start,Web
U00293,2026-06-21 02:14:00,session_start,Web
U00293,2026-06-22 09:58:00,page_view,mobile
U00293,2026-06-21 00:31:00,page_view,
U00293,2026-06-20 17:45:00,login,
U00293,2026-06-18 18:01:00,session_start,mobile
U00293,2026-06-22 11:30:00,session_end,web
U00293,2026-06-25 09:21:00,Login,web
U00293,2026-06-16 17:10:00,Login,
U00293,2026-06-24 07:05:00,Login,
U00293,2026-06-24 15:33:00,page_view,mobile
U00293,2026-06-15 15:16:00,session_start,Web
U00294,2026-02-17 10:53:00,Login,web
U00294,2026-02-11 22:36:00,session_end,
U00294,2026-02-19 00:17:00,page_view,mobile
U00294,2026-02-18 17:50:00,session_start,
U00295,2026-02-17 20:15:00,LOGIN ,
U00295,2026-02-23 15:32:00,session_end,web
U00295,2026-02-26 03:27:00,page_view,web
U00295,2026-02-18 04:48:00,login,mobile
U00295,2026-02-20 23:07:00,Login,mobile
U00295,2026-02-19 03:02:00,session_start,
U00295,2026-02-14 20:51:00,session_end,
U00295,2026-02-14 23:55:00,session_end,
U00295,2026-02-18 00:18:00,login,
U00296,2026-05-30 23:59:00,page_view,Web
U00296,2026-06-03 10:39:00,LOGIN ,mobile
U00297,2026-05-02 09:33:00,page_view,mobile
U00297,2026-05-12 19:45:00,LOGIN ,Web
U00297,2026-05-07 14:13:00,LOGIN ,mobile
U00297,2026-05-02 16:45:00,logout,
U00297,2026-04-30 10:26:00,Login,mobile
U00298,2026-04-21 02:00:00,LOGIN ,mobile
U00298,2026-04-17 22:06:00,session_end,
U00298,2026-04-19 03:03:00,session_end,
U00298,2026-04-23 05:04:00,LOGIN ,mobile
U00298,2026-04-19 20:00:00,Login,Web
U00299,2026-05-23 13:37:00,page_view,Web
U00299,2026-05-24 19:49:00,session_start,Web
U00299,2026-05-27 17:41:00,page_view,mobile
U00299,2026-05-20 18:09:00,login,mobile
U00299,2026-05-23 05:16:00,session_end,web
U00299,2026-05-21 16:37:00,page_view,
U00300,2026-01-26 18:49:00,logout,Web
U00300,2026-02-02 23:55:00,session_end,
U00300,2026-01-24 05:00:00,logout,mobile
U00300,2026-01-24 02:59:00,logout,mobile
U00300,2026-01-23 05:30:00,logout,web
U00300,2026-01-26 02:57:00,login,mobile
U00301,2026-04-01 14:27:00,page_view,
U00302,2026-01-12 09:32:00,logout,web
U00302,2026-01-10 17:25:00,session_start,
U00302,2026-01-18 15:22:00,LOGIN ,Web
U00302,2026-01-15 02:56:00,session_end,mobile
U00302,2026-01-09 20:53:00,LOGIN ,mobile
U00302,2026-01-20 13:35:00,session_start,
U00302,2026-01-18 08:43:00,login,
U00302,2026-01-17 11:11:00,login,Web
U00303,2026-06-13 14:49:00,page_view,Web
U00303,2026-06-11 13:13:00,session_end,mobile
U00303,2026-06-06 11:11:00,page_view,web
U00303,2026-06-03 14:23:00,session_end,mobile
U00303,2026-05-31 18:19:00,LOGIN ,web
U00304,2026-06-11 11:58:00,LOGIN ,web
U00304,2026-06-06 08:02:00,page_view,Web
U00304,2026-06-07 15:25:00,login,Web
U00304,2026-06-01 20:03:00,session_end,web
U00304,2026-06-10 22:59:00,session_start,
U00304,2026-06-04 05:30:00,page_view,web
U00304,2026-05-28 11:01:00,session_end,mobile
U00304,2026-06-08 23:11:00,logout,mobile
U00304,2026-05-29 13:53:00,logout,web
U00304,2026-05-28 14:40:00,page_view,web
U00304,2026-06-02 03:54:00,session_end,Web
U00305,2026-05-26 06:41:00,session_end,web
U00305,2026-05-18 21:54:00,LOGIN ,mobile
U00305,2026-05-27 18:46:00,LOGIN ,web
U00305,2026-05-23 12:26:00,logout,web
U00305,2026-05-14 06:52:00,logout,mobile
U00305,2026-05-24 08:05:00,Login,
U00305,2026-05-13 08:38:00,Login,
U00305,2026-05-15 20:47:00,logout,web
U00306,2026-02-20 08:35:00,LOGIN ,web
U00306,2026-02-21 14:36:00,logout,web
U00306,2026-02-25 14:05:00,login,web
U00306,2026-02-18 23:05:00,Login,Web
U00306,2026-02-25 20:01:00,logout,mobile
U00307,2026-06-24 00:13:00,page_view,Web
U00307,2026-06-19 02:56:00,page_view,mobile
U00307,2026-06-16 21:41:00,logout,mobile
U00307,2026-06-23 23:08:00,LOGIN ,web
U00307,2026-06-18 22:18:00,Login,Web
U00307,2026-06-14 18:20:00,session_start,mobile
U00307,2026-06-25 06:17:00,Login,mobile
U00307,2026-06-16 08:44:00,session_start,Web
U00307,2026-06-13 15:22:00,session_end,Web
U00307,2026-06-17 20:33:00,session_start,mobile
U00308,2026-03-31 18:24:00,Login,mobile
U00308,2026-04-11 13:22:00,page_view,Web
U00308,2026-04-03 10:44:00,session_end,Web
U00308,2026-04-01 16:49:00,Login,Web
U00308,2026-04-03 14:16:00,login,web
U00308,2026-04-08 21:40:00,Login,
U00308,2026-04-02 14:37:00,LOGIN ,Web
U00309,2026-04-02 12:42:00,session_end,web
U00309,2026-03-29 22:06:00,page_view,Web
U00309,2026-04-06 00:10:00,session_start,
U00309,2026-03-29 10:41:00,login,mobile
U00309,2026-04-07 11:19:00,Login,
U00309,2026-04-01 05:48:00,login,
U00309,2026-04-05 19:29:00,session_end,
U00309,2026-04-04 12:30:00,logout,mobile
U00309,2026-03-28 23:23:00,session_end,Web
U00310,2026-04-02 21:25:00,LOGIN ,web
U00310,2026-04-09 07:48:00,session_end,web
U00310,2026-04-01 13:49:00,LOGIN ,
U00310,2026-04-04 00:10:00,session_end,mobile
U00310,2026-04-09 09:56:00,session_end,mobile
U00310,2026-04-04 04:08:00,page_view,Web
U00310,2026-04-07 01:05:00,LOGIN ,mobile
U00311,2026-03-27 11:29:00,session_start,mobile
U00311,2026-03-22 00:42:00,Login,mobile
U00311,2026-03-29 05:19:00,LOGIN ,web
U00311,2026-03-17 07:54:00,Login,
U00311,2026-03-16 23:15:00,Login,Web
U00311,2026-03-15 15:10:00,LOGIN ,web
U00311,2026-03-22 17:43:00,session_start,mobile
U00311,2026-03-29 15:42:00,session_start,
U00312,2026-01-21 07:48:00,login,
U00312,2026-01-12 10:48:00,Login,
U00312,2026-01-22 10:57:00,LOGIN ,
U00312,2026-01-19 12:34:00,login,Web
U00312,2026-01-17 21:47:00,session_end,web
U00312,2026-01-13 19:11:00,logout,mobile
U00312,2026-01-15 11:21:00,session_end,web
U00313,2026-03-15 19:48:00,session_start,web
U00313,2026-03-16 07:08:00,session_start,mobile
U00313,2026-03-06 06:19:00,session_start,web
U00313,2026-03-11 12:41:00,Login,
U00313,2026-03-08 09:19:00,session_start,
U00313,2026-03-06 08:26:00,Login,mobile
U00314,2026-04-20 21:33:00,logout,web
U00314,2026-04-21 02:22:00,page_view,web
U00314,2026-04-24 12:51:00,logout,web
U00314,2026-04-16 10:08:00,session_end,
U00314,2026-04-24 14:00:00,session_start,
U00314,2026-04-20 01:19:00,session_start,Web
U00314,2026-04-25 20:07:00,session_end,
U00315,2026-05-27 11:49:00,session_start,Web
U00315,2026-06-01 17:23:00,login,mobile
U00315,2026-05-25 17:48:00,session_start,web
U00315,2026-05-21 00:21:00,page_view,Web
U00315,2026-05-22 16:52:00,session_end,
U00315,2026-05-25 01:29:00,LOGIN ,web
U00315,2026-05-20 15:29:00,LOGIN ,web
U00316,2026-01-28 19:43:00,LOGIN ,Web
U00316,2026-01-20 10:43:00,LOGIN ,web
U00316,2026-01-22 08:11:00,LOGIN ,Web
U00316,2026-01-20 00:28:00,LOGIN ,Web
U00316,2026-01-24 01:38:00,login,Web
U00316,2026-01-25 01:34:00,page_view,
U00316,2026-01-17 05:05:00,session_end,web
U00316,2026-01-16 23:09:00,page_view,
U00316,2026-01-20 08:22:00,session_start,mobile
U00317,2026-06-23 23:52:00,session_end,
U00317,2026-06-09 02:20:00,LOGIN ,web
U00317,2026-06-11 19:46:00,page_view,web
U00317,2026-06-15 16:46:00,login,Web
U00317,2026-06-23 20:47:00,LOGIN ,
U00317,2026-06-15 00:11:00,page_view,Web
U00317,2026-06-20 20:47:00,login,
U00317,2026-06-10 06:36:00,LOGIN ,Web
U00318,2026-01-23 16:34:00,logout,mobile
U00318,2026-01-25 01:23:00,session_end,
U00318,2026-01-17 13:17:00,page_view,mobile
U00318,2026-01-18 16:42:00,login,
U00319,2026-02-17 05:43:00,LOGIN ,Web
U00319,2026-02-03 13:13:00,login,
U00319,2026-02-13 04:17:00,LOGIN ,
U00319,2026-02-12 20:20:00,login,mobile
U00320,2026-02-04 00:45:00,LOGIN ,mobile
U00320,2026-02-02 19:18:00,page_view,
U00320,2026-02-10 13:40:00,session_end,Web
U00320,2026-02-09 12:30:00,session_end,web
U00320,2026-02-06 10:20:00,LOGIN ,
U00320,2026-02-03 14:54:00,page_view,
U00320,2026-02-04 17:44:00,Login,
U00320,2026-02-05 12:02:00,page_view,web
U00320,2026-02-11 15:35:00,LOGIN ,web
U00320,2026-02-04 23:33:00,LOGIN ,Web
U00321,2026-03-07 10:28:00,page_view,
U00321,2026-03-03 04:39:00,session_end,mobile
U00322,2026-03-30 11:36:00,session_start,
U00322,2026-04-02 00:48:00,LOGIN ,
U00322,2026-03-24 12:58:00,session_end,mobile
U00322,2026-03-27 19:54:00,login,web
U00322,2026-03-27 06:13:00,login,Web
U00322,2026-03-23 05:49:00,logout,
U00322,2026-03-29 13:22:00,logout,mobile
U00323,2026-05-28 19:17:00,LOGIN ,Web
U00323,2026-06-01 03:42:00,page_view,Web
U00323,2026-05-30 17:34:00,session_start,mobile
U00323,2026-06-04 12:31:00,logout,
U00323,2026-05-26 14:10:00,logout,mobile
U00323,2026-05-28 09:00:00,session_end,Web
U00323,2026-06-03 14:41:00,Login,web
U00323,2026-05-28 18:41:00,session_start,
U00324,2026-03-05 06:40:00,login,mobile
U00324,2026-03-01 19:39:00,session_end,web
U00324,2026-03-08 18:46:00,session_start,web
U00324,2026-03-04 19:15:00,Login,
U00324,2026-03-09 02:23:00,login,
U00324,2026-03-07 16:55:00,Login,mobile
U00324,2026-03-06 11:46:00,logout,mobile
U00324,2026-03-01 15:59:00,page_view,mobile
U00324,2026-03-04 04:18:00,login,web
U00324,2026-03-02 18:29:00,session_start,mobile
U00325,2026-06-25 19:28:00,Login,mobile
U00325,2026-06-22 16:41:00,login,Web
U00325,2026-06-28 05:15:00,session_start,web
U00325,2026-06-15 23:02:00,page_view,
U00325,2026-06-28 16:30:00,logout,
U00325,2026-06-16 13:16:00,page_view,web
U00325,2026-06-26 19:41:00,session_end,web
U00325,2026-06-22 15:52:00,page_view,web
U00325,2026-06-19 12:53:00,logout,web
U00325,2026-06-20 12:45:00,session_end,
U00325,2026-06-21 03:06:00,Login,Web
U00325,2026-06-27 18:48:00,logout,web
U00326,2026-03-27 05:23:00,session_start,Web
U00326,2026-03-18 07:50:00,session_start,mobile
U00327,2026-03-15 03:21:00,page_view,web
U00327,2026-03-18 22:31:00,logout,mobile
U00327,2026-03-23 08:21:00,LOGIN ,
U00327,2026-03-16 14:44:00,LOGIN ,Web
U00327,2026-03-20 01:48:00,Login,mobile
U00327,2026-03-19 09:01:00,Login,Web
U00327,2026-03-20 11:45:00,LOGIN ,Web
U00327,2026-03-22 05:36:00,page_view,Web
U00327,2026-03-18 22:28:00,page_view,Web
U00327,2026-03-13 23:51:00,page_view,mobile
U00327,2026-03-13 19:18:00,logout,
U00328,2026-05-05 20:14:00,login,mobile
U00328,2026-05-10 09:09:00,session_end,web
U00328,2026-05-05 11:46:00,session_end,
U00328,2026-05-08 19:57:00,Login,Web
U00328,2026-05-11 04:37:00,logout,Web
U00329,2026-05-30 11:24:00,logout,
U00329,2026-06-01 05:55:00,session_end,
U00329,2026-05-24 15:57:00,session_start,web
U00329,2026-06-01 02:21:00,Login,Web
U00329,2026-05-25 07:09:00,LOGIN ,web
U00330,2026-02-28 06:22:00,session_start,
U00330,2026-02-27 20:58:00,login,mobile
U00330,2026-03-01 06:23:00,page_view,web
U00330,2026-02-24 20:06:00,LOGIN ,web
U00330,2026-02-22 17:34:00,logout,web
U00330,2026-03-02 01:28:00,session_end,mobile
U00330,2026-02-21 08:51:00,page_view,mobile
U00331,2026-01-29 20:54:00,Login,mobile
U00331,2026-01-29 22:29:00,Login,web
U00331,2026-01-27 08:35:00,LOGIN ,web
U00331,2026-01-29 06:46:00,logout,web
U00331,2026-02-01 04:33:00,LOGIN ,web
U00331,2026-01-21 07:15:00,session_end,
U00331,2026-01-25 03:34:00,logout,web
U00331,2026-01-23 20:04:00,Login,
U00332,2026-03-30 14:05:00,session_start,mobile
U00332,2026-03-30 17:37:00,Login,
U00332,2026-04-02 18:00:00,session_end,
U00333,2026-01-14 03:46:00,session_start,mobile
U00333,2026-01-10 20:39:00,logout,
U00333,2026-01-01 08:48:00,session_start,Web
U00333,2026-01-08 20:11:00,LOGIN ,
U00333,2026-01-09 09:41:00,LOGIN ,Web
U00333,2026-01-14 17:15:00,LOGIN ,Web
U00334,2026-06-10 17:32:00,LOGIN ,
U00334,2026-06-01 05:31:00,login,Web
U00334,2026-06-14 16:30:00,session_start,mobile
U00334,2026-06-02 02:48:00,session_start,Web
U00334,2026-06-01 14:21:00,page_view,mobile
U00334,2026-06-03 03:48:00,Login,mobile
U00334,2026-06-04 16:19:00,LOGIN ,
U00334,2026-06-01 21:19:00,session_end,mobile
U00334,2026-06-09 21:09:00,LOGIN ,mobile
U00334,2026-06-03 12:50:00,Login,mobile
U00335,2026-02-17 21:10:00,LOGIN ,
U00335,2026-02-18 19:50:00,session_start,Web
U00335,2026-02-11 08:30:00,logout,Web
U00336,2026-05-09 04:19:00,LOGIN ,Web
U00336,2026-05-17 23:20:00,session_start,Web
U00336,2026-05-10 18:25:00,logout,
U00336,2026-05-04 12:03:00,session_start,Web
U00336,2026-05-14 04:29:00,logout,Web
U00336,2026-05-04 22:12:00,Login,Web
U00336,2026-05-08 11:01:00,LOGIN ,
U00336,2026-05-16 12:20:00,session_end,mobile
U00337,2026-06-01 06:39:00,session_end,
U00337,2026-06-02 08:06:00,login,mobile
U00337,2026-05-22 10:46:00,session_start,
U00337,2026-05-20 21:24:00,page_view,
U00337,2026-05-23 08:38:00,session_end,
U00338,2026-03-24 03:03:00,page_view,Web
U00338,2026-03-28 17:23:00,session_start,Web
U00338,2026-03-25 15:08:00,page_view,web
U00338,2026-03-29 23:26:00,logout,mobile
U00338,2026-04-06 04:37:00,LOGIN ,mobile
U00338,2026-04-01 02:28:00,Login,Web
U00339,2026-06-05 17:48:00,page_view,Web
U00339,2026-06-04 16:52:00,LOGIN ,web
U00339,2026-05-29 02:55:00,logout,Web
U00339,2026-06-09 11:57:00,logout,
U00339,2026-06-07 06:11:00,LOGIN ,
U00339,2026-05-30 14:23:00,LOGIN ,mobile
U00339,2026-06-06 22:16:00,LOGIN ,web
U00339,2026-05-29 03:41:00,session_start,
U00339,2026-06-02 15:51:00,login,web
U00340,2026-01-26 16:23:00,login,
U00340,2026-01-12 16:55:00,logout,Web
U00340,2026-01-24 17:31:00,LOGIN ,Web
U00340,2026-01-22 02:47:00,login,web
U00340,2026-01-20 03:34:00,Login,web
U00340,2026-01-21 14:39:00,page_view,mobile
U00340,2026-01-24 02:49:00,page_view,
U00340,2026-01-25 08:29:00,session_start,mobile
U00341,2026-04-18 10:04:00,Login,Web
U00341,2026-04-15 16:49:00,page_view,
U00341,2026-04-22 00:25:00,session_end,Web
U00341,2026-04-08 19:53:00,session_start,web
U00342,2026-06-16 07:20:00,session_start,mobile
U00342,2026-06-20 07:37:00,page_view,Web
U00342,2026-06-24 14:41:00,page_view,mobile
U00342,2026-06-28 18:59:00,LOGIN ,mobile
U00342,2026-06-19 04:13:00,LOGIN ,mobile
U00342,2026-06-17 00:34:00,session_end,web
U00343,2026-01-22 04:34:00,LOGIN ,web
U00343,2026-01-15 10:59:00,Login,mobile
U00343,2026-01-13 09:10:00,session_start,Web
U00343,2026-01-13 06:49:00,LOGIN ,web
U00343,2026-01-12 14:07:00,logout,
U00343,2026-01-10 14:55:00,page_view,mobile
U00343,2026-01-16 01:28:00,session_start,
U00344,2026-03-29 06:49:00,session_start,web
U00344,2026-03-27 05:32:00,session_end,web
U00344,2026-03-28 06:07:00,session_start,Web
U00344,2026-04-06 10:26:00,Login,mobile
U00345,2026-05-16 16:23:00,session_start,Web
U00345,2026-05-23 03:29:00,login,web
U00345,2026-05-21 13:25:00,logout,web
U00345,2026-05-20 11:19:00,logout,web
U00345,2026-05-21 20:19:00,Login,web
U00345,2026-05-25 20:51:00,session_start,
U00346,2026-04-15 08:46:00,page_view,Web
U00346,2026-04-15 04:54:00,Login,mobile
U00346,2026-04-24 00:08:00,session_end,mobile
U00346,2026-04-17 22:30:00,logout,web
U00347,2026-01-20 19:51:00,Login,Web
U00347,2026-01-25 19:26:00,logout,mobile
U00347,2026-01-26 05:11:00,session_end,mobile
U00348,2026-06-20 21:11:00,LOGIN ,web
U00348,2026-06-21 05:01:00,session_start,mobile
U00348,2026-06-13 12:40:00,LOGIN ,Web
U00348,2026-06-18 10:01:00,logout,web
U00348,2026-06-14 00:56:00,session_start,web
U00348,2026-06-20 04:58:00,session_start,web
U00349,2026-04-03 12:48:00,session_end,mobile
U00349,2026-03-28 03:00:00,LOGIN ,mobile
U00349,2026-03-27 13:04:00,login,
U00349,2026-04-02 13:54:00,session_end,
U00350,2026-04-10 19:51:00,page_view,web
U00351,2026-05-09 15:30:00,LOGIN ,mobile
U00351,2026-05-10 21:34:00,LOGIN ,web
U00351,2026-05-12 15:47:00,logout,mobile
U00351,2026-05-07 07:32:00,Login,mobile
U00351,2026-05-08 21:05:00,page_view,web
U00351,2026-05-16 12:18:00,session_end,web
U00351,2026-05-08 07:16:00,Login,Web
U00352,2026-01-23 22:29:00,page_view,Web
U00352,2026-01-30 04:20:00,session_start,Web
U00352,2026-01-28 04:37:00,page_view,web
U00352,2026-01-29 12:40:00,login,mobile
U00353,2026-03-17 00:09:00,page_view,web
U00353,2026-03-28 07:10:00,session_start,Web
U00353,2026-03-15 18:30:00,session_start,Web
U00353,2026-03-18 20:55:00,logout,
U00353,2026-03-22 06:29:00,session_end,Web
U00353,2026-03-23 14:07:00,page_view,Web
U00353,2026-03-25 16:59:00,LOGIN ,Web
U00353,2026-03-29 05:16:00,LOGIN ,
U00354,2026-05-04 17:29:00,page_view,web
U00354,2026-05-02 10:48:00,session_end,Web
U00354,2026-04-23 11:27:00,page_view,web
U00354,2026-04-30 04:06:00,Login,
U00354,2026-05-05 03:07:00,session_end,Web
U00354,2026-04-24 11:19:00,session_start,
U00354,2026-04-30 02:55:00,session_end,mobile
U00354,2026-04-28 16:12:00,Login,mobile
U00354,2026-05-04 00:12:00,page_view,Web
U00354,2026-04-30 19:49:00,Login,web
U00355,2026-02-07 17:23:00,session_end,mobile
U00355,2026-02-06 16:10:00,LOGIN ,mobile
U00355,2026-01-27 21:10:00,page_view,mobile
U00355,2026-02-08 22:09:00,session_end,
U00355,2026-02-08 06:17:00,login,
U00356,2026-01-12 12:57:00,session_end,
U00356,2026-01-22 15:29:00,LOGIN ,mobile
U00356,2026-01-19 09:00:00,login,Web
U00357,2026-01-26 17:42:00,LOGIN ,mobile
U00357,2026-01-29 23:39:00,session_end,web
U00357,2026-01-15 13:08:00,Login,
U00357,2026-01-28 05:48:00,logout,mobile
U00357,2026-01-21 05:41:00,session_start,
U00357,2026-01-24 06:15:00,logout,Web
U00357,2026-01-16 07:17:00,Login,
U00358,2026-04-22 23:47:00,session_end,mobile
U00359,2026-04-19 14:09:00,page_view,Web
U00359,2026-04-28 10:00:00,page_view,web
U00359,2026-04-24 09:33:00,login,
U00359,2026-04-19 21:28:00,LOGIN ,web
U00359,2026-04-24 23:39:00,session_start,mobile
U00359,2026-04-17 23:21:00,LOGIN ,web
U00360,2026-02-22 08:07:00,page_view,
U00360,2026-02-22 18:10:00,page_view,
U00360,2026-02-28 09:14:00,session_end,web
U00360,2026-02-17 23:38:00,session_end,Web
U00360,2026-02-19 21:31:00,logout,
U00360,2026-02-22 01:40:00,login,Web
U00360,2026-03-01 23:46:00,LOGIN ,Web
U00360,2026-02-26 16:21:00,session_start,Web
U00361,2026-06-11 02:00:00,login,
U00361,2026-06-09 18:31:00,Login,
U00361,2026-06-16 08:06:00,logout,
U00361,2026-06-14 19:53:00,session_end,
U00362,2026-05-17 16:55:00,page_view,
U00362,2026-05-08 19:06:00,session_end,web
U00362,2026-05-17 03:07:00,logout,mobile
U00362,2026-05-13 18:43:00,page_view,
U00362,2026-05-21 12:45:00,page_view,web
U00362,2026-05-13 20:50:00,session_start,
U00362,2026-05-17 16:02:00,session_start,
U00362,2026-05-18 00:13:00,session_end,mobile
U00363,2026-03-01 20:21:00,login,Web
U00363,2026-03-15 13:51:00,login,
U00363,2026-03-14 08:22:00,logout,Web
U00363,2026-03-06 07:17:00,session_start,web
U00363,2026-03-06 14:44:00,page_view,Web
U00363,2026-03-13 05:13:00,session_end,Web
U00363,2026-03-12 12:48:00,LOGIN ,mobile
U00363,2026-03-14 15:54:00,login,Web
U00364,2026-03-12 19:34:00,page_view,mobile
U00364,2026-03-12 09:06:00,page_view,web
U00365,2026-01-13 12:20:00,session_end,
U00365,2026-01-13 05:48:00,session_start,mobile
U00365,2026-01-07 22:31:00,LOGIN ,Web
U00365,2026-01-15 14:57:00,LOGIN ,mobile
U00365,2026-01-05 10:01:00,login,mobile
U00365,2026-01-12 09:58:00,session_end,Web
U00365,2026-01-15 17:34:00,Login,
U00366,2026-02-19 22:04:00,Login,web
U00366,2026-02-11 22:38:00,page_view,
U00366,2026-02-23 08:09:00,page_view,Web
U00366,2026-02-18 11:25:00,Login,
U00366,2026-02-11 23:52:00,logout,Web
U00366,2026-02-19 18:05:00,LOGIN ,mobile
U00367,2026-04-06 01:15:00,session_end,mobile
U00367,2026-04-09 08:01:00,session_start,mobile
U00367,2026-04-12 22:14:00,Login,mobile
U00367,2026-04-06 20:51:00,Login,mobile
U00367,2026-03-30 09:15:00,login,
U00368,2026-06-26 14:26:00,session_end,mobile
U00368,2026-06-19 05:54:00,session_end,
U00368,2026-06-23 18:56:00,session_start,Web
U00368,2026-06-24 11:51:00,logout,Web
U00368,2026-06-19 11:23:00,Login,Web
U00369,2026-03-14 11:04:00,page_view,mobile
U00369,2026-03-11 22:15:00,logout,mobile
U00369,2026-03-07 16:45:00,session_start,Web
U00369,2026-03-07 19:14:00,page_view,Web
U00369,2026-03-17 22:41:00,session_end,mobile
U00369,2026-03-13 08:36:00,logout,web
U00369,2026-03-13 19:28:00,session_start,
U00369,2026-03-07 05:01:00,session_end,
U00370,2026-04-17 20:03:00,LOGIN ,
U00370,2026-04-22 22:09:00,login,Web
U00370,2026-04-10 23:17:00,session_end,Web
U00370,2026-04-23 23:01:00,page_view,
U00370,2026-04-15 22:48:00,Login,
U00371,2026-03-05 21:28:00,LOGIN ,Web
U00371,2026-03-07 07:36:00,logout,
U00371,2026-03-04 17:43:00,session_end,Web
U00371,2026-03-15 00:39:00,login,Web
U00371,2026-03-11 03:49:00,login,web
U00372,2026-04-10 13:46:00,Login,mobile
U00372,2026-04-05 19:49:00,logout,mobile
U00372,2026-04-15 05:01:00,page_view,
U00372,2026-04-13 03:21:00,login,web
U00372,2026-04-08 18:44:00,page_view,
U00372,2026-04-14 13:24:00,page_view,
U00372,2026-04-04 10:11:00,login,Web
U00372,2026-04-07 05:45:00,session_start,Web
U00372,2026-04-09 02:11:00,LOGIN ,
U00372,2026-04-05 07:22:00,page_view,web
U00373,2026-03-22 14:48:00,login,Web
U00373,2026-03-17 19:03:00,session_end,web
U00373,2026-03-27 11:06:00,Login,web
U00373,2026-03-25 00:00:00,LOGIN ,
U00373,2026-03-21 00:51:00,session_end,Web
U00373,2026-03-30 02:11:00,Login,
U00373,2026-03-19 17:13:00,LOGIN ,web
U00373,2026-03-30 21:58:00,Login,Web
U00373,2026-03-26 05:57:00,session_start,mobile
U00374,2026-04-20 04:52:00,logout,
U00374,2026-04-12 19:02:00,session_end,web
U00374,2026-04-24 09:59:00,LOGIN ,web
U00375,2026-01-18 21:11:00,session_end,mobile
U00375,2026-01-27 03:31:00,Login,mobile
U00375,2026-01-22 10:29:00,page_view,
U00375,2026-01-25 14:07:00,page_view,web
U00376,2026-03-20 07:23:00,Login,mobile
U00376,2026-03-28 15:12:00,logout,
U00376,2026-03-15 11:03:00,session_start,web
U00376,2026-03-28 16:05:00,page_view,Web
U00376,2026-03-29 16:36:00,session_end,
U00376,2026-03-27 17:41:00,Login,Web
U00376,2026-03-20 04:28:00,logout,mobile
U00376,2026-03-19 20:27:00,session_start,
U00377,2026-04-07 02:31:00,login,
U00377,2026-04-02 10:35:00,session_start,
U00377,2026-04-05 15:50:00,logout,Web
U00377,2026-04-13 21:44:00,login,web
U00378,2026-06-11 02:19:00,session_end,mobile
U00378,2026-06-18 10:47:00,login,web
U00378,2026-06-08 09:24:00,Login,Web
U00378,2026-06-16 01:52:00,logout,
U00379,2026-02-16 16:33:00,logout,mobile
U00379,2026-02-13 11:43:00,page_view,web
U00379,2026-02-19 06:06:00,session_start,mobile
U00379,2026-02-19 07:45:00,LOGIN ,web
U00379,2026-02-16 06:31:00,Login,web
U00380,2026-06-10 12:13:00,page_view,web
U00380,2026-06-24 09:00:00,Login,Web
U00380,2026-06-12 12:52:00,Login,Web
U00380,2026-06-24 12:02:00,Login,mobile
U00380,2026-06-19 07:39:00,page_view,Web
U00380,2026-06-24 13:43:00,session_end,Web
U00380,2026-06-13 20:47:00,LOGIN ,
U00381,2026-04-01 00:26:00,logout,
U00382,2026-06-04 08:53:00,Login,
U00382,2026-06-02 19:00:00,page_view,
U00382,2026-05-29 22:49:00,session_start,mobile
U00382,2026-06-08 22:14:00,login,web
U00382,2026-05-30 05:57:00,logout,
U00382,2026-05-30 05:34:00,LOGIN ,mobile
U00383,2026-02-04 08:43:00,page_view,
U00383,2026-01-28 17:18:00,LOGIN ,Web
U00383,2026-01-25 03:25:00,logout,mobile
U00383,2026-01-25 17:54:00,session_start,mobile
U00383,2026-01-26 16:02:00,session_start,
U00383,2026-01-25 03:14:00,login,
U00383,2026-01-26 02:48:00,page_view,web
U00383,2026-01-27 13:39:00,LOGIN ,
U00384,2026-04-28 04:28:00,session_end,web
U00385,2026-02-13 16:49:00,Login,mobile
U00385,2026-02-14 10:02:00,session_end,web
U00385,2026-02-05 10:55:00,LOGIN ,mobile
U00385,2026-02-08 14:12:00,page_view,web
U00386,2026-05-22 12:09:00,LOGIN ,web
U00386,2026-05-19 05:40:00,Login,Web
U00386,2026-05-26 23:28:00,login,
U00386,2026-05-17 07:38:00,session_end,Web
U00386,2026-05-24 05:09:00,session_end,Web
U00387,2026-02-12 03:43:00,login,
U00387,2026-02-20 17:01:00,session_end,mobile
U00387,2026-02-23 10:23:00,login,mobile
U00387,2026-02-26 03:43:00,Login,web
U00388,2026-04-03 00:36:00,login,
U00388,2026-04-09 18:07:00,logout,mobile
U00388,2026-04-09 20:02:00,session_end,web
U00388,2026-03-28 20:52:00,session_start,
U00388,2026-04-01 21:39:00,session_start,
U00388,2026-04-11 23:15:00,page_view,
U00388,2026-04-06 08:22:00,page_view,
U00388,2026-04-04 04:29:00,session_end,Web
U00388,2026-03-31 04:18:00,page_view,mobile
U00388,2026-04-03 08:56:00,Login,Web
U00388,2026-04-08 00:27:00,logout,Web
U00388,2026-03-30 01:29:00,session_start,mobile
U00388,2026-04-03 04:53:00,page_view,Web
U00389,2026-01-23 12:26:00,session_start,
U00389,2026-01-31 14:28:00,session_start,
U00389,2026-01-25 10:20:00,page_view,
U00389,2026-01-22 23:33:00,Login,mobile
U00389,2026-01-23 22:12:00,session_end,mobile
U00389,2026-02-02 23:42:00,logout,Web
U00389,2026-02-03 14:35:00,logout,
U00390,2026-04-17 20:19:00,Login,
U00390,2026-04-14 15:06:00,session_end,
U00390,2026-04-16 19:26:00,login,mobile
U00391,2026-01-27 10:35:00,Login,
U00391,2026-02-07 16:27:00,Login,
U00391,2026-01-24 22:13:00,session_start,mobile
U00391,2026-01-28 23:43:00,session_end,mobile
U00391,2026-02-03 12:36:00,logout,mobile
U00391,2026-01-26 13:20:00,session_start,mobile
U00391,2026-02-06 23:08:00,logout,
U00391,2026-01-29 19:59:00,logout,web
U00391,2026-02-03 03:50:00,login,web
U00391,2026-01-24 00:58:00,logout,web
U00391,2026-01-29 02:20:00,LOGIN ,mobile
U00392,2026-03-20 04:13:00,LOGIN ,web
U00392,2026-03-14 19:58:00,LOGIN ,
U00392,2026-03-16 10:45:00,Login,Web
U00392,2026-03-13 03:51:00,session_end,mobile
U00392,2026-03-23 04:10:00,session_start,web
U00392,2026-03-17 19:26:00,Login,
U00392,2026-03-20 08:44:00,logout,mobile
U00393,2026-04-28 21:09:00,session_start,web
U00393,2026-05-09 01:08:00,session_start,
U00393,2026-05-03 15:10:00,logout,web
U00393,2026-05-06 22:52:00,LOGIN ,
U00393,2026-05-06 18:11:00,session_start,web
U00393,2026-05-04 21:36:00,LOGIN ,Web
U00393,2026-04-28 11:04:00,Login,mobile
U00393,2026-05-06 09:43:00,session_start,mobile
U00393,2026-04-28 21:12:00,page_view,Web
U00393,2026-05-01 22:50:00,logout,web
U00393,2026-05-02 19:51:00,session_start,web
U00393,2026-05-06 18:26:00,Login,Web
U00393,2026-05-10 08:12:00,session_end,Web
U00394,2026-06-07 00:31:00,LOGIN ,mobile
U00394,2026-05-30 20:15:00,page_view,Web
U00394,2026-06-03 14:27:00,LOGIN ,web
U00394,2026-06-03 23:48:00,page_view,
U00395,2026-02-07 02:21:00,session_end,web
U00395,2026-01-30 19:00:00,page_view,web
U00395,2026-02-01 12:12:00,session_start,
U00396,2026-05-07 01:44:00,page_view,Web
U00396,2026-05-12 12:21:00,LOGIN ,
U00396,2026-05-07 22:21:00,Login,Web
U00396,2026-05-12 08:35:00,Login,
U00397,2026-05-28 08:05:00,session_start,web
U00397,2026-06-05 21:58:00,LOGIN ,web
U00397,2026-05-24 04:51:00,logout,web
U00397,2026-05-27 02:11:00,LOGIN ,web
U00398,2026-06-17 18:51:00,Login,web
U00398,2026-06-28 02:00:00,page_view,web
U00398,2026-06-26 10:55:00,session_end,web
U00398,2026-06-17 18:40:00,logout,
U00398,2026-06-25 10:50:00,page_view,web
U00399,2026-05-08 03:03:00,page_view,mobile
U00399,2026-05-02 23:59:00,login,mobile
U00399,2026-04-30 22:05:00,login,
U00399,2026-05-11 21:14:00,Login,web
U00399,2026-05-10 02:24:00,LOGIN ,mobile
U00399,2026-05-06 06:45:00,session_start,mobile
U00399,2026-05-06 09:46:00,page_view,web
U00399,2026-05-06 05:32:00,login,web
U00399,2026-05-01 06:16:00,Login,mobile
U00400,2026-06-27 03:44:00,logout,web
U00400,2026-06-19 05:54:00,LOGIN ,mobile
U00400,2026-06-18 12:40:00,logout,Web
U00400,2026-06-25 13:32:00,page_view,Web
U00400,2026-06-19 13:16:00,logout,Web
U00400,2026-06-27 07:33:00,login,Web
U00401,2026-02-09 05:04:00,login,web
U00401,2026-02-12 11:57:00,page_view,web
U00401,2026-02-14 13:05:00,page_view,
U00401,2026-02-05 23:43:00,login,Web
U00401,2026-02-14 11:44:00,page_view,web
U00401,2026-02-14 08:46:00,logout,Web
U00401,2026-02-12 11:47:00,logout,
U00401,2026-02-10 15:19:00,logout,
U00401,2026-02-10 17:47:00,Login,mobile
U00401,2026-02-14 05:02:00,page_view,Web
U00401,2026-02-11 14:56:00,session_start,Web
U00401,2026-02-19 12:29:00,logout,
U00401,2026-02-12 04:09:00,page_view,
U00401,2026-02-11 00:55:00,Login,Web
U00402,2026-05-13 20:09:00,session_start,Web
U00402,2026-05-07 13:50:00,logout,mobile
U00402,2026-05-09 18:11:00,Login,web
U00402,2026-05-07 12:30:00,Login,Web
U00402,2026-05-12 06:01:00,session_start,
U00402,2026-05-09 09:53:00,logout,Web
U00402,2026-05-10 06:31:00,session_end,
U00402,2026-05-13 13:54:00,Login,
U00402,2026-05-17 01:22:00,login,web
U00402,2026-05-12 22:30:00,session_end,Web
U00403,2026-03-04 07:33:00,session_start,mobile
U00404,2026-04-16 15:00:00,LOGIN ,mobile
U00404,2026-04-15 20:19:00,page_view,
U00404,2026-04-19 03:38:00,Login,Web
U00404,2026-04-15 23:23:00,logout,mobile
U00404,2026-04-15 18:30:00,login,web
U00404,2026-04-17 11:26:00,Login,mobile
U00405,2026-05-24 22:14:00,logout,Web
U00406,2026-04-27 15:50:00,LOGIN ,Web
U00406,2026-04-26 10:44:00,Login,mobile
U00406,2026-04-22 20:36:00,Login,mobile
U00406,2026-04-30 07:31:00,session_end,
U00406,2026-05-01 00:20:00,session_end,web
U00407,2026-06-13 04:39:00,LOGIN ,web
U00407,2026-06-15 15:29:00,session_end,Web
U00407,2026-06-08 14:24:00,logout,mobile
U00407,2026-06-19 08:45:00,Login,Web
U00407,2026-06-20 01:30:00,Login,mobile
U00408,2026-01-19 00:20:00,LOGIN ,
U00408,2026-01-17 04:50:00,LOGIN ,Web
U00408,2026-01-16 10:38:00,session_end,mobile
U00408,2026-01-22 20:12:00,session_end,web
U00409,2026-04-28 23:03:00,page_view,mobile
U00409,2026-05-02 16:18:00,Login,
U00409,2026-04-30 22:52:00,logout,web
U00409,2026-04-28 08:13:00,Login,Web
U00409,2026-04-24 00:41:00,page_view,
U00409,2026-04-25 11:29:00,logout,mobile
U00409,2026-05-01 20:24:00,session_end,mobile
U00409,2026-05-03 14:48:00,LOGIN ,web
U00409,2026-05-08 08:29:00,LOGIN ,mobile
U00409,2026-05-05 19:29:00,LOGIN ,mobile
U00409,2026-05-03 04:20:00,login,web
U00410,2026-04-03 10:35:00,session_start,Web
U00410,2026-04-05 10:53:00,page_view,
U00410,2026-04-11 00:40:00,session_start,Web
U00411,2026-05-26 05:20:00,session_end,web
U00411,2026-05-30 09:20:00,session_end,web
U00411,2026-06-03 16:03:00,page_view,mobile
U00411,2026-05-27 02:59:00,login,mobile
U00411,2026-05-22 03:33:00,Login,mobile
U00411,2026-05-21 11:22:00,LOGIN ,web
U00412,2026-01-22 10:48:00,login,
U00413,2026-02-24 17:03:00,session_end,
U00413,2026-02-28 12:44:00,Login,web
U00413,2026-03-03 06:28:00,Login,web
U00413,2026-03-02 08:14:00,Login,web
U00414,2026-02-03 21:35:00,login,web
U00414,2026-02-03 22:14:00,session_start,web
U00414,2026-01-24 07:48:00,Login,mobile
U00414,2026-02-06 04:32:00,LOGIN ,Web
U00414,2026-01-30 20:42:00,session_start,web
U00414,2026-02-01 09:31:00,login,
U00415,2026-01-14 02:02:00,Login,web
U00415,2026-01-09 07:37:00,session_start,web
U00415,2026-01-11 22:05:00,session_end,Web
U00415,2026-01-14 05:25:00,Login,mobile
U00415,2026-01-14 00:58:00,page_view,Web
U00416,2026-02-06 17:23:00,session_end,
U00416,2026-02-04 06:48:00,session_end,Web
U00417,2026-01-23 06:20:00,LOGIN ,
U00417,2026-01-19 20:18:00,session_start,web
U00417,2026-01-25 19:41:00,page_view,
U00417,2026-01-21 05:07:00,login,
U00417,2026-01-30 03:47:00,logout,mobile
U00417,2026-01-21 18:47:00,page_view,Web
U00417,2026-01-31 22:43:00,Login,Web
U00417,2026-01-23 14:03:00,page_view,mobile
U00418,2026-06-09 08:13:00,session_end,web
U00418,2026-06-04 00:13:00,logout,mobile
U00418,2026-06-13 10:13:00,session_start,
U00418,2026-06-11 10:29:00,session_start,mobile
U00418,2026-06-14 15:30:00,session_end,Web
U00418,2026-06-12 21:54:00,Login,web
U00418,2026-06-09 03:56:00,login,web
U00418,2026-06-09 01:54:00,login,Web
U00418,2026-06-14 00:19:00,session_start,
U00418,2026-06-11 18:10:00,login,web
U00418,2026-06-05 06:41:00,Login,
U00419,2026-04-06 11:04:00,LOGIN ,
U00419,2026-04-05 00:19:00,logout,web
U00419,2026-04-09 03:19:00,Login,Web
U00419,2026-04-02 06:07:00,page_view,web
U00419,2026-04-09 15:11:00,login,web
U00419,2026-03-27 23:15:00,session_start,Web
U00419,2026-03-30 00:44:00,session_end,
U00420,2026-03-13 23:44:00,Login,mobile
U00420,2026-03-13 12:43:00,session_start,web
U00420,2026-03-12 15:27:00,logout,
U00420,2026-03-18 05:00:00,session_end,web
U00421,2026-03-16 02:49:00,LOGIN ,Web
U00421,2026-03-17 15:12:00,logout,Web
U00421,2026-03-06 21:17:00,logout,mobile
U00422,2026-01-10 22:28:00,logout,web
U00423,2026-04-12 01:55:00,session_end,
U00423,2026-04-10 22:31:00,logout,mobile
U00423,2026-04-13 23:03:00,LOGIN ,Web
U00423,2026-04-03 19:23:00,session_start,
U00423,2026-04-10 05:23:00,page_view,Web
U00423,2026-04-13 17:34:00,Login,Web
U00423,2026-04-13 20:22:00,session_start,mobile
U00424,2026-04-02 12:23:00,session_start,Web
U00424,2026-04-05 09:09:00,logout,
U00424,2026-04-03 17:26:00,LOGIN ,
U00424,2026-03-25 19:16:00,Login,Web
U00424,2026-04-07 11:41:00,session_start,
U00424,2026-04-05 17:55:00,page_view,mobile
U00424,2026-04-07 01:21:00,session_end,mobile
U00424,2026-04-02 10:34:00,page_view,mobile
U00424,2026-04-06 18:08:00,logout,mobile
U00424,2026-04-06 22:25:00,login,
U00424,2026-04-07 03:32:00,session_end,web
U00424,2026-04-01 03:36:00,login,Web
U00425,2026-01-28 17:42:00,Login,mobile
U00425,2026-01-24 22:50:00,LOGIN ,
U00425,2026-01-15 10:46:00,logout,Web
U00425,2026-01-22 12:33:00,page_view,
U00426,2026-05-18 18:22:00,page_view,
U00426,2026-05-26 03:14:00,page_view,
U00426,2026-05-17 22:57:00,logout,mobile
U00426,2026-05-26 00:57:00,logout,web
U00426,2026-05-22 04:58:00,login,Web
U00426,2026-05-18 12:19:00,logout,mobile
U00427,2026-01-25 20:06:00,logout,mobile
U00427,2026-01-17 00:01:00,LOGIN ,web
U00427,2026-01-20 05:52:00,logout,web
U00427,2026-01-18 08:28:00,login,
U00427,2026-01-22 21:25:00,login,Web
U00427,2026-01-22 12:23:00,Login,Web
U00427,2026-01-23 19:37:00,session_start,web
U00428,2026-05-22 15:02:00,session_start,Web
U00428,2026-05-17 00:16:00,page_view,
U00428,2026-05-25 12:48:00,session_end,web
U00428,2026-05-18 22:37:00,session_end,Web
U00428,2026-05-22 15:01:00,session_start,web
U00428,2026-05-19 02:30:00,LOGIN ,web
U00429,2026-04-27 07:46:00,logout,web
U00429,2026-05-03 12:47:00,LOGIN ,mobile
U00429,2026-05-05 15:02:00,LOGIN ,Web
U00429,2026-05-04 22:54:00,session_start,mobile
U00429,2026-05-05 13:06:00,login,mobile
U00429,2026-05-05 21:49:00,login,
U00429,2026-04-27 16:11:00,session_start,Web
U00429,2026-05-07 18:24:00,logout,web
U00429,2026-04-30 18:07:00,page_view,
U00429,2026-04-28 14:18:00,logout,mobile
U00430,2026-01-12 09:38:00,LOGIN ,
U00430,2026-01-13 21:09:00,logout,web
U00430,2026-01-15 15:31:00,Login,web
U00430,2026-01-18 23:51:00,page_view,mobile
U00430,2026-01-24 12:02:00,LOGIN ,mobile
U00431,2026-03-22 10:55:00,page_view,
U00431,2026-03-22 22:28:00,logout,web
U00431,2026-03-20 05:08:00,Login,web
U00431,2026-03-26 15:23:00,logout,
U00431,2026-03-19 22:33:00,page_view,Web
U00431,2026-03-29 17:06:00,session_start,
U00432,2026-01-08 08:27:00,session_end,
U00432,2026-01-09 02:05:00,LOGIN ,Web
U00432,2026-01-15 12:32:00,Login,mobile
U00432,2026-01-09 00:10:00,login,mobile
U00432,2026-01-18 06:28:00,page_view,Web
U00432,2026-01-16 08:30:00,login,mobile
U00432,2026-01-17 13:07:00,session_end,web
U00433,2026-04-16 06:09:00,LOGIN ,mobile
U00433,2026-04-24 22:25:00,login,Web
U00433,2026-04-13 16:50:00,login,web
U00433,2026-04-21 21:17:00,session_end,web
U00433,2026-04-17 04:20:00,Login,
U00433,2026-04-25 06:12:00,page_view,
U00433,2026-04-20 15:13:00,login,mobile
U00434,2026-05-12 17:40:00,page_view,web
U00434,2026-05-08 21:08:00,logout,mobile
U00434,2026-05-19 02:30:00,session_end,web
U00435,2026-01-28 05:15:00,page_view,
U00435,2026-02-01 20:23:00,Login,Web
U00435,2026-01-25 01:48:00,session_start,web
U00435,2026-02-01 10:49:00,session_start,web
U00435,2026-01-22 21:46:00,LOGIN ,
U00435,2026-01-26 19:53:00,logout,mobile
U00435,2026-01-30 04:30:00,session_end,
U00435,2026-01-29 20:10:00,Login,Web
U00435,2026-01-26 02:27:00,session_end,web
U00436,2026-02-13 02:35:00,login,mobile
U00436,2026-02-19 20:02:00,LOGIN ,Web
U00436,2026-02-13 08:29:00,page_view,Web
U00436,2026-02-11 17:38:00,LOGIN ,Web
U00437,2026-03-25 15:32:00,session_start,
U00437,2026-03-24 22:37:00,page_view,mobile
U00437,2026-03-19 10:05:00,page_view,
U00437,2026-03-17 17:33:00,session_end,web
U00437,2026-03-16 20:17:00,LOGIN ,Web
U00437,2026-03-21 16:14:00,LOGIN ,Web
U00437,2026-03-26 07:36:00,Login,Web
U00437,2026-03-16 06:52:00,LOGIN ,
U00437,2026-03-16 08:38:00,session_start,mobile
U00437,2026-03-24 19:56:00,logout,mobile
U00438,2026-06-11 22:18:00,Login,Web
U00438,2026-06-10 17:35:00,LOGIN ,mobile
U00438,2026-06-11 14:37:00,session_end,mobile
U00439,2026-03-26 23:46:00,LOGIN ,mobile
U00439,2026-03-28 19:50:00,page_view,Web
U00439,2026-03-27 20:51:00,session_start,Web
U00439,2026-03-28 12:30:00,page_view,Web
U00439,2026-04-08 18:29:00,session_end,Web
U00439,2026-03-27 08:38:00,login,Web
U00440,2026-05-17 12:52:00,session_end,
U00440,2026-05-16 02:12:00,logout,Web
U00440,2026-05-30 15:29:00,session_end,Web
U00440,2026-05-24 18:26:00,Login,Web
U00440,2026-05-16 13:40:00,session_start,web
U00440,2026-05-23 13:24:00,LOGIN ,web
U00440,2026-05-18 05:07:00,LOGIN ,web
U00440,2026-05-16 02:17:00,login,Web
U00441,2026-06-06 03:59:00,page_view,
U00442,2026-02-02 01:57:00,page_view,web
U00442,2026-01-30 03:21:00,session_end,Web
U00442,2026-02-03 13:15:00,Login,mobile
U00443,2026-05-31 19:36:00,logout,Web
U00443,2026-06-05 17:22:00,logout,mobile
U00443,2026-05-24 00:35:00,session_end,Web
U00443,2026-06-03 07:10:00,logout,
U00443,2026-05-25 17:39:00,login,mobile
U00443,2026-05-23 18:47:00,session_end,Web
U00443,2026-06-03 15:07:00,login,mobile
U00443,2026-06-04 13:14:00,Login,
U00443,2026-05-31 05:57:00,Login,mobile
U00443,2026-05-26 03:00:00,Login,Web
U00443,2026-05-28 18:55:00,session_end,
U00443,2026-05-29 06:14:00,login,web
U00444,2026-05-02 22:28:00,session_start,mobile
U00444,2026-05-07 12:54:00,session_end,
U00444,2026-04-26 17:48:00,LOGIN ,mobile
U00444,2026-05-10 21:31:00,session_start,Web
U00444,2026-05-01 00:31:00,session_end,
U00444,2026-05-09 14:38:00,Login,Web
U00444,2026-04-28 22:04:00,session_end,
U00445,2026-03-30 12:13:00,Login,Web
U00445,2026-04-02 12:17:00,Login,Web
U00445,2026-04-11 07:24:00,session_end,
U00445,2026-03-28 21:59:00,session_end,mobile
U00445,2026-04-07 22:04:00,session_start,web
U00446,2026-04-23 18:22:00,LOGIN ,
U00446,2026-04-17 15:27:00,page_view,
U00446,2026-05-01 13:05:00,session_start,Web
U00446,2026-04-22 07:17:00,LOGIN ,Web
U00446,2026-04-24 05:10:00,Login,mobile
U00446,2026-04-30 01:24:00,LOGIN ,web
U00446,2026-04-29 07:05:00,page_view,mobile
U00446,2026-04-18 19:44:00,session_end,web
U00446,2026-04-21 02:33:00,LOGIN ,
U00446,2026-04-19 09:09:00,logout,
U00447,2026-03-26 05:14:00,session_start,Web
U00447,2026-03-24 16:04:00,Login,web
U00447,2026-03-31 01:36:00,page_view,mobile
U00447,2026-03-26 17:30:00,session_start,mobile
U00447,2026-03-25 00:51:00,Login,web
U00448,2026-03-08 03:17:00,logout,mobile
U00448,2026-03-15 03:49:00,session_start,Web
U00448,2026-03-18 05:09:00,session_end,mobile
U00448,2026-03-10 00:20:00,logout,mobile
U00448,2026-03-19 08:32:00,logout,web
U00448,2026-03-15 16:57:00,login,
U00448,2026-03-09 05:03:00,session_start,mobile
U00448,2026-03-20 04:15:00,logout,Web
U00448,2026-03-16 08:29:00,Login,
U00449,2026-05-04 22:07:00,page_view,mobile
U00449,2026-05-04 20:38:00,logout,web
U00449,2026-05-03 12:08:00,login,Web
U00449,2026-05-09 16:51:00,session_start,
U00450,2026-02-01 17:46:00,session_start,
U00450,2026-02-03 16:22:00,logout,
U00450,2026-02-05 08:33:00,session_start,mobile
U00450,2026-02-01 15:08:00,logout,web
U00450,2026-01-27 02:38:00,LOGIN ,Web
U00451,2026-04-07 19:57:00,session_start,
U00451,2026-04-12 09:23:00,login,Web
U00451,2026-04-13 06:48:00,login,mobile
U00451,2026-04-12 20:48:00,Login,
U00452,2026-01-29 18:50:00,logout,mobile
U00452,2026-01-26 09:25:00,Login,mobile
U00452,2026-01-16 07:57:00,session_start,Web
U00452,2026-01-23 12:29:00,page_view,
U00452,2026-01-21 06:29:00,Login,
U00452,2026-01-16 07:09:00,page_view,web
U00453,2026-03-30 11:03:00,LOGIN ,
U00453,2026-04-09 12:56:00,page_view,
U00453,2026-03-27 19:18:00,LOGIN ,
U00453,2026-03-26 15:04:00,LOGIN ,Web
U00453,2026-03-29 09:59:00,session_end,mobile
U00453,2026-03-26 03:09:00,page_view,Web
U00453,2026-03-26 00:32:00,Login,Web
U00454,2026-04-16 14:25:00,LOGIN ,
U00454,2026-04-21 19:20:00,LOGIN ,Web
U00454,2026-04-16 16:37:00,login,
U00455,2026-01-26 15:27:00,logout,web
U00455,2026-01-24 17:46:00,page_view,web
U00455,2026-01-16 12:21:00,page_view,
U00455,2026-01-25 23:40:00,LOGIN ,mobile
U00455,2026-01-16 06:05:00,session_end,
U00455,2026-01-18 12:14:00,login,web
U00455,2026-01-18 00:08:00,Login,
U00456,2026-04-10 06:26:00,logout,mobile
U00456,2026-04-07 17:36:00,LOGIN ,mobile
U00456,2026-04-01 02:10:00,logout,web
U00456,2026-04-05 23:30:00,logout,web
U00456,2026-04-04 14:58:00,Login,
U00456,2026-04-02 02:42:00,session_start,Web
U00457,2026-05-19 23:23:00,logout,
U00457,2026-05-14 18:35:00,session_end,Web
U00457,2026-05-20 21:20:00,session_end,mobile
U00457,2026-05-20 21:53:00,page_view,Web
U00458,2026-05-16 19:49:00,Login,mobile
U00458,2026-05-17 00:27:00,session_start,Web
U00458,2026-05-09 16:19:00,session_start,
U00458,2026-05-04 18:19:00,logout,Web
U00459,2026-04-01 04:35:00,Login,mobile
U00459,2026-04-14 07:29:00,Login,web
U00459,2026-04-11 17:32:00,LOGIN ,
U00459,2026-04-11 12:26:00,session_end,Web
U00460,2026-03-17 02:15:00,Login,
U00460,2026-03-27 21:04:00,logout,Web
U00461,2026-05-04 01:27:00,session_start,
U00461,2026-04-22 13:30:00,login,Web
U00461,2026-04-25 03:19:00,Login,
U00461,2026-05-04 15:59:00,session_start,mobile
U00461,2026-04-26 13:54:00,Login,Web
U00461,2026-04-23 19:51:00,Login,Web
U00461,2026-04-22 19:20:00,session_end,
U00461,2026-05-03 02:06:00,login,web
U00461,2026-05-02 23:00:00,Login,
U00462,2026-06-21 02:59:00,logout,mobile
U00462,2026-06-14 00:30:00,Login,web
U00462,2026-06-16 09:53:00,LOGIN ,Web
U00462,2026-06-24 18:05:00,login,mobile
U00462,2026-06-28 09:21:00,login,web
U00462,2026-06-23 02:02:00,session_end,web
U00462,2026-06-27 06:50:00,Login,
U00462,2026-06-27 15:06:00,LOGIN ,Web
U00462,2026-06-23 16:04:00,logout,Web
U00462,2026-06-16 02:29:00,session_end,Web
U00463,2026-03-12 20:49:00,page_view,web
U00463,2026-03-17 19:14:00,page_view,Web
U00463,2026-03-10 12:54:00,LOGIN ,mobile
U00464,2026-04-01 15:51:00,session_start,Web
U00464,2026-03-29 09:18:00,page_view,
U00464,2026-03-27 07:50:00,logout,Web
U00464,2026-03-31 10:13:00,Login,
U00464,2026-03-23 22:09:00,login,web
U00464,2026-03-21 18:56:00,login,mobile
U00464,2026-03-22 14:08:00,Login,web
U00464,2026-03-25 10:44:00,LOGIN ,mobile
U00464,2026-04-01 15:27:00,session_start,web
U00464,2026-04-04 20:42:00,page_view,Web
U00465,2026-03-02 22:13:00,session_start,web
U00465,2026-02-21 05:25:00,Login,Web
U00465,2026-02-17 01:02:00,logout,Web
U00465,2026-02-22 05:52:00,session_start,
U00465,2026-02-26 12:50:00,page_view,Web
U00465,2026-02-23 04:52:00,LOGIN ,
U00465,2026-02-26 10:58:00,logout,mobile
U00465,2026-02-16 05:16:00,session_start,web
U00466,2026-01-25 10:09:00,login,mobile
U00466,2026-01-21 16:38:00,session_start,Web
U00466,2026-02-01 06:46:00,Login,
U00466,2026-01-18 00:40:00,LOGIN ,Web
U00466,2026-01-30 19:23:00,LOGIN ,web
U00467,2026-06-13 15:49:00,logout,mobile
U00467,2026-06-15 04:21:00,page_view,Web
U00467,2026-06-20 12:56:00,session_end,mobile
U00467,2026-06-18 23:51:00,login,
U00467,2026-06-23 18:35:00,LOGIN ,
U00467,2026-06-12 09:21:00,login,
U00467,2026-06-21 20:50:00,login,
U00468,2026-03-10 13:59:00,session_start,mobile
U00468,2026-03-11 10:53:00,session_end,mobile
U00468,2026-03-04 08:19:00,page_view,web
U00468,2026-03-10 07:42:00,session_end,Web
U00468,2026-03-03 08:00:00,session_end,mobile
U00468,2026-02-25 07:52:00,session_start,mobile
U00468,2026-03-03 00:27:00,login,web
U00469,2026-05-09 08:34:00,logout,
U00469,2026-04-27 16:55:00,page_view,Web
U00469,2026-05-09 19:42:00,login,
U00469,2026-05-06 06:34:00,page_view,Web
U00469,2026-05-09 03:54:00,Login,
U00470,2026-04-13 23:21:00,Login,mobile
U00470,2026-04-05 21:27:00,login,Web
U00470,2026-04-15 07:30:00,login,web
U00470,2026-04-07 23:46:00,LOGIN ,mobile
U00471,2026-04-04 09:42:00,LOGIN ,
U00471,2026-03-27 13:13:00,page_view,mobile
U00471,2026-03-30 03:48:00,LOGIN ,Web
U00471,2026-04-02 22:35:00,page_view,web
U00471,2026-03-26 04:55:00,login,web
U00471,2026-03-28 02:49:00,logout,Web
U00471,2026-03-27 03:48:00,session_start,Web
U00471,2026-03-26 16:49:00,logout,
U00471,2026-04-02 03:30:00,page_view,Web
U00472,2026-02-03 02:22:00,logout,web
U00472,2026-01-27 05:24:00,logout,mobile
U00472,2026-01-30 08:46:00,login,web
U00472,2026-01-23 05:09:00,LOGIN ,mobile
U00472,2026-01-30 22:34:00,Login,
U00473,2026-06-22 20:22:00,login,Web
U00473,2026-06-21 12:50:00,logout,
U00473,2026-06-09 16:49:00,logout,
U00473,2026-06-11 05:12:00,session_end,
U00473,2026-06-20 18:47:00,page_view,web
U00474,2026-03-22 07:53:00,page_view,
U00474,2026-03-19 14:24:00,LOGIN ,Web
U00475,2026-04-22 01:02:00,session_start,mobile
U00475,2026-04-19 18:22:00,login,Web
U00475,2026-04-29 10:26:00,page_view,web
U00475,2026-04-24 14:05:00,Login,web
U00475,2026-04-28 16:35:00,logout,web
U00476,2026-05-03 04:30:00,session_start,Web
U00476,2026-04-25 19:51:00,login,Web
U00476,2026-04-27 09:34:00,logout,
U00476,2026-04-28 01:54:00,login,web
U00476,2026-04-28 21:08:00,page_view,Web
U00476,2026-05-07 12:09:00,LOGIN ,Web
U00476,2026-05-07 13:04:00,session_end,Web
U00476,2026-04-25 15:19:00,page_view,Web
U00476,2026-04-30 00:01:00,LOGIN ,Web
U00476,2026-04-26 22:05:00,logout,mobile
U00476,2026-05-08 16:38:00,session_end,web
U00476,2026-04-29 03:06:00,LOGIN ,Web
U00476,2026-04-29 03:11:00,session_end,mobile
U00476,2026-05-03 02:14:00,login,Web
U00477,2026-05-16 17:48:00,session_end,web
U00477,2026-05-24 22:35:00,session_end,Web
U00478,2026-02-12 17:42:00,LOGIN ,web
U00479,2026-06-15 12:48:00,login,Web
U00479,2026-06-15 13:05:00,page_view,Web
U00479,2026-06-05 23:03:00,Login,web
U00480,2026-03-21 18:00:00,login,
U00480,2026-03-20 15:51:00,LOGIN ,
U00480,2026-03-28 03:16:00,Login,mobile
U00480,2026-03-21 10:10:00,Login,web
U00480,2026-03-30 00:30:00,Login,mobile
U00480,2026-03-22 23:52:00,logout,mobile
U00481,2026-04-18 00:43:00,session_end,Web
U00481,2026-04-21 23:49:00,logout,mobile
U00481,2026-04-19 17:15:00,login,
U00481,2026-04-15 19:42:00,session_start,mobile
U00482,2026-01-15 16:18:00,LOGIN ,mobile
U00482,2026-01-08 18:26:00,session_end,Web
U00482,2026-01-06 07:39:00,logout,web
U00482,2026-01-13 13:16:00,page_view,
U00482,2026-01-02 03:25:00,session_end,mobile
U00483,2026-02-16 08:44:00,Login,mobile
U00483,2026-02-18 20:37:00,login,mobile
U00483,2026-02-07 22:02:00,Login,mobile
U00483,2026-02-16 01:46:00,login,
U00483,2026-02-07 06:17:00,login,web
U00483,2026-02-15 06:45:00,login,web
U00483,2026-02-11 03:21:00,Login,
U00484,2026-02-02 04:46:00,page_view,web
U00484,2026-02-13 11:20:00,session_start,
U00484,2026-02-10 16:43:00,LOGIN ,
U00484,2026-02-10 06:54:00,page_view,mobile
U00484,2026-02-03 12:22:00,Login,mobile
U00484,2026-02-07 15:17:00,session_start,web
U00484,2026-02-04 00:27:00,session_start,mobile
U00484,2026-01-31 01:47:00,session_start,Web
U00484,2026-02-03 13:07:00,LOGIN ,mobile
U00484,2026-02-04 08:11:00,session_start,web
U00484,2026-02-07 16:04:00,session_end,
U00484,2026-02-05 09:41:00,Login,
U00485,2026-02-17 22:55:00,LOGIN ,
U00485,2026-02-20 08:10:00,session_start,mobile
U00485,2026-02-21 04:01:00,logout,mobile
U00485,2026-02-24 15:24:00,Login,mobile
U00485,2026-02-15 08:46:00,LOGIN ,Web
U00485,2026-02-25 03:17:00,logout,Web
U00486,2026-05-28 12:01:00,login,web
U00486,2026-05-20 09:16:00,logout,mobile
U00486,2026-05-29 21:59:00,session_end,mobile
U00486,2026-05-27 15:33:00,login,mobile
U00486,2026-05-17 10:49:00,page_view,
U00486,2026-05-26 10:00:00,session_start,mobile
U00487,2026-05-11 03:46:00,LOGIN ,
U00487,2026-05-13 22:51:00,LOGIN ,mobile
U00487,2026-05-19 12:42:00,logout,Web
U00488,2026-04-02 12:30:00,session_end,mobile
U00488,2026-04-15 07:20:00,login,Web
U00488,2026-04-06 15:48:00,Login,Web
U00488,2026-04-08 07:27:00,session_end,web
U00488,2026-04-12 02:06:00,session_end,mobile
U00488,2026-04-04 13:55:00,login,mobile
U00488,2026-04-08 13:34:00,page_view,web
U00489,2026-04-23 21:35:00,session_start,mobile
U00489,2026-04-25 23:13:00,Login,Web
U00489,2026-04-23 01:16:00,login,
U00489,2026-04-23 08:41:00,session_end,
U00489,2026-05-06 06:05:00,LOGIN ,mobile
U00489,2026-05-01 03:05:00,logout,Web
U00489,2026-05-04 19:34:00,page_view,mobile
U00490,2026-01-20 15:44:00,LOGIN ,mobile
U00490,2026-01-30 22:46:00,login,
U00490,2026-02-02 06:50:00,session_start,Web
U00490,2026-01-21 02:32:00,session_end,mobile
U00490,2026-02-03 18:17:00,login,
U00490,2026-01-31 11:59:00,LOGIN ,
U00490,2026-01-28 22:10:00,login,web
U00490,2026-01-30 18:01:00,page_view,Web
U00491,2026-04-23 05:52:00,Login,mobile
U00491,2026-05-01 01:46:00,Login,mobile
U00491,2026-05-03 06:12:00,Login,Web
U00491,2026-04-27 01:42:00,session_start,mobile
U00491,2026-04-29 04:02:00,login,mobile
U00491,2026-04-25 20:48:00,logout,Web
U00491,2026-05-03 21:27:00,Login,web
U00491,2026-05-03 05:30:00,session_start,web
U00491,2026-04-22 11:02:00,session_end,mobile
U00492,2026-06-23 13:06:00,login,mobile
U00492,2026-06-16 02:09:00,session_start,web
U00492,2026-06-19 07:44:00,logout,mobile
U00493,2026-04-18 22:33:00,page_view,Web
U00493,2026-04-28 14:10:00,logout,mobile
U00493,2026-04-21 13:11:00,session_end,
U00493,2026-04-18 10:16:00,session_end,mobile
U00493,2026-04-28 23:51:00,logout,web
U00493,2026-04-17 12:18:00,session_start,
U00493,2026-04-28 02:55:00,session_end,web
U00494,2026-02-25 22:08:00,login,mobile
U00494,2026-02-24 22:34:00,logout,web
U00494,2026-02-21 15:25:00,page_view,mobile
U00494,2026-02-13 16:11:00,session_end,mobile
U00494,2026-02-25 04:15:00,login,web
U00494,2026-02-16 17:35:00,login,Web
U00494,2026-02-21 17:05:00,LOGIN ,Web
U00494,2026-02-18 17:08:00,logout,mobile
U00494,2026-02-13 13:31:00,logout,mobile
U00494,2026-02-15 07:44:00,page_view,web
U00495,2026-04-11 04:39:00,session_start,web
U00495,2026-04-09 23:40:00,session_end,web
U00495,2026-04-14 10:29:00,Login,Web
U00495,2026-04-16 10:01:00,login,web
U00495,2026-04-15 00:49:00,page_view,web
U00495,2026-04-16 23:01:00,login,Web
U00495,2026-04-05 23:51:00,page_view,web
U00495,2026-04-04 22:12:00,session_start,web
U00495,2026-04-10 17:41:00,LOGIN ,web
U00495,2026-04-15 20:47:00,session_end,web
U00496,2026-02-08 04:22:00,LOGIN ,
U00496,2026-02-07 03:50:00,session_end,Web
U00496,2026-02-09 09:16:00,Login,web
U00496,2026-02-05 04:38:00,page_view,
U00496,2026-02-01 15:33:00,logout,web
U00496,2026-01-30 05:52:00,logout,Web
U00496,2026-02-05 19:50:00,login,Web
U00496,2026-02-03 15:02:00,session_end,
U00497,2026-06-07 00:02:00,session_end,web
U00497,2026-05-31 21:16:00,Login,
U00497,2026-06-05 20:21:00,login,Web
U00497,2026-06-11 16:17:00,session_end,mobile
U00497,2026-06-06 12:36:00,login,mobile
U00497,2026-06-06 04:51:00,LOGIN ,mobile
U00497,2026-06-05 11:42:00,login,Web
U00497,2026-06-04 05:50:00,session_end,
U00497,2026-06-11 01:35:00,page_view,web
U00497,2026-06-10 15:03:00,session_start,mobile
U00498,2026-01-24 13:38:00,logout,
U00498,2026-01-30 11:50:00,login,mobile
U00498,2026-01-23 02:03:00,LOGIN ,web
U00498,2026-02-04 03:55:00,session_start,Web
U00498,2026-02-03 16:07:00,session_end,web
U00498,2026-01-25 20:46:00,LOGIN ,mobile
U00498,2026-01-29 15:31:00,Login,mobile
U00498,2026-01-27 22:48:00,Login,web
U00499,2026-04-03 08:15:00,Login,web
U00499,2026-03-30 22:25:00,session_end,Web
U00499,2026-04-08 05:33:00,session_end,Web
U00499,2026-04-03 09:10:00,login,mobile
U00499,2026-04-11 13:48:00,page_view,mobile
U00499,2026-04-02 23:46:00,logout,
U00499,2026-03-31 03:19:00,logout,Web
U00499,2026-03-29 14:55:00,login,
U00499,2026-04-01 20:24:00,Login,Web
U00500,2026-02-01 11:48:00,LOGIN ,web
U00500,2026-01-22 12:50:00,Login,Web
U00500,2026-01-25 17:43:00,Login,Web
U00500,2026-01-23 23:01:00,page_view,web
U00500,2026-01-27 12:19:00,session_start,Web
U00500,2026-02-02 09:32:00,session_end,web
U00500,2026-02-01 07:46:00,login,Web
U00500,2026-01-23 17:44:00,session_end,mobile
U00500,2026-02-02 08:21:00,page_view,mobile
U00500,2026-01-27 19:53:00,page_view,web
U00500,2026-01-30 22:21:00,login,Web
U00500,2026-01-30 20:03:00,logout,Web
U00501,2026-02-02 06:58:00,Login,mobile
U00501,2026-02-11 11:12:00,logout,Web
U00501,2026-02-08 10:56:00,page_view,web
U00501,2026-02-05 23:14:00,logout,mobile
U00501,2026-02-11 03:05:00,login,
U00501,2026-02-07 14:46:00,logout,web
U00501,2026-02-07 01:38:00,Login,mobile
U00502,2026-04-09 02:40:00,page_view,mobile
U00502,2026-04-07 06:08:00,session_start,Web
U00502,2026-04-03 01:56:00,session_start,web
U00503,2026-06-26 02:05:00,logout,
U00503,2026-06-27 10:24:00,login,
U00503,2026-06-23 13:49:00,session_end,web
U00503,2026-06-15 05:13:00,logout,web
U00504,2026-02-19 00:37:00,login,Web
U00504,2026-02-19 13:07:00,session_end,mobile
U00504,2026-02-20 19:33:00,login,mobile
U00504,2026-02-18 12:21:00,session_start,
U00505,2026-06-08 23:18:00,logout,web
U00505,2026-06-15 13:58:00,login,mobile
U00505,2026-06-10 11:39:00,logout,Web
U00505,2026-06-06 01:04:00,LOGIN ,web
U00505,2026-06-16 03:55:00,session_end,Web
U00505,2026-06-05 17:18:00,Login,mobile
U00505,2026-06-10 16:30:00,LOGIN ,web
U00506,2026-02-24 04:48:00,session_start,mobile
U00506,2026-02-17 23:10:00,Login,mobile
U00506,2026-02-16 07:28:00,LOGIN ,Web
U00506,2026-02-20 13:04:00,login,Web
U00506,2026-03-01 01:44:00,page_view,Web
U00506,2026-02-17 16:34:00,session_start,web
U00507,2026-05-12 11:40:00,login,Web
U00507,2026-05-02 15:59:00,session_start,
U00507,2026-05-05 23:02:00,session_end,web
U00507,2026-04-30 23:08:00,session_start,web
U00508,2026-04-25 06:55:00,login,mobile
U00508,2026-04-30 12:25:00,session_end,web
U00508,2026-05-08 00:24:00,Login,
U00508,2026-04-26 10:47:00,Login,web
U00508,2026-04-27 06:16:00,LOGIN ,Web
U00508,2026-04-25 13:32:00,session_end,mobile
U00509,2026-06-20 18:06:00,session_start,
U00509,2026-06-20 17:41:00,Login,mobile
U00509,2026-06-22 08:18:00,page_view,web
U00509,2026-06-15 07:19:00,session_end,web
U00509,2026-06-26 16:28:00,logout,mobile
U00509,2026-06-19 09:15:00,session_start,mobile
U00509,2026-06-20 01:13:00,Login,Web
U00510,2026-06-19 23:07:00,login,web
U00510,2026-06-20 11:28:00,page_view,web
U00510,2026-06-19 01:32:00,LOGIN ,web
U00510,2026-06-22 09:18:00,session_end,mobile
U00510,2026-06-24 00:45:00,session_start,Web
U00510,2026-06-19 05:25:00,logout,
U00510,2026-06-22 19:36:00,logout,
U00510,2026-06-23 21:18:00,logout,
U00510,2026-06-11 16:18:00,Login,Web
U00510,2026-06-19 12:40:00,session_end,mobile
U00511,2026-04-25 10:36:00,login,Web
U00511,2026-04-23 16:56:00,LOGIN ,mobile
U00511,2026-04-25 06:06:00,Login,mobile
U00511,2026-04-27 04:49:00,session_start,
U00511,2026-05-02 17:03:00,session_start,web
U00511,2026-05-01 15:09:00,session_start,web
U00511,2026-04-30 13:57:00,login,
U00511,2026-04-25 23:13:00,LOGIN ,mobile
U00511,2026-05-01 19:14:00,LOGIN ,Web
U00511,2026-05-03 07:57:00,session_end,mobile
U00511,2026-05-03 17:48:00,login,Web
U00511,2026-05-06 00:57:00,LOGIN ,
U00512,2026-06-25 21:07:00,Login,
U00512,2026-06-16 00:35:00,logout,mobile
U00512,2026-06-17 18:48:00,LOGIN ,mobile
U00512,2026-06-17 21:17:00,login,
U00513,2026-01-24 12:22:00,session_start,web
U00513,2026-01-29 06:00:00,session_end,
U00513,2026-01-27 13:06:00,page_view,mobile
U00513,2026-01-27 06:51:00,session_end,Web
U00513,2026-01-24 10:59:00,logout,web
U00514,2026-01-23 06:49:00,LOGIN ,
U00514,2026-01-27 04:15:00,session_end,Web
U00514,2026-02-01 16:17:00,page_view,web
U00514,2026-02-01 00:53:00,Login,
U00514,2026-01-31 07:00:00,login,
U00515,2026-01-19 12:58:00,session_start,web
U00515,2026-01-10 03:53:00,logout,
U00515,2026-01-18 06:04:00,login,mobile
U00515,2026-01-23 19:21:00,logout,web
U00515,2026-01-10 02:24:00,session_end,web
U00515,2026-01-19 20:17:00,login,Web
U00515,2026-01-20 19:04:00,logout,Web
U00516,2026-03-15 14:26:00,logout,mobile
U00516,2026-03-28 20:33:00,Login,
U00517,2026-02-03 13:40:00,Login,web
U00517,2026-02-04 11:14:00,page_view,Web
U00517,2026-01-28 00:57:00,session_start,
U00517,2026-01-31 19:18:00,session_start,mobile
U00517,2026-01-24 22:28:00,Login,
U00517,2026-02-05 13:42:00,Login,mobile
U00518,2026-04-14 00:35:00,logout,web
U00518,2026-04-20 15:46:00,page_view,
U00518,2026-04-23 12:59:00,login,mobile
U00518,2026-04-18 22:59:00,session_end,web
U00518,2026-04-21 08:01:00,session_start,Web
U00518,2026-04-10 06:12:00,Login,
U00518,2026-04-12 02:59:00,Login,Web
U00519,2026-01-16 22:59:00,Login,mobile
U00519,2026-01-16 12:06:00,session_start,web
U00519,2026-01-18 00:13:00,logout,mobile
U00519,2026-01-21 03:05:00,session_end,mobile
U00519,2026-01-11 12:07:00,Login,
U00519,2026-01-14 16:42:00,LOGIN ,mobile
U00519,2026-01-18 15:34:00,session_end,Web
U00519,2026-01-17 03:12:00,Login,
U00519,2026-01-12 21:34:00,LOGIN ,Web
U00520,2026-06-20 18:03:00,page_view,mobile
U00520,2026-06-29 18:20:00,login,mobile
U00520,2026-06-29 12:18:00,session_end,web
U00520,2026-06-29 03:27:00,LOGIN ,Web
U00520,2026-06-16 07:28:00,Login,Web
U00521,2026-06-17 03:25:00,session_start,web
U00521,2026-06-18 04:57:00,session_start,
U00521,2026-06-14 16:10:00,Login,web
U00522,2026-02-08 05:40:00,login,
U00522,2026-02-22 18:34:00,logout,mobile
U00522,2026-02-09 20:12:00,LOGIN ,
U00522,2026-02-10 18:34:00,LOGIN ,
U00522,2026-02-20 23:43:00,session_end,
U00522,2026-02-11 13:55:00,logout,mobile
U00523,2026-04-11 17:15:00,login,mobile
U00523,2026-04-06 21:20:00,session_start,web
U00523,2026-04-03 07:36:00,logout,
U00523,2026-04-09 00:31:00,logout,
U00523,2026-04-04 21:59:00,login,
U00524,2026-05-17 22:03:00,session_start,
U00524,2026-05-13 12:33:00,logout,mobile
U00524,2026-05-23 00:23:00,logout,web
U00524,2026-05-16 17:09:00,login,mobile
U00524,2026-05-12 07:40:00,LOGIN ,Web
U00524,2026-05-20 05:05:00,session_start,Web
U00524,2026-05-10 10:34:00,session_start,web
U00525,2026-01-21 08:25:00,session_end,mobile
U00525,2026-01-22 02:33:00,page_view,mobile
U00526,2026-04-24 18:08:00,LOGIN ,
U00526,2026-04-30 19:02:00,session_end,Web
U00526,2026-04-26 13:39:00,session_end,Web
U00526,2026-05-05 17:55:00,login,mobile
U00526,2026-04-25 01:54:00,LOGIN ,web
U00527,2026-05-23 22:46:00,Login,
U00527,2026-05-25 19:45:00,page_view,Web
U00527,2026-05-22 09:41:00,Login,Web
U00527,2026-05-28 19:21:00,logout,web
U00527,2026-05-24 02:18:00,LOGIN ,
U00527,2026-05-24 17:32:00,session_start,web
U00527,2026-05-25 20:28:00,login,Web
U00527,2026-05-28 05:15:00,session_end,
U00527,2026-05-21 12:30:00,Login,mobile
U00527,2026-05-14 19:28:00,LOGIN ,
U00528,2026-04-18 02:39:00,login,
U00528,2026-04-13 19:34:00,session_start,
U00529,2026-04-23 04:54:00,session_end,
U00529,2026-04-23 15:45:00,logout,mobile
U00529,2026-04-28 04:20:00,session_end,mobile
U00529,2026-04-22 23:02:00,logout,Web
U00529,2026-04-25 16:00:00,session_start,mobile
U00529,2026-04-25 20:50:00,Login,Web
U00529,2026-04-15 22:17:00,login,Web
U00529,2026-04-27 12:24:00,page_view,Web
U00529,2026-04-25 14:36:00,login,web
U00529,2026-04-25 03:10:00,LOGIN ,mobile
U00529,2026-04-27 23:21:00,logout,Web
U00529,2026-04-19 08:11:00,session_end,
U00529,2026-04-22 18:25:00,Login,mobile
U00529,2026-04-20 19:18:00,Login,mobile
U00529,2026-04-25 04:43:00,session_end,Web
U00530,2026-06-15 12:53:00,logout,mobile
U00530,2026-06-16 06:34:00,session_end,web
U00530,2026-06-08 12:10:00,LOGIN ,web
U00530,2026-06-13 21:58:00,LOGIN ,mobile
U00530,2026-06-11 10:46:00,session_start,mobile
U00530,2026-06-17 10:24:00,Login,mobile
U00531,2026-06-21 18:14:00,logout,mobile
U00531,2026-06-20 16:38:00,logout,Web
U00531,2026-06-16 07:55:00,session_end,web
U00532,2026-04-03 22:25:00,LOGIN ,Web
U00532,2026-03-26 20:31:00,session_end,Web
U00532,2026-04-01 17:20:00,login,Web
U00532,2026-04-07 15:49:00,page_view,Web
U00532,2026-04-08 08:14:00,login,mobile
U00532,2026-03-30 20:39:00,login,web
U00532,2026-04-09 03:58:00,session_start,
U00533,2026-04-11 01:12:00,session_end,Web
U00533,2026-04-18 07:17:00,logout,web
U00533,2026-04-10 11:13:00,session_start,Web
U00533,2026-04-10 10:18:00,session_start,web
U00533,2026-04-14 10:12:00,login,mobile
U00533,2026-04-20 05:23:00,session_end,mobile
U00533,2026-04-22 13:30:00,page_view,web
U00534,2026-06-07 13:28:00,logout,Web
U00534,2026-06-04 00:39:00,LOGIN ,mobile
U00534,2026-06-15 20:51:00,login,Web
U00534,2026-06-16 02:02:00,logout,Web
U00534,2026-06-06 14:24:00,session_end,web
U00534,2026-06-15 18:33:00,session_start,web
U00534,2026-06-13 23:53:00,Login,
U00535,2026-01-21 08:23:00,Login,mobile
U00535,2026-02-03 16:33:00,session_end,Web
U00535,2026-01-27 05:56:00,Login,Web
U00535,2026-01-29 13:26:00,login,Web
U00536,2026-04-13 18:32:00,session_start,
U00537,2026-04-19 14:17:00,LOGIN ,mobile
U00537,2026-04-13 15:45:00,LOGIN ,Web
U00538,2026-02-02 21:17:00,session_end,Web
U00539,2026-04-18 18:27:00,LOGIN ,Web
U00539,2026-04-19 22:53:00,session_end,Web
U00539,2026-04-09 16:08:00,LOGIN ,web
U00539,2026-04-08 22:27:00,LOGIN ,web
U00539,2026-04-09 00:56:00,login,web
U00540,2026-05-17 09:23:00,page_view,mobile
U00540,2026-05-24 20:56:00,Login,web
U00540,2026-05-18 04:41:00,logout,web
U00540,2026-05-27 10:55:00,LOGIN ,web
U00540,2026-05-18 00:20:00,LOGIN ,
U00541,2026-05-11 16:13:00,page_view,
U00541,2026-05-19 23:11:00,page_view,web
U00541,2026-05-15 09:18:00,logout,
U00541,2026-05-17 18:39:00,page_view,
U00541,2026-05-13 15:54:00,page_view,mobile
U00541,2026-05-17 14:57:00,page_view,
U00541,2026-05-22 09:41:00,session_start,mobile
U00542,2026-04-14 00:08:00,LOGIN ,mobile
U00542,2026-04-17 11:18:00,Login,web
U00542,2026-04-11 06:51:00,logout,mobile
U00542,2026-04-14 17:51:00,logout,web
U00542,2026-04-14 04:12:00,logout,web
U00543,2026-03-31 06:38:00,Login,web
U00543,2026-04-08 09:39:00,login,web
U00543,2026-04-04 23:00:00,login,mobile
U00544,2026-03-05 08:31:00,Login,mobile
U00544,2026-03-10 17:29:00,LOGIN ,web
U00544,2026-03-07 05:49:00,session_start,
U00544,2026-03-07 22:05:00,page_view,
U00545,2026-01-22 05:57:00,LOGIN ,
U00545,2026-01-27 10:16:00,page_view,Web
U00545,2026-01-28 20:17:00,session_start,mobile
U00545,2026-01-26 04:55:00,session_end,web
U00545,2026-01-25 04:39:00,login,
U00545,2026-01-26 21:35:00,Login,web
U00545,2026-01-26 01:35:00,logout,mobile
U00546,2026-05-21 14:07:00,page_view,
U00546,2026-05-12 02:29:00,page_view,mobile
U00546,2026-05-13 14:50:00,page_view,mobile
U00546,2026-05-24 18:41:00,session_end,mobile
U00546,2026-05-23 00:20:00,Login,mobile
U00546,2026-05-12 18:36:00,session_end,mobile
U00547,2026-01-21 13:56:00,Login,web
U00547,2026-01-21 13:51:00,LOGIN ,web
U00547,2026-01-20 09:15:00,session_end,mobile
U00547,2026-01-13 05:20:00,page_view,Web
U00547,2026-01-21 07:50:00,session_end,mobile
U00547,2026-01-15 17:19:00,LOGIN ,
U00547,2026-01-11 15:46:00,page_view,
U00547,2026-01-21 23:56:00,session_start,mobile
U00547,2026-01-12 12:18:00,Login,web
U00547,2026-01-19 10:16:00,logout,Web
U00548,2026-02-12 15:39:00,page_view,web
U00548,2026-02-05 14:38:00,logout,
U00548,2026-02-03 05:36:00,Login,
U00548,2026-02-04 05:03:00,LOGIN ,mobile
U00548,2026-02-13 19:29:00,logout,
U00548,2026-02-14 03:13:00,session_start,Web
U00548,2026-02-05 18:35:00,session_end,mobile
U00548,2026-02-05 04:01:00,logout,web
U00549,2026-02-11 11:25:00,page_view,web
U00549,2026-02-17 06:11:00,login,web
U00549,2026-02-13 17:31:00,session_end,
U00549,2026-02-17 16:32:00,logout,
U00549,2026-02-14 21:13:00,page_view,Web
U00549,2026-02-19 16:22:00,Login,mobile
U00550,2026-02-22 17:25:00,login,web
U00550,2026-02-15 00:17:00,LOGIN ,mobile
U00550,2026-02-26 12:41:00,login,Web
U00550,2026-02-13 14:04:00,LOGIN ,mobile
U00550,2026-02-15 23:36:00,logout,web
U00550,2026-02-12 04:41:00,session_end,mobile
U00550,2026-02-24 23:37:00,page_view,Web
U00550,2026-02-22 00:05:00,LOGIN ,mobile
U00550,2026-02-19 08:41:00,logout,mobile
U00550,2026-02-12 19:52:00,Login,web
U00550,2026-02-21 13:30:00,login,mobile
U00551,2026-04-26 18:31:00,login,web
U00551,2026-04-18 12:03:00,page_view,mobile
U00551,2026-04-27 04:07:00,Login,mobile
U00551,2026-04-17 21:59:00,page_view,
U00551,2026-04-22 14:48:00,page_view,mobile
U00551,2026-04-16 03:38:00,logout,web
U00552,2026-03-03 03:24:00,session_start,web
U00552,2026-03-04 05:02:00,login,web
U00552,2026-03-09 04:46:00,LOGIN ,
U00552,2026-03-16 07:12:00,session_end,mobile
U00552,2026-03-02 09:36:00,Login,
U00552,2026-03-08 10:13:00,session_end,web
U00553,2026-03-24 05:29:00,page_view,Web
U00553,2026-03-26 16:06:00,Login,Web
U00553,2026-03-16 03:05:00,LOGIN ,web
U00554,2026-03-13 17:43:00,session_start,mobile
U00554,2026-03-15 10:55:00,login,Web
U00554,2026-03-03 04:38:00,LOGIN ,
U00554,2026-03-03 00:53:00,logout,mobile
U00554,2026-03-12 11:22:00,page_view,
U00554,2026-03-14 02:51:00,page_view,web
U00554,2026-03-13 06:45:00,page_view,Web
U00554,2026-03-03 22:37:00,session_start,web
U00554,2026-03-13 03:14:00,session_start,web
U00554,2026-03-03 08:12:00,session_start,Web
U00554,2026-03-09 10:34:00,LOGIN ,
U00555,2026-05-05 04:13:00,logout,web
U00555,2026-05-05 02:56:00,page_view,mobile
U00555,2026-05-01 04:30:00,login,
U00555,2026-05-02 11:39:00,Login,
U00555,2026-05-04 17:31:00,LOGIN ,web
U00555,2026-05-03 19:39:00,login,
U00555,2026-05-12 23:05:00,session_start,
U00555,2026-05-14 18:01:00,session_start,mobile
U00555,2026-05-03 04:55:00,LOGIN ,web
U00556,2026-04-28 10:16:00,logout,mobile
U00556,2026-05-06 21:40:00,page_view,web
U00556,2026-04-26 22:45:00,logout,Web
U00556,2026-04-23 07:03:00,login,web
U00556,2026-05-02 11:58:00,session_start,
U00556,2026-05-02 20:28:00,LOGIN ,
U00557,2026-04-22 09:39:00,login,Web
U00557,2026-04-15 18:43:00,logout,Web
U00557,2026-04-13 09:27:00,logout,mobile
U00557,2026-04-11 08:30:00,logout,web
U00558,2026-04-20 08:29:00,session_start,web
U00558,2026-04-19 01:35:00,login,web
U00558,2026-04-30 16:07:00,login,mobile
U00558,2026-04-18 23:50:00,session_start,mobile
U00559,2026-06-05 14:25:00,LOGIN ,web
U00559,2026-06-11 05:27:00,session_end,web
U00559,2026-06-12 00:33:00,login,Web
U00559,2026-06-11 03:09:00,session_end,web
U00559,2026-06-17 23:06:00,LOGIN ,web
U00559,2026-06-11 02:12:00,session_end,web
U00559,2026-06-10 14:06:00,Login,web
U00560,2026-01-21 22:14:00,LOGIN ,web
U00560,2026-01-14 09:23:00,session_end,Web
U00561,2026-04-13 09:12:00,logout,
U00561,2026-04-08 03:45:00,Login,web
U00561,2026-04-06 18:27:00,Login,Web
U00562,2026-02-09 16:43:00,LOGIN ,
U00562,2026-02-07 22:27:00,session_end,Web
U00562,2026-02-08 00:13:00,login,web
U00563,2026-02-16 06:42:00,logout,mobile
U00563,2026-02-20 12:10:00,logout,
U00563,2026-02-25 08:53:00,session_start,
U00563,2026-02-17 04:05:00,LOGIN ,web
U00563,2026-02-19 07:53:00,Login,
U00563,2026-02-11 01:03:00,LOGIN ,
U00563,2026-02-17 13:06:00,LOGIN ,Web
U00564,2026-05-22 18:01:00,logout,web
U00564,2026-05-24 03:03:00,session_start,
U00564,2026-05-22 14:07:00,LOGIN ,web
U00565,2026-01-24 23:41:00,LOGIN ,mobile
U00565,2026-02-01 17:04:00,logout,Web
U00565,2026-02-02 00:20:00,Login,web
U00565,2026-01-29 05:02:00,LOGIN ,web
U00565,2026-02-05 18:19:00,page_view,
U00565,2026-02-07 12:50:00,session_end,
U00566,2026-01-17 07:41:00,login,mobile
U00566,2026-01-14 18:28:00,page_view,web
U00566,2026-01-20 13:24:00,session_end,Web
U00566,2026-01-08 13:58:00,session_start,web
U00566,2026-01-09 06:31:00,LOGIN ,web
U00566,2026-01-14 15:36:00,LOGIN ,mobile
U00566,2026-01-10 05:48:00,LOGIN ,
U00566,2026-01-09 06:47:00,page_view,Web
U00567,2026-04-21 18:58:00,login,
U00567,2026-04-24 00:04:00,page_view,Web
U00568,2026-04-11 13:54:00,page_view,mobile
U00568,2026-04-09 06:29:00,login,
U00568,2026-04-22 17:54:00,Login,web
U00568,2026-04-10 13:03:00,logout,mobile
U00568,2026-04-19 21:42:00,login,Web
U00568,2026-04-10 17:51:00,login,mobile
U00569,2026-03-04 21:44:00,logout,
U00569,2026-03-13 04:57:00,login,web
U00569,2026-03-06 00:46:00,logout,Web
U00569,2026-03-13 21:32:00,login,web
U00569,2026-03-07 12:57:00,LOGIN ,Web
U00569,2026-03-07 04:10:00,logout,web
U00570,2026-06-23 11:33:00,session_end,mobile
U00570,2026-06-25 14:32:00,LOGIN ,
U00570,2026-06-30 00:34:00,Login,web
U00570,2026-06-28 00:16:00,session_end,web
U00571,2026-01-16 15:20:00,session_start,web
U00571,2026-01-23 05:53:00,Login,
U00571,2026-01-19 02:19:00,session_end,
U00571,2026-01-11 20:42:00,login,mobile
U00571,2026-01-18 15:43:00,logout,Web
U00572,2026-02-17 05:38:00,page_view,
U00572,2026-02-13 16:09:00,session_start,
U00572,2026-02-14 21:59:00,logout,
U00572,2026-02-15 20:03:00,LOGIN ,web
U00572,2026-02-14 11:14:00,page_view,web
U00572,2026-02-09 02:50:00,session_end,
U00572,2026-02-06 11:27:00,login,
U00572,2026-02-19 17:41:00,Login,mobile
U00572,2026-02-12 09:43:00,logout,mobile
U00572,2026-02-10 23:24:00,LOGIN ,web
U00573,2026-06-19 14:37:00,logout,
U00573,2026-06-09 09:40:00,login,
U00574,2026-01-16 20:18:00,logout,
U00574,2026-01-11 17:15:00,page_view,Web
U00574,2026-01-19 19:27:00,login,Web
U00574,2026-01-12 16:19:00,Login,web
U00574,2026-01-12 00:09:00,session_end,Web
U00574,2026-01-06 12:09:00,Login,Web
U00574,2026-01-14 07:52:00,page_view,
U00574,2026-01-09 17:34:00,Login,web
U00574,2026-01-13 18:50:00,logout,mobile
U00574,2026-01-09 17:25:00,session_end,mobile
U00575,2026-05-30 01:56:00,session_start,mobile
U00575,2026-05-25 12:30:00,Login,
U00575,2026-05-30 18:04:00,session_start,web
U00575,2026-05-30 02:05:00,LOGIN ,web
U00575,2026-05-24 03:37:00,logout,mobile
U00575,2026-05-26 21:48:00,session_end,mobile
U00575,2026-06-03 06:45:00,session_start,web
U00575,2026-05-24 06:30:00,page_view,
U00575,2026-06-04 00:21:00,Login,mobile
U00575,2026-05-21 08:20:00,session_end,web
U00575,2026-05-27 10:49:00,logout,web
U00575,2026-06-04 05:23:00,LOGIN ,Web
U00576,2026-04-26 04:16:00,login,web
U00576,2026-04-25 10:41:00,login,mobile
U00576,2026-04-30 09:17:00,login,
U00577,2026-03-08 02:30:00,logout,
U00577,2026-03-16 23:04:00,logout,mobile
U00577,2026-03-13 08:38:00,session_end,web
U00577,2026-03-10 17:58:00,page_view,web
U00578,2026-01-26 12:29:00,logout,mobile
U00578,2026-01-14 08:05:00,session_start,Web
U00578,2026-01-19 16:54:00,login,mobile
U00578,2026-01-26 10:39:00,Login,
U00578,2026-01-23 12:16:00,session_end,
U00578,2026-01-22 21:34:00,session_end,mobile
U00578,2026-01-24 18:25:00,page_view,
U00578,2026-01-17 16:24:00,session_end,Web
U00579,2026-06-24 02:20:00,LOGIN ,Web
U00579,2026-06-18 21:03:00,login,web
U00579,2026-06-22 04:46:00,session_end,mobile
U00580,2026-01-29 21:49:00,session_start,Web
U00580,2026-02-01 22:59:00,session_start,web
U00580,2026-02-03 03:04:00,session_start,web
U00580,2026-02-04 21:46:00,login,mobile
U00580,2026-02-11 19:34:00,logout,
U00580,2026-02-01 13:20:00,Login,
U00580,2026-02-09 20:08:00,login,Web
U00581,2026-05-23 11:38:00,login,
U00581,2026-05-25 00:03:00,login,Web
U00582,2026-05-24 04:19:00,session_end,Web
U00582,2026-05-14 01:18:00,session_start,
U00582,2026-05-22 08:50:00,page_view,
U00582,2026-05-18 15:26:00,login,Web
U00582,2026-05-24 13:16:00,Login,web
U00582,2026-05-25 09:20:00,session_start,Web
U00582,2026-05-19 14:21:00,session_end,web
U00583,2026-02-15 14:50:00,LOGIN ,Web
U00583,2026-02-09 06:50:00,session_end,web
U00583,2026-02-12 04:15:00,logout,Web
U00583,2026-02-10 12:56:00,session_start,mobile
U00583,2026-02-19 20:11:00,logout,
U00584,2026-01-06 22:18:00,login,web
U00584,2026-01-07 20:21:00,session_end,Web
U00584,2026-01-04 01:00:00,page_view,
U00584,2026-01-03 05:07:00,Login,mobile
U00584,2026-01-05 05:48:00,logout,
U00584,2026-01-07 15:44:00,page_view,
U00584,2026-01-05 12:08:00,logout,Web
U00584,2026-01-10 02:24:00,login,web
U00584,2026-01-02 05:17:00,page_view,web
U00584,2026-01-02 11:58:00,logout,Web
U00584,2026-01-09 16:40:00,session_start,web
U00584,2026-01-01 17:00:00,login,
U00584,2026-01-10 16:25:00,session_start,
U00584,2026-01-09 04:12:00,logout,web
U00584,2026-01-03 18:38:00,LOGIN ,
U00584,2026-01-15 00:59:00,logout,Web
U00585,2026-06-03 04:45:00,session_start,Web
U00585,2026-06-09 05:40:00,logout,
U00585,2026-05-28 04:46:00,login,mobile
U00585,2026-05-27 06:33:00,LOGIN ,mobile
U00585,2026-06-07 15:21:00,Login,
U00585,2026-06-01 22:37:00,page_view,
U00586,2026-02-04 17:03:00,session_start,Web
U00586,2026-02-04 20:10:00,LOGIN ,Web
U00586,2026-01-30 05:19:00,Login,web
U00586,2026-02-01 17:44:00,logout,mobile
U00586,2026-01-30 10:56:00,LOGIN ,Web
U00587,2026-01-30 08:03:00,login,
U00587,2026-01-22 09:41:00,LOGIN ,Web
U00587,2026-01-28 14:21:00,page_view,mobile
U00587,2026-01-31 06:54:00,login,web
U00587,2026-01-20 06:09:00,page_view,
U00587,2026-01-22 17:39:00,logout,
U00588,2026-05-20 19:46:00,logout,web
U00588,2026-05-17 14:57:00,logout,
U00588,2026-05-22 06:15:00,page_view,Web
U00588,2026-05-20 20:43:00,page_view,mobile
U00588,2026-05-17 05:01:00,Login,
U00588,2026-05-20 05:52:00,login,
U00588,2026-05-15 22:00:00,page_view,web
U00589,2026-04-22 02:38:00,logout,
U00589,2026-04-13 01:16:00,LOGIN ,mobile
U00589,2026-04-10 12:38:00,logout,mobile
U00589,2026-04-15 23:34:00,session_end,mobile
U00589,2026-04-14 19:57:00,Login,Web
U00589,2026-04-23 07:56:00,LOGIN ,web
U00589,2026-04-10 22:50:00,page_view,web
U00590,2026-06-20 02:45:00,logout,
U00590,2026-06-19 15:32:00,LOGIN ,web
U00591,2026-03-19 13:22:00,Login,Web
U00591,2026-03-10 08:58:00,page_view,Web
U00591,2026-03-10 08:27:00,login,mobile
U00591,2026-03-19 17:56:00,LOGIN ,web
U00591,2026-03-13 19:39:00,Login,
U00591,2026-03-17 17:06:00,login,Web
U00591,2026-03-09 20:38:00,login,mobile
U00591,2026-03-14 14:32:00,session_end,Web
U00591,2026-03-19 17:47:00,session_start,
U00591,2026-03-15 16:32:00,logout,mobile
U00591,2026-03-20 22:38:00,login,Web
U00591,2026-03-11 15:37:00,page_view,mobile
U00591,2026-03-19 15:06:00,LOGIN ,
U00591,2026-03-16 04:16:00,session_start,mobile
U00591,2026-03-06 02:55:00,page_view,
U00592,2026-01-29 08:11:00,LOGIN ,mobile
U00592,2026-02-01 06:53:00,session_end,mobile
U00592,2026-01-27 14:10:00,session_end,mobile
U00593,2026-06-01 18:50:00,login,mobile
U00593,2026-05-30 20:42:00,session_end,
U00593,2026-05-29 12:58:00,logout,mobile
U00593,2026-06-12 18:13:00,Login,web
U00593,2026-06-09 18:35:00,Login,mobile
U00593,2026-05-31 03:02:00,logout,web
U00593,2026-05-29 05:14:00,Login,web
U00594,2026-01-12 02:44:00,session_end,
U00594,2026-01-19 13:24:00,login,web
U00594,2026-01-26 00:32:00,logout,
U00594,2026-01-23 12:07:00,login,web
U00594,2026-01-25 09:12:00,LOGIN ,
U00594,2026-01-24 02:18:00,login,mobile
U00594,2026-01-26 17:18:00,LOGIN ,mobile
U00594,2026-01-22 02:37:00,session_end,web
U00594,2026-01-24 15:17:00,session_start,mobile
U00594,2026-01-15 10:19:00,session_start,Web
U00594,2026-01-25 21:50:00,login,web
U00594,2026-01-12 06:46:00,logout,web
U00594,2026-01-19 12:58:00,Login,web
U00594,2026-01-17 08:21:00,page_view,
U00594,2026-01-19 02:21:00,login,web
U00594,2026-01-18 13:57:00,page_view,
U00594,2026-01-18 08:05:00,login,web
U00594,2026-01-26 20:25:00,LOGIN ,Web
U00595,2026-04-10 02:45:00,login,mobile
U00595,2026-04-01 00:51:00,session_start,Web
U00595,2026-03-29 12:39:00,logout,Web
U00595,2026-04-09 19:30:00,login,web
U00595,2026-04-02 17:48:00,Login,
U00595,2026-04-03 17:12:00,LOGIN ,mobile
U00595,2026-04-03 17:46:00,session_end,
U00596,2026-05-05 12:38:00,session_start,web
U00596,2026-05-11 07:34:00,session_start,web
U00596,2026-05-10 16:43:00,page_view,
U00596,2026-05-15 19:04:00,LOGIN ,web
U00596,2026-05-08 18:27:00,Login,Web
U00596,2026-05-10 02:36:00,session_start,
U00596,2026-05-03 22:38:00,Login,mobile
U00597,2026-01-17 02:08:00,session_start,Web
U00597,2026-01-24 20:33:00,session_end,mobile
U00597,2026-01-23 00:19:00,login,web
U00597,2026-01-29 18:23:00,Login,web
U00597,2026-01-29 14:23:00,LOGIN ,Web
U00598,2026-01-11 14:31:00,session_start,Web
U00598,2026-01-21 02:42:00,page_view,mobile
U00599,2026-01-19 09:24:00,session_end,mobile
U00599,2026-01-24 02:06:00,session_end,mobile
U00599,2026-01-16 02:38:00,page_view,
U00599,2026-01-14 13:17:00,Login,mobile
U00599,2026-01-14 19:30:00,LOGIN ,web
U00599,2026-01-19 01:51:00,page_view,Web
U00599,2026-01-23 23:23:00,LOGIN ,mobile
U00600,2026-03-22 17:22:00,page_view,Web
U00600,2026-03-26 15:53:00,logout,web
U00600,2026-03-26 13:49:00,session_end,mobile
U00600,2026-03-21 18:09:00,Login,Web
U00600,2026-03-28 00:45:00,session_end,web
U00600,2026-04-01 01:04:00,page_view,
U00600,2026-03-24 22:57:00,LOGIN ,
U00600,2026-03-25 01:29:00,Login,mobile
U00601,2026-05-15 04:17:00,logout,
U00601,2026-05-04 16:10:00,session_end,Web
U00601,2026-05-16 23:56:00,logout,Web
U00602,2026-06-15 01:05:00,session_start,mobile
U00602,2026-06-17 22:16:00,page_view,
U00602,2026-06-18 02:08:00,session_start,web
U00602,2026-06-21 17:59:00,logout,Web
U00603,2026-01-13 15:04:00,login,Web
U00603,2026-01-21 20:44:00,logout,web
U00603,2026-01-14 03:36:00,LOGIN ,web
U00603,2026-01-22 05:54:00,session_start,web
U00603,2026-01-26 21:05:00,LOGIN ,mobile
U00603,2026-01-19 02:47:00,login,Web
U00603,2026-01-16 14:03:00,logout,mobile
U00603,2026-01-16 01:02:00,session_start,web
U00603,2026-01-25 13:37:00,LOGIN ,web
U00604,2026-02-01 15:16:00,page_view,web
U00604,2026-02-15 16:36:00,logout,Web
U00605,2026-05-01 22:20:00,page_view,Web
U00605,2026-04-26 20:09:00,logout,
U00605,2026-04-29 18:35:00,session_end,mobile
U00606,2026-05-21 13:22:00,Login,Web
U00606,2026-05-12 15:49:00,login,
U00607,2026-05-26 23:05:00,session_end,mobile
U00607,2026-05-20 06:51:00,LOGIN ,web
U00607,2026-05-16 23:49:00,login,web
U00607,2026-05-17 10:02:00,Login,Web
U00607,2026-05-25 17:42:00,session_end,
U00608,2026-04-22 21:11:00,login,
U00608,2026-05-03 09:13:00,logout,Web
U00608,2026-04-26 08:33:00,logout,mobile
U00608,2026-04-24 04:26:00,session_end,web
U00608,2026-04-25 08:34:00,session_start,web
U00608,2026-04-30 13:28:00,Login,mobile
U00608,2026-04-30 08:57:00,LOGIN ,mobile
U00609,2026-02-24 09:11:00,LOGIN ,mobile
U00609,2026-02-22 20:54:00,LOGIN ,
U00609,2026-03-02 04:34:00,login,Web
U00609,2026-02-21 01:28:00,logout,
U00609,2026-03-02 08:45:00,login,
U00609,2026-02-21 14:39:00,LOGIN ,Web
U00609,2026-02-17 11:25:00,Login,mobile
U00610,2026-04-02 05:46:00,logout,web
U00610,2026-04-02 01:34:00,LOGIN ,Web
U00610,2026-03-25 01:31:00,page_view,Web
U00610,2026-04-04 00:42:00,session_end,web
U00610,2026-04-07 07:06:00,login,web
U00610,2026-03-31 16:24:00,login,web
U00610,2026-03-26 10:51:00,LOGIN ,
U00610,2026-04-03 12:03:00,page_view,mobile
U00610,2026-03-26 20:01:00,session_start,Web
U00610,2026-04-07 07:20:00,logout,Web
U00611,2026-04-05 02:43:00,Login,web
U00611,2026-04-08 02:42:00,Login,mobile
U00611,2026-04-01 10:50:00,logout,Web
U00611,2026-04-07 01:00:00,Login,
U00611,2026-04-06 22:58:00,login,web
U00612,2026-03-25 03:21:00,Login,mobile
U00612,2026-04-03 11:51:00,page_view,Web
U00612,2026-03-27 20:56:00,session_end,Web
U00612,2026-03-20 14:18:00,login,
U00612,2026-03-21 14:45:00,Login,mobile
U00612,2026-03-27 19:35:00,login,Web
U00612,2026-03-31 23:37:00,page_view,Web
U00612,2026-03-30 00:58:00,Login,web
U00613,2026-02-12 00:25:00,LOGIN ,mobile
U00613,2026-02-16 23:00:00,Login,web
U00613,2026-02-12 08:22:00,Login,web
U00613,2026-02-26 06:27:00,login,Web
U00613,2026-02-13 02:34:00,LOGIN ,web
U00614,2026-04-03 20:21:00,session_end,mobile
U00614,2026-04-08 11:22:00,logout,mobile
U00614,2026-04-14 11:43:00,session_end,Web
U00614,2026-04-02 01:23:00,session_start,web
U00614,2026-03-31 01:26:00,session_start,web
U00614,2026-04-10 00:25:00,session_end,
U00614,2026-04-14 17:03:00,login,
U00614,2026-04-11 14:30:00,LOGIN ,web
U00614,2026-04-12 22:57:00,Login,
U00614,2026-04-08 08:44:00,page_view,mobile
U00614,2026-04-11 06:42:00,Login,Web
U00615,2026-06-11 18:44:00,LOGIN ,mobile
U00615,2026-06-07 00:25:00,session_start,
U00615,2026-06-13 05:21:00,LOGIN ,web
U00615,2026-06-10 05:40:00,LOGIN ,web
U00616,2026-06-14 15:13:00,session_start,Web
U00616,2026-06-17 04:57:00,session_start,mobile
U00616,2026-06-17 03:29:00,session_end,Web
U00616,2026-06-15 18:03:00,page_view,mobile
U00616,2026-06-23 18:44:00,logout,mobile
U00616,2026-06-16 07:19:00,LOGIN ,web
U00616,2026-06-14 00:47:00,logout,web
U00616,2026-06-22 01:41:00,session_start,web
U00616,2026-06-18 07:00:00,page_view,
U00617,2026-06-21 08:15:00,login,mobile
U00617,2026-06-27 03:05:00,session_start,
U00617,2026-06-20 07:50:00,Login,web
U00617,2026-06-17 21:21:00,session_start,Web
U00617,2026-06-25 18:35:00,logout,
U00617,2026-06-18 18:55:00,Login,web
U00618,2026-02-12 18:47:00,session_end,
U00619,2026-04-27 05:25:00,login,mobile
U00619,2026-05-06 07:26:00,page_view,mobile
U00619,2026-05-05 00:56:00,page_view,mobile
U00619,2026-04-30 11:22:00,session_end,mobile
U00619,2026-04-24 08:29:00,session_start,web
U00619,2026-05-04 19:08:00,login,
U00619,2026-04-24 02:51:00,LOGIN ,mobile
U00619,2026-04-26 22:48:00,session_end,web
U00619,2026-04-25 06:27:00,page_view,mobile
U00619,2026-04-24 20:50:00,session_end,mobile
U00619,2026-04-24 11:58:00,session_end,web
U00619,2026-05-01 18:58:00,session_start,web
U00620,2026-01-28 11:36:00,login,
U00620,2026-01-19 03:32:00,session_start,mobile
U00621,2026-04-12 11:21:00,session_end,web
U00621,2026-04-15 18:56:00,LOGIN ,
U00621,2026-04-15 15:10:00,page_view,web
U00621,2026-04-10 17:33:00,login,web
U00621,2026-04-16 10:58:00,Login,
U00621,2026-04-12 22:38:00,logout,mobile
U00621,2026-04-05 17:24:00,session_end,mobile
U00622,2026-01-17 18:30:00,Login,Web
U00622,2026-01-14 09:55:00,login,web
U00622,2026-01-17 04:10:00,page_view,
U00622,2026-01-11 00:03:00,Login,mobile
U00622,2026-01-18 09:34:00,Login,mobile
U00622,2026-01-11 21:09:00,login,Web
U00623,2026-04-27 08:17:00,session_start,Web
U00623,2026-05-06 06:46:00,Login,web
U00623,2026-04-27 13:23:00,session_end,mobile
U00623,2026-05-07 00:43:00,Login,web
U00624,2026-01-22 01:40:00,Login,web
U00624,2026-01-24 22:44:00,Login,mobile
U00624,2026-02-02 04:08:00,page_view,
U00625,2026-05-23 11:54:00,Login,web
U00625,2026-05-19 11:45:00,Login,web
U00625,2026-05-30 04:32:00,login,
U00625,2026-05-21 01:26:00,LOGIN ,
U00625,2026-05-19 00:43:00,logout,web
U00625,2026-05-21 22:50:00,session_end,mobile
U00625,2026-05-30 14:29:00,session_start,Web
U00625,2026-05-22 18:06:00,session_end,mobile
U00625,2026-05-18 02:43:00,login,mobile
U00625,2026-05-25 02:26:00,page_view,web
U00626,2026-03-29 09:24:00,logout,web
U00626,2026-04-04 05:37:00,page_view,mobile
U00626,2026-03-23 00:16:00,Login,Web
U00626,2026-03-23 19:24:00,session_start,mobile
U00626,2026-03-24 18:05:00,logout,mobile
U00626,2026-03-23 13:31:00,login,web
U00627,2026-02-04 12:35:00,LOGIN ,
U00627,2026-02-12 12:29:00,logout,web
U00627,2026-02-05 07:44:00,session_start,mobile
U00627,2026-01-31 18:32:00,logout,
U00628,2026-05-13 11:03:00,LOGIN ,Web
U00628,2026-05-20 08:19:00,page_view,web
U00628,2026-05-15 13:25:00,Login,Web
U00628,2026-05-17 06:45:00,Login,
U00628,2026-05-13 00:19:00,page_view,
U00628,2026-05-10 14:12:00,Login,mobile
U00628,2026-05-14 04:27:00,logout,web
U00628,2026-05-09 09:09:00,LOGIN ,mobile
U00628,2026-05-20 13:42:00,Login,Web
U00628,2026-05-18 17:44:00,LOGIN ,Web
U00629,2026-02-10 04:06:00,page_view,web
U00629,2026-02-08 23:31:00,session_end,web
U00629,2026-02-11 19:59:00,session_start,mobile
U00629,2026-02-10 07:46:00,LOGIN ,web
U00629,2026-02-10 19:36:00,page_view,
U00629,2026-02-04 07:12:00,session_end,Web
U00630,2026-05-07 07:56:00,Login,Web
U00630,2026-05-02 05:56:00,LOGIN ,web
U00630,2026-04-30 17:15:00,Login,mobile
U00630,2026-04-29 06:52:00,login,mobile
U00631,2026-03-16 02:45:00,logout,Web
U00631,2026-03-28 21:33:00,session_start,
U00631,2026-03-15 11:46:00,LOGIN ,Web
U00631,2026-03-28 14:49:00,page_view,
U00631,2026-03-29 22:36:00,page_view,Web
U00632,2026-02-28 10:50:00,session_start,
U00632,2026-03-02 22:57:00,page_view,Web
U00633,2026-05-07 20:21:00,Login,Web
U00633,2026-04-29 13:23:00,session_end,
U00634,2026-05-07 08:25:00,session_start,
U00634,2026-05-06 02:27:00,Login,Web
U00634,2026-04-26 02:11:00,LOGIN ,Web
U00634,2026-04-29 00:34:00,page_view,web
U00634,2026-05-03 10:59:00,logout,Web
U00634,2026-05-02 02:52:00,LOGIN ,mobile
U00634,2026-05-06 12:38:00,Login,Web
U00635,2026-04-04 11:36:00,session_start,
U00636,2026-01-21 14:11:00,login,mobile
U00636,2026-01-17 14:55:00,LOGIN ,mobile
U00636,2026-01-20 11:49:00,page_view,web
U00636,2026-01-21 05:24:00,login,Web
U00636,2026-01-17 21:16:00,page_view,mobile
U00636,2026-01-20 05:26:00,logout,web
U00636,2026-01-21 10:56:00,LOGIN ,mobile
U00636,2026-01-28 01:28:00,session_end,
U00637,2026-03-19 21:49:00,session_start,mobile
U00637,2026-03-17 21:57:00,login,web
U00637,2026-03-24 20:43:00,page_view,web
U00637,2026-03-23 16:52:00,LOGIN ,mobile
U00637,2026-03-18 03:05:00,LOGIN ,
U00637,2026-03-17 17:17:00,LOGIN ,mobile
U00637,2026-03-19 11:52:00,page_view,Web
U00638,2026-06-24 05:27:00,session_end,
U00638,2026-06-17 08:54:00,page_view,
U00638,2026-06-13 03:31:00,Login,mobile
U00638,2026-06-26 20:59:00,logout,web
U00638,2026-06-24 16:26:00,logout,Web
U00639,2026-03-13 23:52:00,Login,mobile
U00640,2026-02-19 14:29:00,session_start,mobile
U00640,2026-02-14 13:25:00,page_view,Web
U00640,2026-02-11 06:12:00,session_start,web
U00640,2026-02-06 08:58:00,login,web
U00640,2026-02-19 20:44:00,LOGIN ,mobile
U00640,2026-02-18 14:59:00,session_end,web
U00640,2026-02-05 11:20:00,page_view,web
U00640,2026-02-05 00:58:00,Login,
U00640,2026-02-18 21:11:00,page_view,mobile
U00640,2026-02-06 09:11:00,LOGIN ,
U00640,2026-02-15 06:07:00,session_start,web
U00640,2026-02-14 09:14:00,session_end,web
U00640,2026-02-17 06:48:00,session_start,web
U00641,2026-04-10 05:58:00,login,mobile
U00641,2026-04-04 06:24:00,session_end,Web
U00641,2026-04-08 22:09:00,session_end,
U00641,2026-04-05 23:01:00,session_end,mobile
U00641,2026-04-12 23:40:00,logout,
U00641,2026-04-15 07:22:00,Login,Web
U00641,2026-04-12 11:52:00,logout,mobile
U00642,2026-05-14 07:09:00,Login,mobile
U00642,2026-05-10 22:49:00,logout,
U00642,2026-05-03 22:39:00,Login,mobile
U00642,2026-04-30 09:23:00,logout,
U00642,2026-05-11 22:53:00,logout,mobile
U00643,2026-06-18 11:14:00,Login,mobile
U00643,2026-06-12 13:05:00,session_end,Web
U00643,2026-06-06 15:25:00,login,web
U00643,2026-06-14 14:02:00,session_end,mobile
U00643,2026-06-12 19:31:00,logout,web
U00643,2026-06-18 16:51:00,Login,mobile
U00643,2026-06-12 01:06:00,login,
U00644,2026-04-13 04:25:00,login,Web
U00644,2026-04-22 17:14:00,session_end,mobile
U00644,2026-04-23 02:54:00,session_start,
U00644,2026-04-26 22:48:00,LOGIN ,Web
U00644,2026-04-24 12:30:00,Login,Web
U00644,2026-04-19 08:08:00,Login,mobile
U00644,2026-04-15 22:09:00,Login,mobile
U00644,2026-04-26 22:32:00,login,web
U00644,2026-04-24 19:18:00,LOGIN ,mobile
U00645,2026-05-08 17:42:00,logout,mobile
U00645,2026-05-14 21:43:00,page_view,mobile
U00645,2026-05-05 23:22:00,session_start,web
U00645,2026-05-09 05:52:00,session_end,Web
U00645,2026-05-06 11:41:00,login,
U00645,2026-05-06 20:50:00,page_view,
U00645,2026-05-16 07:04:00,logout,web
U00646,2026-06-05 01:17:00,session_start,
U00646,2026-06-01 03:52:00,Login,web
U00646,2026-06-04 21:20:00,Login,Web
U00647,2026-04-04 03:41:00,session_end,Web
U00647,2026-03-25 00:56:00,page_view,web
U00647,2026-03-26 12:11:00,session_start,web
U00647,2026-03-31 09:42:00,session_start,mobile
U00647,2026-04-01 23:30:00,page_view,Web
U00647,2026-03-29 02:20:00,page_view,Web
U00647,2026-04-04 15:02:00,LOGIN ,Web
U00647,2026-03-27 18:04:00,logout,mobile
U00647,2026-04-06 20:42:00,login,Web
U00647,2026-03-24 13:46:00,LOGIN ,web
U00647,2026-03-24 18:49:00,page_view,Web
U00648,2026-05-05 13:17:00,login,web
U00648,2026-05-09 23:24:00,session_end,mobile
U00648,2026-05-09 10:28:00,session_end,
U00648,2026-05-05 05:03:00,session_start,web
U00648,2026-05-12 04:01:00,LOGIN ,mobile
U00648,2026-05-06 05:42:00,login,web
U00648,2026-05-09 20:31:00,login,mobile
U00648,2026-05-11 21:05:00,Login,Web
U00648,2026-05-01 06:36:00,Login,
U00648,2026-05-14 19:25:00,session_start,
U00649,2026-04-05 01:36:00,session_end,
U00650,2026-06-16 02:10:00,session_start,
U00650,2026-06-27 15:14:00,login,mobile
U00650,2026-06-15 14:41:00,session_start,web
U00650,2026-06-20 10:44:00,session_end,
U00650,2026-06-23 17:26:00,LOGIN ,mobile
U00651,2026-05-04 20:59:00,Login,Web
U00651,2026-04-24 03:38:00,login,
U00651,2026-04-26 09:12:00,login,Web
U00651,2026-04-23 07:07:00,Login,web
U00652,2026-02-03 03:37:00,login,Web
U00652,2026-02-14 00:49:00,LOGIN ,
U00652,2026-02-13 12:17:00,LOGIN ,
U00652,2026-02-13 09:30:00,login,web
U00653,2026-03-19 04:26:00,session_end,
U00653,2026-03-25 09:19:00,session_end,
U00654,2026-03-31 12:19:00,session_end,
U00654,2026-04-02 14:59:00,LOGIN ,web
U00654,2026-03-30 06:24:00,LOGIN ,
U00654,2026-04-04 01:16:00,logout,Web
U00654,2026-03-24 00:26:00,Login,Web
U00654,2026-03-29 22:14:00,session_start,mobile
U00654,2026-03-24 18:47:00,session_start,Web
U00654,2026-04-02 13:39:00,Login,
U00654,2026-03-31 02:07:00,page_view,Web
U00654,2026-03-26 18:44:00,session_start,mobile
U00655,2026-05-18 06:03:00,page_view,Web
U00656,2026-03-01 14:46:00,login,mobile
U00656,2026-02-25 11:07:00,Login,mobile
U00656,2026-02-27 13:43:00,Login,
U00656,2026-02-24 07:05:00,logout,Web
U00656,2026-03-01 09:58:00,session_end,Web
U00656,2026-03-01 12:22:00,LOGIN ,
U00656,2026-03-02 13:15:00,LOGIN ,Web
U00656,2026-03-04 08:55:00,LOGIN ,mobile
U00656,2026-02-24 22:16:00,logout,web
U00657,2026-03-24 09:39:00,login,
U00657,2026-03-21 19:37:00,Login,mobile
U00658,2026-06-20 22:54:00,LOGIN ,Web
U00658,2026-06-16 14:18:00,Login,Web
U00658,2026-06-21 13:16:00,login,mobile
U00658,2026-06-09 07:03:00,session_end,Web
U00658,2026-06-15 13:08:00,session_end,
U00658,2026-06-18 06:36:00,page_view,Web
U00658,2026-06-08 07:10:00,login,web
U00659,2026-05-23 18:28:00,Login,web
U00659,2026-05-20 05:07:00,logout,
U00659,2026-05-21 01:30:00,LOGIN ,Web
U00660,2026-06-15 16:22:00,Login,Web
U00660,2026-06-11 22:50:00,session_start,Web
U00660,2026-06-06 15:51:00,session_end,mobile
U00660,2026-06-14 04:02:00,Login,web
U00660,2026-06-01 09:17:00,session_end,
U00660,2026-06-14 09:24:00,login,mobile
U00661,2026-06-20 19:14:00,session_end,web
U00662,2026-04-10 00:09:00,page_view,Web
U00662,2026-03-29 04:49:00,login,mobile
U00662,2026-04-08 14:21:00,logout,
U00662,2026-04-10 11:33:00,page_view,
U00662,2026-03-31 10:37:00,LOGIN ,
U00662,2026-03-28 17:27:00,logout,web
U00662,2026-04-11 18:39:00,Login,web
U00662,2026-04-01 22:23:00,session_end,Web
U00663,2026-01-24 08:44:00,LOGIN ,
U00663,2026-01-27 07:05:00,login,mobile
U00663,2026-02-04 17:35:00,LOGIN ,web
U00663,2026-02-04 06:18:00,Login,mobile
U00664,2026-03-22 13:10:00,page_view,mobile
U00664,2026-03-09 07:12:00,LOGIN ,
U00664,2026-03-13 05:16:00,session_start,mobile
U00664,2026-03-19 03:01:00,LOGIN ,mobile
U00664,2026-03-19 14:45:00,session_end,
U00664,2026-03-17 23:44:00,page_view,
U00664,2026-03-21 17:53:00,login,web
U00664,2026-03-17 20:20:00,page_view,mobile
U00664,2026-03-18 08:24:00,logout,web
U00665,2026-05-29 20:05:00,page_view,
U00665,2026-06-03 09:04:00,session_start,Web
U00665,2026-05-30 01:19:00,Login,Web
U00665,2026-05-27 04:14:00,session_end,Web
U00665,2026-05-27 05:10:00,logout,Web
U00665,2026-06-02 12:21:00,Login,
U00665,2026-06-08 10:46:00,logout,mobile
U00666,2026-06-16 06:08:00,session_end,mobile
U00667,2026-06-19 07:00:00,Login,web
U00667,2026-06-12 10:25:00,session_end,web
U00667,2026-06-13 06:56:00,login,mobile
U00667,2026-06-10 07:12:00,LOGIN ,
U00667,2026-06-17 14:04:00,page_view,web
U00667,2026-06-20 13:50:00,session_start,Web
U00667,2026-06-24 00:28:00,logout,
U00667,2026-06-12 15:39:00,session_end,Web
U00667,2026-06-22 10:15:00,page_view,web
U00668,2026-06-16 08:41:00,LOGIN ,mobile
U00668,2026-06-14 02:57:00,Login,mobile
U00668,2026-06-25 18:35:00,logout,Web
U00668,2026-06-27 15:10:00,Login,web
U00668,2026-06-17 08:45:00,logout,mobile
U00669,2026-04-14 04:34:00,LOGIN ,
U00669,2026-04-15 18:51:00,page_view,web
U00669,2026-04-15 14:45:00,Login,mobile
U00669,2026-04-24 04:18:00,login,Web
U00669,2026-04-14 14:52:00,page_view,
U00669,2026-04-28 08:42:00,session_end,
U00669,2026-04-25 03:53:00,session_start,
U00670,2026-01-24 08:26:00,login,mobile
U00670,2026-02-02 08:03:00,session_start,Web
U00670,2026-01-29 17:14:00,session_end,
U00670,2026-01-21 21:30:00,page_view,mobile
U00671,2026-02-15 16:55:00,login,mobile
U00671,2026-02-12 10:38:00,login,Web
U00671,2026-02-16 12:48:00,session_end,Web
U00671,2026-02-21 08:58:00,session_end,mobile
U00671,2026-02-13 15:15:00,page_view,mobile
U00671,2026-02-17 18:49:00,login,mobile
U00671,2026-02-11 04:05:00,login,web
U00671,2026-02-11 16:29:00,session_end,web
U00671,2026-02-13 22:22:00,page_view,
U00671,2026-02-22 23:39:00,login,web
U00671,2026-02-17 01:55:00,logout,
U00671,2026-02-14 22:02:00,logout,mobile
U00672,2026-05-08 04:22:00,login,Web
U00672,2026-05-10 11:11:00,session_end,Web
U00672,2026-05-10 03:31:00,login,mobile
U00672,2026-05-01 04:57:00,session_start,
U00672,2026-05-10 08:15:00,Login,
U00672,2026-05-01 05:01:00,LOGIN ,Web
U00672,2026-05-01 04:07:00,session_start,mobile
U00672,2026-05-05 21:20:00,page_view,Web
U00672,2026-05-08 20:24:00,logout,mobile
U00672,2026-05-13 06:47:00,page_view,web
U00672,2026-05-10 17:52:00,Login,mobile
U00673,2026-06-09 09:19:00,session_start,web
U00673,2026-06-09 16:53:00,session_end,
U00673,2026-06-13 19:37:00,LOGIN ,web
U00673,2026-06-09 14:01:00,logout,mobile
U00674,2026-03-23 11:39:00,page_view,
U00674,2026-04-04 16:43:00,LOGIN ,web
U00674,2026-04-01 10:12:00,logout,
U00674,2026-03-30 08:39:00,page_view,mobile
U00674,2026-03-29 13:40:00,page_view,mobile
U00674,2026-03-25 19:47:00,LOGIN ,
U00675,2026-04-16 08:11:00,session_start,
U00675,2026-04-20 10:50:00,Login,mobile
U00675,2026-04-27 11:36:00,Login,web
U00675,2026-04-19 02:56:00,session_start,Web
U00676,2026-05-20 02:09:00,logout,mobile
U00676,2026-05-12 20:23:00,session_end,mobile
U00676,2026-05-14 18:18:00,login,web
U00676,2026-05-17 13:13:00,login,mobile
U00676,2026-05-21 10:20:00,logout,
U00676,2026-05-15 13:15:00,session_start,mobile
U00676,2026-05-22 13:11:00,logout,Web
U00676,2026-05-22 05:02:00,session_start,
U00676,2026-05-13 10:42:00,LOGIN ,web
U00676,2026-05-22 21:35:00,LOGIN ,web
U00677,2026-03-26 06:46:00,login,mobile
U00677,2026-04-02 17:48:00,logout,web
U00677,2026-03-23 08:36:00,session_end,mobile
U00677,2026-04-03 05:04:00,logout,web
U00677,2026-03-25 04:06:00,logout,mobile
U00677,2026-04-04 02:23:00,page_view,Web
U00677,2026-03-31 21:58:00,login,Web
U00677,2026-03-31 04:55:00,session_start,
U00677,2026-03-31 15:25:00,LOGIN ,web
U00677,2026-03-24 18:07:00,session_end,Web
U00677,2026-03-27 17:34:00,login,
U00678,2026-03-14 09:48:00,Login,web
U00678,2026-03-10 12:11:00,session_end,
U00678,2026-03-17 20:33:00,session_start,mobile
U00678,2026-03-23 10:33:00,LOGIN ,
U00679,2026-02-04 12:18:00,logout,
U00679,2026-02-05 09:49:00,page_view,web
U00679,2026-02-03 13:46:00,Login,mobile
U00680,2026-04-13 21:11:00,login,mobile
U00680,2026-04-20 13:51:00,Login,mobile
U00680,2026-04-10 06:11:00,login,Web
U00680,2026-04-20 02:02:00,LOGIN ,mobile
U00680,2026-04-18 08:34:00,Login,web
U00680,2026-04-13 23:31:00,session_end,web
U00680,2026-04-10 15:55:00,session_end,
U00680,2026-04-11 13:37:00,session_end,Web
U00680,2026-04-18 22:33:00,login,mobile
U00681,2026-02-18 22:12:00,login,web
U00681,2026-02-10 07:56:00,session_start,
U00681,2026-02-16 00:47:00,page_view,mobile
U00681,2026-02-21 00:03:00,login,Web
U00681,2026-02-24 06:47:00,Login,Web
U00681,2026-02-13 17:25:00,Login,web
U00682,2026-02-18 10:40:00,login,Web
U00683,2026-05-24 05:17:00,Login,mobile
U00683,2026-05-20 22:00:00,LOGIN ,mobile
U00683,2026-05-26 13:53:00,logout,mobile
U00683,2026-05-22 18:49:00,session_end,web
U00683,2026-05-12 14:25:00,session_end,
U00684,2026-05-10 14:48:00,session_start,mobile
U00684,2026-05-21 07:11:00,logout,mobile
U00684,2026-05-22 16:39:00,session_start,mobile
U00684,2026-05-11 15:26:00,page_view,web
U00684,2026-05-16 10:40:00,login,
U00684,2026-05-10 12:29:00,login,mobile
U00684,2026-05-14 17:19:00,logout,web
U00684,2026-05-08 02:12:00,Login,mobile
U00684,2026-05-11 07:45:00,session_end,mobile
U00685,2026-04-12 21:34:00,logout,mobile
U00685,2026-04-16 05:29:00,page_view,web
U00685,2026-04-19 15:20:00,page_view,web
U00686,2026-03-03 15:31:00,session_start,web
U00686,2026-03-07 01:27:00,logout,Web
U00686,2026-03-10 18:10:00,login,web
U00686,2026-03-10 20:52:00,LOGIN ,mobile
U00687,2026-01-25 02:39:00,Login,
U00687,2026-01-22 14:26:00,login,
U00688,2026-06-16 16:44:00,login,Web
U00688,2026-06-11 13:37:00,logout,mobile
U00688,2026-06-10 22:19:00,LOGIN ,
U00688,2026-06-04 23:43:00,login,mobile
U00688,2026-06-13 12:24:00,LOGIN ,
U00688,2026-06-10 12:48:00,Login,Web
U00689,2026-05-10 03:08:00,LOGIN ,
U00689,2026-05-04 09:39:00,session_end,mobile
U00689,2026-05-06 10:14:00,session_end,Web
U00689,2026-05-11 13:40:00,page_view,web
U00689,2026-05-13 14:47:00,LOGIN ,mobile
U00689,2026-05-10 19:01:00,session_start,Web
U00690,2026-02-07 15:09:00,logout,
U00690,2026-02-03 18:19:00,login,
U00690,2026-02-06 19:25:00,session_start,web
U00690,2026-02-05 00:35:00,logout,
U00690,2026-02-01 21:43:00,session_start,Web
U00691,2026-03-17 11:43:00,session_end,Web
U00691,2026-03-15 08:04:00,session_end,mobile
U00692,2026-04-16 19:51:00,session_end,Web
U00692,2026-04-05 13:29:00,Login,Web
U00692,2026-04-17 14:33:00,page_view,Web
U00693,2026-01-17 12:46:00,session_end,web
U00693,2026-01-20 09:49:00,session_end,web
U00693,2026-01-18 09:20:00,login,mobile
U00693,2026-01-24 20:32:00,logout,
U00693,2026-01-28 00:20:00,Login,web
U00693,2026-01-27 01:10:00,session_start,mobile
U00693,2026-01-21 01:25:00,session_start,Web
U00693,2026-01-22 19:57:00,login,web
U00693,2026-01-27 17:11:00,LOGIN ,Web
U00693,2026-01-19 16:06:00,logout,mobile
U00693,2026-01-14 17:56:00,session_end,mobile
U00694,2026-03-04 21:51:00,login,Web
U00694,2026-02-26 09:42:00,logout,mobile
U00694,2026-02-28 19:47:00,session_start,Web
U00694,2026-03-04 23:06:00,session_end,Web
U00694,2026-02-25 07:00:00,Login,
U00694,2026-03-03 11:58:00,login,web
U00695,2026-01-19 06:02:00,page_view,Web
U00695,2026-01-30 12:48:00,page_view,
U00695,2026-01-20 18:56:00,logout,Web
U00695,2026-01-29 06:01:00,LOGIN ,
U00695,2026-01-23 03:35:00,LOGIN ,mobile
U00695,2026-02-01 14:34:00,page_view,Web
U00696,2026-05-27 14:36:00,login,
U00696,2026-06-04 23:58:00,login,web
U00696,2026-05-29 15:10:00,session_start,web
U00697,2026-01-31 03:40:00,logout,mobile
U00697,2026-02-06 11:56:00,page_view,web
U00697,2026-01-31 07:17:00,LOGIN ,Web
U00698,2026-04-15 04:38:00,session_end,web
U00698,2026-04-17 15:17:00,page_view,Web
U00698,2026-04-17 17:57:00,session_start,Web
U00698,2026-04-13 09:02:00,session_start,mobile
U00699,2026-06-04 04:07:00,LOGIN ,Web
U00699,2026-06-01 19:27:00,logout,
U00699,2026-05-25 10:59:00,session_start,mobile
U00699,2026-05-25 05:07:00,session_end,web
U00700,2026-06-09 07:13:00,page_view,Web
U00700,2026-06-11 00:16:00,session_start,Web
U00700,2026-06-11 12:19:00,session_end,Web
U00700,2026-06-14 10:23:00,session_end,mobile
U00700,2026-06-13 13:20:00,Login,web
U00700,2026-06-17 07:34:00,Login,Web
U00700,2026-06-04 15:53:00,login,mobile
U00701,2026-01-15 10:46:00,LOGIN ,mobile
U00701,2026-01-12 05:44:00,logout,web
U00701,2026-01-11 23:15:00,session_start,mobile
U00701,2026-01-21 05:05:00,logout,web
U00701,2026-01-25 22:49:00,session_start,mobile
U00701,2026-01-25 20:09:00,page_view,
U00701,2026-01-18 05:27:00,logout,Web
U00702,2026-02-13 20:34:00,page_view,mobile
U00702,2026-02-14 11:35:00,LOGIN ,Web
U00702,2026-02-13 10:10:00,Login,Web
U00703,2026-05-04 21:53:00,LOGIN ,mobile
U00703,2026-05-13 10:06:00,session_start,web
U00703,2026-05-10 10:31:00,LOGIN ,web
U00703,2026-05-09 02:03:00,LOGIN ,web
U00703,2026-05-10 20:03:00,LOGIN ,Web
U00703,2026-05-11 02:16:00,session_start,
U00703,2026-05-06 08:30:00,Login,Web
U00703,2026-05-12 06:22:00,logout,mobile
U00704,2026-02-12 14:55:00,session_end,Web
U00704,2026-02-09 14:07:00,LOGIN ,Web
U00704,2026-02-19 18:29:00,Login,Web
U00704,2026-02-12 19:13:00,login,Web
U00704,2026-02-11 15:32:00,session_end,web
U00704,2026-02-11 06:07:00,session_end,mobile
U00704,2026-02-14 02:55:00,logout,web
U00704,2026-02-19 06:15:00,logout,mobile
U00704,2026-02-14 01:32:00,session_start,mobile
U00704,2026-02-20 17:04:00,LOGIN ,mobile
U00705,2026-02-12 17:30:00,Login,web
U00705,2026-02-09 17:27:00,Login,Web
U00705,2026-02-15 02:20:00,Login,web
U00705,2026-02-12 22:19:00,session_start,Web
U00705,2026-02-18 21:13:00,LOGIN ,mobile
U00705,2026-02-12 16:03:00,login,web
U00705,2026-02-10 13:43:00,session_start,mobile
U00705,2026-02-09 08:55:00,session_start,
U00706,2026-03-24 23:30:00,session_start,
U00706,2026-04-06 05:37:00,logout,
U00707,2026-06-16 02:19:00,Login,mobile
U00707,2026-06-20 12:08:00,session_end,Web
U00707,2026-06-21 12:40:00,logout,
U00707,2026-06-11 10:03:00,session_end,web
U00707,2026-06-18 01:07:00,login,Web
U00707,2026-06-14 07:36:00,login,mobile
U00708,2026-06-14 21:45:00,LOGIN ,mobile
U00708,2026-06-02 22:05:00,session_end,
U00708,2026-06-11 16:18:00,LOGIN ,mobile
U00708,2026-06-11 09:24:00,LOGIN ,Web
U00708,2026-06-10 21:39:00,page_view,
U00708,2026-06-10 11:28:00,Login,Web
U00708,2026-06-14 15:21:00,page_view,Web
U00708,2026-06-13 16:08:00,session_end,web
U00708,2026-06-14 18:03:00,Login,mobile
U00708,2026-06-02 14:47:00,session_end,
U00708,2026-06-12 17:38:00,page_view,web
U00709,2026-05-30 04:19:00,session_end,mobile
U00709,2026-05-27 19:58:00,logout,
U00709,2026-05-31 02:29:00,login,Web
U00709,2026-05-29 18:33:00,LOGIN ,Web
U00709,2026-05-31 10:51:00,login,Web
U00709,2026-05-29 06:27:00,session_start,mobile
U00709,2026-05-25 12:33:00,login,web
U00709,2026-05-19 23:13:00,page_view,web
U00709,2026-05-20 16:32:00,LOGIN ,
U00709,2026-05-30 17:07:00,logout,web
U00710,2026-03-27 07:39:00,session_start,web
U00710,2026-03-22 10:36:00,login,web
U00710,2026-03-29 19:42:00,logout,mobile
U00710,2026-03-31 03:28:00,session_start,web
U00710,2026-03-23 10:09:00,session_end,
U00710,2026-04-01 13:37:00,Login,mobile
U00710,2026-03-31 11:05:00,page_view,Web
U00710,2026-03-29 16:34:00,logout,web
U00710,2026-03-30 23:29:00,page_view,web
U00710,2026-03-30 21:20:00,Login,mobile
U00710,2026-03-28 12:01:00,page_view,web
U00710,2026-03-19 18:15:00,logout,web
U00710,2026-03-18 07:54:00,session_end,mobile
U00711,2026-04-08 18:30:00,LOGIN ,mobile
U00711,2026-04-05 10:22:00,login,mobile
U00711,2026-04-06 13:02:00,session_end,web
U00711,2026-04-06 16:20:00,logout,web
U00711,2026-04-08 16:45:00,login,web
U00711,2026-03-30 10:03:00,Login,Web
U00711,2026-03-29 22:29:00,Login,
U00711,2026-03-27 10:59:00,page_view,
U00711,2026-03-29 12:48:00,session_start,mobile
U00712,2026-06-13 14:05:00,Login,Web
U00712,2026-06-07 23:38:00,session_start,mobile
U00712,2026-06-02 11:15:00,logout,web
U00712,2026-06-10 00:40:00,LOGIN ,Web
U00713,2026-06-24 13:05:00,LOGIN ,Web
U00713,2026-06-18 21:15:00,login,Web
U00713,2026-06-24 12:52:00,session_start,mobile
U00713,2026-06-20 15:36:00,Login,Web
U00713,2026-06-16 03:06:00,session_start,Web
U00713,2026-06-14 12:43:00,session_end,web
U00714,2026-05-12 04:53:00,session_end,mobile
U00714,2026-05-09 15:11:00,session_start,web
U00714,2026-05-15 05:34:00,session_end,
U00714,2026-05-14 20:24:00,session_start,web
U00714,2026-05-07 07:18:00,Login,web
U00714,2026-05-08 08:16:00,login,
U00714,2026-05-03 01:57:00,login,
U00714,2026-05-07 20:57:00,Login,Web
U00715,2026-06-06 20:58:00,LOGIN ,
U00715,2026-06-11 08:02:00,LOGIN ,web
U00716,2026-05-30 06:42:00,session_end,web
U00716,2026-06-01 15:13:00,login,Web
U00717,2026-05-17 15:26:00,Login,
U00717,2026-05-17 16:55:00,login,Web
U00717,2026-05-25 08:43:00,LOGIN ,
U00717,2026-05-16 16:48:00,session_end,mobile
U00718,2026-04-17 10:50:00,Login,web
U00718,2026-04-17 13:36:00,logout,web
U00718,2026-04-14 15:25:00,LOGIN ,web
U00718,2026-04-17 05:11:00,session_end,Web
U00718,2026-04-17 16:29:00,logout,Web
U00718,2026-04-21 10:48:00,LOGIN ,web
U00718,2026-04-21 22:15:00,logout,Web
U00719,2026-03-12 23:57:00,session_start,mobile
U00719,2026-03-17 15:07:00,session_start,Web
U00719,2026-03-18 06:01:00,page_view,
U00719,2026-03-16 17:35:00,login,web
U00720,2026-02-10 12:53:00,logout,Web
U00720,2026-02-10 23:49:00,logout,web
U00720,2026-02-01 09:13:00,session_end,web
U00720,2026-02-06 15:13:00,session_end,
U00720,2026-02-05 20:47:00,LOGIN ,mobile
U00720,2026-02-09 07:13:00,session_start,Web
U00720,2026-02-10 15:28:00,login,Web
U00720,2026-01-30 07:45:00,login,web
U00720,2026-02-07 03:22:00,Login,
U00721,2026-04-23 05:34:00,Login,
U00721,2026-04-25 11:16:00,logout,mobile
U00721,2026-04-23 08:04:00,page_view,mobile
U00721,2026-05-06 07:57:00,login,web
U00721,2026-05-04 20:22:00,session_start,
U00721,2026-04-25 00:17:00,logout,Web
U00721,2026-04-24 00:03:00,page_view,
U00721,2026-05-04 18:53:00,page_view,Web
U00722,2026-04-17 18:13:00,Login,Web
U00722,2026-04-21 07:53:00,session_end,web
U00722,2026-04-16 19:30:00,page_view,Web
U00722,2026-04-17 20:59:00,Login,mobile
U00722,2026-04-28 08:34:00,session_start,web
U00722,2026-04-25 23:47:00,session_end,
U00723,2026-04-18 23:24:00,LOGIN ,
U00723,2026-04-19 05:11:00,LOGIN ,web
U00724,2026-05-08 09:50:00,Login,mobile
U00724,2026-05-05 00:16:00,logout,mobile
U00724,2026-05-03 13:06:00,login,web
U00724,2026-05-01 06:19:00,session_start,
U00724,2026-05-02 22:24:00,Login,web
U00724,2026-05-08 00:09:00,session_end,
U00724,2026-05-08 22:41:00,Login,web
U00725,2026-01-30 04:49:00,login,web
U00725,2026-01-25 10:49:00,logout,mobile
U00725,2026-01-22 13:46:00,Login,web
U00725,2026-01-25 11:12:00,session_start,web
U00725,2026-01-16 10:29:00,session_start,Web
U00725,2026-01-16 01:06:00,session_start,mobile
U00725,2026-01-18 10:51:00,session_end,web
U00725,2026-01-16 14:13:00,session_end,
U00725,2026-01-17 06:48:00,logout,web
U00725,2026-01-26 14:10:00,Login,web
U00725,2026-01-17 06:34:00,logout,
U00725,2026-01-25 01:47:00,session_end,
U00725,2026-01-30 02:41:00,session_start,
U00726,2026-02-25 05:07:00,login,Web
U00726,2026-02-28 22:49:00,LOGIN ,
U00726,2026-03-07 03:31:00,login,mobile
U00726,2026-03-03 02:30:00,logout,web
U00726,2026-03-02 08:19:00,Login,
U00726,2026-02-23 04:52:00,Login,Web
U00726,2026-02-27 04:11:00,LOGIN ,mobile
U00726,2026-02-24 20:25:00,login,mobile
U00726,2026-02-28 05:13:00,session_end,Web
U00727,2026-05-27 02:09:00,page_view,web
U00727,2026-05-24 08:19:00,page_view,
U00727,2026-05-27 15:56:00,Login,
U00727,2026-05-24 00:13:00,page_view,mobile
U00727,2026-05-21 20:40:00,LOGIN ,Web
U00727,2026-05-16 07:59:00,Login,
U00727,2026-05-21 02:41:00,session_start,Web
U00727,2026-05-26 17:01:00,page_view,mobile
U00727,2026-05-19 11:52:00,page_view,Web
U00727,2026-05-24 17:22:00,login,
U00727,2026-05-15 04:06:00,login,web
U00728,2026-02-19 17:37:00,logout,web
U00728,2026-02-16 13:34:00,session_start,Web
U00728,2026-02-25 19:51:00,session_end,
U00728,2026-02-18 15:35:00,session_start,
U00728,2026-02-16 06:29:00,session_start,web
U00728,2026-02-28 00:32:00,session_end,Web
U00729,2026-05-24 14:16:00,login,mobile
U00729,2026-05-27 21:35:00,login,web
U00729,2026-05-29 01:31:00,LOGIN ,mobile
U00729,2026-05-21 13:19:00,login,web
U00729,2026-05-26 18:47:00,page_view,mobile
U00729,2026-05-26 19:46:00,page_view,mobile
U00729,2026-06-02 06:50:00,LOGIN ,mobile
U00729,2026-05-24 17:17:00,session_end,
U00729,2026-05-24 14:02:00,session_end,mobile
U00729,2026-05-21 07:36:00,session_end,
U00730,2026-06-11 08:27:00,Login,mobile
U00730,2026-06-17 00:10:00,login,mobile
U00730,2026-06-09 23:46:00,session_start,mobile
U00730,2026-06-19 00:22:00,LOGIN ,web
U00730,2026-06-20 06:48:00,Login,web
U00730,2026-06-06 00:01:00,session_end,
U00730,2026-06-09 09:47:00,page_view,
U00730,2026-06-13 07:37:00,login,web
U00730,2026-06-06 16:33:00,session_end,web
U00730,2026-06-07 08:07:00,session_start,web
U00731,2026-03-05 18:54:00,logout,web
U00731,2026-03-11 18:48:00,page_view,mobile
U00731,2026-03-18 07:08:00,page_view,
U00731,2026-03-08 14:47:00,logout,
U00731,2026-03-16 22:39:00,login,
U00731,2026-03-05 17:50:00,page_view,Web
U00732,2026-03-03 17:53:00,login,
U00732,2026-03-06 08:24:00,Login,web
U00732,2026-02-27 00:58:00,session_end,Web
U00732,2026-03-09 07:15:00,session_start,web
U00732,2026-03-13 03:46:00,logout,mobile
U00732,2026-03-06 02:59:00,login,web
U00732,2026-03-04 02:42:00,session_end,Web
U00732,2026-03-10 08:21:00,session_end,mobile
U00732,2026-03-11 18:51:00,LOGIN ,mobile
U00732,2026-02-27 06:40:00,LOGIN ,web
U00732,2026-02-28 11:13:00,LOGIN ,mobile
U00732,2026-03-03 13:26:00,login,
U00732,2026-03-04 12:36:00,session_end,Web
U00733,2026-05-10 18:56:00,page_view,Web
U00733,2026-05-19 12:27:00,session_start,mobile
U00733,2026-05-17 01:06:00,login,mobile
U00733,2026-05-10 20:46:00,login,mobile
U00733,2026-05-17 17:58:00,login,mobile
U00733,2026-05-20 04:41:00,Login,
U00734,2026-04-09 09:00:00,Login,
U00734,2026-04-02 01:33:00,LOGIN ,web
U00734,2026-04-07 08:44:00,LOGIN ,mobile
U00735,2026-03-19 07:50:00,LOGIN ,mobile
U00735,2026-03-18 09:10:00,Login,Web
U00735,2026-03-19 00:00:00,LOGIN ,web
U00735,2026-03-14 19:06:00,logout,mobile
U00735,2026-03-20 22:21:00,login,web
U00735,2026-03-22 13:04:00,page_view,mobile
U00735,2026-03-24 20:20:00,LOGIN ,web
U00735,2026-03-16 21:55:00,session_start,web
U00735,2026-03-26 01:03:00,session_start,mobile
U00735,2026-03-15 01:16:00,session_start,
U00735,2026-03-12 01:05:00,Login,mobile
U00736,2026-06-04 04:29:00,login,web
U00736,2026-05-28 23:56:00,page_view,mobile
U00737,2026-04-11 04:36:00,page_view,
U00737,2026-04-09 11:05:00,Login,web
U00737,2026-04-18 08:34:00,page_view,Web
U00737,2026-04-08 15:47:00,session_start,
U00738,2026-02-19 10:14:00,logout,Web
U00738,2026-02-11 12:46:00,login,Web
U00738,2026-02-17 05:57:00,Login,
U00738,2026-02-13 07:54:00,page_view,Web
U00738,2026-02-13 00:06:00,session_end,web
U00738,2026-02-12 07:00:00,LOGIN ,
U00738,2026-02-18 23:51:00,page_view,mobile
U00738,2026-02-18 09:31:00,logout,mobile
U00738,2026-02-11 07:22:00,session_end,
U00738,2026-02-08 15:26:00,session_end,mobile
U00739,2026-03-17 10:48:00,login,mobile
U00739,2026-03-28 14:42:00,Login,
U00739,2026-03-22 00:32:00,session_start,
U00740,2026-04-10 12:59:00,LOGIN ,
U00740,2026-04-01 04:17:00,login,
U00741,2026-03-21 13:54:00,session_end,
U00741,2026-03-15 08:50:00,session_end,Web
U00741,2026-03-14 14:53:00,login,mobile
U00742,2026-03-02 01:40:00,Login,Web
U00742,2026-02-21 01:26:00,login,Web
U00742,2026-03-01 18:30:00,LOGIN ,mobile
U00742,2026-02-23 07:20:00,logout,Web
U00742,2026-03-05 06:19:00,login,Web
U00742,2026-03-04 13:56:00,page_view,
U00742,2026-03-01 04:07:00,Login,web
U00742,2026-02-26 20:27:00,logout,Web
U00742,2026-03-02 23:48:00,LOGIN ,mobile
U00742,2026-02-26 08:36:00,logout,mobile
U00743,2026-05-24 12:42:00,page_view,Web
U00743,2026-06-05 09:41:00,logout,web
U00743,2026-06-05 03:06:00,page_view,
U00743,2026-06-05 06:34:00,session_end,web
U00743,2026-06-01 04:29:00,Login,web
U00743,2026-06-06 21:27:00,Login,Web
U00744,2026-02-08 10:43:00,session_end,Web
U00744,2026-02-13 16:51:00,Login,web
U00744,2026-02-13 16:17:00,session_end,
U00744,2026-02-13 00:25:00,session_start,Web
U00744,2026-02-18 00:22:00,logout,web
U00744,2026-02-18 03:02:00,Login,web
U00745,2026-03-05 11:19:00,Login,Web
U00745,2026-03-04 23:11:00,Login,web
U00745,2026-03-04 22:25:00,login,Web
U00745,2026-03-12 23:33:00,session_start,web
U00745,2026-03-16 07:31:00,Login,web
U00746,2026-05-27 23:41:00,logout,
U00746,2026-05-16 01:12:00,Login,web
U00746,2026-05-27 06:06:00,session_end,
U00746,2026-05-24 18:39:00,session_end,web
U00747,2026-03-02 02:51:00,LOGIN ,web
U00747,2026-03-01 06:19:00,session_start,web
U00747,2026-03-04 03:48:00,page_view,
U00747,2026-03-12 03:37:00,logout,
U00747,2026-03-13 20:35:00,session_start,web
U00747,2026-03-13 23:06:00,page_view,
U00747,2026-03-15 04:48:00,LOGIN ,web
U00748,2026-04-06 16:16:00,login,Web
U00748,2026-04-08 20:29:00,logout,Web
U00748,2026-04-08 11:58:00,login,web
U00749,2026-02-06 06:28:00,LOGIN ,mobile
U00749,2026-02-10 16:10:00,page_view,web
U00749,2026-02-05 15:59:00,Login,
U00749,2026-02-13 23:00:00,session_start,mobile
U00749,2026-02-17 14:38:00,logout,web
U00750,2026-04-26 07:29:00,login,
U00751,2026-05-04 13:01:00,session_end,web
U00751,2026-05-15 19:30:00,logout,mobile
U00751,2026-05-05 06:43:00,session_end,
U00751,2026-05-07 15:31:00,logout,web
U00751,2026-05-11 06:31:00,LOGIN ,mobile
U00751,2026-05-03 14:56:00,session_start,web
U00751,2026-05-17 00:11:00,logout,Web
U00751,2026-05-11 00:43:00,page_view,Web
U00752,2026-03-27 11:29:00,logout,web
U00752,2026-03-15 05:41:00,LOGIN ,Web
U00752,2026-03-18 04:13:00,session_start,mobile
U00753,2026-01-25 03:25:00,session_end,web
U00753,2026-02-04 12:38:00,page_view,
U00753,2026-01-31 11:54:00,session_start,Web
U00753,2026-01-29 21:30:00,login,
U00753,2026-02-04 14:43:00,page_view,Web
U00753,2026-01-24 13:39:00,page_view,web
U00753,2026-01-26 18:54:00,LOGIN ,mobile
U00753,2026-01-24 10:03:00,page_view,web
U00753,2026-02-05 13:57:00,LOGIN ,mobile
U00753,2026-01-29 02:00:00,session_start,web
U00754,2026-03-04 06:23:00,login,Web
U00754,2026-03-15 05:18:00,logout,mobile
U00754,2026-03-12 23:44:00,login,mobile
U00754,2026-03-10 04:18:00,session_end,Web
U00754,2026-03-09 02:14:00,login,web
U00754,2026-03-05 03:47:00,session_start,web
U00755,2026-02-27 00:20:00,logout,mobile
U00755,2026-02-14 04:06:00,LOGIN ,web
U00755,2026-02-20 15:46:00,LOGIN ,
U00756,2026-04-23 09:25:00,page_view,mobile
U00756,2026-04-15 21:55:00,session_end,Web
U00757,2026-03-19 09:35:00,login,web
U00757,2026-03-16 10:01:00,logout,web
U00757,2026-03-30 08:58:00,session_start,
U00757,2026-03-20 04:31:00,session_end,
U00757,2026-03-29 03:20:00,session_start,mobile
U00757,2026-03-24 10:20:00,page_view,web
U00757,2026-03-18 17:49:00,login,
U00758,2026-04-01 15:21:00,logout,web
U00758,2026-03-20 07:37:00,LOGIN ,
U00758,2026-03-26 03:21:00,LOGIN ,Web
U00758,2026-03-20 12:54:00,page_view,web
U00758,2026-03-30 21:51:00,session_end,
U00758,2026-03-20 07:46:00,session_start,web
U00758,2026-03-20 09:50:00,LOGIN ,
U00759,2026-04-08 23:53:00,LOGIN ,Web
U00759,2026-04-02 14:29:00,Login,web
U00759,2026-04-01 02:28:00,login,web
U00759,2026-04-03 06:03:00,logout,
U00759,2026-03-28 11:24:00,logout,Web
U00760,2026-06-26 20:30:00,session_end,mobile
U00761,2026-05-14 21:46:00,login,mobile
U00761,2026-05-08 15:20:00,LOGIN ,mobile
U00761,2026-05-15 00:49:00,Login,
U00761,2026-05-11 02:53:00,LOGIN ,Web
U00761,2026-05-18 14:42:00,Login,
U00761,2026-05-07 05:36:00,Login,Web
U00761,2026-05-11 12:43:00,session_end,
U00761,2026-05-09 14:11:00,session_end,Web
U00761,2026-05-07 14:26:00,session_start,Web
U00762,2026-05-02 00:28:00,page_view,
U00762,2026-05-10 06:09:00,session_start,web
U00762,2026-05-13 22:13:00,LOGIN ,mobile
U00762,2026-05-11 17:58:00,session_start,
U00763,2026-02-04 22:08:00,LOGIN ,mobile
U00763,2026-02-01 16:27:00,page_view,
U00763,2026-02-07 01:26:00,page_view,web
U00763,2026-02-10 08:33:00,session_end,
U00764,2026-05-07 21:14:00,Login,web
U00764,2026-05-09 10:49:00,LOGIN ,mobile
U00764,2026-05-02 00:22:00,logout,web
U00764,2026-05-08 16:53:00,session_end,mobile
U00764,2026-05-05 06:36:00,session_start,web
U00764,2026-05-12 10:38:00,logout,
U00765,2026-02-23 08:49:00,login,Web
U00765,2026-02-20 21:41:00,page_view,Web
U00765,2026-02-23 14:03:00,page_view,
U00765,2026-02-25 19:56:00,session_start,
U00765,2026-02-28 10:22:00,LOGIN ,mobile
U00765,2026-02-23 02:37:00,page_view,web
U00766,2026-03-31 16:16:00,Login,mobile
U00766,2026-04-04 06:55:00,session_start,mobile
U00766,2026-04-04 23:13:00,Login,web
U00766,2026-04-08 05:11:00,page_view,mobile
U00766,2026-04-04 03:06:00,logout,web
U00766,2026-04-10 14:53:00,LOGIN ,
U00766,2026-04-03 19:07:00,session_start,web
U00766,2026-04-03 05:03:00,logout,Web
U00766,2026-03-30 19:56:00,session_end,Web
U00766,2026-03-29 09:17:00,logout,
U00766,2026-04-06 17:14:00,login,Web
U00767,2026-02-21 03:53:00,session_start,web
U00767,2026-02-22 18:54:00,logout,mobile
U00767,2026-02-21 00:57:00,Login,
U00767,2026-02-28 17:00:00,login,Web
U00767,2026-02-21 21:25:00,LOGIN ,
U00767,2026-03-04 02:03:00,session_start,web
U00767,2026-03-04 02:28:00,session_start,web
U00767,2026-03-05 06:51:00,login,
U00767,2026-03-05 06:28:00,logout,web
U00767,2026-03-05 10:43:00,login,web
U00768,2026-06-17 18:12:00,Login,mobile
U00768,2026-06-19 14:11:00,LOGIN ,Web
U00768,2026-06-19 18:14:00,logout,web
U00768,2026-06-26 14:10:00,session_end,Web
U00768,2026-06-25 14:27:00,Login,web
U00768,2026-06-21 07:36:00,login,
U00768,2026-06-25 10:16:00,login,mobile
U00768,2026-06-27 11:39:00,page_view,Web
U00768,2026-06-14 22:38:00,Login,mobile
U00768,2026-06-15 14:44:00,Login,
U00769,2026-03-27 17:55:00,login,mobile
U00769,2026-04-08 18:07:00,logout,
U00769,2026-03-28 11:41:00,login,Web
U00769,2026-04-06 18:52:00,session_start,web
U00769,2026-03-27 13:45:00,session_start,
U00769,2026-03-31 20:21:00,logout,mobile
U00769,2026-04-01 05:35:00,page_view,Web
U00769,2026-03-30 06:37:00,session_start,Web
U00769,2026-04-03 23:40:00,session_end,Web
U00770,2026-01-25 14:46:00,login,
U00770,2026-01-29 00:26:00,page_view,
U00770,2026-01-30 13:54:00,logout,web
U00770,2026-01-27 01:34:00,login,web
U00770,2026-02-03 05:38:00,login,mobile
U00770,2026-01-27 02:57:00,LOGIN ,Web
U00770,2026-02-08 07:39:00,login,Web
U00771,2026-05-07 17:36:00,login,mobile
U00771,2026-05-05 05:22:00,Login,mobile
U00771,2026-05-06 05:00:00,Login,mobile
U00771,2026-05-08 02:02:00,Login,Web
U00772,2026-01-16 20:51:00,LOGIN ,Web
U00772,2026-01-15 01:07:00,session_end,mobile
U00772,2026-01-07 09:21:00,logout,web
U00772,2026-01-05 12:37:00,session_end,Web
U00772,2026-01-13 06:39:00,Login,mobile
U00772,2026-01-05 05:18:00,logout,mobile
U00772,2026-01-08 05:37:00,session_start,mobile
U00773,2026-03-02 17:01:00,LOGIN ,mobile
U00773,2026-03-03 04:53:00,logout,Web
U00774,2026-04-07 08:05:00,Login,web
U00774,2026-04-02 10:48:00,session_end,
U00774,2026-03-31 19:38:00,session_end,mobile
U00774,2026-03-26 03:09:00,Login,
U00775,2026-01-09 06:04:00,session_start,
U00775,2026-01-07 18:23:00,LOGIN ,mobile
U00775,2026-01-04 00:24:00,Login,Web
U00775,2026-01-13 02:36:00,Login,
U00775,2026-01-08 19:50:00,login,mobile
U00775,2026-01-05 12:28:00,login,mobile
U00775,2026-01-04 15:23:00,Login,
U00776,2026-03-04 13:54:00,LOGIN ,
U00776,2026-03-07 04:42:00,logout,
U00776,2026-03-06 12:06:00,Login,web
U00777,2026-02-14 19:27:00,login,
U00777,2026-02-12 07:01:00,login,mobile
U00778,2026-02-20 23:56:00,session_end,Web
U00778,2026-02-15 04:17:00,login,mobile
U00778,2026-02-12 22:06:00,login,Web
U00778,2026-02-21 07:55:00,LOGIN ,Web
U00778,2026-02-10 10:06:00,LOGIN ,mobile
U00778,2026-02-21 04:06:00,session_end,web
U00779,2026-05-13 07:42:00,logout,web
U00779,2026-05-17 14:31:00,session_end,
U00779,2026-05-19 04:16:00,session_start,mobile
U00780,2026-06-18 22:47:00,LOGIN ,mobile
U00780,2026-06-15 02:32:00,session_end,mobile
U00780,2026-06-24 08:40:00,logout,Web
U00780,2026-06-24 17:50:00,login,mobile
U00780,2026-06-24 00:19:00,logout,
U00780,2026-06-20 01:27:00,session_start,
U00780,2026-06-26 18:12:00,Login,mobile
U00780,2026-06-25 05:37:00,session_end,
U00781,2026-03-03 03:22:00,logout,web
U00781,2026-02-28 10:29:00,page_view,Web
U00781,2026-03-04 08:03:00,session_end,Web
U00781,2026-03-08 16:50:00,logout,Web
U00781,2026-03-09 16:33:00,Login,mobile
U00781,2026-03-10 10:44:00,session_start,
U00781,2026-02-28 12:50:00,Login,web
U00781,2026-03-09 16:17:00,session_start,
U00782,2026-02-11 21:37:00,logout,mobile
U00782,2026-02-14 09:59:00,Login,Web
U00782,2026-02-20 11:05:00,logout,
U00782,2026-02-11 17:10:00,Login,mobile
U00783,2026-06-18 11:00:00,logout,web
U00783,2026-06-13 05:22:00,page_view,
U00783,2026-06-07 09:28:00,Login,
U00783,2026-06-08 18:48:00,LOGIN ,mobile
U00783,2026-06-15 00:05:00,logout,mobile
U00784,2026-06-02 05:15:00,LOGIN ,web
U00784,2026-05-25 18:36:00,Login,web
U00784,2026-06-02 00:38:00,page_view,
U00784,2026-05-27 05:53:00,page_view,
U00784,2026-05-21 04:26:00,session_start,web
U00784,2026-05-25 10:52:00,logout,web
U00784,2026-05-30 11:27:00,Login,mobile
U00784,2026-05-22 15:53:00,LOGIN ,web
U00785,2026-03-05 22:14:00,session_end,web
U00785,2026-03-05 23:48:00,login,mobile
U00785,2026-03-08 11:48:00,Login,mobile
U00785,2026-03-07 05:19:00,logout,
U00786,2026-01-22 02:37:00,Login,
U00786,2026-02-03 00:44:00,login,
U00786,2026-01-21 16:09:00,session_start,
U00786,2026-01-31 01:20:00,session_start,Web
U00786,2026-01-27 03:59:00,page_view,
U00786,2026-02-03 01:30:00,session_start,mobile
U00786,2026-01-27 09:13:00,page_view,Web
U00787,2026-04-03 00:36:00,LOGIN ,mobile
U00787,2026-04-10 05:12:00,LOGIN ,
U00787,2026-04-04 14:52:00,session_start,mobile
U00787,2026-04-16 07:43:00,login,mobile
U00787,2026-04-16 06:50:00,session_start,web
U00787,2026-04-03 20:59:00,logout,Web
U00787,2026-04-07 22:05:00,session_start,Web
U00787,2026-04-05 06:45:00,login,
U00787,2026-04-08 08:57:00,logout,Web
U00787,2026-04-04 23:12:00,session_start,mobile
U00787,2026-04-10 15:42:00,session_start,Web
U00787,2026-04-10 13:57:00,logout,web
U00787,2026-04-09 22:13:00,logout,Web
U00788,2026-01-25 09:11:00,session_end,web
U00788,2026-01-29 08:56:00,session_start,web
U00788,2026-01-23 10:54:00,LOGIN ,web
U00788,2026-01-24 17:28:00,login,web
U00788,2026-01-29 15:39:00,session_end,mobile
U00788,2026-01-18 09:44:00,Login,web
U00788,2026-01-30 05:18:00,session_end,mobile
U00789,2026-02-28 09:17:00,logout,Web
U00789,2026-02-22 15:10:00,Login,Web
U00789,2026-02-26 13:49:00,LOGIN ,mobile
U00789,2026-03-01 12:36:00,LOGIN ,
U00789,2026-03-02 00:10:00,LOGIN ,Web
U00790,2026-02-20 17:23:00,page_view,mobile
U00790,2026-02-14 04:26:00,session_end,web
U00790,2026-02-12 22:29:00,Login,mobile
U00790,2026-02-16 13:46:00,page_view,Web
U00790,2026-02-09 20:00:00,login,Web
U00791,2026-05-17 16:55:00,LOGIN ,Web
U00791,2026-05-21 23:17:00,Login,web
U00791,2026-05-20 23:17:00,Login,Web
U00791,2026-05-26 18:38:00,login,web
U00791,2026-05-23 07:30:00,session_end,web
U00791,2026-05-18 21:27:00,login,Web
U00791,2026-05-21 20:40:00,session_start,web
U00791,2026-05-18 07:29:00,session_end,Web
U00791,2026-05-18 06:29:00,login,
U00792,2026-03-05 12:05:00,session_end,
U00792,2026-03-07 20:54:00,LOGIN ,
U00792,2026-02-26 13:54:00,session_start,mobile
U00792,2026-03-04 12:48:00,Login,
U00792,2026-03-02 02:23:00,page_view,Web
U00792,2026-03-08 22:05:00,session_end,Web
U00792,2026-03-07 16:47:00,session_end,web
U00793,2026-05-06 04:28:00,session_start,mobile
U00793,2026-05-15 03:00:00,logout,Web
U00793,2026-05-11 01:44:00,session_start,
U00793,2026-05-06 09:15:00,LOGIN ,
U00794,2026-05-07 13:02:00,LOGIN ,web
U00795,2026-05-15 22:15:00,session_start,Web
U00795,2026-05-26 13:37:00,session_end,mobile
U00795,2026-05-15 00:25:00,session_start,
U00795,2026-05-22 06:01:00,logout,
U00796,2026-06-01 22:50:00,login,mobile
U00796,2026-05-27 23:11:00,session_start,
U00796,2026-06-08 15:58:00,session_end,Web
U00796,2026-06-06 02:39:00,login,
U00796,2026-06-02 20:32:00,session_start,Web
U00796,2026-05-28 16:48:00,LOGIN ,web
U00796,2026-05-31 15:48:00,Login,
U00796,2026-05-28 09:43:00,logout,mobile
U00797,2026-03-31 16:44:00,session_end,
U00797,2026-03-26 00:47:00,logout,Web
U00797,2026-04-01 20:20:00,logout,web
U00798,2026-04-25 21:40:00,LOGIN ,mobile
U00798,2026-04-14 03:44:00,session_start,web
U00798,2026-04-16 20:54:00,session_end,
U00798,2026-04-24 22:48:00,login,
U00798,2026-04-22 23:28:00,login,
U00798,2026-04-18 06:11:00,logout,web
U00798,2026-04-24 02:25:00,logout,mobile
U00798,2026-04-21 21:57:00,login,
U00798,2026-04-15 18:37:00,Login,web
U00798,2026-04-22 18:52:00,session_end,mobile
U00799,2026-03-04 03:35:00,Login,
U00799,2026-03-08 10:56:00,logout,mobile
U00800,2026-05-01 07:29:00,login,
U00800,2026-04-30 00:34:00,session_start,Web
U00800,2026-04-28 08:10:00,session_start,Web
U00800,2026-04-21 00:13:00,page_view,mobile
U00800,2026-05-03 02:43:00,logout,mobile
U00801,2026-01-22 09:43:00,page_view,web
U00802,2026-05-02 09:22:00,logout,
U00802,2026-05-08 00:24:00,session_end,mobile
U00802,2026-05-02 19:21:00,logout,
U00802,2026-05-04 00:23:00,LOGIN ,mobile
U00802,2026-05-05 07:35:00,session_end,Web
U00803,2026-04-25 07:51:00,login,mobile
U00803,2026-04-27 22:43:00,logout,web
U00803,2026-04-22 23:34:00,login,
U00803,2026-04-22 16:55:00,login,
U00803,2026-04-25 12:41:00,LOGIN ,mobile
U00803,2026-04-25 03:21:00,page_view,web
U00803,2026-04-16 12:41:00,logout,Web
U00803,2026-04-29 18:58:00,page_view,mobile
U00803,2026-04-29 20:32:00,login,Web
U00803,2026-04-15 06:28:00,logout,web
U00804,2026-04-07 15:03:00,session_end,mobile
U00804,2026-04-12 20:19:00,login,
U00804,2026-04-20 01:13:00,login,web
U00804,2026-04-14 20:57:00,logout,web
U00804,2026-04-13 05:25:00,Login,mobile
U00805,2026-04-16 13:35:00,Login,Web
U00805,2026-04-20 09:53:00,session_end,Web
U00805,2026-04-19 00:42:00,logout,web
U00806,2026-02-11 04:33:00,session_end,Web
U00806,2026-02-13 05:41:00,page_view,
U00806,2026-02-14 08:05:00,login,
U00806,2026-02-12 00:27:00,session_end,web
U00806,2026-02-15 19:56:00,session_start,web
U00806,2026-02-06 15:25:00,session_start,mobile
U00806,2026-02-04 17:02:00,session_end,mobile
U00806,2026-02-17 00:15:00,session_end,web
U00807,2026-02-07 01:40:00,logout,mobile
U00807,2026-02-14 13:12:00,page_view,Web
U00807,2026-02-04 08:13:00,LOGIN ,
U00807,2026-02-10 20:11:00,page_view,Web
U00807,2026-02-05 16:43:00,logout,
U00808,2026-05-30 00:05:00,Login,web
U00808,2026-05-27 23:18:00,logout,mobile
U00808,2026-05-20 05:42:00,LOGIN ,mobile
U00808,2026-05-22 19:01:00,session_end,web
U00808,2026-05-30 04:14:00,session_start,Web
U00808,2026-05-19 00:11:00,session_end,Web
U00808,2026-05-25 14:25:00,logout,web
U00808,2026-05-19 19:24:00,page_view,
U00808,2026-05-16 04:58:00,logout,Web
U00809,2026-03-02 12:20:00,Login,Web
U00809,2026-02-27 11:22:00,Login,
U00809,2026-03-03 16:48:00,login,
U00809,2026-03-11 11:49:00,LOGIN ,web
U00809,2026-03-02 12:52:00,page_view,Web
U00809,2026-03-12 16:34:00,Login,web
U00809,2026-03-04 22:36:00,session_start,
U00809,2026-03-02 16:23:00,LOGIN ,
U00809,2026-03-05 04:12:00,Login,mobile
U00809,2026-03-05 01:24:00,session_start,
U00809,2026-03-08 19:33:00,session_start,Web
U00809,2026-03-08 02:08:00,LOGIN ,Web
U00809,2026-03-08 15:58:00,logout,mobile
U00810,2026-05-01 23:03:00,LOGIN ,mobile
U00810,2026-05-08 16:24:00,Login,mobile
U00810,2026-05-05 18:39:00,Login,web
U00810,2026-05-05 13:25:00,login,
U00810,2026-05-13 18:37:00,session_start,mobile
U00811,2026-04-22 11:24:00,session_end,mobile
U00811,2026-04-28 23:38:00,logout,mobile
U00811,2026-04-22 10:48:00,session_end,
U00811,2026-05-02 12:35:00,session_end,
U00811,2026-04-30 15:28:00,session_end,mobile
U00811,2026-04-24 13:00:00,LOGIN ,web
U00811,2026-04-22 08:33:00,Login,web
U00811,2026-04-27 08:57:00,session_end,mobile
U00812,2026-03-01 10:12:00,session_end,mobile
U00812,2026-03-12 19:05:00,Login,mobile
U00812,2026-03-06 00:01:00,login,web
U00812,2026-03-04 09:03:00,page_view,
U00812,2026-03-14 12:09:00,logout,web
U00812,2026-03-12 09:47:00,page_view,mobile
U00812,2026-03-13 01:55:00,LOGIN ,web
U00812,2026-03-03 09:07:00,login,mobile
U00812,2026-03-08 18:31:00,LOGIN ,mobile
U00812,2026-03-14 20:53:00,session_end,
U00813,2026-04-01 01:37:00,session_end,
U00813,2026-04-09 10:53:00,page_view,
U00813,2026-04-03 05:47:00,logout,mobile
U00814,2026-02-22 00:21:00,session_end,mobile
U00814,2026-02-18 16:11:00,Login,Web
U00814,2026-03-03 07:01:00,session_end,
U00814,2026-02-24 13:38:00,logout,web
U00814,2026-02-27 08:35:00,session_end,
U00814,2026-02-20 18:52:00,logout,web
U00815,2026-01-19 11:25:00,session_end,mobile
U00815,2026-01-23 00:05:00,session_start,Web
U00815,2026-01-12 20:59:00,login,
U00815,2026-01-18 13:26:00,login,
U00815,2026-01-18 10:30:00,Login,Web
U00815,2026-01-22 00:19:00,Login,Web
U00815,2026-01-16 08:07:00,page_view,mobile
U00815,2026-01-14 07:04:00,page_view,mobile
U00815,2026-01-16 21:39:00,LOGIN ,
U00815,2026-01-10 00:03:00,session_start,
U00815,2026-01-16 06:41:00,Login,web
U00815,2026-01-16 11:03:00,Login,
U00815,2026-01-10 18:48:00,page_view,mobile
U00815,2026-01-09 04:44:00,LOGIN ,web
U00815,2026-01-18 06:33:00,session_start,mobile
U00816,2026-01-08 14:02:00,Login,Web
U00816,2026-01-16 05:51:00,LOGIN ,Web
U00816,2026-01-09 14:18:00,session_end,web
U00817,2026-01-30 08:31:00,session_start,web
U00817,2026-01-25 23:34:00,session_start,mobile
U00817,2026-01-30 07:20:00,login,web
U00817,2026-01-29 15:26:00,LOGIN ,web
U00817,2026-01-30 19:04:00,logout,
U00817,2026-01-28 01:58:00,page_view,Web
U00817,2026-01-19 15:44:00,Login,mobile
U00817,2026-01-31 17:37:00,LOGIN ,web
U00818,2026-04-29 11:24:00,Login,Web
U00818,2026-04-25 19:52:00,login,Web
U00818,2026-05-03 00:22:00,LOGIN ,web
U00818,2026-05-06 23:51:00,login,Web
U00818,2026-05-09 14:16:00,LOGIN ,
U00818,2026-05-05 11:15:00,session_end,web
U00819,2026-01-27 12:03:00,page_view,
U00819,2026-01-26 15:00:00,login,Web
U00819,2026-01-13 18:15:00,logout,web
U00819,2026-01-24 09:20:00,LOGIN ,web
U00819,2026-01-21 08:01:00,logout,mobile
U00819,2026-01-22 22:34:00,Login,mobile
U00819,2026-01-14 17:01:00,page_view,mobile
U00819,2026-01-22 12:25:00,logout,mobile
U00819,2026-01-25 23:46:00,login,mobile
U00819,2026-01-21 11:58:00,logout,
U00820,2026-01-22 08:40:00,page_view,web
U00820,2026-01-22 14:34:00,session_end,web
U00820,2026-01-14 12:20:00,Login,Web
U00820,2026-01-13 12:18:00,page_view,
U00820,2026-01-23 19:13:00,logout,mobile
U00821,2026-03-12 07:21:00,page_view,
U00821,2026-03-03 06:03:00,Login,
U00821,2026-03-05 08:54:00,login,web
U00821,2026-03-13 13:31:00,login,
U00821,2026-03-01 19:10:00,login,web
U00822,2026-01-24 22:39:00,login,Web
U00823,2026-03-14 07:05:00,login,mobile
U00823,2026-03-11 04:51:00,session_start,
U00824,2026-03-24 03:21:00,session_end,Web
U00825,2026-04-01 10:35:00,login,Web
U00825,2026-03-26 12:15:00,Login,web
U00825,2026-03-25 19:41:00,session_start,web
U00825,2026-03-28 14:51:00,page_view,mobile
U00826,2026-05-16 00:20:00,Login,
U00826,2026-05-24 00:30:00,session_start,Web
U00826,2026-05-19 22:17:00,LOGIN ,
U00826,2026-05-25 22:50:00,login,mobile
U00826,2026-05-28 20:57:00,Login,web
U00826,2026-05-21 02:18:00,session_start,web
U00826,2026-05-27 19:36:00,LOGIN ,mobile
U00826,2026-05-23 08:26:00,logout,
U00826,2026-05-26 12:26:00,Login,
U00826,2026-05-16 07:20:00,page_view,
U00827,2026-03-26 00:23:00,Login,web
U00827,2026-03-14 23:24:00,login,Web
U00827,2026-03-12 04:23:00,session_start,
U00827,2026-03-12 06:58:00,session_start,
U00827,2026-03-12 10:59:00,logout,web
U00827,2026-03-18 07:02:00,session_start,
U00827,2026-03-15 13:53:00,login,Web
U00827,2026-03-12 04:46:00,session_end,web
U00827,2026-03-22 20:27:00,LOGIN ,web
U00827,2026-03-21 17:37:00,login,web
U00828,2026-06-14 06:37:00,login,web
U00828,2026-06-03 01:51:00,page_view,mobile
U00828,2026-06-11 00:09:00,LOGIN ,mobile
U00828,2026-06-01 19:16:00,LOGIN ,mobile
U00828,2026-06-12 06:49:00,session_start,Web
U00828,2026-06-10 14:44:00,session_end,Web
U00828,2026-06-04 03:36:00,page_view,mobile
U00828,2026-06-07 01:03:00,session_end,
U00829,2026-06-10 04:55:00,session_start,Web
U00829,2026-06-24 15:59:00,LOGIN ,Web
U00829,2026-06-14 08:40:00,session_end,mobile
U00829,2026-06-10 10:18:00,page_view,Web
U00829,2026-06-21 09:59:00,LOGIN ,mobile
U00829,2026-06-18 02:07:00,session_end,web
U00829,2026-06-20 17:07:00,page_view,
U00829,2026-06-15 20:22:00,session_end,mobile
U00830,2026-05-27 09:48:00,LOGIN ,
U00830,2026-05-29 05:55:00,Login,Web
U00830,2026-05-25 03:31:00,session_end,
U00830,2026-05-23 10:44:00,session_start,
U00830,2026-05-23 07:51:00,session_start,web
U00830,2026-06-04 13:53:00,Login,Web
U00830,2026-05-31 13:01:00,session_start,web
U00831,2026-06-18 14:55:00,page_view,mobile
U00831,2026-06-26 13:57:00,session_start,web
U00831,2026-06-16 06:22:00,logout,web
U00831,2026-06-19 16:23:00,login,web
U00831,2026-06-19 06:43:00,login,web
U00831,2026-06-21 07:43:00,page_view,web
U00831,2026-06-20 15:51:00,login,Web
U00832,2026-05-21 01:22:00,session_end,
U00832,2026-05-24 01:23:00,Login,mobile
U00832,2026-05-19 09:04:00,Login,mobile
U00833,2026-04-24 10:19:00,session_start,Web
U00833,2026-04-15 22:24:00,LOGIN ,Web
U00833,2026-04-18 03:43:00,logout,Web
U00833,2026-04-26 14:37:00,login,Web
U00834,2026-04-18 14:07:00,session_end,web
U00834,2026-04-19 20:59:00,session_end,
U00834,2026-04-13 23:59:00,LOGIN ,
U00834,2026-04-16 06:27:00,LOGIN ,
U00834,2026-04-21 03:35:00,Login,mobile
U00835,2026-05-16 10:45:00,session_end,
U00835,2026-05-06 20:42:00,session_end,
U00835,2026-05-08 17:00:00,LOGIN ,
U00835,2026-05-02 05:15:00,page_view,
U00835,2026-05-15 15:51:00,page_view,web
U00836,2026-03-26 08:15:00,logout,web
U00836,2026-03-30 20:06:00,session_end,mobile
U00836,2026-03-20 00:38:00,LOGIN ,
U00836,2026-03-25 07:13:00,Login,mobile
U00836,2026-03-29 22:38:00,page_view,
U00836,2026-03-21 21:08:00,Login,
U00836,2026-03-22 08:02:00,Login,mobile
U00836,2026-03-23 07:48:00,Login,
U00836,2026-04-01 14:24:00,session_end,mobile
U00836,2026-03-22 05:28:00,session_start,mobile
U00836,2026-03-27 22:10:00,Login,Web
U00837,2026-05-09 04:02:00,Login,mobile
U00837,2026-05-09 05:01:00,session_end,web
U00837,2026-05-03 22:00:00,login,
U00837,2026-05-08 06:14:00,logout,mobile
U00837,2026-05-07 08:18:00,Login,mobile
U00837,2026-05-03 15:42:00,login,mobile
U00837,2026-05-13 19:00:00,logout,
U00837,2026-05-04 10:55:00,login,Web
U00838,2026-04-29 08:44:00,LOGIN ,mobile
U00838,2026-04-30 12:03:00,session_start,Web
U00838,2026-04-22 18:44:00,session_end,web
U00838,2026-04-19 17:14:00,login,web
U00838,2026-04-16 22:53:00,session_start,Web
U00838,2026-04-19 06:43:00,Login,mobile
U00838,2026-04-28 13:40:00,page_view,mobile
U00838,2026-04-30 04:31:00,session_start,
U00839,2026-05-23 06:13:00,login,
U00839,2026-05-30 23:32:00,page_view,web
U00840,2026-03-13 12:59:00,LOGIN ,
U00840,2026-03-07 14:00:00,Login,Web
U00840,2026-03-07 07:24:00,logout,web
U00840,2026-03-12 19:20:00,Login,Web
U00840,2026-03-09 20:18:00,login,web
U00841,2026-05-06 15:50:00,page_view,Web
U00841,2026-05-07 01:08:00,session_start,Web
U00841,2026-04-26 21:41:00,logout,
U00841,2026-05-03 11:32:00,Login,
U00841,2026-05-03 13:08:00,LOGIN ,web
U00841,2026-05-09 13:53:00,Login,web
U00842,2026-05-31 01:15:00,page_view,
U00842,2026-05-21 16:42:00,LOGIN ,
U00842,2026-06-01 08:26:00,page_view,web
U00842,2026-05-22 18:28:00,LOGIN ,Web
U00842,2026-05-27 15:41:00,session_end,mobile
U00842,2026-05-19 16:59:00,Login,
U00842,2026-05-29 18:53:00,session_end,Web
U00843,2026-03-23 19:50:00,login,Web
U00843,2026-03-19 22:32:00,session_start,web
U00843,2026-03-19 23:39:00,LOGIN ,Web
U00843,2026-03-10 09:38:00,page_view,mobile
U00843,2026-03-12 13:49:00,logout,
U00843,2026-03-14 06:08:00,Login,mobile
U00843,2026-03-19 08:57:00,session_start,web
U00843,2026-03-12 03:10:00,page_view,web
U00843,2026-03-20 03:21:00,session_end,Web
U00843,2026-03-18 10:14:00,LOGIN ,web
U00843,2026-03-10 22:04:00,Login,
U00843,2026-03-16 23:44:00,Login,mobile
U00843,2026-03-24 06:52:00,session_end,Web
U00843,2026-03-17 09:11:00,logout,mobile
U00843,2026-03-15 12:45:00,session_start,
U00844,2026-06-05 16:49:00,session_end,mobile
U00844,2026-06-18 04:13:00,session_start,
U00844,2026-06-04 10:42:00,session_end,Web
U00844,2026-06-05 12:33:00,login,
U00844,2026-06-15 02:46:00,Login,Web
U00844,2026-06-13 20:23:00,session_start,Web
U00844,2026-06-11 23:36:00,session_end,Web
U00844,2026-06-10 00:48:00,page_view,Web
U00845,2026-01-27 13:43:00,session_start,Web
U00845,2026-01-28 12:12:00,page_view,mobile
U00845,2026-01-19 19:54:00,session_start,mobile
U00845,2026-01-22 12:51:00,login,web
U00846,2026-06-06 17:03:00,session_end,mobile
U00846,2026-05-30 02:24:00,session_start,mobile
U00846,2026-05-24 03:26:00,LOGIN ,Web
U00846,2026-06-07 10:46:00,session_start,
U00846,2026-05-28 10:31:00,page_view,
U00846,2026-05-29 10:48:00,logout,Web
U00846,2026-06-07 15:22:00,login,mobile
U00846,2026-05-28 15:27:00,LOGIN ,web
U00847,2026-03-27 01:24:00,session_end,
U00847,2026-04-01 16:50:00,logout,
U00847,2026-04-08 16:54:00,Login,Web
U00848,2026-03-06 01:22:00,login,
U00848,2026-03-02 11:16:00,LOGIN ,web
U00848,2026-02-26 05:57:00,LOGIN ,Web
U00848,2026-02-28 02:49:00,session_end,
U00848,2026-03-10 09:00:00,Login,mobile
U00848,2026-02-27 16:26:00,session_end,
U00848,2026-02-24 16:49:00,Login,Web
U00848,2026-03-09 15:55:00,login,web
U00848,2026-03-03 00:15:00,session_start,mobile
U00849,2026-01-31 19:19:00,logout,Web
U00849,2026-02-02 06:32:00,page_view,
U00849,2026-01-31 05:02:00,logout,Web
U00849,2026-02-11 01:34:00,session_end,mobile
U00849,2026-01-31 19:49:00,logout,Web
U00849,2026-02-11 02:13:00,LOGIN ,web
U00849,2026-02-09 13:40:00,login,
U00850,2026-03-13 15:55:00,logout,
U00850,2026-03-06 08:21:00,Login,Web
U00850,2026-03-05 06:23:00,session_start,Web
U00850,2026-03-12 00:19:00,LOGIN ,web
U00850,2026-03-11 06:22:00,logout,
U00851,2026-03-06 22:31:00,LOGIN ,web
U00851,2026-03-03 10:31:00,page_view,mobile
U00851,2026-03-03 08:43:00,login,Web
U00851,2026-03-03 20:48:00,session_end,web
U00851,2026-02-24 21:27:00,login,mobile
U00852,2026-04-04 19:16:00,LOGIN ,mobile
U00852,2026-04-03 01:51:00,Login,web
U00852,2026-03-29 16:38:00,logout,mobile
U00852,2026-03-29 16:17:00,session_end,web
U00852,2026-03-31 06:54:00,LOGIN ,mobile
U00852,2026-03-24 07:06:00,session_end,
U00853,2026-05-10 14:30:00,LOGIN ,
U00853,2026-05-07 11:39:00,LOGIN ,web
U00853,2026-05-10 09:04:00,session_end,
U00853,2026-05-11 08:58:00,page_view,mobile
U00853,2026-05-03 00:32:00,session_end,mobile
U00853,2026-05-13 19:20:00,logout,
U00853,2026-05-11 16:51:00,LOGIN ,web
U00854,2026-04-11 13:10:00,Login,mobile
U00854,2026-04-04 13:01:00,page_view,Web
U00854,2026-04-13 17:24:00,page_view,Web
U00854,2026-04-04 14:26:00,logout,
U00854,2026-04-06 16:13:00,login,
U00854,2026-04-05 22:00:00,session_start,
U00854,2026-04-04 18:13:00,page_view,web
U00855,2026-04-08 02:51:00,session_end,web
U00855,2026-04-10 17:32:00,Login,Web
U00855,2026-04-15 04:56:00,session_start,Web
U00855,2026-04-16 10:36:00,LOGIN ,
U00855,2026-04-12 17:37:00,logout,web
U00856,2026-02-09 13:59:00,Login,mobile
U00856,2026-01-28 14:46:00,Login,mobile
U00856,2026-02-05 15:07:00,session_start,web
U00856,2026-01-28 05:14:00,session_start,web
U00856,2026-01-26 22:52:00,logout,
U00856,2026-01-31 08:55:00,logout,
U00857,2026-03-23 21:56:00,session_end,Web
U00857,2026-04-04 14:28:00,session_end,Web
U00857,2026-04-03 08:04:00,page_view,
U00857,2026-03-29 15:20:00,LOGIN ,mobile
U00857,2026-04-01 16:04:00,logout,web
U00857,2026-04-05 14:47:00,Login,
U00857,2026-03-31 02:22:00,session_end,web
U00857,2026-03-28 15:38:00,login,Web
U00857,2026-03-28 16:38:00,logout,
U00858,2026-03-24 12:52:00,session_end,mobile
U00858,2026-03-30 08:35:00,session_end,
U00858,2026-03-28 06:33:00,login,mobile
U00858,2026-03-22 21:30:00,session_start,web
U00858,2026-03-24 07:37:00,session_start,web
U00858,2026-03-24 03:59:00,page_view,web
U00858,2026-04-01 10:47:00,login,web
U00859,2026-02-28 18:41:00,logout,
U00859,2026-03-11 20:50:00,logout,web
U00859,2026-03-06 04:52:00,logout,web
U00859,2026-03-08 15:00:00,session_start,
U00859,2026-03-09 19:02:00,logout,web
U00859,2026-02-26 14:37:00,Login,mobile
U00859,2026-03-05 04:37:00,session_end,mobile
U00859,2026-03-04 17:38:00,Login,mobile
U00859,2026-03-02 22:32:00,page_view,
U00859,2026-03-08 09:38:00,session_start,web
U00859,2026-03-01 22:20:00,login,
U00859,2026-03-05 10:29:00,session_end,
U00859,2026-03-11 16:50:00,page_view,mobile
U00860,2026-01-08 10:22:00,page_view,
U00860,2026-01-05 15:28:00,Login,web
U00860,2026-01-17 05:53:00,logout,mobile
U00860,2026-01-06 10:21:00,LOGIN ,web
U00860,2026-01-15 10:28:00,page_view,web
U00860,2026-01-10 04:41:00,login,
U00860,2026-01-14 19:43:00,page_view,mobile
U00860,2026-01-13 08:45:00,logout,Web
U00860,2026-01-09 01:19:00,LOGIN ,mobile
U00860,2026-01-06 02:19:00,login,Web
U00861,2026-06-12 15:03:00,page_view,web
U00861,2026-06-10 04:59:00,Login,Web
U00861,2026-06-11 01:12:00,session_start,
U00861,2026-05-30 10:40:00,logout,
U00861,2026-06-11 17:38:00,login,web
U00861,2026-06-07 20:28:00,logout,
U00861,2026-06-07 14:34:00,login,mobile
U00861,2026-06-01 20:19:00,logout,Web
U00862,2026-03-22 13:32:00,LOGIN ,Web
U00862,2026-03-23 15:36:00,logout,Web
U00862,2026-03-17 07:52:00,logout,
U00862,2026-03-28 13:19:00,logout,web
U00862,2026-03-18 13:13:00,Login,Web
U00862,2026-03-24 06:48:00,session_start,mobile
U00862,2026-03-30 03:22:00,session_end,
U00863,2026-03-05 14:45:00,Login,mobile
U00863,2026-03-10 14:14:00,login,
U00864,2026-05-16 23:13:00,page_view,web
U00864,2026-05-10 18:53:00,login,Web
U00864,2026-05-16 11:58:00,page_view,Web
U00864,2026-05-18 05:52:00,Login,mobile
U00864,2026-05-10 09:05:00,session_start,Web
U00865,2026-03-29 17:22:00,page_view,Web
U00865,2026-04-05 07:37:00,session_start,
U00865,2026-03-28 14:58:00,Login,Web
U00865,2026-04-01 12:54:00,session_start,Web
U00865,2026-04-03 05:46:00,login,Web
U00865,2026-04-08 20:36:00,LOGIN ,Web
U00865,2026-04-07 02:58:00,page_view,
U00865,2026-04-01 23:59:00,session_end,web
U00865,2026-04-03 02:28:00,login,Web
U00865,2026-03-28 05:57:00,Login,web
U00865,2026-04-05 21:06:00,session_start,web
U00865,2026-04-07 09:57:00,login,mobile
U00865,2026-04-09 09:53:00,LOGIN ,
U00865,2026-04-03 22:56:00,login,Web
U00865,2026-04-10 17:13:00,page_view,
U00865,2026-04-09 14:18:00,login,mobile
U00865,2026-04-06 23:55:00,Login,
U00865,2026-04-01 21:40:00,Login,mobile
U00865,2026-04-09 00:51:00,Login,
U00866,2026-06-27 20:22:00,page_view,web
U00866,2026-06-23 23:41:00,session_end,
U00866,2026-06-25 05:07:00,session_end,mobile
U00866,2026-06-20 12:28:00,session_start,web
U00867,2026-02-22 23:24:00,session_start,
U00867,2026-02-19 02:00:00,Login,Web
U00867,2026-02-24 12:58:00,Login,Web
U00867,2026-02-15 01:08:00,logout,mobile
U00867,2026-02-15 21:44:00,Login,Web
U00867,2026-02-22 18:34:00,login,web
U00867,2026-02-27 06:46:00,session_start,
U00867,2026-02-21 07:57:00,session_start,
U00867,2026-02-18 19:47:00,login,web
U00867,2026-02-20 14:39:00,login,Web
U00867,2026-02-15 20:19:00,LOGIN ,
U00867,2026-02-14 08:18:00,login,mobile
U00867,2026-02-16 07:49:00,logout,Web
U00867,2026-02-14 14:19:00,logout,
U00867,2026-02-27 11:27:00,LOGIN ,mobile
U00867,2026-02-26 12:52:00,login,web
U00867,2026-02-21 12:15:00,session_start,mobile
U00867,2026-02-19 06:04:00,session_end,Web
U00868,2026-02-16 20:24:00,session_end,Web
U00869,2026-02-22 18:48:00,Login,mobile
U00869,2026-02-24 21:28:00,session_start,Web
U00869,2026-03-01 02:19:00,session_end,web
U00869,2026-02-17 06:59:00,logout,Web
U00869,2026-02-17 05:47:00,logout,Web
U00869,2026-02-22 02:46:00,page_view,mobile
U00869,2026-03-02 08:49:00,LOGIN ,Web
U00869,2026-03-03 17:25:00,session_start,mobile
U00869,2026-02-19 17:58:00,session_end,mobile
U00869,2026-02-26 00:19:00,session_start,mobile
U00869,2026-02-20 02:16:00,LOGIN ,Web
U00869,2026-02-23 23:47:00,page_view,web
U00869,2026-02-22 21:30:00,LOGIN ,mobile
U00870,2026-05-17 11:05:00,login,Web
U00870,2026-05-26 18:29:00,session_end,
U00870,2026-05-24 10:13:00,login,mobile
U00870,2026-05-28 22:00:00,LOGIN ,web
U00870,2026-05-24 10:18:00,Login,
U00871,2026-01-09 20:27:00,session_start,web
U00871,2026-01-10 06:03:00,page_view,Web
U00871,2026-01-10 01:03:00,login,
U00871,2026-01-05 02:19:00,Login,web
U00872,2026-01-23 02:04:00,LOGIN ,mobile
U00872,2026-01-24 15:34:00,session_start,mobile
U00872,2026-01-28 03:51:00,login,
U00872,2026-01-30 17:04:00,session_end,
U00873,2026-02-26 01:39:00,page_view,
U00873,2026-03-07 16:20:00,session_start,Web
U00873,2026-02-27 10:48:00,session_start,web
U00873,2026-03-03 20:35:00,page_view,web
U00873,2026-02-27 13:52:00,session_end,mobile
U00873,2026-02-28 23:04:00,LOGIN ,Web
U00874,2026-04-08 22:47:00,Login,web
U00874,2026-04-12 01:03:00,Login,mobile
U00874,2026-04-06 05:32:00,session_start,Web
U00874,2026-04-16 22:21:00,page_view,web
U00875,2026-06-23 10:58:00,logout,mobile
U00875,2026-06-15 09:47:00,login,web
U00875,2026-06-17 04:01:00,session_start,
U00876,2026-05-11 01:06:00,LOGIN ,web
U00876,2026-05-08 10:47:00,session_end,mobile
U00876,2026-05-04 03:55:00,session_start,
U00876,2026-05-18 07:13:00,logout,mobile
U00876,2026-05-06 04:54:00,Login,Web
U00876,2026-05-04 01:20:00,Login,mobile
U00876,2026-05-06 21:11:00,login,Web
U00876,2026-05-10 04:41:00,login,web
U00876,2026-05-14 23:39:00,logout,web
U00876,2026-05-17 02:07:00,logout,mobile
U00876,2026-05-08 17:19:00,Login,mobile
U00876,2026-05-13 03:12:00,Login,mobile
U00877,2026-01-10 05:33:00,session_start,web
U00877,2026-01-17 06:10:00,Login,Web
U00877,2026-01-10 13:43:00,LOGIN ,Web
U00877,2026-01-07 06:19:00,Login,
U00877,2026-01-09 09:39:00,session_start,
U00877,2026-01-17 00:11:00,LOGIN ,
U00878,2026-05-28 06:17:00,Login,web
U00878,2026-06-02 18:22:00,Login,
U00878,2026-06-03 14:40:00,page_view,
U00879,2026-01-15 07:17:00,page_view,Web
U00879,2026-01-07 19:30:00,logout,mobile
U00879,2026-01-10 12:53:00,logout,web
U00879,2026-01-10 22:11:00,session_start,
U00879,2026-01-10 10:36:00,logout,web
U00880,2026-05-22 15:48:00,session_start,mobile
U00880,2026-05-23 07:55:00,page_view,web
U00880,2026-05-27 13:26:00,LOGIN ,web
U00880,2026-05-22 15:50:00,LOGIN ,mobile
U00880,2026-05-21 12:54:00,session_end,Web
U00881,2026-05-11 09:56:00,session_start,Web
U00881,2026-05-23 12:27:00,page_view,Web
U00881,2026-05-19 07:21:00,Login,
U00881,2026-05-11 20:56:00,logout,Web
U00881,2026-05-20 07:09:00,LOGIN ,mobile
U00881,2026-05-23 22:48:00,session_start,
U00881,2026-05-23 18:09:00,LOGIN ,web
U00881,2026-05-14 15:05:00,Login,
U00881,2026-05-22 20:44:00,session_start,mobile
U00882,2026-02-26 20:35:00,Login,Web
U00882,2026-02-19 06:42:00,LOGIN ,
U00882,2026-02-23 10:32:00,page_view,
U00882,2026-02-18 21:36:00,login,
U00882,2026-02-27 03:25:00,page_view,mobile
U00882,2026-02-19 18:30:00,session_end,mobile
U00883,2026-02-17 19:48:00,logout,web
U00883,2026-02-14 03:22:00,logout,mobile
U00883,2026-02-18 16:05:00,login,
U00883,2026-02-22 16:41:00,Login,
U00883,2026-02-09 00:15:00,login,
U00883,2026-02-20 06:30:00,Login,
U00884,2026-06-08 15:44:00,Login,web
U00884,2026-06-09 08:34:00,session_end,
U00885,2026-03-23 15:35:00,page_view,web
U00885,2026-03-18 04:24:00,page_view,Web
U00885,2026-03-19 06:07:00,Login,web
U00885,2026-03-14 12:50:00,Login,Web
U00885,2026-03-22 14:25:00,Login,Web
U00885,2026-03-20 08:53:00,Login,mobile
U00885,2026-03-16 22:18:00,LOGIN ,
U00886,2026-04-09 06:38:00,login,
U00886,2026-04-08 23:59:00,session_end,Web
U00886,2026-04-06 06:25:00,logout,Web
U00886,2026-04-14 21:05:00,page_view,web
U00886,2026-04-08 20:26:00,page_view,
U00886,2026-04-17 09:36:00,session_start,web
U00886,2026-04-15 13:28:00,page_view,web
U00886,2026-04-12 21:56:00,session_end,mobile
U00886,2026-04-09 10:14:00,session_end,web
U00886,2026-04-06 03:24:00,login,mobile
U00886,2026-04-11 18:01:00,login,
U00886,2026-04-18 22:15:00,session_end,Web
U00886,2026-04-17 18:02:00,logout,web
U00886,2026-04-09 07:14:00,LOGIN ,Web
U00887,2026-05-28 15:58:00,page_view,
U00887,2026-06-07 15:42:00,logout,mobile
U00887,2026-06-04 08:34:00,logout,web
U00887,2026-05-29 01:52:00,session_end,Web
U00887,2026-05-26 23:03:00,login,
U00888,2026-03-25 19:13:00,login,web
U00888,2026-03-22 17:05:00,login,
U00888,2026-03-18 09:37:00,page_view,web
U00888,2026-03-30 00:03:00,logout,Web
U00888,2026-03-28 05:57:00,login,mobile
U00888,2026-03-26 17:53:00,session_start,
U00888,2026-04-01 03:25:00,session_end,web
U00888,2026-03-29 02:56:00,session_end,web
U00888,2026-03-21 09:09:00,login,mobile
U00888,2026-03-22 16:57:00,page_view,Web
U00888,2026-03-22 17:16:00,Login,web
U00888,2026-03-21 10:12:00,login,
U00889,2026-01-24 22:30:00,session_end,web
U00889,2026-01-31 18:06:00,Login,
U00890,2026-04-07 02:20:00,logout,
U00890,2026-04-08 22:56:00,login,
U00890,2026-04-08 06:56:00,Login,web
U00890,2026-04-16 21:19:00,logout,web
U00890,2026-04-09 09:57:00,session_start,web
U00890,2026-04-09 16:35:00,logout,web
U00890,2026-04-11 02:07:00,Login,
U00891,2026-01-28 20:19:00,LOGIN ,mobile
U00891,2026-01-29 15:59:00,page_view,web
U00891,2026-01-27 19:13:00,session_start,
U00891,2026-01-28 16:23:00,session_start,
U00891,2026-01-19 13:12:00,session_end,web
U00892,2026-01-25 17:50:00,login,web
U00892,2026-02-05 20:31:00,LOGIN ,web
U00892,2026-02-01 12:07:00,logout,Web
U00892,2026-01-24 07:41:00,Login,web
U00892,2026-01-27 09:56:00,login,web
U00892,2026-02-02 07:05:00,LOGIN ,mobile
U00892,2026-01-27 01:26:00,session_end,
U00892,2026-02-01 05:24:00,login,
U00893,2026-06-02 08:52:00,LOGIN ,Web
U00893,2026-05-27 10:11:00,logout,
U00893,2026-06-05 09:57:00,login,web
U00893,2026-05-27 20:23:00,LOGIN ,
U00893,2026-06-05 02:59:00,page_view,
U00893,2026-06-03 17:38:00,page_view,Web
U00893,2026-06-02 16:58:00,LOGIN ,
U00894,2026-01-17 19:18:00,session_end,mobile
U00894,2026-01-11 00:23:00,login,Web
U00894,2026-01-17 14:22:00,page_view,
U00894,2026-01-14 11:23:00,logout,Web
U00895,2026-06-09 04:54:00,Login,
U00895,2026-06-05 23:05:00,session_start,mobile
U00895,2026-06-01 12:08:00,logout,Web
U00895,2026-06-01 11:01:00,LOGIN ,
U00895,2026-06-08 00:30:00,login,web
U00895,2026-05-27 09:54:00,page_view,Web
U00895,2026-05-27 07:00:00,logout,
U00895,2026-06-03 20:26:00,logout,mobile
U00895,2026-05-30 01:50:00,page_view,
U00895,2026-06-07 03:56:00,login,web
U00895,2026-06-05 13:26:00,session_end,web
U00896,2026-01-22 08:51:00,logout,web
U00896,2026-01-19 04:34:00,Login,web
U00897,2026-03-20 13:10:00,Login,web
U00897,2026-03-14 11:55:00,logout,mobile
U00897,2026-03-15 07:09:00,session_end,mobile
U00897,2026-03-15 05:35:00,Login,Web
U00897,2026-03-13 17:17:00,session_start,Web
U00897,2026-03-26 04:33:00,Login,Web
U00897,2026-03-22 18:38:00,LOGIN ,web
U00897,2026-03-13 08:05:00,login,Web
U00897,2026-03-20 19:51:00,login,mobile
U00898,2026-02-20 03:45:00,login,mobile
U00898,2026-02-20 21:01:00,logout,Web
U00898,2026-02-18 10:49:00,session_start,mobile
U00898,2026-02-17 20:33:00,session_end,mobile
U00898,2026-03-01 00:50:00,session_start,Web
U00899,2026-06-01 20:44:00,page_view,Web
U00899,2026-06-07 17:02:00,session_end,
U00899,2026-06-08 07:01:00,Login,web
U00899,2026-06-13 02:01:00,LOGIN ,web
U00899,2026-06-09 09:58:00,logout,Web
U00899,2026-06-03 09:04:00,session_end,Web
U00899,2026-06-13 04:50:00,logout,web
U00899,2026-06-14 20:16:00,LOGIN ,
U00899,2026-06-08 13:51:00,session_start,Web
U00899,2026-06-11 20:08:00,session_end,web
U00899,2026-06-02 02:41:00,session_end,mobile
U00899,2026-05-31 12:14:00,logout,Web
U00899,2026-06-07 17:41:00,page_view,web
U00899,2026-06-10 07:29:00,session_end,web
U00900,2026-01-30 04:06:00,Login,
U00900,2026-01-24 07:52:00,page_view,
U00900,2026-01-29 18:00:00,LOGIN ,Web
U00900,2026-01-28 10:22:00,session_start,Web
U00900,2026-01-29 18:19:00,page_view,web
U00900,2026-01-28 08:11:00,session_end,web
U00900,2026-02-02 13:38:00,session_start,web
U00901,2026-03-14 09:22:00,Login,
U00901,2026-03-03 12:04:00,page_view,web
U00902,2026-04-01 10:26:00,session_start,mobile
U00902,2026-03-29 14:48:00,LOGIN ,Web
U00902,2026-04-02 01:05:00,session_start,Web
U00902,2026-03-28 14:26:00,login,mobile
U00902,2026-04-01 21:35:00,login,Web
U00902,2026-04-04 17:03:00,Login,Web
U00903,2026-02-08 20:01:00,session_end,Web
U00903,2026-02-08 15:46:00,session_start,mobile
U00903,2026-02-15 19:54:00,session_start,Web
U00903,2026-02-09 09:29:00,logout,
U00904,2026-02-03 05:20:00,logout,web
U00904,2026-01-29 09:43:00,Login,mobile
U00904,2026-02-01 04:57:00,LOGIN ,mobile
U00904,2026-01-24 09:32:00,login,web
U00904,2026-01-25 02:29:00,page_view,mobile
U00904,2026-01-25 03:46:00,LOGIN ,Web
U00905,2026-01-17 12:38:00,login,Web
U00905,2026-01-22 10:20:00,session_start,Web
U00905,2026-01-27 18:59:00,login,
U00905,2026-01-16 15:36:00,logout,
U00906,2026-01-20 05:17:00,Login,Web
U00906,2026-01-27 01:15:00,logout,mobile
U00906,2026-01-23 21:09:00,session_end,Web
U00906,2026-01-30 19:18:00,LOGIN ,mobile
U00906,2026-02-03 07:54:00,login,Web
U00906,2026-01-30 17:58:00,logout,mobile
U00907,2026-06-15 12:14:00,login,Web
U00907,2026-06-07 04:38:00,session_start,
U00907,2026-06-09 22:39:00,session_end,web
U00907,2026-06-14 05:06:00,session_start,Web
U00907,2026-06-09 19:08:00,logout,mobile
U00908,2026-01-08 09:05:00,session_start,
U00908,2026-01-16 05:57:00,login,Web
U00908,2026-01-18 07:37:00,Login,
U00908,2026-01-14 19:13:00,session_start,web
U00908,2026-01-14 07:08:00,logout,Web
U00909,2026-05-18 01:13:00,login,mobile
U00909,2026-05-15 05:32:00,login,Web
U00909,2026-05-14 11:00:00,Login,mobile
U00909,2026-05-06 13:06:00,page_view,web
U00909,2026-05-07 18:15:00,page_view,mobile
U00910,2026-04-10 11:39:00,Login,
U00910,2026-04-16 15:05:00,session_end,web
U00911,2026-05-30 01:41:00,login,mobile
U00911,2026-06-10 18:41:00,LOGIN ,
U00912,2026-01-23 12:09:00,Login,Web
U00912,2026-01-28 22:45:00,page_view,Web
U00912,2026-02-02 15:04:00,session_end,Web
U00912,2026-01-27 19:19:00,login,
U00913,2026-03-14 19:51:00,Login,mobile
U00914,2026-01-22 09:50:00,logout,Web
U00914,2026-02-02 06:08:00,page_view,mobile
U00914,2026-01-23 12:41:00,page_view,
U00914,2026-01-29 17:49:00,login,Web
U00914,2026-01-27 12:18:00,session_start,Web
U00914,2026-02-04 07:28:00,login,web
U00914,2026-01-31 09:48:00,LOGIN ,mobile
U00914,2026-02-01 19:44:00,login,web
U00915,2026-04-18 14:31:00,session_start,
U00915,2026-04-19 13:21:00,login,Web
U00915,2026-04-10 21:30:00,page_view,
U00915,2026-04-09 04:01:00,logout,mobile
U00915,2026-04-16 02:52:00,page_view,Web
U00915,2026-04-15 17:03:00,session_start,web
U00915,2026-04-20 23:39:00,login,mobile
U00916,2026-02-11 07:04:00,page_view,web
U00916,2026-02-15 15:40:00,session_end,
U00916,2026-02-09 12:40:00,logout,
U00916,2026-02-19 13:13:00,LOGIN ,mobile
U00916,2026-02-11 04:12:00,page_view,
U00916,2026-02-10 17:22:00,session_end,mobile
U00916,2026-02-10 04:24:00,logout,Web
U00917,2026-04-02 16:23:00,session_start,mobile
U00917,2026-04-06 15:05:00,login,Web
U00917,2026-04-05 04:38:00,LOGIN ,mobile
U00917,2026-03-23 01:01:00,page_view,mobile
U00917,2026-03-30 10:49:00,Login,mobile
U00917,2026-04-05 07:44:00,page_view,web
U00918,2026-01-27 04:16:00,session_start,Web
U00918,2026-02-02 21:40:00,session_end,
U00918,2026-01-30 19:13:00,Login,
U00918,2026-02-05 17:45:00,LOGIN ,web
U00918,2026-01-31 21:35:00,Login,
U00919,2026-04-30 10:36:00,login,Web
U00919,2026-05-08 06:58:00,session_end,mobile
U00919,2026-04-24 03:06:00,logout,Web
U00919,2026-05-04 00:52:00,session_start,Web
U00919,2026-04-26 22:27:00,session_start,Web
U00919,2026-04-26 13:28:00,logout,mobile
U00919,2026-05-07 11:04:00,logout,mobile
U00919,2026-05-01 05:17:00,LOGIN ,Web
U00920,2026-02-06 07:31:00,logout,Web
U00920,2026-02-13 12:20:00,logout,
U00920,2026-02-12 15:26:00,LOGIN ,
U00920,2026-02-11 09:37:00,session_start,mobile
U00920,2026-02-05 08:52:00,logout,Web
U00920,2026-02-14 11:53:00,login,web
U00920,2026-02-07 13:40:00,Login,Web
U00920,2026-02-03 13:37:00,Login,
U00920,2026-02-08 12:34:00,LOGIN ,web
U00921,2026-04-27 21:03:00,logout,
U00921,2026-05-07 04:48:00,session_start,
U00921,2026-05-06 15:11:00,session_end,mobile
U00921,2026-05-06 10:44:00,login,
U00921,2026-05-04 06:16:00,page_view,Web
U00921,2026-05-08 04:04:00,Login,web
U00921,2026-04-29 13:55:00,logout,Web
U00921,2026-05-09 00:11:00,Login,mobile
U00921,2026-04-29 15:29:00,session_end,web
U00921,2026-04-29 11:31:00,page_view,
U00921,2026-05-08 04:23:00,login,Web
U00921,2026-05-06 20:03:00,session_start,web
U00921,2026-04-28 07:41:00,session_end,mobile
U00921,2026-04-26 09:28:00,session_end,mobile
U00921,2026-05-07 07:12:00,session_start,mobile
U00921,2026-05-06 01:59:00,session_end,Web
U00921,2026-04-30 02:45:00,session_start,
U00922,2026-04-21 23:28:00,login,
U00922,2026-04-18 13:40:00,Login,mobile
U00922,2026-04-28 16:27:00,Login,web
U00922,2026-04-16 02:08:00,logout,mobile
U00922,2026-04-15 01:57:00,page_view,Web
U00922,2026-04-23 08:08:00,session_start,Web
U00922,2026-04-27 17:13:00,Login,mobile
U00922,2026-04-21 14:43:00,session_end,
U00922,2026-04-15 16:10:00,page_view,
U00923,2026-04-08 23:47:00,page_view,web
U00923,2026-04-12 06:24:00,login,Web
U00923,2026-04-11 21:16:00,session_end,Web
U00923,2026-04-15 13:56:00,session_end,mobile
U00923,2026-04-01 17:23:00,session_start,Web
U00923,2026-04-10 22:53:00,login,web
U00923,2026-04-14 06:09:00,LOGIN ,Web
U00923,2026-04-13 02:58:00,session_end,mobile
U00923,2026-04-06 01:52:00,page_view,web
U00923,2026-04-02 03:57:00,LOGIN ,Web
U00923,2026-04-07 03:30:00,LOGIN ,web
U00924,2026-06-11 01:13:00,session_end,web
U00924,2026-06-07 08:40:00,login,web
U00925,2026-01-08 01:17:00,Login,web
U00926,2026-04-15 12:24:00,session_end,Web
U00926,2026-04-11 21:13:00,logout,Web
U00926,2026-04-13 16:40:00,page_view,web
U00926,2026-04-14 16:41:00,Login,
U00926,2026-04-14 14:20:00,LOGIN ,web
U00927,2026-03-07 01:39:00,page_view,web
U00927,2026-03-05 12:33:00,LOGIN ,
U00927,2026-03-08 14:07:00,session_start,
U00927,2026-03-12 08:02:00,login,web
U00927,2026-03-06 14:50:00,page_view,web
U00927,2026-03-10 19:33:00,page_view,mobile
U00927,2026-03-11 22:06:00,session_start,web
U00927,2026-03-05 11:33:00,session_start,
U00928,2026-04-20 16:27:00,login,web
U00928,2026-04-17 18:30:00,logout,
U00928,2026-04-15 11:37:00,page_view,mobile
U00929,2026-03-20 06:10:00,session_start,web
U00929,2026-03-17 01:46:00,LOGIN ,web
U00929,2026-03-15 17:13:00,LOGIN ,mobile
U00929,2026-03-14 11:41:00,session_end,web
U00929,2026-03-19 11:27:00,LOGIN ,
U00929,2026-03-21 04:34:00,LOGIN ,mobile
U00930,2026-05-12 07:15:00,session_end,mobile
U00930,2026-05-11 05:24:00,session_start,mobile
U00930,2026-05-08 14:57:00,logout,
U00930,2026-05-12 17:02:00,login,Web
U00931,2026-02-20 08:59:00,session_start,
U00931,2026-02-20 15:38:00,logout,mobile
U00931,2026-02-12 06:00:00,Login,Web
U00932,2026-04-21 05:57:00,logout,
U00932,2026-04-20 15:48:00,session_start,
U00932,2026-04-27 17:51:00,page_view,mobile
U00932,2026-04-22 10:04:00,page_view,Web
U00932,2026-04-30 23:45:00,login,mobile
U00932,2026-04-23 04:55:00,session_end,Web
U00932,2026-04-22 13:06:00,Login,web
U00932,2026-04-30 17:29:00,logout,mobile
U00932,2026-05-02 00:34:00,session_end,
U00932,2026-04-20 23:53:00,login,
U00933,2026-04-15 07:35:00,logout,mobile
U00933,2026-04-10 15:30:00,session_start,web
U00933,2026-04-04 16:18:00,Login,Web
U00933,2026-04-05 22:46:00,session_start,
U00933,2026-04-06 00:49:00,session_end,web
U00933,2026-04-03 14:58:00,login,mobile
U00933,2026-04-04 01:52:00,Login,Web
U00933,2026-04-05 06:18:00,page_view,Web
U00934,2026-06-17 06:56:00,page_view,web
U00934,2026-06-15 23:42:00,session_start,
U00935,2026-02-27 03:48:00,session_end,
U00935,2026-03-06 03:43:00,session_end,
U00935,2026-02-21 12:23:00,page_view,
U00935,2026-02-25 12:25:00,logout,
U00935,2026-02-26 09:02:00,session_end,
U00936,2026-02-12 07:12:00,LOGIN ,Web
U00936,2026-02-04 00:39:00,page_view,Web
U00936,2026-02-06 05:59:00,logout,Web
U00937,2026-04-14 21:24:00,page_view,Web
U00937,2026-04-15 14:39:00,Login,mobile
U00937,2026-04-14 02:37:00,login,Web
U00937,2026-04-15 19:45:00,login,
U00938,2026-04-08 11:44:00,LOGIN ,
U00938,2026-04-18 07:26:00,login,web
U00938,2026-04-13 15:50:00,page_view,web
U00938,2026-04-09 10:02:00,page_view,web
U00939,2026-03-27 02:25:00,page_view,mobile
U00939,2026-04-02 00:01:00,session_end,web
U00939,2026-03-29 12:22:00,session_end,mobile
U00939,2026-04-06 08:54:00,session_start,Web
U00939,2026-04-05 14:55:00,session_end,mobile
U00939,2026-03-30 10:18:00,session_end,mobile
U00939,2026-04-01 15:57:00,login,mobile
U00939,2026-03-28 09:36:00,session_start,
U00939,2026-04-05 02:52:00,LOGIN ,
U00940,2026-02-07 22:32:00,session_start,
U00940,2026-02-17 09:43:00,logout,mobile
U00940,2026-02-16 04:01:00,Login,web
U00940,2026-02-11 22:08:00,logout,
U00940,2026-02-10 11:09:00,logout,mobile
U00940,2026-02-08 12:34:00,LOGIN ,Web
U00941,2026-03-06 18:57:00,Login,
U00941,2026-03-03 04:18:00,login,web
U00941,2026-03-05 01:44:00,page_view,mobile
U00941,2026-02-21 17:25:00,page_view,web
U00941,2026-02-22 09:42:00,page_view,
U00941,2026-03-05 00:20:00,login,web
U00942,2026-02-23 10:17:00,Login,mobile
U00942,2026-02-22 03:25:00,page_view,mobile
U00942,2026-02-26 01:56:00,page_view,mobile
U00942,2026-02-18 10:57:00,session_start,mobile
U00942,2026-02-21 19:45:00,logout,mobile
U00942,2026-02-27 00:05:00,login,web
U00942,2026-02-26 01:37:00,login,mobile
U00942,2026-02-16 17:28:00,session_end,web
U00942,2026-02-26 00:51:00,LOGIN ,web
U00942,2026-02-17 16:41:00,Login,Web
U00943,2026-03-27 08:04:00,LOGIN ,mobile
U00943,2026-03-25 21:03:00,session_end,mobile
U00943,2026-03-16 08:45:00,Login,
U00943,2026-03-22 13:05:00,Login,
U00943,2026-03-22 05:34:00,page_view,web
U00944,2026-06-05 02:08:00,Login,
U00944,2026-06-05 02:22:00,logout,Web
U00944,2026-06-09 14:57:00,page_view,Web
U00944,2026-06-09 14:54:00,login,Web
U00944,2026-06-11 22:14:00,login,web
U00944,2026-05-28 11:43:00,session_end,mobile
U00945,2026-04-17 23:15:00,login,
U00945,2026-04-14 06:38:00,session_start,Web
U00945,2026-04-09 03:35:00,session_end,web
U00945,2026-04-18 09:08:00,page_view,
U00945,2026-04-16 07:30:00,session_start,Web
U00946,2026-02-09 00:48:00,page_view,web
U00946,2026-02-05 15:27:00,session_start,web
U00946,2026-02-07 15:30:00,session_start,mobile
U00946,2026-02-09 16:34:00,logout,mobile
U00946,2026-02-05 07:27:00,session_end,Web
U00947,2026-06-01 02:46:00,page_view,
U00947,2026-06-15 20:10:00,session_start,
U00947,2026-06-03 18:10:00,Login,
U00947,2026-06-07 13:28:00,session_end,web
U00947,2026-06-10 22:44:00,Login,
U00947,2026-06-11 12:05:00,session_start,Web
U00947,2026-06-03 05:35:00,page_view,web
U00947,2026-06-08 09:37:00,session_end,mobile
U00947,2026-06-13 10:36:00,session_end,web
U00948,2026-01-09 10:21:00,session_end,
U00948,2026-01-14 14:09:00,session_start,Web
U00948,2026-01-16 15:24:00,LOGIN ,web
U00948,2026-01-15 06:58:00,session_end,Web
U00948,2026-01-18 17:01:00,LOGIN ,web
U00949,2026-05-07 02:58:00,page_view,Web
U00949,2026-04-24 14:06:00,logout,
U00949,2026-04-28 15:35:00,session_end,mobile
U00949,2026-05-02 02:52:00,Login,Web
U00949,2026-05-06 12:22:00,logout,web
U00949,2026-05-01 17:28:00,login,web
U00949,2026-05-06 09:33:00,session_start,web
U00949,2026-04-23 20:23:00,logout,web
U00949,2026-04-23 22:38:00,Login,Web
U00949,2026-04-27 19:45:00,page_view,mobile
U00949,2026-05-01 14:35:00,logout,
U00950,2026-01-23 20:29:00,login,mobile
U00950,2026-01-28 00:49:00,Login,mobile
U00950,2026-01-18 03:06:00,page_view,mobile
U00950,2026-01-23 20:00:00,login,
U00950,2026-01-31 20:02:00,session_start,Web
U00951,2026-05-10 18:48:00,login,
U00951,2026-05-18 20:38:00,LOGIN ,mobile
U00951,2026-05-10 05:14:00,logout,mobile
U00951,2026-05-14 19:13:00,logout,web
U00952,2026-03-29 17:01:00,session_start,mobile
U00952,2026-04-02 01:00:00,logout,
U00952,2026-03-29 06:01:00,Login,Web
U00952,2026-03-31 05:57:00,session_start,
U00952,2026-03-21 08:44:00,logout,
U00952,2026-03-24 07:30:00,logout,Web
U00953,2026-02-09 22:51:00,LOGIN ,
U00954,2026-04-21 22:05:00,logout,Web
U00954,2026-04-11 12:42:00,session_end,Web
U00954,2026-04-21 13:43:00,logout,
U00954,2026-04-11 01:46:00,session_start,
U00954,2026-04-19 06:23:00,page_view,Web
U00954,2026-04-11 11:14:00,LOGIN ,Web
U00954,2026-04-18 02:17:00,session_start,
U00955,2026-05-17 17:34:00,page_view,
U00955,2026-05-08 16:12:00,page_view,Web
U00955,2026-05-11 06:50:00,LOGIN ,mobile
U00956,2026-05-27 11:41:00,session_end,
U00956,2026-05-27 05:54:00,session_start,
U00956,2026-05-20 13:25:00,logout,Web
U00956,2026-05-25 10:15:00,Login,web
U00956,2026-05-30 21:51:00,session_start,
U00956,2026-05-22 16:30:00,login,Web
U00956,2026-05-20 05:49:00,page_view,
U00956,2026-05-29 19:35:00,Login,Web
U00956,2026-05-21 07:55:00,page_view,
U00956,2026-05-26 22:21:00,logout,web
U00957,2026-04-23 00:48:00,page_view,Web
U00957,2026-04-23 01:23:00,page_view,web
U00957,2026-04-27 05:34:00,LOGIN ,
U00957,2026-04-25 05:46:00,logout,web
U00957,2026-04-18 14:12:00,LOGIN ,mobile
U00958,2026-04-17 19:48:00,Login,web
U00958,2026-04-14 14:28:00,Login,
U00958,2026-04-17 04:54:00,session_end,Web
U00959,2026-06-06 20:50:00,LOGIN ,web
U00959,2026-06-05 17:59:00,login,web
U00959,2026-06-08 04:21:00,session_end,Web
U00960,2026-01-29 11:02:00,page_view,mobile
U00960,2026-02-08 22:40:00,login,Web
U00960,2026-02-02 00:42:00,Login,web
U00961,2026-04-05 06:21:00,Login,web
U00961,2026-04-03 14:38:00,LOGIN ,mobile
U00961,2026-04-14 07:48:00,session_start,Web
U00961,2026-04-04 02:51:00,page_view,web
U00961,2026-04-02 04:15:00,page_view,Web
U00961,2026-04-10 00:17:00,logout,mobile
U00961,2026-04-07 11:11:00,session_start,Web
U00962,2026-06-08 17:27:00,logout,
U00962,2026-06-20 05:51:00,page_view,Web
U00962,2026-06-07 22:03:00,session_end,Web
U00962,2026-06-13 07:33:00,Login,Web
U00963,2026-06-20 09:21:00,login,Web
U00963,2026-06-25 13:02:00,logout,web
U00963,2026-06-24 07:20:00,login,web
U00963,2026-06-22 21:57:00,LOGIN ,Web
U00964,2026-04-08 11:20:00,logout,mobile
U00964,2026-04-06 14:44:00,login,
U00964,2026-03-28 15:11:00,session_end,web
U00964,2026-04-01 14:12:00,Login,
U00964,2026-03-30 12:06:00,logout,mobile
U00964,2026-04-08 02:42:00,LOGIN ,
U00964,2026-03-31 13:46:00,page_view,mobile
U00964,2026-04-07 13:16:00,login,mobile
U00964,2026-04-07 13:01:00,session_end,Web
U00965,2026-02-03 03:32:00,logout,
U00965,2026-02-01 05:00:00,session_end,web
U00965,2026-02-01 18:14:00,login,
U00965,2026-01-29 00:50:00,logout,mobile
U00965,2026-02-09 19:38:00,LOGIN ,web
U00965,2026-02-01 23:31:00,login,Web
U00965,2026-01-31 01:45:00,LOGIN ,mobile
U00966,2026-05-25 04:58:00,page_view,
U00966,2026-05-18 07:43:00,logout,web
U00966,2026-05-13 06:17:00,logout,mobile
U00967,2026-06-05 16:58:00,session_end,web
U00967,2026-05-27 16:22:00,logout,web
U00967,2026-06-02 09:41:00,Login,web
U00967,2026-05-25 11:38:00,logout,mobile
U00967,2026-05-29 09:23:00,login,mobile
U00968,2026-06-05 05:50:00,page_view,mobile
U00968,2026-05-29 07:16:00,Login,
U00968,2026-06-02 11:28:00,session_start,
U00968,2026-05-30 19:39:00,login,web
U00968,2026-06-08 10:18:00,session_end,web
U00968,2026-06-08 09:40:00,LOGIN ,mobile
U00969,2026-04-20 02:33:00,logout,mobile
U00969,2026-04-16 09:15:00,session_start,Web
U00969,2026-04-09 02:56:00,login,mobile
U00969,2026-04-16 18:30:00,session_start,web
U00969,2026-04-16 20:06:00,LOGIN ,web
U00969,2026-04-12 04:43:00,session_end,web
U00969,2026-04-16 14:38:00,Login,
U00970,2026-06-14 10:51:00,login,
U00970,2026-06-03 05:32:00,login,
U00970,2026-06-02 21:39:00,login,web
U00970,2026-06-11 16:31:00,Login,mobile
U00970,2026-06-02 03:37:00,session_end,mobile
U00970,2026-06-06 18:57:00,login,Web
U00971,2026-02-15 06:43:00,session_start,
U00971,2026-02-20 15:07:00,logout,web
U00971,2026-02-13 04:36:00,session_end,
U00971,2026-02-15 00:28:00,page_view,Web
U00971,2026-02-13 19:47:00,session_end,web
U00972,2026-05-09 06:03:00,LOGIN ,Web
U00972,2026-05-09 01:00:00,logout,mobile
U00972,2026-05-04 04:49:00,page_view,
U00972,2026-05-15 16:15:00,session_end,
U00972,2026-05-12 19:02:00,Login,Web
U00972,2026-05-14 11:56:00,login,mobile
U00972,2026-05-13 10:32:00,session_start,
U00972,2026-05-16 12:03:00,Login,web
U00972,2026-05-08 00:38:00,logout,mobile
U00972,2026-05-08 13:43:00,page_view,
U00972,2026-05-14 11:19:00,page_view,web
U00972,2026-05-12 22:46:00,Login,mobile
U00972,2026-05-16 13:34:00,session_end,web
U00972,2026-05-04 02:56:00,Login,mobile
U00972,2026-05-11 05:04:00,login,Web
U00972,2026-05-05 07:15:00,LOGIN ,
U00972,2026-05-04 03:34:00,LOGIN ,mobile
U00972,2026-05-06 00:06:00,Login,mobile
U00973,2026-04-22 07:11:00,login,mobile
U00973,2026-04-27 23:04:00,logout,
U00973,2026-04-25 03:46:00,logout,
U00973,2026-04-20 13:53:00,login,mobile
U00973,2026-04-25 18:43:00,page_view,web
U00974,2026-02-16 22:30:00,Login,
U00974,2026-02-15 00:29:00,page_view,Web
U00974,2026-02-16 15:27:00,session_start,mobile
U00974,2026-02-06 01:01:00,LOGIN ,mobile
U00974,2026-02-07 08:44:00,page_view,web
U00974,2026-02-18 01:30:00,login,
U00975,2026-04-28 13:15:00,LOGIN ,Web
U00975,2026-05-10 00:50:00,page_view,Web
U00975,2026-04-28 05:13:00,session_start,web
U00975,2026-05-05 11:05:00,logout,web
U00975,2026-05-11 18:48:00,login,Web
U00975,2026-05-09 20:19:00,LOGIN ,Web
U00975,2026-05-11 11:26:00,session_end,
U00975,2026-04-29 19:25:00,LOGIN ,Web
U00975,2026-05-03 03:38:00,Login,
U00975,2026-05-03 15:05:00,Login,
U00975,2026-05-04 23:43:00,logout,web
U00976,2026-04-11 21:32:00,session_end,
U00976,2026-04-12 04:54:00,session_start,mobile
U00976,2026-04-09 11:25:00,login,mobile
U00976,2026-04-11 12:48:00,logout,
U00976,2026-04-14 14:34:00,Login,web
U00976,2026-04-05 11:31:00,Login,
U00976,2026-04-01 06:34:00,logout,
U00977,2026-05-04 09:52:00,login,mobile
U00977,2026-05-04 04:13:00,page_view,Web
U00977,2026-05-03 12:04:00,LOGIN ,Web
U00977,2026-05-05 12:56:00,session_start,mobile
U00977,2026-04-30 13:13:00,page_view,mobile
U00977,2026-04-23 09:43:00,login,web
U00978,2026-04-04 14:26:00,logout,web
U00978,2026-04-02 09:11:00,page_view,web
U00978,2026-03-28 05:18:00,session_end,mobile
U00978,2026-03-24 19:25:00,session_end,
U00978,2026-03-26 13:16:00,session_start,web
U00978,2026-04-05 08:24:00,LOGIN ,
U00979,2026-02-07 18:24:00,session_end,
U00980,2026-06-29 00:13:00,session_start,mobile
U00980,2026-06-15 00:17:00,session_end,mobile
U00980,2026-06-22 21:38:00,page_view,mobile
U00980,2026-06-21 23:14:00,page_view,web
U00980,2026-06-27 11:36:00,Login,mobile
U00980,2026-06-27 22:38:00,login,mobile
U00980,2026-06-22 01:24:00,LOGIN ,mobile
U00980,2026-06-19 02:02:00,LOGIN ,web
U00981,2026-02-18 23:59:00,page_view,mobile
U00981,2026-02-21 03:05:00,session_end,
U00981,2026-02-14 04:32:00,Login,Web
U00981,2026-02-19 03:33:00,Login,web
U00981,2026-02-13 17:07:00,session_start,
U00981,2026-02-22 01:54:00,logout,
U00981,2026-02-17 21:28:00,session_end,Web
U00982,2026-02-27 18:30:00,LOGIN ,
U00982,2026-02-23 19:03:00,LOGIN ,mobile
U00982,2026-02-28 04:06:00,session_start,web
U00982,2026-02-15 08:34:00,logout,
U00982,2026-02-26 10:26:00,LOGIN ,web
U00982,2026-02-22 19:34:00,page_view,web
U00982,2026-02-28 00:27:00,login,
U00982,2026-02-17 20:51:00,page_view,Web
U00982,2026-02-20 07:06:00,session_start,mobile
U00982,2026-02-27 03:10:00,session_end,
U00982,2026-02-19 11:28:00,logout,mobile
U00982,2026-02-25 13:06:00,session_start,Web
U00982,2026-02-23 13:13:00,session_start,web
U00982,2026-02-15 18:53:00,Login,web
U00982,2026-02-20 16:10:00,page_view,web
U00982,2026-02-15 06:41:00,logout,web
U00983,2026-04-02 02:27:00,session_start,Web
U00983,2026-03-29 21:44:00,Login,web
U00983,2026-04-01 07:51:00,page_view,mobile
U00984,2026-03-07 03:51:00,logout,mobile
U00984,2026-03-02 15:39:00,logout,Web
U00984,2026-03-05 18:02:00,logout,web
U00984,2026-03-05 22:38:00,logout,web
U00984,2026-03-04 15:43:00,Login,Web
U00984,2026-03-12 09:23:00,session_end,Web
U00984,2026-03-09 07:21:00,page_view,
U00984,2026-03-15 07:43:00,session_end,web
U00985,2026-02-19 15:54:00,LOGIN ,mobile
U00985,2026-02-26 20:09:00,Login,Web
U00985,2026-03-01 10:06:00,session_start,Web
U00985,2026-02-18 19:44:00,page_view,mobile
U00986,2026-04-17 17:56:00,login,Web
U00986,2026-04-25 15:55:00,session_start,mobile
U00986,2026-04-26 03:52:00,page_view,mobile
U00986,2026-04-23 06:25:00,logout,web
U00986,2026-04-13 22:34:00,session_start,mobile
U00986,2026-04-21 19:16:00,LOGIN ,Web
U00987,2026-06-08 06:46:00,logout,Web
U00987,2026-06-12 07:06:00,LOGIN ,
U00987,2026-06-10 01:38:00,Login,web
U00987,2026-06-21 15:38:00,session_start,Web
U00988,2026-06-13 19:02:00,page_view,
U00988,2026-06-12 21:19:00,LOGIN ,
U00988,2026-06-03 20:17:00,page_view,web
U00988,2026-06-09 23:39:00,session_end,mobile
U00988,2026-06-12 03:29:00,session_start,mobile
U00989,2026-03-01 20:48:00,login,
U00989,2026-03-02 16:04:00,login,mobile
U00989,2026-02-27 19:30:00,Login,
U00989,2026-03-03 00:30:00,page_view,mobile
U00989,2026-02-25 15:42:00,Login,Web
U00989,2026-02-24 22:58:00,Login,Web
U00989,2026-02-26 20:10:00,page_view,mobile
U00990,2026-01-28 08:06:00,page_view,mobile
U00990,2026-01-29 01:26:00,page_view,mobile
U00990,2026-01-19 23:15:00,session_start,Web
U00990,2026-01-21 00:06:00,session_end,web
U00991,2026-05-28 09:18:00,LOGIN ,mobile
U00991,2026-05-22 17:55:00,logout,Web
U00991,2026-05-20 21:42:00,login,mobile
U00991,2026-05-29 08:15:00,logout,Web
U00991,2026-05-18 22:38:00,LOGIN ,
U00991,2026-05-24 11:44:00,login,web
U00991,2026-05-28 23:32:00,session_start,web
U00991,2026-05-23 13:17:00,login,Web
U00991,2026-05-19 09:31:00,LOGIN ,mobile
U00991,2026-05-27 17:39:00,page_view,web
U00992,2026-04-08 06:29:00,login,Web
U00992,2026-03-29 20:08:00,LOGIN ,Web
U00992,2026-03-26 21:40:00,session_end,web
U00992,2026-04-02 05:24:00,logout,web
U00993,2026-02-09 02:01:00,page_view,mobile
U00993,2026-02-04 12:20:00,session_end,Web
U00993,2026-02-01 23:36:00,session_end,mobile
U00993,2026-01-30 20:11:00,Login,
U00993,2026-02-05 22:24:00,session_start,
U00993,2026-02-08 05:49:00,Login,Web
U00993,2026-02-02 07:34:00,session_start,web
U00993,2026-02-08 08:05:00,logout,web
U00994,2026-05-26 17:50:00,logout,mobile
U00994,2026-05-25 21:01:00,logout,mobile
U00994,2026-05-28 09:08:00,LOGIN ,mobile
U00994,2026-05-20 00:24:00,session_start,mobile
U00994,2026-05-24 23:12:00,LOGIN ,
U00994,2026-05-19 06:51:00,LOGIN ,mobile
U00994,2026-05-19 08:13:00,session_start,Web
U00994,2026-05-17 23:33:00,session_start,
U00994,2026-05-30 19:16:00,page_view,web
U00994,2026-05-24 13:49:00,logout,Web
U00994,2026-05-28 09:11:00,LOGIN ,mobile
U00995,2026-06-13 17:11:00,session_start,mobile
U00995,2026-06-10 10:21:00,login,
U00995,2026-06-06 06:21:00,logout,web
U00995,2026-06-11 11:10:00,logout,Web
U00995,2026-06-11 08:56:00,session_start,web
U00995,2026-06-05 18:27:00,logout,
U00995,2026-06-06 10:13:00,LOGIN ,web
U00995,2026-06-15 15:25:00,LOGIN ,web
U00995,2026-06-06 14:07:00,logout,mobile
U00995,2026-06-02 01:48:00,session_end,Web
U00995,2026-06-06 04:35:00,session_end,
U00996,2026-06-03 08:18:00,page_view,
U00996,2026-06-10 12:33:00,session_start,
U00996,2026-06-07 18:34:00,session_end,Web
U00996,2026-06-07 00:26:00,page_view,web
U00997,2026-04-08 22:54:00,logout,web
U00997,2026-04-14 13:37:00,login,web
U00997,2026-04-14 08:39:00,session_start,web
U00997,2026-04-02 00:48:00,Login,Web
U00997,2026-04-13 22:59:00,session_start,web
U00997,2026-04-06 12:30:00,logout,Web
U00997,2026-04-07 13:46:00,LOGIN ,web
U00997,2026-04-11 10:04:00,session_end,
U00998,2026-02-14 21:06:00,session_start,
U00998,2026-02-24 09:16:00,session_end,mobile
U00998,2026-02-17 09:44:00,Login,Web
U00998,2026-02-23 20:27:00,session_end,Web
U00998,2026-02-14 08:20:00,logout,web
U00998,2026-02-24 10:50:00,session_start,
U00998,2026-02-27 22:36:00,logout,mobile
U00998,2026-02-21 10:19:00,login,mobile
U00998,2026-02-27 22:47:00,LOGIN ,mobile
U00998,2026-02-26 17:27:00,login,
U00999,2026-06-20 22:34:00,session_end,mobile
U00999,2026-06-21 10:51:00,session_start,web
U00999,2026-06-11 01:54:00,Login,Web
U00999,2026-06-07 21:54:00,Login,Web
U00999,2026-06-20 22:31:00,session_start,mobile
U01000,2026-02-16 12:55:00,logout,Web
U01000,2026-02-12 02:40:00,session_start,mobile
U01000,2026-02-12 20:18:00,session_end,mobile
U01001,2026-04-01 23:26:00,logout,web
U01001,2026-03-30 12:12:00,LOGIN ,Web
U01001,2026-03-23 00:46:00,logout,web
U01001,2026-03-20 02:54:00,logout,mobile
U01001,2026-03-27 17:36:00,session_start,Web
U01001,2026-03-21 19:41:00,Login,web
U01001,2026-04-01 09:41:00,session_end,Web
U01001,2026-03-22 22:31:00,session_start,Web
U01002,2026-02-14 12:48:00,session_start,web
U01002,2026-02-20 06:24:00,LOGIN ,
U01002,2026-02-08 01:12:00,page_view,
U01002,2026-02-09 08:19:00,page_view,Web
U01002,2026-02-09 20:38:00,LOGIN ,
U01002,2026-02-14 19:24:00,page_view,mobile
U01003,2026-06-05 03:34:00,login,mobile
U01003,2026-06-05 07:23:00,session_start,
U01003,2026-06-03 15:45:00,logout,web
U01003,2026-06-09 07:53:00,login,
U01004,2026-04-13 08:55:00,LOGIN ,
U01004,2026-04-16 13:11:00,page_view,
U01004,2026-04-23 04:24:00,Login,
U01005,2026-05-12 17:20:00,page_view,web
U01005,2026-05-13 19:57:00,session_end,
U01005,2026-05-18 15:16:00,logout,
U01005,2026-05-17 11:39:00,LOGIN ,Web
U01005,2026-05-15 07:18:00,logout,Web
U01006,2026-06-17 18:22:00,logout,mobile
U01006,2026-06-22 23:29:00,logout,Web
U01007,2026-02-26 00:48:00,logout,mobile
U01007,2026-02-19 12:29:00,session_start,
U01007,2026-02-16 00:16:00,logout,mobile
U01007,2026-02-12 15:26:00,session_start,Web
U01007,2026-02-13 09:38:00,session_start,Web
U01007,2026-02-15 09:05:00,login,Web
U01007,2026-02-24 15:49:00,Login,mobile
U01007,2026-02-12 19:37:00,login,web
U01007,2026-02-22 22:02:00,session_end,Web
U01007,2026-02-23 01:50:00,session_start,Web
U01007,2026-02-18 11:46:00,session_end,mobile
U01008,2026-02-20 23:18:00,page_view,Web
U01008,2026-02-22 07:33:00,logout,Web
U01008,2026-02-27 21:27:00,LOGIN ,mobile
U01008,2026-02-22 05:58:00,Login,mobile
U01008,2026-02-23 13:02:00,page_view,web
U01008,2026-03-02 01:16:00,session_start,web
U01008,2026-03-02 18:47:00,login,web
U01008,2026-02-17 23:15:00,logout,Web
U01008,2026-02-26 21:23:00,logout,
U01009,2026-01-15 02:38:00,page_view,
U01009,2026-01-27 10:05:00,login,web
U01009,2026-01-24 10:32:00,Login,
U01009,2026-01-26 08:25:00,session_start,web
U01009,2026-01-18 23:19:00,session_start,
U01009,2026-01-20 02:32:00,page_view,
U01010,2026-05-13 15:42:00,login,Web
U01010,2026-05-16 14:46:00,session_end,
U01010,2026-05-11 21:41:00,logout,
U01010,2026-05-13 04:45:00,session_end,web
U01010,2026-05-16 11:45:00,Login,Web
U01010,2026-05-11 10:38:00,session_end,Web
U01010,2026-05-05 16:41:00,session_end,web
U01011,2026-04-13 22:10:00,page_view,mobile
U01011,2026-04-20 07:00:00,page_view,mobile
U01011,2026-04-18 22:11:00,session_start,
U01011,2026-04-23 09:54:00,login,Web
U01011,2026-04-13 15:43:00,Login,
U01011,2026-04-11 04:04:00,LOGIN ,web
U01011,2026-04-14 02:13:00,login,
U01012,2026-04-21 01:19:00,session_start,Web
U01012,2026-04-22 07:13:00,session_end,web
U01012,2026-04-19 14:46:00,page_view,Web
U01012,2026-04-17 08:29:00,LOGIN ,Web
U01012,2026-04-28 04:00:00,Login,Web
U01012,2026-04-24 08:18:00,login,web
U01012,2026-04-29 23:55:00,page_view,mobile
U01012,2026-04-29 23:14:00,logout,
U01012,2026-04-25 07:53:00,LOGIN ,web
U01012,2026-04-23 23:43:00,page_view,
U01012,2026-04-21 09:59:00,logout,
U01012,2026-04-22 09:06:00,Login,web
U01012,2026-04-18 11:04:00,session_end,mobile
U01012,2026-04-15 04:22:00,session_end,Web
U01013,2026-04-27 08:57:00,session_start,Web
U01013,2026-05-02 02:22:00,Login,Web
U01013,2026-05-04 05:44:00,login,
U01013,2026-05-02 19:20:00,LOGIN ,web
U01014,2026-06-06 18:33:00,LOGIN ,web
U01014,2026-06-08 05:35:00,session_start,Web
U01014,2026-05-30 16:53:00,logout,web
U01015,2026-03-22 14:22:00,logout,mobile
U01016,2026-03-02 17:13:00,logout,web
U01016,2026-03-08 07:19:00,session_end,web
U01016,2026-03-07 22:48:00,login,web
U01016,2026-03-02 17:04:00,logout,Web
U01017,2026-05-11 12:12:00,LOGIN ,mobile
U01017,2026-05-09 19:52:00,Login,Web
U01017,2026-05-12 05:06:00,page_view,Web
U01017,2026-05-07 14:47:00,logout,mobile
U01017,2026-05-10 01:53:00,session_end,web
U01017,2026-04-30 02:32:00,LOGIN ,mobile
U01017,2026-05-05 06:18:00,login,web
U01017,2026-05-02 23:25:00,login,mobile
U01018,2026-05-10 02:21:00,page_view,Web
U01018,2026-05-12 06:54:00,login,web
U01018,2026-05-12 07:02:00,Login,web
U01018,2026-05-19 09:18:00,login,
U01018,2026-05-14 17:05:00,page_view,web
U01018,2026-05-21 01:39:00,page_view,
U01019,2026-02-03 19:35:00,LOGIN ,Web
U01019,2026-02-03 14:26:00,page_view,
U01019,2026-02-01 23:51:00,LOGIN ,Web
U01019,2026-02-12 09:07:00,logout,mobile
U01019,2026-02-07 18:06:00,Login,
U01019,2026-02-07 19:17:00,LOGIN ,mobile
U01020,2026-03-10 13:19:00,page_view,web
U01020,2026-03-24 19:58:00,page_view,web
U01020,2026-03-10 13:06:00,page_view,
U01020,2026-03-20 12:44:00,session_end,web
U01020,2026-03-10 01:57:00,logout,mobile
U01021,2026-01-13 21:16:00,Login,web
U01021,2026-01-17 17:09:00,session_start,mobile
U01021,2026-01-13 21:05:00,page_view,
U01021,2026-01-16 20:25:00,Login,
U01021,2026-01-24 19:36:00,logout,
U01021,2026-01-13 00:33:00,Login,Web
U01022,2026-05-27 18:51:00,page_view,web
U01022,2026-05-31 00:00:00,LOGIN ,mobile
U01022,2026-05-22 21:51:00,page_view,Web
U01022,2026-05-27 04:48:00,Login,
U01022,2026-05-20 22:12:00,Login,mobile
U01023,2026-01-27 01:41:00,page_view,
U01023,2026-02-10 08:35:00,LOGIN ,
U01023,2026-02-07 04:16:00,logout,mobile
U01024,2026-03-26 14:07:00,Login,Web
U01024,2026-03-19 09:21:00,Login,web
U01024,2026-03-23 21:32:00,logout,web
U01024,2026-03-29 04:58:00,page_view,
U01024,2026-03-18 12:02:00,LOGIN ,web
U01025,2026-04-02 05:16:00,login,
U01025,2026-04-12 11:54:00,LOGIN ,
U01026,2026-03-06 14:51:00,session_start,Web
U01026,2026-03-02 22:37:00,login,Web
U01026,2026-03-15 02:40:00,session_end,Web
U01027,2026-06-06 12:44:00,LOGIN ,mobile
U01027,2026-05-31 03:57:00,session_start,Web
U01028,2026-06-21 11:27:00,logout,mobile
U01028,2026-06-14 16:35:00,session_start,
U01028,2026-06-22 12:22:00,session_start,mobile
U01028,2026-06-12 06:24:00,page_view,web
U01029,2026-06-13 20:08:00,Login,web
U01029,2026-06-21 02:06:00,logout,mobile
U01029,2026-06-15 12:00:00,LOGIN ,
U01029,2026-06-20 18:17:00,page_view,
U01030,2026-03-08 02:48:00,session_end,web
U01030,2026-02-25 16:01:00,Login,Web
U01030,2026-02-23 23:46:00,LOGIN ,Web
U01030,2026-03-05 07:35:00,Login,Web
U01030,2026-02-26 02:37:00,page_view,web
U01030,2026-02-26 14:51:00,session_end,web
U01030,2026-02-27 07:19:00,session_start,mobile
U01031,2026-04-08 07:37:00,LOGIN ,web
U01031,2026-04-11 13:30:00,Login,web
U01031,2026-04-13 18:21:00,page_view,mobile
U01031,2026-04-02 21:46:00,session_start,
U01031,2026-03-31 17:16:00,logout,
U01032,2026-05-31 20:33:00,page_view,
U01032,2026-05-31 10:24:00,page_view,mobile
U01032,2026-05-27 05:23:00,logout,mobile
U01032,2026-05-31 05:33:00,Login,web
U01032,2026-05-30 03:33:00,Login,mobile
U01032,2026-05-21 11:13:00,login,
U01033,2026-03-30 16:32:00,LOGIN ,
U01033,2026-03-24 23:19:00,page_view,
U01033,2026-03-23 13:40:00,session_start,web
U01033,2026-03-25 12:17:00,LOGIN ,mobile
U01034,2026-03-17 08:46:00,LOGIN ,Web
U01034,2026-03-23 18:30:00,LOGIN ,mobile
U01034,2026-03-11 07:22:00,page_view,mobile
U01034,2026-03-11 15:20:00,LOGIN ,Web
U01034,2026-03-19 20:10:00,session_end,
U01034,2026-03-14 17:45:00,session_start,Web
U01034,2026-03-11 21:04:00,page_view,Web
U01034,2026-03-18 12:43:00,Login,
U01034,2026-03-17 10:48:00,login,web
U01035,2026-02-06 19:39:00,session_start,
U01035,2026-01-29 10:14:00,LOGIN ,
U01035,2026-01-30 10:04:00,logout,Web
U01035,2026-02-06 20:27:00,LOGIN ,web
U01036,2026-01-25 12:28:00,session_end,
U01036,2026-01-19 23:00:00,logout,web
U01036,2026-01-25 06:22:00,page_view,mobile
U01036,2026-01-16 03:25:00,logout,mobile
U01036,2026-01-29 01:05:00,logout,Web
U01036,2026-01-25 15:41:00,page_view,mobile
U01036,2026-01-18 08:09:00,Login,Web
U01037,2026-02-15 17:50:00,page_view,mobile
U01037,2026-02-07 21:38:00,Login,
U01037,2026-02-09 13:35:00,login,Web
U01037,2026-02-09 20:44:00,login,web
U01037,2026-02-15 20:55:00,session_end,web
U01037,2026-02-07 00:50:00,Login,mobile
U01038,2026-04-07 09:35:00,login,web
U01038,2026-04-06 10:55:00,Login,
U01038,2026-04-04 07:23:00,logout,
U01038,2026-03-30 23:31:00,login,Web
U01038,2026-03-29 08:17:00,session_start,web
U01039,2026-04-16 07:37:00,Login,
U01039,2026-04-11 19:56:00,session_start,
U01039,2026-04-24 08:59:00,page_view,
U01039,2026-04-21 22:08:00,session_start,mobile
U01039,2026-04-11 20:21:00,page_view,mobile
U01039,2026-04-17 22:54:00,logout,Web
U01039,2026-04-20 18:04:00,login,mobile
U01039,2026-04-22 16:52:00,LOGIN ,
U01039,2026-04-18 23:40:00,page_view,mobile
U01039,2026-04-23 16:23:00,page_view,web
U01040,2026-06-13 02:56:00,LOGIN ,Web
U01041,2026-04-28 20:53:00,page_view,mobile
U01041,2026-04-25 07:55:00,login,
U01041,2026-04-24 10:55:00,LOGIN ,mobile
U01041,2026-04-18 05:24:00,Login,
U01042,2026-01-24 06:38:00,LOGIN ,
U01042,2026-01-27 20:32:00,LOGIN ,Web
U01042,2026-01-31 12:00:00,session_start,web
U01042,2026-02-02 15:53:00,LOGIN ,web
U01043,2026-04-24 18:44:00,session_end,web
U01043,2026-04-23 16:04:00,session_start,
U01043,2026-04-19 11:04:00,Login,Web
U01043,2026-04-18 03:50:00,LOGIN ,mobile
U01043,2026-04-19 06:43:00,login,
U01043,2026-04-28 08:39:00,session_end,mobile
U01043,2026-04-22 21:48:00,Login,Web
U01043,2026-04-24 18:30:00,LOGIN ,
U01043,2026-04-21 13:22:00,session_start,Web
U01044,2026-03-22 01:30:00,login,Web
U01044,2026-03-18 09:46:00,session_end,Web
U01044,2026-03-23 22:13:00,page_view,Web
U01044,2026-03-16 13:34:00,session_start,
U01045,2026-04-28 10:55:00,session_start,mobile
U01045,2026-04-29 23:00:00,logout,Web
U01046,2026-06-10 19:54:00,login,
U01046,2026-06-04 22:15:00,LOGIN ,web
U01046,2026-06-03 06:23:00,session_end,
U01047,2026-01-31 03:03:00,page_view,web
U01047,2026-01-25 03:21:00,page_view,Web
U01048,2026-06-19 14:54:00,Login,Web
U01048,2026-06-21 08:15:00,page_view,web
U01048,2026-06-25 21:16:00,page_view,
U01048,2026-06-14 05:22:00,LOGIN ,
U01048,2026-06-20 10:25:00,LOGIN ,web
U01048,2026-06-15 10:17:00,page_view,
U01048,2026-06-16 03:25:00,session_end,Web
U01048,2026-06-26 20:23:00,session_start,mobile
U01048,2026-06-21 21:20:00,Login,mobile
U01048,2026-06-25 04:34:00,LOGIN ,Web
U01048,2026-06-17 17:01:00,logout,Web
U01048,2026-06-19 23:38:00,LOGIN ,
U01048,2026-06-17 16:06:00,page_view,
U01048,2026-06-18 01:09:00,logout,Web
U01049,2026-01-27 20:07:00,logout,mobile
U01049,2026-01-23 05:15:00,Login,Web
U01049,2026-01-24 00:19:00,login,
U01049,2026-01-18 08:25:00,logout,
U01049,2026-01-27 22:06:00,LOGIN ,
U01050,2026-03-07 18:31:00,page_view,mobile
U01051,2026-05-11 03:35:00,LOGIN ,Web
U01051,2026-05-16 10:02:00,session_end,mobile
U01051,2026-05-14 09:23:00,page_view,
U01051,2026-05-07 03:29:00,login,mobile
U01051,2026-05-16 12:06:00,login,web
U01051,2026-05-14 11:39:00,page_view,web
U01051,2026-05-17 01:48:00,login,
U01051,2026-05-18 01:24:00,session_start,Web
U01051,2026-05-16 01:31:00,session_end,
U01051,2026-05-18 19:11:00,session_end,Web
U01051,2026-05-12 21:06:00,session_start,mobile
U01052,2026-03-29 23:51:00,LOGIN ,mobile
U01052,2026-04-07 17:49:00,logout,
U01052,2026-04-04 12:43:00,Login,Web
U01052,2026-03-31 13:31:00,Login,Web
U01053,2026-02-17 21:50:00,LOGIN ,
U01053,2026-02-03 15:03:00,session_start,mobile
U01053,2026-02-05 17:34:00,Login,Web
U01053,2026-02-15 02:13:00,Login,Web
U01053,2026-02-16 03:48:00,Login,web
U01053,2026-02-04 08:12:00,login,
U01053,2026-02-17 09:10:00,session_start,Web
U01053,2026-02-12 07:27:00,session_start,mobile
U01053,2026-02-08 15:45:00,logout,
U01053,2026-02-10 02:44:00,LOGIN ,web
U01053,2026-02-06 22:49:00,logout,web
U01054,2026-01-23 01:58:00,session_start,mobile
U01054,2026-01-25 11:49:00,page_view,
U01054,2026-01-26 11:35:00,logout,mobile
U01054,2026-01-19 00:32:00,Login,Web
U01054,2026-01-15 21:26:00,Login,
U01054,2026-01-25 18:16:00,page_view,web
U01054,2026-01-15 16:55:00,logout,
U01055,2026-01-11 18:06:00,login,mobile
U01055,2026-01-15 04:12:00,logout,mobile
U01055,2026-01-06 08:40:00,page_view,mobile
U01055,2026-01-10 05:51:00,session_start,web
U01056,2026-05-07 03:37:00,session_start,mobile
U01056,2026-05-06 10:51:00,session_end,Web
U01057,2026-04-26 10:28:00,LOGIN ,Web
U01057,2026-04-26 11:44:00,Login,mobile
U01057,2026-04-25 21:52:00,LOGIN ,Web
U01058,2026-06-20 02:07:00,session_end,web
U01058,2026-06-28 22:34:00,page_view,Web
U01058,2026-06-17 06:24:00,session_start,mobile
U01058,2026-06-24 00:43:00,LOGIN ,mobile
U01059,2026-03-12 06:35:00,logout,web
U01059,2026-03-23 18:13:00,session_start,
U01059,2026-03-20 09:49:00,login,Web
U01059,2026-03-25 15:05:00,LOGIN ,
U01059,2026-03-22 04:10:00,login,web
U01059,2026-03-16 21:33:00,Login,mobile
U01060,2026-04-06 10:17:00,login,web
U01060,2026-04-04 05:28:00,Login,mobile
U01060,2026-04-17 12:00:00,Login,web
U01060,2026-04-11 15:56:00,logout,
U01061,2026-04-20 09:29:00,session_start,web
U01061,2026-04-17 18:00:00,session_start,
U01061,2026-04-12 03:34:00,Login,
U01061,2026-04-12 04:47:00,session_end,Web
U01061,2026-04-06 15:26:00,page_view,
U01061,2026-04-17 02:40:00,session_start,mobile
U01062,2026-02-13 15:09:00,login,Web
U01062,2026-02-20 16:54:00,session_end,
U01062,2026-02-20 01:42:00,LOGIN ,web
U01062,2026-02-20 12:52:00,session_end,mobile
U01062,2026-02-12 07:56:00,logout,mobile
U01062,2026-02-18 09:41:00,LOGIN ,
U01062,2026-02-16 19:27:00,session_start,Web
U01063,2026-03-02 18:39:00,login,
U01063,2026-03-01 10:45:00,page_view,mobile
U01063,2026-03-10 21:01:00,session_start,Web
U01063,2026-03-13 18:02:00,session_end,
U01063,2026-03-11 00:14:00,LOGIN ,mobile
U01063,2026-03-06 21:07:00,page_view,
U01063,2026-03-11 01:07:00,session_end,web
U01063,2026-03-12 11:35:00,session_end,web
U01063,2026-03-04 12:34:00,Login,
U01064,2026-02-01 00:29:00,LOGIN ,mobile
U01064,2026-01-26 10:59:00,Login,web
U01064,2026-02-03 07:40:00,session_start,mobile
U01064,2026-02-06 10:10:00,session_start,web
U01064,2026-01-27 05:07:00,session_start,web
U01065,2026-05-11 22:32:00,session_start,Web
U01065,2026-05-15 08:32:00,login,mobile
U01065,2026-05-16 19:14:00,Login,Web
U01065,2026-05-11 07:48:00,session_end,Web
U01065,2026-05-06 21:53:00,session_end,web
U01065,2026-05-03 13:23:00,session_start,mobile
U01065,2026-05-17 10:54:00,login,
U01065,2026-05-07 10:58:00,LOGIN ,
U01065,2026-05-12 06:49:00,page_view,Web
U01066,2026-06-02 00:56:00,Login,web
U01066,2026-06-05 01:58:00,logout,web
U01066,2026-06-03 17:15:00,Login,web
U01066,2026-06-10 10:23:00,session_end,
U01067,2026-05-03 18:00:00,Login,Web
U01067,2026-05-06 19:29:00,login,
U01067,2026-05-08 15:05:00,logout,
U01067,2026-05-05 00:12:00,login,Web
U01067,2026-04-30 16:28:00,login,Web
U01067,2026-04-25 04:16:00,page_view,
U01067,2026-04-24 10:05:00,session_start,Web
U01068,2026-04-06 07:48:00,page_view,Web
U01068,2026-04-01 07:28:00,session_start,Web
U01068,2026-03-30 17:29:00,logout,
U01069,2026-02-10 14:55:00,page_view,
U01069,2026-02-16 01:00:00,session_start,Web
U01069,2026-02-06 09:20:00,page_view,
U01069,2026-02-13 20:42:00,logout,mobile
U01069,2026-02-16 02:40:00,logout,
U01069,2026-02-15 07:02:00,Login,mobile
U01069,2026-02-05 08:37:00,logout,
U01069,2026-02-14 23:46:00,session_start,Web
U01069,2026-02-17 15:57:00,LOGIN ,Web
U01069,2026-02-04 00:19:00,session_end,Web
U01070,2026-04-23 17:54:00,login,Web
U01070,2026-04-20 14:46:00,logout,mobile
U01070,2026-04-22 03:34:00,login,Web
U01070,2026-04-15 00:54:00,LOGIN ,Web
U01070,2026-04-11 15:03:00,session_start,Web
U01071,2026-02-09 18:45:00,LOGIN ,
U01071,2026-02-02 03:06:00,login,web
U01071,2026-02-03 18:30:00,session_start,Web
U01071,2026-02-10 14:23:00,LOGIN ,Web
U01072,2026-04-11 10:29:00,Login,
U01072,2026-04-07 05:24:00,page_view,mobile
U01072,2026-04-09 16:21:00,LOGIN ,web
U01072,2026-04-17 06:37:00,login,Web
U01072,2026-04-15 12:33:00,logout,Web
U01072,2026-04-16 13:00:00,logout,
U01072,2026-04-11 23:37:00,page_view,mobile
U01072,2026-04-19 20:45:00,logout,
U01072,2026-04-06 06:33:00,Login,
U01072,2026-04-17 17:30:00,login,
U01073,2026-04-22 14:56:00,session_start,
U01073,2026-04-17 11:29:00,login,mobile
U01073,2026-04-17 18:57:00,logout,
U01073,2026-04-10 12:14:00,session_start,
U01073,2026-04-17 05:56:00,page_view,
U01073,2026-04-09 21:50:00,login,web
U01073,2026-04-15 07:22:00,login,mobile
U01073,2026-04-16 19:26:00,Login,mobile
U01074,2026-02-16 01:26:00,session_end,mobile
U01074,2026-02-10 06:10:00,Login,mobile
U01074,2026-02-16 07:03:00,logout,mobile
U01074,2026-02-09 19:37:00,Login,Web
U01074,2026-02-10 12:01:00,logout,
U01074,2026-02-19 22:56:00,login,
U01074,2026-02-15 08:45:00,Login,web
U01074,2026-02-12 19:22:00,page_view,mobile
U01074,2026-02-09 10:28:00,session_end,
U01075,2026-05-30 04:38:00,LOGIN ,web
U01075,2026-05-27 16:21:00,Login,
U01075,2026-06-05 01:02:00,logout,
U01075,2026-06-07 08:16:00,session_end,Web
U01075,2026-05-29 17:30:00,logout,Web
U01075,2026-05-28 03:07:00,session_end,web
U01075,2026-05-29 05:23:00,LOGIN ,Web
U01075,2026-06-08 04:33:00,logout,web
U01076,2026-06-21 07:28:00,session_start,Web
U01076,2026-06-18 11:21:00,logout,web
U01076,2026-06-23 17:55:00,session_start,
U01076,2026-06-24 12:01:00,page_view,mobile
U01076,2026-06-16 07:46:00,session_end,mobile
U01076,2026-06-18 03:15:00,login,
U01076,2026-06-16 02:39:00,page_view,Web
U01076,2026-06-24 12:26:00,Login,mobile
U01076,2026-06-24 15:36:00,session_end,
U01077,2026-02-26 16:31:00,Login,web
U01077,2026-02-28 05:51:00,LOGIN ,Web
U01077,2026-03-08 13:11:00,session_end,web
U01077,2026-03-03 21:36:00,session_start,Web
U01077,2026-02-28 03:27:00,login,mobile
U01077,2026-02-27 05:34:00,session_end,web
U01077,2026-03-03 00:01:00,LOGIN ,web
U01077,2026-03-07 01:11:00,session_end,
U01078,2026-04-20 10:43:00,login,mobile
U01078,2026-04-16 04:43:00,Login,web
U01078,2026-04-17 23:56:00,session_start,Web
U01078,2026-04-20 11:17:00,login,
U01078,2026-04-20 16:31:00,session_end,mobile
U01079,2026-03-07 22:04:00,login,Web
U01079,2026-03-03 13:08:00,logout,
U01079,2026-03-02 20:47:00,login,web
U01079,2026-03-02 05:25:00,page_view,
U01080,2026-02-09 08:10:00,logout,web
U01080,2026-02-08 23:25:00,login,
U01080,2026-02-13 10:18:00,page_view,mobile
U01080,2026-02-08 00:36:00,LOGIN ,
U01081,2026-04-11 07:44:00,session_end,mobile
U01081,2026-04-15 17:45:00,page_view,web
U01081,2026-04-15 01:50:00,login,Web
U01081,2026-04-14 14:38:00,Login,mobile
U01081,2026-04-11 12:31:00,login,Web
U01081,2026-04-20 21:34:00,LOGIN ,web
U01081,2026-04-18 20:29:00,login,web
U01081,2026-04-14 01:46:00,login,
U01081,2026-04-16 19:54:00,session_start,mobile
U01081,2026-04-09 19:08:00,LOGIN ,web
U01081,2026-04-18 04:02:00,login,mobile
U01082,2026-02-13 23:46:00,LOGIN ,mobile
U01082,2026-02-08 07:45:00,Login,
U01082,2026-02-18 00:53:00,LOGIN ,mobile
U01082,2026-02-17 15:37:00,LOGIN ,mobile
U01082,2026-02-14 03:21:00,session_end,Web
U01082,2026-02-19 10:51:00,login,web
U01082,2026-02-11 06:51:00,session_end,
U01082,2026-02-06 09:38:00,Login,web
U01082,2026-02-19 14:21:00,logout,
U01082,2026-02-09 22:54:00,login,Web
U01082,2026-02-19 05:19:00,session_end,
U01083,2026-03-18 07:37:00,session_start,mobile
U01083,2026-03-11 04:22:00,session_end,web
U01083,2026-03-13 17:15:00,page_view,web
U01083,2026-03-07 09:41:00,session_end,
U01083,2026-03-16 14:15:00,logout,
U01083,2026-03-16 14:30:00,Login,Web
U01083,2026-03-09 06:40:00,LOGIN ,mobile
U01083,2026-03-15 10:55:00,LOGIN ,
U01083,2026-03-13 15:10:00,session_end,
U01083,2026-03-10 15:07:00,LOGIN ,
U01083,2026-03-17 22:54:00,LOGIN ,mobile
U01083,2026-03-19 16:55:00,page_view,web
U01083,2026-03-18 05:39:00,session_end,web
U01083,2026-03-17 07:17:00,session_end,web
U01084,2026-06-13 09:08:00,LOGIN ,
U01084,2026-06-12 13:03:00,page_view,web
U01084,2026-06-14 01:36:00,LOGIN ,web
U01084,2026-06-12 02:26:00,page_view,Web
U01085,2026-01-14 07:30:00,session_start,mobile
U01085,2026-01-11 05:25:00,session_start,mobile
U01085,2026-01-09 11:16:00,session_end,mobile
U01085,2026-01-21 01:14:00,session_start,mobile
U01085,2026-01-07 19:48:00,login,Web
U01085,2026-01-21 20:03:00,login,Web
U01085,2026-01-09 14:15:00,login,web
U01085,2026-01-19 14:11:00,logout,mobile
U01086,2026-02-28 09:58:00,login,Web
U01086,2026-03-01 10:26:00,session_end,web
U01086,2026-03-08 00:40:00,login,Web
U01086,2026-02-24 19:51:00,Login,mobile
U01086,2026-02-27 19:33:00,page_view,Web
U01086,2026-03-01 09:10:00,Login,mobile
U01086,2026-03-07 20:48:00,LOGIN ,
U01086,2026-03-04 13:58:00,page_view,
U01086,2026-03-06 15:51:00,login,Web
U01087,2026-02-21 19:01:00,logout,mobile
U01087,2026-02-20 13:49:00,Login,Web
U01087,2026-02-25 23:49:00,Login,
U01087,2026-02-23 00:02:00,page_view,mobile
U01087,2026-02-20 19:36:00,login,web
U01087,2026-03-01 20:03:00,session_start,Web
U01087,2026-03-03 14:26:00,login,Web
U01087,2026-02-22 04:28:00,session_end,
U01087,2026-02-21 23:45:00,LOGIN ,Web
U01087,2026-02-22 21:03:00,page_view,Web
U01087,2026-02-20 20:15:00,login,
U01087,2026-02-27 15:38:00,Login,web
U01088,2026-06-26 13:28:00,LOGIN ,Web
U01088,2026-06-24 07:39:00,Login,Web
U01088,2026-06-18 21:36:00,session_start,web
U01088,2026-06-19 10:54:00,Login,mobile
U01088,2026-06-27 22:22:00,Login,
U01089,2026-05-15 22:14:00,LOGIN ,
U01089,2026-05-10 07:52:00,logout,web
U01089,2026-05-21 07:15:00,login,
U01089,2026-05-10 08:21:00,Login,mobile
U01089,2026-05-07 05:14:00,session_start,Web
U01090,2026-03-04 05:09:00,LOGIN ,
U01090,2026-03-17 08:01:00,page_view,Web
U01090,2026-03-06 22:52:00,session_start,mobile
U01090,2026-03-03 07:14:00,LOGIN ,web
U01090,2026-03-08 02:25:00,login,mobile
U01090,2026-03-06 04:20:00,login,web
U01090,2026-03-10 22:05:00,LOGIN ,Web
U01090,2026-03-08 17:54:00,session_start,web
U01091,2026-06-14 18:17:00,page_view,web
U01091,2026-06-06 04:09:00,page_view,Web
U01091,2026-06-07 12:19:00,login,web
U01091,2026-06-11 19:10:00,LOGIN ,Web
U01091,2026-06-15 02:08:00,LOGIN ,mobile
U01091,2026-06-10 01:31:00,logout,web
U01091,2026-06-11 02:54:00,Login,Web
U01091,2026-06-16 00:22:00,page_view,mobile
U01091,2026-06-13 22:19:00,session_end,Web
U01092,2026-01-18 02:39:00,page_view,
U01092,2026-01-05 10:44:00,session_start,Web
U01092,2026-01-09 15:07:00,session_start,
U01092,2026-01-16 07:11:00,session_end,mobile
U01092,2026-01-08 13:15:00,login,
U01092,2026-01-05 23:26:00,Login,web
U01092,2026-01-14 21:55:00,session_end,Web
U01092,2026-01-18 22:27:00,Login,Web
U01092,2026-01-06 00:55:00,logout,web
U01092,2026-01-11 13:04:00,LOGIN ,web
U01093,2026-04-14 04:03:00,LOGIN ,
U01093,2026-04-18 11:42:00,page_view,
U01093,2026-04-19 14:29:00,login,Web
U01093,2026-04-13 21:13:00,page_view,
U01093,2026-04-10 16:02:00,page_view,web
U01093,2026-04-11 01:05:00,LOGIN ,
U01094,2026-04-15 03:54:00,login,mobile
U01094,2026-04-13 04:31:00,logout,web
U01094,2026-04-12 19:13:00,login,Web
U01094,2026-04-16 12:42:00,login,
U01094,2026-04-07 17:33:00,login,
U01094,2026-04-12 15:45:00,session_end,Web
U01094,2026-04-05 16:52:00,page_view,Web
U01094,2026-04-18 13:59:00,session_end,web
U01095,2026-05-06 20:02:00,page_view,
U01095,2026-05-06 12:48:00,session_end,mobile
U01096,2026-01-24 15:11:00,session_end,web
U01096,2026-01-18 15:09:00,page_view,
U01096,2026-01-20 00:46:00,page_view,web
U01096,2026-01-28 21:55:00,LOGIN ,
U01096,2026-01-20 20:12:00,session_start,mobile
U01096,2026-01-23 13:18:00,login,
U01096,2026-01-26 07:46:00,page_view,web
U01096,2026-01-26 07:03:00,logout,
U01096,2026-01-27 14:56:00,session_end,Web
U01096,2026-01-19 20:16:00,LOGIN ,Web
U01096,2026-01-27 17:13:00,session_start,
U01096,2026-02-01 02:16:00,session_start,
U01097,2026-03-01 18:02:00,session_start,
U01097,2026-03-05 16:46:00,session_start,
U01097,2026-03-02 02:55:00,session_end,Web
U01098,2026-05-22 15:57:00,login,web
U01098,2026-05-16 09:22:00,session_start,web
U01098,2026-05-15 21:38:00,logout,Web
U01098,2026-05-23 12:13:00,LOGIN ,mobile
U01098,2026-05-24 02:32:00,login,
U01099,2026-04-20 18:59:00,Login,web
U01099,2026-04-28 01:08:00,LOGIN ,Web
U01099,2026-04-23 10:48:00,logout,mobile
U01099,2026-04-20 15:45:00,session_start,
U01100,2026-02-03 07:01:00,page_view,mobile
U01100,2026-01-23 12:31:00,page_view,
U01100,2026-01-23 18:50:00,Login,
U01101,2026-05-19 11:18:00,session_end,
U01101,2026-05-28 04:00:00,logout,web
U01101,2026-05-20 08:42:00,login,mobile
U01101,2026-05-23 09:21:00,LOGIN ,web
U01101,2026-05-28 01:21:00,LOGIN ,web
U01101,2026-05-26 23:46:00,login,mobile
U01101,2026-05-27 15:25:00,page_view,
U01101,2026-05-21 16:32:00,session_start,mobile
U01101,2026-05-22 12:06:00,session_start,mobile
U01101,2026-05-18 06:51:00,logout,Web
U01101,2026-05-21 16:14:00,logout,web
U01101,2026-05-18 00:37:00,login,Web
U01102,2026-01-25 10:10:00,session_end,Web
U01102,2026-01-31 07:01:00,session_start,Web
U01102,2026-01-23 14:36:00,session_end,
U01102,2026-01-27 08:26:00,logout,
U01102,2026-01-24 16:39:00,session_start,mobile
U01102,2026-01-27 03:33:00,session_end,
U01103,2026-02-24 04:21:00,Login,
U01103,2026-03-06 10:40:00,session_start,web
U01103,2026-02-22 05:08:00,Login,web
U01103,2026-02-24 07:57:00,LOGIN ,web
U01103,2026-02-27 12:47:00,session_start,
U01103,2026-03-07 03:11:00,LOGIN ,web
U01103,2026-03-04 11:33:00,session_end,web
U01103,2026-03-07 08:06:00,session_end,mobile
U01103,2026-03-06 16:56:00,login,Web
U01103,2026-02-23 13:25:00,session_start,web
U01104,2026-04-22 17:51:00,login,mobile
U01104,2026-04-14 18:08:00,session_start,Web
U01104,2026-04-23 08:31:00,page_view,web
U01104,2026-04-20 17:24:00,logout,mobile
U01104,2026-04-17 02:20:00,Login,
U01104,2026-04-17 19:20:00,logout,Web
U01104,2026-04-15 09:09:00,login,mobile
U01105,2026-06-18 08:44:00,session_end,mobile
U01105,2026-06-20 17:34:00,logout,
U01105,2026-06-19 23:04:00,Login,
U01105,2026-06-19 14:04:00,LOGIN ,Web
U01105,2026-06-16 07:04:00,logout,web
U01105,2026-06-30 17:02:00,page_view,mobile
U01106,2026-03-27 21:24:00,page_view,web
U01106,2026-04-04 08:50:00,login,mobile
U01106,2026-03-31 18:26:00,login,
U01106,2026-03-22 00:16:00,session_start,web
U01106,2026-04-03 16:36:00,logout,web
U01107,2026-01-28 03:52:00,session_end,mobile
U01107,2026-01-26 10:54:00,session_start,mobile
U01107,2026-01-29 09:46:00,session_start,
U01107,2026-01-23 17:42:00,logout,mobile
U01108,2026-04-26 02:02:00,Login,Web
U01108,2026-04-23 08:05:00,Login,web
U01108,2026-04-30 03:07:00,logout,web
U01108,2026-04-26 00:21:00,login,mobile
U01108,2026-04-24 10:40:00,login,
U01108,2026-05-05 18:42:00,login,Web
U01108,2026-04-26 14:02:00,session_end,Web
U01108,2026-04-28 00:36:00,page_view,Web
U01108,2026-05-04 01:51:00,session_start,
U01108,2026-04-23 09:42:00,logout,
U01108,2026-04-30 06:04:00,login,mobile
U01108,2026-04-23 08:51:00,logout,Web
U01108,2026-05-04 12:17:00,LOGIN ,
U01108,2026-04-24 04:29:00,LOGIN ,
U01108,2026-05-01 08:50:00,login,
U01109,2026-06-17 08:01:00,Login,mobile
U01110,2026-04-03 14:16:00,LOGIN ,
U01110,2026-03-21 19:14:00,Login,web
U01110,2026-04-01 07:25:00,page_view,Web
U01110,2026-03-22 05:52:00,page_view,
U01110,2026-03-25 02:00:00,logout,
U01110,2026-03-21 07:10:00,session_start,
U01110,2026-03-26 07:04:00,page_view,web
U01110,2026-03-26 15:59:00,session_start,mobile
U01110,2026-03-22 21:53:00,login,web
U01110,2026-03-21 17:38:00,session_start,Web
U01110,2026-03-25 13:50:00,login,mobile
U01110,2026-03-26 07:25:00,login,
U01110,2026-04-04 09:01:00,login,Web
U01110,2026-03-28 09:33:00,session_start,
U01111,2026-02-23 09:56:00,session_end,
U01111,2026-02-26 20:40:00,session_end,Web
U01111,2026-02-22 08:33:00,login,
U01111,2026-02-14 20:15:00,session_start,web
U01111,2026-02-14 01:58:00,session_start,
U01111,2026-02-14 02:28:00,session_start,mobile
U01112,2026-02-15 15:20:00,session_end,Web
U01112,2026-02-14 06:51:00,Login,web
U01112,2026-02-12 16:06:00,login,web
U01112,2026-02-12 03:36:00,page_view,
U01113,2026-02-24 01:02:00,LOGIN ,web
U01113,2026-02-13 02:17:00,LOGIN ,Web
U01113,2026-02-12 11:21:00,logout,
U01113,2026-02-18 08:14:00,Login,mobile
U01114,2026-05-24 21:33:00,LOGIN ,
U01115,2026-03-19 10:23:00,Login,mobile
U01115,2026-03-17 03:30:00,logout,web
U01115,2026-03-21 06:46:00,Login,Web
U01115,2026-03-11 00:56:00,logout,web
U01115,2026-03-12 19:44:00,logout,mobile
U01115,2026-03-14 20:25:00,LOGIN ,mobile
U01115,2026-03-19 12:45:00,login,
U01116,2026-02-12 14:15:00,login,
U01117,2026-02-03 18:55:00,LOGIN ,
U01117,2026-02-11 04:17:00,session_end,
U01117,2026-02-11 23:09:00,Login,Web
U01117,2026-02-13 16:24:00,logout,Web
U01117,2026-02-10 07:53:00,session_end,mobile
U01117,2026-02-13 15:42:00,logout,
U01117,2026-02-08 14:42:00,login,Web
U01117,2026-02-11 02:59:00,Login,Web
U01117,2026-02-09 06:50:00,login,
U01117,2026-02-14 19:24:00,session_start,web
U01117,2026-02-06 00:23:00,LOGIN ,web
U01118,2026-04-27 07:52:00,LOGIN ,
U01118,2026-04-29 04:07:00,page_view,web
U01118,2026-04-26 04:21:00,login,
U01118,2026-05-01 18:35:00,session_end,mobile
U01118,2026-05-04 11:48:00,LOGIN ,
U01119,2026-01-21 12:13:00,logout,
U01119,2026-01-17 03:18:00,page_view,Web
U01119,2026-01-22 15:00:00,logout,mobile
U01119,2026-01-26 22:15:00,LOGIN ,mobile
U01119,2026-01-24 22:53:00,login,
U01120,2026-06-03 23:37:00,Login,Web
U01120,2026-06-02 04:38:00,logout,web
U01120,2026-06-02 00:39:00,Login,
U01120,2026-05-28 00:03:00,page_view,web
U01120,2026-06-09 03:42:00,logout,web
U01120,2026-05-29 10:27:00,login,
U01120,2026-05-29 18:29:00,Login,Web
U01120,2026-06-09 08:49:00,page_view,web
U01120,2026-05-30 02:54:00,Login,web
U01121,2026-04-27 21:47:00,session_end,mobile
U01121,2026-05-07 06:33:00,logout,Web
U01121,2026-05-07 12:53:00,session_end,web
U01121,2026-05-09 21:43:00,page_view,
U01121,2026-05-04 04:12:00,page_view,mobile
U01121,2026-04-28 01:16:00,page_view,Web
U01121,2026-05-05 03:31:00,page_view,
U01121,2026-05-07 07:40:00,session_start,Web
U01122,2026-01-20 23:26:00,login,mobile
U01122,2026-01-17 02:49:00,session_end,mobile
U01122,2026-01-29 04:01:00,session_start,mobile
U01122,2026-01-27 02:33:00,page_view,
U01122,2026-01-28 09:07:00,session_start,
U01122,2026-01-16 20:40:00,page_view,mobile
U01122,2026-01-28 00:09:00,Login,
U01123,2026-02-16 03:44:00,page_view,
U01123,2026-02-21 07:27:00,session_end,mobile
U01123,2026-02-17 20:39:00,session_end,web
U01123,2026-02-18 14:27:00,LOGIN ,web
U01124,2026-03-20 07:09:00,Login,web
U01124,2026-03-18 18:46:00,Login,mobile
U01124,2026-03-12 04:50:00,session_end,mobile
U01124,2026-03-21 20:51:00,session_start,
U01124,2026-03-21 03:11:00,session_start,mobile
U01124,2026-03-14 18:16:00,session_end,Web
U01124,2026-03-20 05:59:00,Login,Web
U01124,2026-03-09 19:26:00,logout,Web
U01124,2026-03-11 09:43:00,session_end,Web
U01124,2026-03-19 07:51:00,page_view,
U01124,2026-03-19 22:46:00,session_end,
U01125,2026-03-08 03:55:00,login,web
U01125,2026-03-04 07:14:00,login,
U01125,2026-03-04 00:38:00,page_view,web
U01125,2026-03-05 17:31:00,session_start,web
U01125,2026-03-13 10:20:00,page_view,Web
U01126,2026-01-21 21:42:00,logout,web
U01126,2026-01-24 20:58:00,session_start,mobile
U01126,2026-01-24 15:33:00,session_start,web
U01126,2026-01-14 11:36:00,login,mobile
U01126,2026-01-12 22:46:00,LOGIN ,
U01126,2026-01-15 14:10:00,login,
U01126,2026-01-14 23:25:00,session_start,web
U01127,2026-01-15 04:12:00,LOGIN ,Web
U01127,2026-01-13 17:50:00,login,mobile
U01127,2026-01-21 10:22:00,page_view,
U01127,2026-01-19 07:46:00,session_start,mobile
U01127,2026-01-21 11:31:00,logout,Web
U01127,2026-01-24 11:04:00,session_end,mobile
U01127,2026-01-16 23:28:00,LOGIN ,web
U01127,2026-01-13 02:30:00,page_view,mobile
U01128,2026-02-14 14:00:00,Login,
U01128,2026-02-10 11:25:00,page_view,
U01129,2026-05-01 13:06:00,login,mobile
U01129,2026-04-23 17:18:00,page_view,mobile
U01129,2026-04-21 06:01:00,logout,web
U01129,2026-04-26 01:23:00,session_start,mobile
U01129,2026-04-18 23:32:00,page_view,mobile
U01129,2026-04-27 05:40:00,LOGIN ,mobile
U01129,2026-04-26 14:14:00,logout,mobile
U01129,2026-04-30 03:02:00,session_start,mobile
U01129,2026-04-19 05:40:00,session_start,mobile
U01129,2026-04-29 13:22:00,logout,Web
U01130,2026-04-25 11:09:00,Login,web
U01131,2026-03-18 04:00:00,login,
U01131,2026-03-24 00:35:00,LOGIN ,mobile
U01131,2026-03-19 15:16:00,logout,web
U01131,2026-03-17 21:45:00,Login,
U01131,2026-03-20 22:27:00,logout,mobile
U01131,2026-03-21 12:20:00,login,mobile
U01131,2026-03-20 23:46:00,LOGIN ,Web
U01132,2026-02-05 02:43:00,page_view,web
U01133,2026-02-15 11:56:00,login,web
U01133,2026-02-23 03:39:00,LOGIN ,Web
U01133,2026-02-26 04:08:00,session_start,mobile
U01133,2026-02-18 22:03:00,login,mobile
U01133,2026-02-21 00:28:00,Login,mobile
U01134,2026-01-15 10:02:00,Login,mobile
U01134,2026-01-12 22:57:00,Login,Web
U01134,2026-01-22 04:56:00,logout,Web
U01134,2026-01-15 14:21:00,logout,mobile
U01134,2026-01-21 03:27:00,logout,mobile
U01135,2026-03-27 17:01:00,logout,web
U01135,2026-03-27 13:45:00,session_start,mobile
U01135,2026-03-15 13:53:00,logout,
U01135,2026-03-23 12:53:00,session_end,
U01135,2026-03-25 21:19:00,login,mobile
U01135,2026-03-17 00:16:00,LOGIN ,Web
U01135,2026-03-28 08:04:00,login,
U01136,2026-05-23 13:25:00,LOGIN ,
U01136,2026-05-22 00:43:00,session_end,Web
U01136,2026-05-26 23:21:00,session_end,web
U01136,2026-05-23 10:46:00,page_view,web
U01137,2026-04-12 13:19:00,Login,
U01138,2026-06-07 22:10:00,session_end,web
U01138,2026-06-03 04:18:00,login,web
U01138,2026-05-30 00:20:00,logout,web
U01139,2026-06-19 19:51:00,session_start,
U01139,2026-06-10 23:46:00,logout,mobile
U01139,2026-06-10 10:53:00,Login,Web
U01139,2026-06-14 05:44:00,Login,mobile
U01139,2026-06-11 21:50:00,session_end,web
U01139,2026-06-14 16:53:00,session_end,mobile
U01139,2026-06-16 20:28:00,page_view,Web
U01140,2026-06-04 11:58:00,LOGIN ,web
U01140,2026-06-12 22:19:00,session_start,
U01140,2026-06-03 10:47:00,logout,mobile
U01140,2026-06-10 11:02:00,logout,web
U01140,2026-06-02 03:58:00,LOGIN ,mobile
U01141,2026-03-17 10:20:00,session_end,
U01141,2026-03-17 05:29:00,session_start,mobile
U01141,2026-03-10 01:14:00,login,
U01141,2026-03-08 17:37:00,login,mobile
U01141,2026-03-04 08:58:00,LOGIN ,web
U01141,2026-03-15 18:30:00,login,
U01141,2026-03-05 09:52:00,Login,mobile
U01142,2026-04-24 07:23:00,page_view,Web
U01142,2026-04-26 09:42:00,page_view,Web
U01142,2026-04-24 05:02:00,LOGIN ,Web
U01143,2026-04-08 13:28:00,LOGIN ,
U01143,2026-04-06 19:38:00,logout,web
U01143,2026-03-31 21:12:00,logout,
U01143,2026-04-08 17:14:00,login,Web
U01144,2026-01-15 10:29:00,session_start,mobile
U01144,2026-01-10 08:20:00,logout,web
U01144,2026-01-04 12:00:00,session_end,Web
U01144,2026-01-11 18:29:00,login,web
U01144,2026-01-17 11:42:00,Login,mobile
U01144,2026-01-04 06:12:00,session_start,
U01144,2026-01-03 00:58:00,session_end,mobile
U01144,2026-01-07 14:27:00,page_view,web
U01144,2026-01-05 21:32:00,page_view,mobile
U01144,2026-01-03 21:58:00,session_start,Web
U01144,2026-01-09 03:47:00,login,mobile
U01144,2026-01-14 18:38:00,logout,
U01145,2026-03-29 19:08:00,session_start,web
U01145,2026-03-30 10:44:00,session_start,web
U01145,2026-04-03 07:13:00,session_end,
U01145,2026-03-31 17:56:00,session_end,Web
U01146,2026-05-30 04:32:00,LOGIN ,
U01146,2026-05-24 20:06:00,session_end,Web
U01146,2026-05-28 07:36:00,session_start,
U01146,2026-05-27 07:03:00,page_view,web
U01146,2026-05-26 00:30:00,Login,
U01146,2026-05-25 09:39:00,session_end,Web
U01146,2026-05-28 08:20:00,session_start,Web
U01147,2026-05-19 09:17:00,login,web
U01147,2026-05-13 12:37:00,logout,mobile
U01147,2026-05-17 13:08:00,session_start,Web
U01147,2026-05-10 20:14:00,LOGIN ,
U01147,2026-05-19 11:36:00,login,
U01147,2026-05-06 23:16:00,Login,Web
U01147,2026-05-15 20:58:00,session_end,mobile
U01147,2026-05-20 19:33:00,LOGIN ,web
U01148,2026-01-31 19:45:00,logout,
U01148,2026-01-29 16:54:00,LOGIN ,
U01148,2026-02-01 07:59:00,page_view,
U01148,2026-01-29 13:42:00,logout,web
U01148,2026-01-30 15:33:00,LOGIN ,mobile
U01148,2026-01-28 21:02:00,session_start,mobile
U01149,2026-04-16 14:41:00,page_view,web
U01149,2026-04-28 21:53:00,session_start,
U01149,2026-04-22 03:56:00,page_view,mobile
U01149,2026-04-21 21:01:00,page_view,web
U01149,2026-04-23 16:34:00,Login,
U01149,2026-04-25 05:09:00,Login,mobile
U01149,2026-04-27 22:32:00,LOGIN ,Web
U01150,2026-04-28 07:57:00,Login,
U01150,2026-05-07 18:38:00,LOGIN ,mobile
U01150,2026-05-06 10:43:00,logout,web
U01150,2026-05-09 05:14:00,login,mobile
U01150,2026-05-12 21:51:00,session_start,Web
U01150,2026-05-01 05:29:00,Login,Web
U01151,2026-02-05 21:45:00,LOGIN ,web
U01151,2026-01-29 19:28:00,Login,Web
U01151,2026-02-03 22:03:00,Login,mobile
U01151,2026-01-27 07:17:00,session_start,
U01151,2026-01-26 09:27:00,logout,Web
U01151,2026-02-08 01:37:00,Login,Web
U01151,2026-01-30 11:22:00,page_view,
U01151,2026-01-25 04:02:00,login,
U01152,2026-06-14 15:16:00,login,mobile
U01152,2026-06-19 09:16:00,logout,Web
U01152,2026-06-22 08:51:00,session_start,
U01153,2026-05-27 05:06:00,session_end,mobile
U01153,2026-06-09 21:38:00,login,mobile
U01153,2026-06-02 21:46:00,logout,web
U01153,2026-06-08 13:20:00,login,
U01153,2026-06-06 12:06:00,Login,mobile
U01153,2026-06-08 04:58:00,session_end,mobile
U01153,2026-06-05 22:40:00,login,Web
U01154,2026-03-08 09:18:00,session_start,Web
U01154,2026-03-05 21:00:00,LOGIN ,Web
U01154,2026-03-07 10:51:00,LOGIN ,Web
U01154,2026-03-02 04:26:00,Login,Web
U01154,2026-03-08 00:31:00,session_start,
U01154,2026-03-14 17:38:00,logout,Web
U01154,2026-03-16 06:14:00,page_view,mobile
U01155,2026-03-29 13:54:00,Login,web
U01155,2026-03-26 21:52:00,session_start,web
U01155,2026-03-22 16:11:00,page_view,mobile
U01155,2026-03-28 18:24:00,page_view,mobile
U01155,2026-03-28 18:01:00,Login,mobile
U01155,2026-03-24 01:36:00,session_start,Web
U01156,2026-03-30 21:01:00,session_start,web
U01156,2026-04-01 19:02:00,session_start,
U01156,2026-03-25 23:04:00,LOGIN ,web
U01156,2026-03-27 01:03:00,Login,mobile
U01156,2026-03-29 09:39:00,login,
U01156,2026-03-31 19:30:00,Login,web
U01156,2026-03-31 05:46:00,login,mobile
U01157,2026-03-21 07:48:00,page_view,mobile
U01157,2026-03-20 23:40:00,logout,web
U01157,2026-03-22 19:10:00,session_end,
U01157,2026-03-23 20:39:00,Login,web
U01158,2026-02-21 10:14:00,login,
U01158,2026-02-22 05:11:00,session_start,web
U01158,2026-03-06 01:57:00,session_end,mobile
U01158,2026-03-07 04:32:00,Login,
U01159,2026-02-04 23:17:00,Login,
U01159,2026-02-09 01:20:00,LOGIN ,Web
U01159,2026-02-04 23:34:00,session_end,
U01160,2026-02-24 05:57:00,session_end,mobile
U01160,2026-02-12 12:12:00,Login,mobile
U01160,2026-02-23 21:33:00,logout,web
U01160,2026-02-13 05:26:00,session_end,web
U01160,2026-02-26 09:16:00,session_start,
U01160,2026-02-17 16:37:00,LOGIN ,mobile
U01161,2026-04-26 08:31:00,session_start,web
U01161,2026-04-28 18:26:00,logout,web
U01161,2026-04-25 13:56:00,logout,Web
U01161,2026-04-22 04:44:00,page_view,Web
U01161,2026-04-29 10:11:00,LOGIN ,
U01161,2026-04-18 14:35:00,session_start,Web
U01161,2026-04-22 15:35:00,session_end,Web
U01162,2026-04-02 14:00:00,logout,Web
U01162,2026-04-08 10:30:00,session_start,
U01162,2026-04-14 01:27:00,login,mobile
U01162,2026-04-16 19:32:00,session_end,
U01162,2026-04-16 04:34:00,LOGIN ,mobile
U01162,2026-04-08 16:03:00,logout,mobile
U01162,2026-04-10 04:57:00,session_start,web
U01162,2026-04-13 20:48:00,session_start,Web
U01162,2026-04-03 14:01:00,login,Web
U01162,2026-04-05 15:04:00,page_view,
U01162,2026-04-02 10:24:00,page_view,
U01162,2026-04-10 16:00:00,logout,mobile
U01162,2026-04-03 22:53:00,page_view,
U01162,2026-04-08 09:30:00,logout,Web
U01162,2026-04-12 02:09:00,session_start,mobile
U01162,2026-04-16 03:56:00,Login,Web
U01163,2026-03-22 17:43:00,LOGIN ,mobile
U01163,2026-03-25 21:43:00,LOGIN ,web
U01163,2026-04-02 12:50:00,login,web
U01163,2026-03-29 19:05:00,session_end,Web
U01164,2026-02-08 00:33:00,session_start,web
U01164,2026-02-14 22:07:00,session_start,web
U01164,2026-02-11 16:49:00,page_view,
U01164,2026-02-07 03:23:00,Login,web
U01164,2026-02-07 14:41:00,login,web
U01164,2026-02-07 09:03:00,LOGIN ,mobile
U01164,2026-02-03 13:35:00,session_end,Web
U01164,2026-02-11 14:38:00,session_start,
U01164,2026-02-11 04:41:00,LOGIN ,
U01165,2026-06-05 21:03:00,LOGIN ,web
U01165,2026-06-05 01:59:00,logout,web
U01165,2026-06-04 21:30:00,login,web
U01165,2026-06-11 17:47:00,LOGIN ,web
U01165,2026-06-15 05:00:00,LOGIN ,web
U01165,2026-06-06 11:42:00,LOGIN ,
U01165,2026-06-06 21:48:00,page_view,mobile
U01165,2026-06-15 21:39:00,Login,web
U01165,2026-06-05 00:43:00,Login,
U01165,2026-06-09 19:50:00,session_end,
U01166,2026-03-29 20:29:00,page_view,Web
U01166,2026-04-04 07:55:00,session_end,
U01166,2026-03-30 19:55:00,page_view,
U01167,2026-03-16 09:16:00,logout,mobile
U01167,2026-03-10 04:24:00,page_view,Web
U01167,2026-03-15 20:10:00,login,Web
U01167,2026-03-06 12:18:00,login,Web
U01167,2026-03-17 23:13:00,session_start,Web
U01167,2026-03-05 21:54:00,LOGIN ,web
U01167,2026-03-19 06:15:00,session_start,mobile
U01168,2026-01-26 14:50:00,session_start,
U01168,2026-01-24 18:49:00,logout,
U01168,2026-01-19 17:07:00,page_view,
U01168,2026-01-25 00:53:00,session_end,Web
U01168,2026-01-18 15:49:00,login,
U01168,2026-01-17 19:42:00,login,Web
U01168,2026-01-21 09:39:00,page_view,
U01168,2026-01-21 16:05:00,LOGIN ,Web
U01168,2026-01-22 19:02:00,session_end,web
U01169,2026-02-17 10:32:00,session_start,mobile
U01169,2026-02-18 23:02:00,page_view,Web
U01169,2026-02-21 08:16:00,LOGIN ,web
U01169,2026-02-23 19:36:00,session_end,
U01169,2026-02-17 05:16:00,LOGIN ,mobile
U01170,2026-05-28 04:28:00,page_view,web
U01170,2026-05-24 03:05:00,page_view,web
U01170,2026-06-06 22:33:00,LOGIN ,web
U01170,2026-05-31 08:26:00,page_view,
U01170,2026-06-06 16:39:00,session_end,Web
U01170,2026-06-01 07:52:00,Login,web
U01170,2026-05-26 11:52:00,session_end,
U01170,2026-05-24 16:42:00,Login,web
U01170,2026-06-05 21:29:00,page_view,mobile
U01171,2026-03-15 08:44:00,logout,web
U01171,2026-03-19 01:56:00,Login,mobile
U01171,2026-03-15 13:16:00,Login,Web
U01172,2026-02-05 15:42:00,Login,web
U01173,2026-01-09 10:18:00,session_end,mobile
U01173,2026-01-17 18:33:00,logout,
U01173,2026-01-18 17:55:00,login,mobile
U01174,2026-02-04 09:30:00,page_view,Web
U01174,2026-02-12 23:34:00,LOGIN ,
U01174,2026-02-07 12:00:00,LOGIN ,mobile
U01174,2026-02-12 07:59:00,session_start,web
U01174,2026-02-10 23:35:00,LOGIN ,
U01174,2026-02-15 05:05:00,LOGIN ,
U01175,2026-04-07 14:11:00,session_start,Web
U01175,2026-04-14 01:51:00,LOGIN ,Web
U01176,2026-06-27 04:39:00,logout,mobile
U01176,2026-06-21 14:55:00,logout,
U01176,2026-06-24 16:33:00,page_view,
U01176,2026-06-24 17:33:00,session_start,
U01176,2026-06-20 09:17:00,LOGIN ,Web
U01176,2026-06-29 14:48:00,LOGIN ,web
U01176,2026-06-18 08:00:00,login,mobile
U01176,2026-06-26 18:44:00,Login,
U01177,2026-03-22 00:44:00,LOGIN ,
U01177,2026-03-10 22:29:00,LOGIN ,web
U01177,2026-03-19 18:13:00,LOGIN ,
U01177,2026-03-22 07:33:00,session_end,web
U01177,2026-03-09 04:53:00,LOGIN ,Web
U01177,2026-03-20 09:30:00,session_end,mobile
U01177,2026-03-14 23:50:00,page_view,Web
U01177,2026-03-14 03:58:00,login,Web
U01177,2026-03-14 17:51:00,session_start,mobile
U01177,2026-03-19 04:44:00,Login,web
U01177,2026-03-20 14:01:00,page_view,
U01177,2026-03-13 19:16:00,session_end,web
U01177,2026-03-21 10:14:00,login,
U01177,2026-03-08 04:45:00,Login,
U01178,2026-01-27 09:15:00,Login,web
U01178,2026-01-20 14:43:00,Login,
U01178,2026-01-18 17:26:00,page_view,mobile
U01178,2026-01-21 09:29:00,logout,Web
U01178,2026-01-23 06:55:00,login,web
U01178,2026-01-19 20:04:00,Login,web
U01178,2026-01-24 17:54:00,Login,
U01178,2026-01-25 01:57:00,session_start,
U01179,2026-04-25 10:44:00,LOGIN ,Web
U01179,2026-05-03 16:21:00,session_end,
U01179,2026-04-30 07:22:00,session_start,Web
U01179,2026-05-05 09:05:00,session_end,web
U01179,2026-04-26 20:54:00,session_end,mobile
U01180,2026-03-31 04:04:00,Login,
U01180,2026-04-01 18:02:00,LOGIN ,Web
U01180,2026-04-01 18:59:00,page_view,Web
U01181,2026-05-01 17:32:00,Login,Web
U01181,2026-05-06 01:21:00,Login,web
U01181,2026-05-02 02:42:00,Login,mobile
U01181,2026-05-12 19:34:00,session_end,
U01181,2026-04-30 23:48:00,logout,mobile
U01181,2026-05-02 23:10:00,login,mobile
U01182,2026-05-04 13:24:00,session_end,
U01182,2026-04-25 04:50:00,session_start,
U01182,2026-04-29 12:08:00,session_start,Web
U01182,2026-04-23 15:09:00,session_end,
U01183,2026-05-19 12:01:00,page_view,mobile
U01183,2026-05-10 00:32:00,session_start,
U01183,2026-05-16 07:53:00,LOGIN ,
U01183,2026-05-09 23:00:00,session_start,mobile
U01183,2026-05-18 17:14:00,logout,mobile
U01183,2026-05-12 20:40:00,LOGIN ,Web
U01183,2026-05-15 07:21:00,session_start,mobile
U01183,2026-05-11 20:08:00,logout,
U01183,2026-05-15 20:45:00,logout,web
U01183,2026-05-08 08:21:00,Login,Web
U01183,2026-05-16 11:45:00,session_end,
U01183,2026-05-11 01:08:00,logout,
U01184,2026-04-23 23:40:00,page_view,mobile
U01184,2026-04-22 17:22:00,logout,
U01184,2026-05-04 00:19:00,page_view,mobile
U01184,2026-05-02 08:02:00,logout,mobile
U01184,2026-04-25 10:21:00,LOGIN ,
U01185,2026-03-04 19:46:00,logout,mobile
U01185,2026-03-05 14:57:00,session_start,web
U01185,2026-02-28 03:06:00,session_start,
U01186,2026-03-21 17:54:00,login,Web
U01187,2026-01-21 18:26:00,page_view,Web
U01187,2026-01-15 20:29:00,Login,
U01187,2026-01-22 10:24:00,session_end,web
U01187,2026-01-13 08:32:00,page_view,Web
U01187,2026-01-20 21:27:00,session_start,mobile
U01187,2026-01-12 05:45:00,Login,web
U01187,2026-01-20 05:18:00,session_end,Web
U01187,2026-01-14 17:29:00,page_view,
U01187,2026-01-09 00:42:00,logout,
U01187,2026-01-23 05:15:00,page_view,Web
U01188,2026-03-09 18:53:00,session_end,Web
U01188,2026-03-06 13:17:00,login,
U01188,2026-03-10 00:40:00,session_end,Web
U01189,2026-05-11 01:05:00,Login,web
U01190,2026-05-06 07:36:00,session_end,web
U01190,2026-05-14 03:15:00,page_view,
U01190,2026-05-04 12:09:00,session_end,mobile
U01190,2026-05-06 11:27:00,session_end,web
U01190,2026-05-08 17:49:00,login,web
U01190,2026-05-11 21:01:00,login,Web
U01190,2026-05-16 06:13:00,session_start,Web
U01190,2026-05-16 06:20:00,session_start,
U01190,2026-05-03 04:40:00,page_view,
U01190,2026-05-10 05:32:00,logout,
U01191,2026-04-10 10:59:00,session_start,Web
U01191,2026-04-18 13:42:00,session_end,Web
U01191,2026-04-16 22:58:00,session_end,Web
U01191,2026-04-14 15:21:00,session_end,Web
U01191,2026-04-18 18:23:00,LOGIN ,web
U01191,2026-04-23 10:20:00,page_view,mobile
U01191,2026-04-20 20:24:00,Login,web
U01191,2026-04-16 03:19:00,session_end,Web
U01191,2026-04-23 09:57:00,login,mobile
U01191,2026-04-18 11:10:00,page_view,Web
U01192,2026-02-23 23:54:00,page_view,Web
U01192,2026-02-23 01:29:00,page_view,mobile
U01192,2026-03-05 02:25:00,page_view,Web
U01192,2026-02-22 02:39:00,page_view,mobile
U01192,2026-02-22 09:53:00,LOGIN ,
U01192,2026-02-25 22:18:00,LOGIN ,mobile
U01192,2026-02-21 06:02:00,logout,mobile
U01192,2026-02-28 20:24:00,logout,Web
U01192,2026-02-28 06:01:00,session_end,mobile
U01192,2026-02-25 01:12:00,logout,Web
U01192,2026-03-03 07:11:00,page_view,web
U01192,2026-03-05 05:47:00,LOGIN ,Web
U01192,2026-02-21 23:44:00,Login,mobile
U01193,2026-03-17 13:14:00,LOGIN ,web
U01193,2026-03-14 08:05:00,Login,web
U01194,2026-01-18 17:57:00,login,Web
U01195,2026-04-13 21:10:00,LOGIN ,
U01195,2026-04-11 10:37:00,session_end,web
U01195,2026-04-13 00:18:00,logout,
U01195,2026-04-11 08:05:00,Login,mobile
U01195,2026-04-16 04:20:00,LOGIN ,
U01195,2026-04-02 02:35:00,session_end,web
U01196,2026-04-11 03:13:00,logout,Web
U01196,2026-04-10 23:14:00,LOGIN ,Web
U01196,2026-04-06 02:12:00,Login,
U01196,2026-04-10 05:57:00,session_start,
U01196,2026-04-07 13:05:00,Login,
U01196,2026-04-02 09:52:00,Login,web
U01196,2026-04-11 03:09:00,login,mobile
U01197,2026-04-19 02:56:00,page_view,mobile
U01197,2026-04-18 02:14:00,login,web
U01197,2026-04-14 18:54:00,LOGIN ,web
U01197,2026-04-12 19:33:00,session_end,web
U01197,2026-04-18 17:41:00,session_end,web
U01197,2026-04-19 12:43:00,session_start,Web
U01197,2026-04-22 11:10:00,Login,web
U01198,2026-01-20 18:06:00,page_view,web
U01198,2026-01-15 04:04:00,page_view,mobile
U01198,2026-01-10 10:25:00,session_end,mobile
U01198,2026-01-08 14:09:00,Login,
U01198,2026-01-21 20:25:00,session_start,web
U01198,2026-01-11 22:56:00,page_view,web
U01198,2026-01-21 15:05:00,login,mobile
U01198,2026-01-18 17:57:00,session_end,web
U01198,2026-01-16 03:56:00,session_end,
U01198,2026-01-11 01:20:00,logout,web
U01198,2026-01-08 07:46:00,Login,mobile
U01198,2026-01-07 07:17:00,logout,Web
U01198,2026-01-16 11:27:00,login,
U01199,2026-01-09 08:57:00,session_end,
U01200,2026-05-28 12:22:00,login,
U01200,2026-05-23 11:48:00,page_view,mobile
U01200,2026-05-21 22:55:00,page_view,
U01200,2026-05-18 07:04:00,logout,
U01200,2026-05-28 23:13:00,login,
U01200,2026-05-16 06:42:00,session_start,web
U01200,2026-05-17 20:54:00,page_view,web
U01201,2026-03-06 22:48:00,session_start,web
U01201,2026-03-04 18:39:00,session_start,mobile
U01201,2026-03-01 13:25:00,logout,
U01201,2026-03-01 00:22:00,session_end,Web
U01201,2026-03-07 19:55:00,logout,
U01201,2026-03-07 21:38:00,Login,mobile
U01201,2026-03-13 07:13:00,page_view,
U01201,2026-03-01 00:31:00,login,Web
U01202,2026-03-13 00:50:00,login,
U01203,2026-05-30 02:17:00,page_view,web
U01204,2026-06-05 13:12:00,Login,mobile
U01204,2026-05-31 09:13:00,logout,web
U01204,2026-06-09 12:21:00,session_end,
U01204,2026-06-01 09:56:00,page_view,mobile
U01204,2026-06-06 20:10:00,Login,
U01204,2026-06-02 19:46:00,login,
U01205,2026-02-16 04:33:00,logout,Web
U01205,2026-02-28 17:53:00,page_view,mobile
U01205,2026-02-24 11:35:00,LOGIN ,Web
U01205,2026-02-19 10:55:00,login,mobile
U01206,2026-06-10 03:57:00,session_end,
U01206,2026-06-13 00:13:00,LOGIN ,mobile
U01206,2026-06-13 07:27:00,session_start,mobile
U01206,2026-06-09 22:31:00,Login,
U01206,2026-06-15 18:53:00,page_view,mobile
U01207,2026-04-04 07:34:00,login,web
U01207,2026-04-06 22:15:00,session_start,Web
U01207,2026-04-09 11:33:00,LOGIN ,
U01207,2026-04-08 08:33:00,session_start,
U01207,2026-04-13 08:06:00,session_start,mobile
U01207,2026-04-09 02:08:00,login,
U01207,2026-04-05 03:29:00,LOGIN ,Web
U01208,2026-04-15 05:36:00,session_start,
U01208,2026-04-07 01:07:00,LOGIN ,Web
U01208,2026-04-09 09:00:00,session_end,web
U01208,2026-04-02 23:49:00,LOGIN ,Web
U01208,2026-04-13 02:23:00,session_start,mobile
U01208,2026-04-09 03:45:00,LOGIN ,mobile
U01208,2026-04-12 12:57:00,login,web
U01208,2026-04-07 17:24:00,login,web
U01209,2026-05-29 12:58:00,login,mobile
U01209,2026-06-08 12:04:00,login,mobile
U01209,2026-05-31 23:47:00,login,Web
U01209,2026-05-30 10:45:00,page_view,Web
U01209,2026-05-31 11:58:00,LOGIN ,mobile
U01209,2026-06-05 12:32:00,Login,
U01210,2026-05-27 08:59:00,logout,mobile
U01210,2026-05-26 14:05:00,LOGIN ,web
U01210,2026-05-22 09:56:00,logout,Web
U01210,2026-05-29 21:20:00,LOGIN ,Web
U01211,2026-01-23 18:22:00,page_view,
U01211,2026-01-22 13:01:00,login,mobile
U01211,2026-01-10 02:05:00,session_end,
U01211,2026-01-20 04:09:00,session_start,mobile
U01211,2026-01-13 16:24:00,logout,
U01211,2026-01-24 08:43:00,Login,web
U01211,2026-01-20 23:49:00,session_start,mobile
U01211,2026-01-16 16:14:00,session_end,Web
U01211,2026-01-20 01:37:00,LOGIN ,
U01211,2026-01-10 18:12:00,LOGIN ,web
U01211,2026-01-22 22:38:00,session_end,web
U01212,2026-03-07 21:58:00,LOGIN ,web
U01212,2026-03-09 03:04:00,Login,
U01212,2026-03-13 22:50:00,LOGIN ,web
U01212,2026-03-04 08:52:00,session_end,Web
U01212,2026-03-09 08:12:00,logout,
U01213,2026-05-28 14:02:00,login,
U01213,2026-05-17 15:59:00,session_end,Web
U01213,2026-05-26 21:36:00,LOGIN ,web
U01213,2026-05-19 05:38:00,LOGIN ,Web
U01213,2026-05-19 19:47:00,session_start,
U01213,2026-05-24 10:18:00,Login,web
U01213,2026-05-26 22:30:00,logout,Web
U01214,2026-04-08 13:08:00,session_start,Web
U01214,2026-03-28 16:00:00,login,web
U01214,2026-04-01 23:56:00,page_view,web
U01214,2026-04-05 14:13:00,LOGIN ,Web
U01214,2026-04-02 18:42:00,logout,Web
U01214,2026-04-06 10:37:00,Login,mobile
U01215,2026-02-08 21:07:00,logout,
U01215,2026-02-14 06:35:00,Login,mobile
U01215,2026-02-09 08:58:00,page_view,
U01215,2026-02-14 02:43:00,page_view,web
U01216,2026-03-24 02:28:00,login,
U01216,2026-04-01 03:08:00,page_view,Web
U01216,2026-04-03 20:21:00,session_start,
U01216,2026-03-25 23:47:00,Login,web
U01216,2026-04-06 08:55:00,logout,Web
U01216,2026-04-01 09:05:00,page_view,Web
U01216,2026-03-26 20:45:00,page_view,mobile
U01217,2026-02-12 22:22:00,logout,mobile
U01217,2026-02-19 17:12:00,page_view,mobile
U01217,2026-02-14 05:43:00,session_end,
U01217,2026-02-18 11:55:00,session_start,
U01217,2026-02-16 17:07:00,page_view,mobile
U01217,2026-02-07 04:26:00,LOGIN ,
U01217,2026-02-11 20:29:00,page_view,
U01217,2026-02-08 02:21:00,session_end,mobile
U01217,2026-02-21 23:46:00,login,
U01218,2026-01-29 21:56:00,session_end,Web
U01219,2026-01-20 23:59:00,login,
U01219,2026-01-30 18:07:00,login,
U01219,2026-01-20 02:19:00,session_start,Web
U01219,2026-01-23 12:45:00,page_view,web
U01219,2026-01-20 18:54:00,session_end,mobile
U01219,2026-01-19 18:29:00,LOGIN ,Web
U01220,2026-06-02 23:49:00,LOGIN ,
U01220,2026-06-03 23:52:00,logout,Web
U01220,2026-06-11 05:15:00,session_start,
U01220,2026-06-04 17:43:00,logout,
U01220,2026-06-07 00:03:00,session_start,web
U01220,2026-06-10 04:21:00,Login,mobile
U01220,2026-06-05 03:10:00,login,web
U01221,2026-03-27 05:48:00,Login,
U01221,2026-03-26 18:37:00,login,
U01221,2026-03-29 12:26:00,page_view,web
U01221,2026-03-21 17:27:00,LOGIN ,mobile
U01221,2026-03-27 06:53:00,session_end,Web
U01221,2026-03-26 02:26:00,LOGIN ,
U01221,2026-03-31 21:33:00,Login,web
U01221,2026-03-31 22:00:00,logout,web
U01221,2026-03-22 21:47:00,session_start,web
U01221,2026-04-01 23:37:00,logout,web
U01222,2026-04-29 01:51:00,Login,
U01222,2026-04-30 01:33:00,page_view,
U01222,2026-05-06 22:45:00,logout,
U01223,2026-02-26 18:14:00,Login,web
U01223,2026-02-21 22:02:00,session_end,mobile
U01223,2026-02-18 16:17:00,session_end,mobile
U01223,2026-02-24 22:44:00,session_start,
U01223,2026-02-25 09:34:00,session_start,
U01223,2026-02-28 21:11:00,session_end,
U01223,2026-02-19 01:54:00,session_start,Web
U01224,2026-06-17 08:51:00,LOGIN ,
U01224,2026-06-12 14:08:00,session_start,
U01224,2026-06-13 11:43:00,LOGIN ,web
U01224,2026-06-19 19:32:00,Login,web
U01224,2026-06-14 18:17:00,session_start,
U01224,2026-06-16 11:00:00,logout,web
U01224,2026-06-10 09:21:00,logout,mobile
U01225,2026-06-12 04:03:00,Login,
U01226,2026-03-22 12:39:00,Login,web
U01227,2026-02-05 04:54:00,page_view,
U01227,2026-02-12 08:22:00,Login,Web
U01227,2026-02-09 07:15:00,login,web
U01227,2026-02-09 08:49:00,logout,web
U01227,2026-02-13 12:14:00,LOGIN ,web
U01227,2026-02-08 16:21:00,Login,mobile
U01227,2026-02-06 14:25:00,page_view,
U01227,2026-02-07 03:08:00,LOGIN ,mobile
U01227,2026-02-09 20:36:00,session_end,web
U01228,2026-01-01 23:51:00,LOGIN ,mobile
U01228,2026-01-07 23:59:00,logout,
U01228,2026-01-10 06:12:00,Login,
U01228,2026-01-07 07:13:00,LOGIN ,mobile
U01228,2026-01-03 17:22:00,page_view,
U01228,2026-01-03 16:14:00,session_start,mobile
U01228,2026-01-15 07:31:00,page_view,mobile
U01228,2026-01-03 10:48:00,session_end,mobile
U01229,2026-05-27 01:14:00,logout,mobile
U01229,2026-06-06 15:52:00,logout,web
U01229,2026-05-26 17:44:00,session_end,Web
U01229,2026-05-28 20:13:00,LOGIN ,web
U01229,2026-05-29 23:28:00,login,Web
U01229,2026-05-29 06:14:00,logout,mobile
U01230,2026-04-02 03:40:00,page_view,mobile
U01230,2026-03-31 08:23:00,session_start,web
U01230,2026-03-25 11:41:00,session_start,web
U01230,2026-03-27 14:14:00,session_start,web
U01230,2026-04-01 16:51:00,page_view,Web
U01230,2026-04-04 21:43:00,login,
U01230,2026-03-29 18:42:00,session_start,web
U01231,2026-06-27 20:40:00,session_start,Web
U01231,2026-06-18 22:22:00,LOGIN ,Web
U01231,2026-06-24 22:09:00,login,Web
U01231,2026-06-20 21:44:00,session_end,mobile
U01231,2026-06-20 19:42:00,Login,
U01231,2026-06-17 00:20:00,Login,mobile
U01231,2026-06-23 14:12:00,page_view,
U01232,2026-02-14 16:23:00,session_end,mobile
U01232,2026-02-10 23:08:00,session_end,mobile
U01232,2026-02-16 18:02:00,Login,
U01232,2026-02-15 19:29:00,page_view,mobile
U01232,2026-02-16 06:05:00,page_view,Web
U01232,2026-02-06 07:10:00,login,Web
U01232,2026-02-18 18:52:00,page_view,
U01232,2026-02-11 11:49:00,login,web
U01232,2026-02-08 10:00:00,session_start,
U01232,2026-02-12 23:41:00,session_end,
U01232,2026-02-16 21:49:00,login,
U01232,2026-02-16 14:14:00,LOGIN ,
U01232,2026-02-12 15:05:00,logout,Web
U01233,2026-03-15 18:36:00,page_view,
U01233,2026-03-05 04:35:00,session_end,Web
U01233,2026-03-13 19:05:00,page_view,web
U01233,2026-03-05 16:21:00,Login,Web
U01233,2026-03-04 15:24:00,Login,mobile
U01234,2026-06-13 10:22:00,session_end,
U01234,2026-06-15 21:28:00,LOGIN ,mobile
U01234,2026-06-21 21:26:00,Login,Web
U01234,2026-06-21 10:58:00,session_end,Web
U01234,2026-06-12 06:35:00,session_end,Web
U01234,2026-06-17 23:18:00,session_start,Web
U01234,2026-06-18 21:41:00,LOGIN ,mobile
U01234,2026-06-13 15:03:00,session_end,
U01235,2026-06-16 01:03:00,Login,web
U01235,2026-06-13 21:09:00,page_view,
U01235,2026-06-16 12:42:00,session_start,mobile
U01235,2026-06-23 23:10:00,LOGIN ,
U01235,2026-06-23 14:13:00,page_view,mobile
U01235,2026-06-15 23:13:00,LOGIN ,
U01236,2026-01-07 18:13:00,session_end,web
U01236,2026-01-09 21:25:00,login,web
U01236,2026-01-12 03:02:00,session_end,web
U01236,2026-01-07 17:33:00,session_start,
U01236,2026-01-14 23:01:00,page_view,
U01236,2026-01-06 23:09:00,session_start,Web
U01236,2026-01-07 14:49:00,logout,mobile
U01236,2026-01-13 15:32:00,LOGIN ,Web
U01236,2026-01-13 08:05:00,session_start,
U01236,2026-01-15 01:50:00,logout,web
U01237,2026-03-14 06:31:00,login,
U01237,2026-03-09 22:42:00,page_view,Web
U01238,2026-03-17 17:06:00,login,Web
U01238,2026-03-12 15:52:00,Login,Web
U01238,2026-03-13 13:36:00,logout,Web
U01238,2026-03-11 15:50:00,Login,mobile
U01238,2026-03-15 14:49:00,session_end,web
U01238,2026-03-18 22:20:00,Login,web
U01238,2026-03-17 10:24:00,session_start,Web
U01238,2026-03-21 02:35:00,Login,
U01238,2026-03-15 09:47:00,session_start,
U01239,2026-01-14 18:33:00,logout,mobile
U01239,2026-01-20 08:15:00,logout,Web
U01239,2026-01-18 01:38:00,logout,
U01239,2026-01-21 10:39:00,Login,web
U01239,2026-01-19 05:47:00,LOGIN ,web
U01239,2026-01-15 07:02:00,session_end,
U01239,2026-01-17 12:51:00,session_end,mobile
U01239,2026-01-17 07:19:00,logout,mobile
U01239,2026-01-18 08:33:00,session_start,Web
U01240,2026-04-20 03:11:00,logout,web
U01240,2026-04-28 11:24:00,login,mobile
U01241,2026-05-15 14:04:00,login,web
U01241,2026-05-10 10:55:00,LOGIN ,
U01241,2026-05-16 09:24:00,session_start,web
U01241,2026-05-21 09:37:00,logout,web
U01241,2026-05-10 15:25:00,LOGIN ,
U01241,2026-05-11 14:27:00,page_view,web
U01242,2026-04-17 23:56:00,login,
U01242,2026-04-08 05:11:00,login,Web
U01242,2026-04-07 07:46:00,session_end,
U01242,2026-04-18 10:22:00,session_end,
U01243,2026-06-08 16:45:00,page_view,web
U01243,2026-06-07 18:57:00,page_view,web
U01243,2026-05-28 09:07:00,LOGIN ,mobile
U01243,2026-05-31 06:23:00,Login,
U01243,2026-06-08 22:42:00,session_start,web
U01243,2026-05-29 07:32:00,LOGIN ,Web
U01243,2026-06-08 00:49:00,logout,web
U01243,2026-05-30 18:21:00,logout,
U01243,2026-05-31 16:00:00,login,web
U01243,2026-05-29 05:54:00,LOGIN ,Web
U01244,2026-02-24 14:06:00,session_end,web
U01244,2026-02-25 11:35:00,login,
U01244,2026-02-22 20:51:00,login,Web
U01244,2026-02-20 18:49:00,session_end,web
U01244,2026-02-14 12:40:00,logout,Web
U01244,2026-02-11 11:21:00,login,web
U01244,2026-02-21 23:51:00,session_end,mobile
U01244,2026-02-24 18:26:00,session_end,
U01244,2026-02-12 16:27:00,logout,
U01244,2026-02-12 15:00:00,session_end,web
U01244,2026-02-21 09:39:00,Login,mobile
U01244,2026-02-22 05:48:00,logout,Web
U01245,2026-03-17 15:58:00,page_view,web
U01245,2026-03-26 13:05:00,Login,mobile
U01245,2026-03-20 04:04:00,logout,mobile
U01245,2026-03-21 18:22:00,Login,mobile
U01246,2026-01-27 18:55:00,logout,Web
U01246,2026-01-27 21:03:00,logout,mobile
U01246,2026-02-03 21:04:00,session_start,
U01246,2026-02-01 16:35:00,LOGIN ,
U01246,2026-01-29 22:28:00,LOGIN ,web
U01246,2026-02-02 12:06:00,login,mobile
U01246,2026-02-10 13:50:00,page_view,mobile
U01246,2026-02-07 01:41:00,Login,web
U01246,2026-02-02 18:53:00,LOGIN ,web
U01246,2026-02-02 10:31:00,page_view,web
U01247,2026-04-09 03:07:00,session_end,
U01247,2026-04-07 20:04:00,session_end,web
U01247,2026-04-21 03:42:00,page_view,mobile
U01247,2026-04-20 21:45:00,page_view,mobile
U01247,2026-04-20 21:39:00,logout,mobile
U01247,2026-04-10 01:11:00,LOGIN ,Web
U01247,2026-04-16 23:32:00,logout,
U01247,2026-04-16 23:58:00,Login,web
U01247,2026-04-13 04:14:00,login,Web
U01247,2026-04-20 21:21:00,session_end,
U01247,2026-04-15 21:44:00,session_end,web
U01248,2026-02-02 00:56:00,session_end,
U01248,2026-01-30 03:36:00,logout,
U01248,2026-02-02 17:03:00,LOGIN ,Web
U01249,2026-03-28 11:10:00,login,web
U01249,2026-03-30 01:53:00,Login,
U01249,2026-03-28 16:07:00,session_start,Web
U01250,2026-05-16 03:44:00,session_end,web
U01250,2026-05-08 08:47:00,logout,
U01251,2026-05-04 01:56:00,session_end,web
U01251,2026-05-02 19:31:00,login,Web
U01251,2026-04-21 17:53:00,Login,Web
U01251,2026-04-27 18:20:00,LOGIN ,Web
U01251,2026-04-30 11:01:00,logout,
U01251,2026-04-21 18:43:00,logout,Web
U01251,2026-05-04 16:02:00,session_start,mobile
U01251,2026-05-02 14:16:00,LOGIN ,
U01251,2026-04-27 19:35:00,Login,Web
U01251,2026-04-30 20:02:00,session_start,Web
U01252,2026-06-07 19:17:00,login,Web
U01252,2026-06-07 21:39:00,page_view,web
U01252,2026-06-09 19:22:00,session_start,
U01252,2026-06-19 13:11:00,LOGIN ,mobile
U01252,2026-06-15 20:34:00,LOGIN ,
U01252,2026-06-11 12:38:00,login,Web
U01252,2026-06-08 01:06:00,session_start,Web
U01252,2026-06-12 04:33:00,page_view,
U01253,2026-01-27 15:18:00,page_view,
U01253,2026-02-09 16:20:00,session_end,web
U01253,2026-01-28 21:24:00,Login,
U01253,2026-02-01 02:07:00,logout,
U01253,2026-02-01 04:49:00,page_view,
U01253,2026-02-01 00:49:00,Login,Web
U01253,2026-02-04 16:08:00,LOGIN ,
U01253,2026-02-09 17:38:00,page_view,
U01253,2026-02-02 20:02:00,login,
U01254,2026-02-23 12:10:00,logout,
U01254,2026-03-01 15:52:00,page_view,Web
U01254,2026-02-18 05:04:00,LOGIN ,
U01254,2026-02-20 06:05:00,page_view,mobile
U01254,2026-02-23 04:17:00,Login,mobile
U01254,2026-02-23 04:21:00,logout,
U01254,2026-03-03 01:00:00,session_end,Web
U01254,2026-03-01 16:53:00,session_end,Web
U01254,2026-02-27 12:56:00,login,
U01254,2026-02-20 03:23:00,logout,web
U01255,2026-05-27 04:00:00,page_view,Web
U01255,2026-06-05 23:57:00,Login,Web
U01255,2026-05-25 02:12:00,page_view,web
U01255,2026-05-30 08:23:00,session_start,web
U01255,2026-05-27 19:53:00,session_end,mobile
U01256,2026-03-13 21:09:00,Login,mobile
U01256,2026-03-11 23:45:00,page_view,web
U01256,2026-03-09 19:05:00,Login,Web
U01256,2026-03-23 08:56:00,page_view,mobile
U01256,2026-03-20 03:50:00,logout,Web
U01256,2026-03-23 22:41:00,logout,web
U01256,2026-03-13 00:51:00,session_end,
U01257,2026-03-10 07:16:00,page_view,mobile
U01257,2026-03-12 20:29:00,logout,
U01258,2026-04-20 17:09:00,page_view,Web
U01258,2026-04-11 04:06:00,login,
U01258,2026-04-25 16:09:00,Login,web
U01258,2026-04-14 15:39:00,session_end,web
U01258,2026-04-19 03:41:00,login,web
U01258,2026-04-23 21:36:00,session_start,mobile
U01258,2026-04-24 09:10:00,session_start,Web
U01259,2026-05-13 16:49:00,session_end,
U01259,2026-05-18 06:43:00,LOGIN ,Web
U01259,2026-05-14 15:28:00,LOGIN ,Web
U01259,2026-05-19 04:26:00,Login,Web
U01259,2026-05-14 16:34:00,Login,mobile
U01259,2026-05-17 15:52:00,page_view,mobile
U01259,2026-05-11 09:18:00,page_view,mobile
U01259,2026-05-08 20:20:00,Login,Web
U01259,2026-05-07 02:57:00,session_start,mobile
U01259,2026-05-14 00:21:00,login,mobile
U01259,2026-05-10 10:23:00,Login,mobile
U01259,2026-05-14 15:10:00,login,Web
U01259,2026-05-13 12:30:00,session_start,
U01259,2026-05-20 12:45:00,login,mobile
U01259,2026-05-14 17:31:00,LOGIN ,Web
U01260,2026-04-14 22:52:00,session_end,
U01260,2026-04-04 23:42:00,Login,web
U01261,2026-02-02 15:20:00,Login,web
U01261,2026-02-02 06:45:00,session_start,Web
U01261,2026-02-01 06:06:00,LOGIN ,mobile
U01262,2026-06-16 04:06:00,page_view,web
U01262,2026-06-17 09:45:00,login,Web
U01262,2026-06-22 08:14:00,login,web
U01262,2026-06-10 12:05:00,LOGIN ,Web
U01262,2026-06-15 04:37:00,logout,
U01263,2026-03-07 09:22:00,page_view,
U01263,2026-02-25 08:59:00,Login,mobile
U01263,2026-02-22 19:50:00,session_end,
U01263,2026-02-22 03:43:00,logout,Web
U01263,2026-02-24 07:52:00,Login,Web
U01264,2026-03-06 18:59:00,session_start,mobile
U01264,2026-03-03 13:53:00,session_end,
U01264,2026-02-22 02:01:00,logout,web
U01264,2026-03-05 06:50:00,page_view,Web
U01264,2026-02-25 09:19:00,session_end,
U01264,2026-02-27 23:45:00,session_end,Web
U01264,2026-03-07 17:45:00,session_start,web
U01264,2026-03-05 16:33:00,session_end,web
U01265,2026-02-03 15:32:00,session_start,web
U01265,2026-02-01 04:07:00,LOGIN ,mobile
U01266,2026-03-27 19:16:00,Login,
U01266,2026-03-26 07:32:00,Login,
U01267,2026-05-20 09:37:00,logout,web
U01267,2026-05-20 06:13:00,login,mobile
U01267,2026-05-08 05:14:00,logout,Web
U01267,2026-05-10 17:02:00,session_start,web
U01267,2026-05-10 14:13:00,page_view,web
U01267,2026-05-10 23:56:00,page_view,mobile
U01267,2026-05-18 12:35:00,session_start,Web
U01268,2026-01-31 15:46:00,logout,
U01268,2026-01-28 00:29:00,login,mobile
U01268,2026-01-30 12:26:00,logout,Web
U01268,2026-01-30 00:00:00,page_view,
U01268,2026-01-30 22:08:00,Login,mobile
U01268,2026-01-25 05:50:00,page_view,mobile
U01268,2026-01-25 18:53:00,Login,
U01268,2026-02-06 17:10:00,session_start,Web
U01268,2026-02-05 14:08:00,session_start,Web
U01269,2026-04-21 06:38:00,Login,mobile
U01269,2026-04-23 00:58:00,LOGIN ,Web
U01269,2026-04-20 18:53:00,session_start,mobile
U01269,2026-04-20 01:57:00,session_start,
U01269,2026-04-20 12:02:00,LOGIN ,Web
U01269,2026-04-13 03:11:00,Login,Web
U01269,2026-04-20 08:13:00,LOGIN ,Web
U01270,2026-04-17 17:05:00,login,Web
U01270,2026-04-21 13:22:00,login,mobile
U01270,2026-04-12 05:07:00,login,
U01270,2026-04-19 07:29:00,session_end,web
U01270,2026-04-15 22:01:00,LOGIN ,mobile
U01270,2026-04-20 12:16:00,page_view,web
U01270,2026-04-09 22:26:00,page_view,Web
U01271,2026-01-21 11:59:00,LOGIN ,Web
U01271,2026-01-21 08:10:00,login,mobile
U01271,2026-01-19 18:48:00,Login,web
U01271,2026-01-15 13:12:00,page_view,
U01271,2026-01-17 18:31:00,Login,
U01271,2026-01-18 14:27:00,session_end,
U01271,2026-01-19 15:23:00,session_end,mobile
U01271,2026-01-17 17:27:00,login,mobile
U01271,2026-01-25 09:05:00,session_start,Web
U01271,2026-01-21 02:37:00,LOGIN ,mobile
U01271,2026-01-24 17:01:00,session_end,Web
U01271,2026-01-14 13:50:00,session_start,mobile
U01271,2026-01-15 06:38:00,session_end,web
U01271,2026-01-22 15:54:00,session_start,web
U01272,2026-05-05 00:02:00,login,web
U01272,2026-05-01 07:39:00,login,Web
U01272,2026-05-04 16:00:00,LOGIN ,Web
U01272,2026-05-02 23:12:00,session_start,Web
U01273,2026-03-17 19:10:00,logout,web
U01273,2026-03-14 18:38:00,login,web
U01273,2026-03-10 23:33:00,session_start,web
U01273,2026-03-22 12:49:00,logout,Web
U01273,2026-03-23 14:45:00,session_end,web
U01273,2026-03-14 20:51:00,page_view,web
U01273,2026-03-15 15:14:00,session_end,web
U01273,2026-03-16 14:39:00,session_end,
U01273,2026-03-17 21:14:00,session_start,
U01273,2026-03-12 01:37:00,page_view,
U01273,2026-03-11 01:51:00,Login,mobile
U01274,2026-02-15 05:27:00,LOGIN ,mobile
U01274,2026-02-18 05:03:00,LOGIN ,
U01274,2026-02-17 18:28:00,Login,Web
U01274,2026-02-22 11:39:00,session_start,web
U01274,2026-02-18 20:23:00,LOGIN ,
U01274,2026-02-17 06:10:00,logout,
U01274,2026-02-15 00:07:00,login,Web
U01275,2026-01-29 21:39:00,login,
U01275,2026-02-04 15:13:00,page_view,mobile
U01275,2026-02-05 13:00:00,logout,
U01275,2026-02-02 10:26:00,session_end,
U01275,2026-02-06 02:02:00,logout,Web
U01276,2026-04-09 19:30:00,Login,Web
U01276,2026-04-07 12:30:00,logout,Web
U01276,2026-04-12 06:44:00,Login,
U01276,2026-04-03 08:56:00,session_start,web
U01276,2026-04-01 12:12:00,Login,
U01276,2026-04-05 15:42:00,session_start,Web
U01276,2026-04-08 12:51:00,logout,Web
U01276,2026-04-10 10:33:00,session_start,
U01277,2026-06-06 19:16:00,logout,Web
U01277,2026-06-07 23:05:00,LOGIN ,Web
U01277,2026-06-13 20:51:00,page_view,mobile
U01277,2026-06-04 14:58:00,LOGIN ,Web
U01277,2026-06-10 01:45:00,page_view,mobile
U01277,2026-06-04 00:49:00,LOGIN ,mobile
U01277,2026-06-07 15:10:00,session_end,web
U01277,2026-06-08 23:17:00,page_view,
U01277,2026-06-05 07:41:00,session_end,Web
U01278,2026-01-21 00:15:00,session_start,Web
U01278,2026-01-20 17:55:00,login,
U01278,2026-01-24 00:23:00,Login,mobile
U01278,2026-01-19 23:34:00,LOGIN ,
U01278,2026-01-25 06:11:00,page_view,web
U01279,2026-04-21 13:38:00,session_start,Web
U01279,2026-04-29 16:02:00,page_view,Web
U01279,2026-04-30 00:30:00,Login,
U01279,2026-04-21 01:51:00,LOGIN ,web
U01279,2026-04-23 00:46:00,session_start,mobile
U01279,2026-04-20 22:16:00,logout,web
U01279,2026-04-23 03:02:00,logout,mobile
U01279,2026-04-24 11:33:00,Login,
U01280,2026-06-06 18:27:00,Login,mobile
U01280,2026-06-10 09:59:00,session_start,
U01280,2026-05-31 20:27:00,LOGIN ,
U01280,2026-06-09 13:47:00,login,mobile
U01280,2026-05-30 04:57:00,session_start,mobile
U01280,2026-06-09 18:39:00,session_start,Web
U01280,2026-05-28 10:38:00,Login,web
U01280,2026-06-07 18:18:00,logout,web
U01280,2026-05-27 02:01:00,Login,
U01281,2026-03-24 01:30:00,logout,web
U01281,2026-03-28 19:20:00,login,
U01281,2026-03-22 16:16:00,session_end,
U01281,2026-03-25 18:40:00,session_start,mobile
U01282,2026-01-17 06:15:00,logout,web
U01282,2026-01-15 02:16:00,LOGIN ,mobile
U01282,2026-01-23 10:28:00,logout,Web
U01282,2026-01-13 22:30:00,session_end,mobile
U01282,2026-01-22 10:01:00,logout,Web
U01282,2026-01-19 20:43:00,Login,
U01282,2026-01-09 05:48:00,session_start,web
U01283,2026-05-24 12:55:00,session_end,
U01283,2026-05-18 13:48:00,session_start,web
U01284,2026-02-14 02:40:00,logout,web
U01284,2026-02-09 19:11:00,Login,
U01284,2026-02-21 03:55:00,Login,web
U01285,2026-02-16 06:31:00,session_start,Web
U01285,2026-02-19 19:41:00,session_end,Web
U01285,2026-02-24 03:44:00,page_view,mobile
U01285,2026-02-28 07:31:00,session_start,
U01285,2026-02-14 10:58:00,page_view,web
U01285,2026-02-21 18:04:00,logout,web
U01285,2026-02-24 12:54:00,page_view,Web
U01286,2026-02-20 00:52:00,session_start,Web
U01286,2026-02-19 15:02:00,session_start,mobile
U01286,2026-03-03 17:43:00,page_view,Web
U01286,2026-02-26 16:46:00,LOGIN ,mobile
U01287,2026-05-01 00:14:00,LOGIN ,Web
U01287,2026-04-26 06:27:00,logout,Web
U01287,2026-04-29 09:44:00,page_view,web
U01287,2026-05-02 09:56:00,LOGIN ,mobile
U01287,2026-04-26 05:32:00,login,web
U01287,2026-04-22 03:55:00,session_start,mobile
U01287,2026-05-01 21:50:00,session_start,Web
U01287,2026-04-22 23:05:00,session_start,
U01287,2026-04-30 16:20:00,page_view,Web
U01287,2026-04-23 08:56:00,login,Web
U01287,2026-04-30 18:13:00,login,mobile
U01288,2026-04-24 20:02:00,session_start,Web
U01288,2026-04-28 00:54:00,page_view,Web
U01288,2026-04-24 13:39:00,session_end,web
U01288,2026-04-23 23:23:00,Login,mobile
U01288,2026-05-05 20:02:00,Login,
U01288,2026-04-28 06:14:00,login,mobile
U01288,2026-05-06 07:22:00,logout,
U01288,2026-04-27 08:00:00,Login,web
U01288,2026-04-29 19:41:00,session_end,web
U01288,2026-05-04 11:17:00,logout,web
U01288,2026-05-04 05:43:00,session_start,mobile
U01288,2026-05-06 05:01:00,login,mobile
U01289,2026-02-20 20:38:00,LOGIN ,mobile
U01289,2026-02-08 17:58:00,LOGIN ,web
U01289,2026-02-07 09:08:00,Login,web
U01289,2026-02-17 17:08:00,page_view,web
U01289,2026-02-19 22:54:00,session_start,mobile
U01289,2026-02-19 01:19:00,session_end,web
U01289,2026-02-19 22:02:00,session_end,mobile
U01290,2026-04-06 01:58:00,LOGIN ,Web
U01290,2026-03-31 09:45:00,session_start,mobile
U01290,2026-04-06 16:22:00,session_start,
U01290,2026-04-01 14:56:00,Login,mobile
U01290,2026-03-27 22:21:00,page_view,Web
U01290,2026-03-26 16:53:00,login,Web
U01291,2026-02-05 02:34:00,Login,
U01291,2026-01-25 21:12:00,logout,mobile
U01292,2026-04-18 08:54:00,Login,Web
U01292,2026-04-25 03:32:00,LOGIN ,mobile
U01292,2026-04-25 11:23:00,page_view,
U01292,2026-04-22 13:49:00,session_end,web
U01292,2026-04-17 10:37:00,login,mobile
U01292,2026-04-12 16:07:00,session_end,
U01292,2026-04-23 23:54:00,logout,Web
U01292,2026-04-25 09:16:00,page_view,
U01292,2026-04-18 03:43:00,logout,Web
U01292,2026-04-12 22:48:00,LOGIN ,Web
U01292,2026-04-21 23:07:00,page_view,Web
U01292,2026-04-23 00:32:00,session_end,mobile
U01292,2026-04-22 08:18:00,session_start,Web
U01293,2026-03-12 07:58:00,LOGIN ,web
U01293,2026-03-19 13:38:00,LOGIN ,Web
U01293,2026-03-24 11:38:00,page_view,mobile
U01293,2026-03-17 10:32:00,session_end,web
U01293,2026-03-25 01:32:00,logout,mobile
U01293,2026-03-22 04:28:00,session_start,Web
U01294,2026-06-13 14:49:00,logout,
U01294,2026-06-19 15:59:00,session_start,Web
U01294,2026-06-14 18:55:00,Login,Web
U01294,2026-06-13 22:07:00,Login,mobile
U01294,2026-06-17 14:09:00,logout,Web
U01294,2026-06-20 18:51:00,logout,mobile
U01294,2026-06-16 19:30:00,session_end,web
U01294,2026-06-09 15:03:00,page_view,Web
U01294,2026-06-22 10:57:00,LOGIN ,Web
U01295,2026-02-06 09:36:00,page_view,
U01295,2026-02-05 08:59:00,page_view,web
U01295,2026-02-04 13:08:00,Login,Web
U01295,2026-02-10 13:42:00,logout,
U01295,2026-01-30 04:21:00,LOGIN ,mobile
U01295,2026-02-03 00:59:00,Login,
U01295,2026-02-04 14:16:00,session_end,web
U01295,2026-02-04 09:07:00,logout,mobile
U01295,2026-02-12 04:31:00,Login,
U01296,2026-02-13 11:12:00,logout,web
U01296,2026-02-11 11:07:00,page_view,mobile
U01296,2026-02-11 03:31:00,page_view,web
U01296,2026-02-07 10:18:00,LOGIN ,Web
U01296,2026-02-15 07:50:00,LOGIN ,Web
U01297,2026-01-31 19:21:00,logout,Web
U01297,2026-02-09 13:51:00,Login,web
U01297,2026-02-01 17:42:00,Login,mobile
U01297,2026-01-31 21:30:00,page_view,
U01297,2026-02-01 16:03:00,session_end,Web
U01297,2026-02-07 00:19:00,logout,web
U01298,2026-03-15 16:26:00,logout,web
U01298,2026-03-19 06:05:00,session_start,web
U01298,2026-03-20 10:43:00,session_start,Web
U01298,2026-03-27 05:05:00,page_view,
U01298,2026-03-24 07:14:00,session_start,
U01299,2026-04-30 01:49:00,session_end,mobile
U01299,2026-04-29 02:42:00,page_view,
U01299,2026-04-16 16:36:00,session_end,Web
U01299,2026-04-26 21:01:00,login,web
U01300,2026-05-10 11:50:00,logout,mobile
U01300,2026-05-14 02:05:00,login,Web
U01300,2026-05-18 06:11:00,login,mobile
U01300,2026-05-11 09:03:00,login,mobile
U01300,2026-05-15 21:46:00,Login,mobile
U01300,2026-05-14 13:15:00,session_start,web
U01300,2026-05-07 00:42:00,page_view,mobile
U01300,2026-05-13 17:40:00,session_start,mobile
U01300,2026-05-15 02:35:00,session_end,mobile
U01300,2026-05-13 09:18:00,session_start,web
U01300,2026-05-17 13:49:00,session_start,
U01301,2026-05-08 07:47:00,LOGIN ,mobile
U01301,2026-05-13 00:34:00,Login,Web
U01301,2026-05-10 22:05:00,Login,Web
U01301,2026-05-04 23:49:00,session_start,
U01301,2026-05-06 15:17:00,Login,
U01301,2026-05-06 08:54:00,login,Web
U01302,2026-03-19 20:35:00,Login,mobile
U01302,2026-03-24 15:38:00,logout,
U01302,2026-03-18 07:28:00,session_end,Web
U01302,2026-03-20 02:43:00,page_view,
U01303,2026-06-12 09:17:00,session_end,mobile
U01303,2026-06-09 12:33:00,session_start,web
U01303,2026-06-09 08:24:00,logout,mobile
U01303,2026-06-17 18:39:00,page_view,Web
U01303,2026-06-08 02:51:00,LOGIN ,Web
U01303,2026-06-17 13:25:00,LOGIN ,mobile
U01303,2026-06-08 19:17:00,login,mobile
U01303,2026-06-15 12:50:00,logout,web
U01304,2026-04-26 17:36:00,logout,
U01304,2026-04-17 18:24:00,session_start,
U01304,2026-04-23 16:04:00,login,mobile
U01304,2026-04-26 04:36:00,logout,mobile
U01305,2026-03-05 21:49:00,page_view,mobile
U01305,2026-03-06 12:35:00,session_start,mobile
U01305,2026-03-04 01:14:00,session_start,mobile
U01305,2026-03-05 15:45:00,session_end,Web
U01305,2026-03-02 12:43:00,page_view,web
U01305,2026-03-05 16:26:00,session_start,Web
U01305,2026-03-13 16:20:00,session_start,mobile
U01305,2026-03-02 08:50:00,LOGIN ,Web
U01306,2026-05-11 12:43:00,logout,Web
U01306,2026-05-12 14:42:00,session_start,Web
U01306,2026-05-15 14:32:00,session_start,web
U01307,2026-01-06 11:21:00,login,mobile
U01307,2026-01-20 12:40:00,page_view,
U01307,2026-01-16 13:16:00,page_view,Web
U01307,2026-01-15 08:13:00,session_start,mobile
U01308,2026-03-15 14:02:00,LOGIN ,
U01308,2026-03-14 08:27:00,LOGIN ,mobile
U01308,2026-03-27 08:51:00,LOGIN ,mobile
U01308,2026-03-13 01:18:00,Login,web
U01309,2026-02-05 16:27:00,session_start,Web
U01309,2026-02-02 22:06:00,logout,Web
U01309,2026-01-28 01:15:00,LOGIN ,web
U01309,2026-02-05 18:05:00,session_end,Web
U01309,2026-02-05 21:01:00,logout,Web
U01309,2026-02-01 11:40:00,login,mobile
U01309,2026-01-29 10:56:00,logout,Web
U01309,2026-01-26 17:05:00,page_view,Web
U01309,2026-01-29 05:53:00,Login,
U01309,2026-02-09 13:26:00,page_view,mobile
U01309,2026-01-28 15:42:00,session_end,web
U01310,2026-03-30 08:08:00,Login,mobile
U01310,2026-03-26 03:00:00,session_start,web
U01310,2026-04-01 23:51:00,session_end,web
U01310,2026-03-29 15:02:00,login,Web
U01310,2026-03-20 04:38:00,login,Web
U01311,2026-03-29 14:57:00,logout,Web
U01311,2026-04-02 13:23:00,session_end,web
U01311,2026-03-29 04:30:00,login,mobile
U01311,2026-03-29 19:39:00,session_start,web
U01312,2026-04-18 09:13:00,LOGIN ,mobile
U01312,2026-04-17 09:55:00,login,
U01312,2026-04-24 23:57:00,page_view,Web
U01312,2026-04-18 07:02:00,session_start,web
U01312,2026-04-17 19:48:00,Login,mobile
U01312,2026-04-18 12:35:00,session_end,
U01312,2026-04-21 10:51:00,Login,
U01312,2026-04-18 09:28:00,Login,mobile
U01312,2026-04-17 09:15:00,login,mobile
U01312,2026-04-24 09:15:00,logout,web
U01312,2026-04-19 13:27:00,session_start,Web
U01312,2026-04-23 01:11:00,Login,mobile
U01313,2026-01-29 02:57:00,session_start,Web
U01313,2026-01-28 16:01:00,session_start,mobile
U01313,2026-01-27 14:20:00,LOGIN ,Web
U01313,2026-01-25 13:29:00,Login,web
U01313,2026-02-02 07:25:00,page_view,
U01313,2026-02-03 01:09:00,session_start,Web
U01314,2026-02-25 00:00:00,LOGIN ,
U01314,2026-03-04 15:02:00,session_start,web
U01314,2026-03-01 14:04:00,logout,web
U01314,2026-02-26 02:44:00,session_end,web
U01314,2026-03-09 12:29:00,logout,mobile
U01314,2026-03-08 05:15:00,LOGIN ,mobile
U01314,2026-03-05 07:48:00,page_view,mobile
U01314,2026-02-24 20:55:00,LOGIN ,Web
U01315,2026-05-21 09:46:00,session_end,Web
U01315,2026-05-14 13:21:00,session_start,web
U01315,2026-05-27 14:37:00,LOGIN ,mobile
U01315,2026-05-15 03:45:00,session_end,mobile
U01315,2026-05-13 04:17:00,Login,
U01315,2026-05-23 08:26:00,page_view,Web
U01315,2026-05-23 21:21:00,page_view,web
U01315,2026-05-22 00:09:00,page_view,web
U01315,2026-05-17 02:54:00,logout,web
U01316,2026-05-17 22:19:00,session_end,web
U01316,2026-05-24 10:06:00,login,mobile
U01316,2026-05-15 09:25:00,logout,Web
U01317,2026-05-21 07:14:00,session_start,mobile
U01317,2026-05-22 07:00:00,LOGIN ,
U01317,2026-05-21 11:44:00,LOGIN ,mobile
U01317,2026-05-17 22:55:00,login,web
U01317,2026-05-19 17:57:00,LOGIN ,web
U01317,2026-05-16 08:14:00,session_start,
U01317,2026-05-10 20:41:00,Login,web
U01317,2026-05-22 14:00:00,logout,Web
U01317,2026-05-17 01:07:00,logout,mobile
U01317,2026-05-15 22:44:00,logout,mobile
U01317,2026-05-18 21:53:00,logout,mobile
U01318,2026-06-08 06:58:00,page_view,
U01318,2026-05-27 14:41:00,logout,Web
U01318,2026-06-01 16:06:00,session_start,
U01318,2026-06-04 14:23:00,login,Web
U01318,2026-06-04 03:31:00,page_view,mobile
U01318,2026-06-06 18:15:00,login,web
U01318,2026-05-26 21:22:00,page_view,Web
U01318,2026-06-09 18:05:00,logout,
U01318,2026-06-04 17:12:00,Login,web
U01318,2026-06-02 18:13:00,session_start,Web
U01318,2026-06-05 15:01:00,session_end,Web
U01318,2026-06-06 09:02:00,session_start,Web
U01318,2026-06-06 22:51:00,page_view,Web
U01318,2026-06-09 11:52:00,Login,Web
U01318,2026-06-04 06:59:00,logout,Web
U01319,2026-02-28 00:42:00,session_start,
U01319,2026-03-06 11:00:00,session_end,Web
U01319,2026-02-27 05:55:00,login,
U01319,2026-03-01 20:20:00,session_start,mobile
U01319,2026-03-03 23:11:00,session_start,web
U01319,2026-03-02 21:52:00,Login,
U01319,2026-02-21 04:59:00,logout,
U01319,2026-03-05 23:52:00,login,web
U01320,2026-05-05 13:32:00,logout,web
U01320,2026-05-08 03:01:00,session_end,mobile
U01320,2026-05-03 00:37:00,page_view,web
U01320,2026-05-06 08:54:00,session_end,web
U01320,2026-05-10 17:04:00,page_view,
U01320,2026-04-27 01:55:00,Login,mobile
U01321,2026-02-27 22:25:00,page_view,mobile
U01321,2026-02-28 00:22:00,logout,
U01321,2026-02-27 15:54:00,session_start,web
U01321,2026-02-21 08:42:00,session_end,
U01321,2026-02-22 22:24:00,session_end,mobile
U01321,2026-03-06 03:06:00,session_end,Web
U01321,2026-02-26 20:41:00,logout,
U01321,2026-02-24 13:01:00,session_start,
U01321,2026-02-23 20:20:00,session_end,Web
U01321,2026-02-26 22:51:00,session_end,web
U01321,2026-03-01 05:09:00,login,Web
U01321,2026-03-05 03:13:00,LOGIN ,
U01322,2026-05-13 23:53:00,session_end,
U01322,2026-05-22 09:46:00,session_end,mobile
U01322,2026-05-15 01:03:00,session_start,Web
U01322,2026-05-11 13:29:00,page_view,Web
U01322,2026-05-24 23:33:00,session_start,
U01322,2026-05-13 11:34:00,login,mobile
U01323,2026-01-19 03:31:00,page_view,
U01323,2026-01-12 16:28:00,LOGIN ,
U01323,2026-01-15 19:15:00,LOGIN ,Web
U01323,2026-01-18 17:19:00,Login,mobile
U01323,2026-01-13 12:38:00,session_end,
U01324,2026-06-14 03:11:00,LOGIN ,mobile
U01324,2026-06-14 01:53:00,login,mobile
U01324,2026-06-02 22:24:00,LOGIN ,
U01324,2026-06-12 18:07:00,Login,
U01324,2026-06-14 15:07:00,session_end,web
U01324,2026-06-11 13:37:00,session_end,mobile
U01324,2026-06-05 11:15:00,page_view,web
U01325,2026-05-05 20:04:00,Login,
U01325,2026-05-10 06:02:00,LOGIN ,
U01325,2026-05-10 04:32:00,logout,
U01325,2026-05-07 07:15:00,LOGIN ,Web
U01325,2026-05-04 13:44:00,Login,web
U01325,2026-05-04 19:43:00,LOGIN ,
U01325,2026-05-06 15:32:00,login,web
U01325,2026-05-04 17:10:00,session_start,mobile
U01325,2026-05-06 23:23:00,login,
U01325,2026-05-05 18:10:00,logout,mobile
U01326,2026-04-01 18:14:00,login,
U01326,2026-04-09 14:32:00,session_start,Web
U01326,2026-04-13 00:50:00,Login,Web
U01326,2026-04-09 23:51:00,logout,
U01326,2026-04-04 20:41:00,login,Web
U01326,2026-04-04 15:44:00,page_view,
U01326,2026-04-10 15:49:00,logout,web
U01327,2026-01-31 09:13:00,login,mobile
U01327,2026-02-03 09:13:00,LOGIN ,Web
U01327,2026-01-27 11:15:00,session_end,web
U01327,2026-01-25 22:21:00,session_start,Web
U01327,2026-01-24 18:09:00,session_start,mobile
U01328,2026-04-09 19:17:00,session_end,web
U01328,2026-04-20 06:24:00,session_end,Web
U01328,2026-04-16 20:22:00,session_start,mobile
U01328,2026-04-23 19:16:00,Login,mobile
U01328,2026-04-18 03:26:00,session_end,
U01328,2026-04-23 14:00:00,logout,Web
U01328,2026-04-14 00:25:00,session_end,Web
U01329,2026-05-30 18:41:00,LOGIN ,Web
U01329,2026-06-08 03:03:00,logout,web
U01329,2026-05-27 09:09:00,logout,
U01329,2026-06-08 23:37:00,session_start,Web
U01330,2026-06-24 06:22:00,LOGIN ,mobile
U01330,2026-06-16 00:06:00,logout,web
U01330,2026-06-23 17:56:00,page_view,
U01331,2026-03-19 19:41:00,login,mobile
U01331,2026-03-12 20:37:00,Login,Web
U01331,2026-03-17 10:13:00,session_end,Web
U01331,2026-03-22 16:56:00,page_view,web
U01332,2026-05-13 02:20:00,page_view,
U01332,2026-05-12 06:19:00,session_start,Web
U01332,2026-05-18 01:41:00,login,
U01332,2026-05-16 21:10:00,session_start,mobile
U01332,2026-05-16 10:58:00,LOGIN ,Web
U01332,2026-05-18 05:00:00,Login,web
U01332,2026-05-25 07:21:00,page_view,Web
U01332,2026-05-24 12:39:00,page_view,mobile
U01333,2026-05-04 21:15:00,session_end,Web
U01333,2026-05-02 15:53:00,logout,web
U01333,2026-05-14 14:15:00,page_view,Web
U01333,2026-05-05 08:24:00,session_start,web
U01333,2026-05-16 19:59:00,LOGIN ,Web
U01333,2026-05-09 21:03:00,page_view,web
U01334,2026-06-09 01:50:00,logout,mobile
U01335,2026-03-20 18:33:00,logout,web
U01335,2026-03-06 14:36:00,logout,Web
U01335,2026-03-07 12:12:00,LOGIN ,mobile
U01335,2026-03-07 08:40:00,logout,web
U01336,2026-04-30 05:00:00,Login,mobile
U01336,2026-04-23 20:06:00,session_start,Web
U01336,2026-04-25 02:24:00,session_end,web
U01336,2026-05-03 19:21:00,session_start,Web
U01336,2026-04-29 02:33:00,page_view,Web
U01336,2026-04-23 03:12:00,Login,mobile
U01336,2026-04-25 12:23:00,page_view,web
U01336,2026-04-21 16:21:00,session_end,web
U01336,2026-04-24 13:44:00,logout,Web
U01336,2026-04-27 03:28:00,page_view,web
U01336,2026-04-29 11:46:00,session_start,mobile
U01337,2026-03-15 01:45:00,LOGIN ,mobile
U01337,2026-03-17 09:37:00,Login,mobile
U01337,2026-03-07 18:55:00,login,web
U01337,2026-03-16 09:10:00,session_end,Web
U01337,2026-03-14 03:18:00,login,Web
U01338,2026-03-19 02:13:00,logout,Web
U01338,2026-03-30 22:25:00,session_end,mobile
U01338,2026-03-28 03:18:00,logout,mobile
U01338,2026-03-25 10:09:00,login,web
U01339,2026-06-22 05:52:00,page_view,web
U01339,2026-06-10 14:19:00,login,mobile
U01339,2026-06-09 19:57:00,session_end,Web
U01339,2026-06-20 09:27:00,session_end,
U01339,2026-06-15 11:39:00,LOGIN ,web
U01339,2026-06-20 17:09:00,session_start,mobile
U01339,2026-06-21 19:07:00,Login,
U01339,2026-06-16 21:20:00,session_end,web
U01340,2026-02-10 13:19:00,LOGIN ,web
U01341,2026-06-07 10:12:00,logout,mobile
U01341,2026-06-04 03:35:00,page_view,web
U01341,2026-06-07 03:06:00,Login,web
U01341,2026-06-01 10:56:00,Login,mobile
U01341,2026-05-25 11:25:00,logout,mobile
U01342,2026-03-28 07:18:00,Login,Web
U01342,2026-03-28 22:00:00,page_view,mobile
U01342,2026-03-16 23:56:00,page_view,Web
U01343,2026-02-03 05:25:00,session_start,web
U01343,2026-02-07 07:49:00,Login,web
U01343,2026-01-30 10:15:00,logout,Web
U01343,2026-01-30 07:34:00,session_start,
U01344,2026-04-09 01:52:00,session_start,
U01344,2026-04-03 00:19:00,logout,mobile
U01344,2026-04-06 23:12:00,page_view,
U01344,2026-04-07 22:58:00,session_start,
U01344,2026-04-11 15:19:00,login,
U01344,2026-04-04 04:04:00,login,
U01344,2026-04-07 10:11:00,logout,Web
U01344,2026-04-10 22:03:00,login,mobile
U01344,2026-04-10 06:44:00,login,Web
U01344,2026-04-10 02:01:00,page_view,
U01344,2026-04-11 04:18:00,logout,
U01345,2026-04-06 04:22:00,LOGIN ,mobile
U01345,2026-03-31 11:18:00,login,
U01345,2026-04-05 21:34:00,session_end,mobile
U01345,2026-04-03 05:31:00,logout,
U01345,2026-04-06 23:48:00,page_view,mobile
U01345,2026-04-03 17:20:00,page_view,mobile
U01346,2026-06-19 17:42:00,login,mobile
U01346,2026-06-28 16:36:00,Login,
U01346,2026-06-26 06:42:00,page_view,mobile
U01346,2026-06-28 14:35:00,page_view,
U01346,2026-06-24 00:30:00,page_view,web
U01347,2026-02-12 05:41:00,Login,Web
U01347,2026-02-22 14:49:00,page_view,mobile
U01347,2026-02-09 16:39:00,session_end,Web
U01348,2026-01-24 07:04:00,logout,web
U01348,2026-01-26 13:43:00,session_end,mobile
U01348,2026-01-25 02:41:00,Login,Web
U01348,2026-01-18 09:45:00,session_start,web
U01348,2026-01-20 00:52:00,session_start,web
U01348,2026-01-22 15:23:00,login,Web
U01348,2026-01-24 09:42:00,session_end,
U01348,2026-01-18 11:29:00,session_start,
U01348,2026-01-26 13:08:00,logout,web
U01349,2026-03-26 17:59:00,login,Web
U01349,2026-04-06 18:22:00,login,Web
U01349,2026-03-31 08:47:00,LOGIN ,Web
U01349,2026-04-03 05:10:00,LOGIN ,Web
U01349,2026-03-28 03:12:00,logout,mobile
U01350,2026-01-18 01:47:00,LOGIN ,web
U01350,2026-01-12 09:06:00,session_end,
U01350,2026-01-10 21:44:00,LOGIN ,web
U01350,2026-01-21 23:45:00,login,web
U01350,2026-01-16 13:31:00,LOGIN ,Web
U01350,2026-01-08 21:14:00,logout,
U01350,2026-01-10 12:48:00,LOGIN ,web
U01351,2026-03-30 10:46:00,login,Web
U01351,2026-03-18 15:15:00,session_start,mobile
U01351,2026-03-19 07:16:00,Login,
U01351,2026-03-30 22:31:00,logout,
U01351,2026-03-30 01:45:00,Login,mobile
U01351,2026-03-20 20:52:00,session_end,web
U01351,2026-03-19 16:05:00,session_start,web
U01351,2026-03-31 16:52:00,session_end,mobile
U01351,2026-03-22 09:43:00,session_start,Web
U01352,2026-04-24 04:52:00,login,web
U01352,2026-04-24 05:28:00,page_view,Web
U01352,2026-04-19 13:15:00,logout,
U01352,2026-04-24 06:04:00,login,Web
U01352,2026-04-19 06:15:00,login,web
U01352,2026-04-18 16:25:00,Login,mobile
U01352,2026-04-10 13:46:00,logout,Web
U01353,2026-06-11 18:56:00,LOGIN ,web
U01353,2026-05-30 07:52:00,session_end,web
U01353,2026-06-07 00:15:00,page_view,
U01353,2026-06-03 17:23:00,page_view,web
U01353,2026-06-09 01:58:00,login,mobile
U01353,2026-05-31 16:09:00,LOGIN ,web
U01353,2026-06-10 08:01:00,session_end,web
U01353,2026-06-06 01:08:00,session_end,Web
U01353,2026-06-05 02:27:00,page_view,
U01353,2026-06-07 14:41:00,logout,mobile
U01353,2026-06-01 02:18:00,session_end,
U01354,2026-03-03 00:13:00,page_view,mobile
U01354,2026-02-18 08:12:00,page_view,Web
U01354,2026-02-28 15:16:00,Login,mobile
U01354,2026-02-22 09:08:00,login,web
U01354,2026-02-24 11:04:00,logout,web
U01354,2026-03-02 00:18:00,logout,
U01354,2026-02-18 02:00:00,page_view,Web
U01354,2026-02-19 06:07:00,Login,Web
U01355,2026-03-03 10:47:00,session_start,Web
U01355,2026-02-28 01:46:00,session_start,mobile
U01355,2026-03-08 21:08:00,page_view,mobile
U01355,2026-03-07 11:27:00,logout,
U01355,2026-02-28 21:05:00,session_start,
U01355,2026-03-10 02:45:00,session_end,
U01356,2026-06-24 17:57:00,logout,
U01356,2026-06-20 13:30:00,page_view,
U01356,2026-06-27 11:55:00,login,mobile
U01357,2026-04-10 15:29:00,page_view,web
U01357,2026-04-04 06:38:00,session_end,web
U01357,2026-04-10 18:14:00,session_end,
U01357,2026-04-12 20:51:00,Login,web
U01357,2026-04-06 16:30:00,Login,web
U01358,2026-05-27 11:07:00,session_end,Web
U01358,2026-05-28 10:47:00,session_end,
U01358,2026-06-06 16:51:00,logout,web
U01358,2026-06-02 23:50:00,session_start,mobile
U01358,2026-05-27 03:34:00,session_end,web
U01359,2026-05-08 18:42:00,session_start,Web
U01359,2026-05-12 21:02:00,Login,web
U01359,2026-05-06 15:51:00,LOGIN ,Web
U01359,2026-05-10 06:58:00,session_end,web
U01359,2026-05-13 17:40:00,LOGIN ,mobile
U01359,2026-05-11 12:46:00,Login,web
U01359,2026-05-06 08:52:00,LOGIN ,mobile
U01360,2026-06-05 07:37:00,Login,
U01360,2026-05-25 21:36:00,LOGIN ,Web
U01360,2026-05-24 13:14:00,session_end,Web
U01360,2026-06-06 13:57:00,session_start,web
U01361,2026-03-29 01:47:00,session_start,web
U01361,2026-04-08 11:12:00,session_start,Web
U01361,2026-03-29 01:43:00,LOGIN ,Web
U01361,2026-04-06 20:22:00,page_view,Web
U01361,2026-04-08 07:43:00,LOGIN ,Web
U01361,2026-03-31 01:28:00,logout,
U01361,2026-04-03 14:44:00,session_end,mobile
U01361,2026-04-06 22:57:00,page_view,mobile
U01361,2026-04-08 03:48:00,login,web
U01361,2026-04-03 04:43:00,page_view,web
U01362,2026-03-12 08:01:00,logout,Web
U01362,2026-03-05 02:07:00,logout,mobile
U01362,2026-03-02 12:06:00,page_view,
U01362,2026-03-03 21:31:00,session_end,web
U01362,2026-03-12 08:06:00,login,Web
U01362,2026-03-06 13:26:00,session_start,web
U01362,2026-03-06 13:16:00,LOGIN ,mobile
U01362,2026-03-04 04:49:00,LOGIN ,Web
U01363,2026-04-02 15:03:00,page_view,Web
U01363,2026-03-29 17:26:00,session_start,web
U01364,2026-04-07 00:07:00,session_end,
U01364,2026-04-13 00:14:00,Login,mobile
U01364,2026-04-11 14:49:00,login,Web
U01364,2026-04-16 09:14:00,logout,web
U01364,2026-04-13 07:08:00,LOGIN ,
U01364,2026-04-16 13:49:00,session_end,
U01364,2026-04-16 08:38:00,logout,web
U01364,2026-04-18 06:40:00,logout,web
U01364,2026-04-10 07:32:00,login,
U01364,2026-04-13 19:38:00,page_view,mobile
U01364,2026-04-10 12:53:00,session_end,mobile
U01365,2026-05-03 14:01:00,LOGIN ,web
U01365,2026-04-30 21:12:00,login,web
U01365,2026-05-07 13:49:00,LOGIN ,mobile
U01365,2026-05-01 07:05:00,logout,Web
U01365,2026-05-13 11:44:00,session_start,Web
U01365,2026-04-30 16:50:00,login,mobile
U01365,2026-05-06 11:38:00,login,
U01365,2026-04-29 00:15:00,LOGIN ,mobile
U01365,2026-05-13 14:17:00,Login,mobile
U01365,2026-05-04 12:51:00,page_view,
U01365,2026-05-03 00:52:00,logout,Web
U01365,2026-05-02 12:08:00,LOGIN ,web
U01366,2026-06-26 20:42:00,Login,mobile
U01366,2026-06-13 02:52:00,LOGIN ,Web
U01366,2026-06-13 20:04:00,login,web
U01366,2026-06-22 04:01:00,session_start,web
U01366,2026-06-19 03:15:00,page_view,
U01366,2026-06-22 18:13:00,login,web
U01366,2026-06-17 04:11:00,login,Web
U01366,2026-06-16 05:41:00,logout,
U01366,2026-06-24 14:41:00,Login,Web
U01366,2026-06-25 06:35:00,LOGIN ,mobile
U01366,2026-06-17 13:07:00,login,
U01366,2026-06-13 21:20:00,page_view,Web
U01366,2026-06-16 23:09:00,session_start,web
U01367,2026-06-16 08:54:00,logout,Web
U01367,2026-06-13 06:28:00,logout,Web
U01367,2026-06-16 04:25:00,session_end,mobile
U01367,2026-06-19 20:39:00,LOGIN ,web
U01368,2026-05-17 03:17:00,logout,Web
U01368,2026-05-09 05:51:00,Login,mobile
U01369,2026-04-11 11:35:00,LOGIN ,mobile
U01369,2026-04-21 11:32:00,login,mobile
U01369,2026-04-18 23:59:00,page_view,Web
U01369,2026-04-22 20:10:00,session_end,web
U01369,2026-04-13 00:59:00,logout,
U01370,2026-04-21 01:55:00,session_start,web
U01370,2026-04-25 21:56:00,page_view,
U01370,2026-04-28 06:23:00,LOGIN ,Web
U01370,2026-04-30 04:22:00,Login,Web
U01370,2026-04-27 22:30:00,session_start,
U01370,2026-04-23 08:18:00,logout,Web
U01370,2026-04-25 12:16:00,logout,mobile
U01371,2026-02-21 09:27:00,LOGIN ,web
U01371,2026-02-21 13:00:00,session_start,mobile
U01371,2026-02-27 09:34:00,session_start,mobile
U01371,2026-03-04 21:29:00,LOGIN ,Web
U01371,2026-03-05 06:31:00,session_start,mobile
U01371,2026-03-05 17:22:00,page_view,Web
U01371,2026-03-03 12:01:00,session_end,web
U01371,2026-02-23 03:01:00,logout,Web
U01371,2026-02-21 14:10:00,logout,Web
U01371,2026-02-25 11:46:00,Login,
U01372,2026-04-28 02:48:00,session_start,web
U01372,2026-05-07 19:54:00,logout,mobile
U01372,2026-04-30 20:47:00,LOGIN ,
U01373,2026-02-16 14:36:00,Login,
U01373,2026-02-18 11:42:00,logout,web
U01373,2026-02-27 15:18:00,Login,web
U01373,2026-02-26 12:49:00,login,mobile
U01373,2026-02-18 11:03:00,page_view,mobile
U01374,2026-06-22 21:44:00,logout,Web
U01374,2026-06-14 21:40:00,session_end,Web
U01374,2026-06-15 04:29:00,session_end,Web
U01375,2026-06-14 21:59:00,Login,
U01375,2026-06-13 15:37:00,LOGIN ,
U01375,2026-06-23 08:21:00,logout,Web
U01375,2026-06-21 22:47:00,LOGIN ,Web
U01375,2026-06-25 14:46:00,session_end,web
U01376,2026-03-14 14:46:00,Login,web
U01376,2026-03-19 22:55:00,LOGIN ,mobile
U01376,2026-03-19 23:06:00,session_end,mobile
U01376,2026-03-14 04:59:00,page_view,Web
U01376,2026-03-26 00:10:00,Login,mobile
U01376,2026-03-18 21:58:00,Login,
U01376,2026-03-18 03:29:00,session_start,Web
U01376,2026-03-23 00:49:00,page_view,Web
U01376,2026-03-12 08:46:00,session_start,Web
U01376,2026-03-22 11:06:00,login,mobile
U01376,2026-03-20 12:14:00,session_end,web
U01376,2026-03-13 00:22:00,login,mobile
U01376,2026-03-23 04:34:00,page_view,mobile
U01377,2026-02-10 15:49:00,page_view,Web
U01377,2026-02-20 20:21:00,session_end,Web
U01377,2026-02-12 16:45:00,Login,
U01377,2026-02-22 13:31:00,session_start,Web
U01377,2026-02-12 06:39:00,Login,Web
U01377,2026-02-21 08:13:00,logout,mobile
U01377,2026-02-23 20:56:00,session_start,mobile
U01377,2026-02-21 04:45:00,session_start,mobile
U01378,2026-02-12 13:49:00,page_view,mobile
U01378,2026-02-04 11:07:00,login,web
U01378,2026-02-05 12:00:00,session_start,
U01379,2026-06-24 05:04:00,LOGIN ,mobile
U01379,2026-06-26 20:40:00,LOGIN ,
U01379,2026-06-26 18:42:00,logout,
U01379,2026-06-24 10:13:00,logout,
U01379,2026-06-13 11:57:00,LOGIN ,
U01379,2026-06-15 03:01:00,LOGIN ,mobile
U01379,2026-06-12 17:36:00,session_end,mobile
U01379,2026-06-13 17:29:00,Login,web
U01379,2026-06-22 18:23:00,login,
U01380,2026-05-12 06:53:00,Login,
U01380,2026-05-10 07:06:00,Login,
U01380,2026-05-06 08:05:00,page_view,Web
U01380,2026-05-11 10:03:00,logout,mobile
U01380,2026-05-13 22:29:00,page_view,Web
U01380,2026-05-12 20:53:00,page_view,web
U01380,2026-05-11 04:26:00,session_end,web
U01381,2026-05-17 19:03:00,session_start,mobile
U01381,2026-05-19 00:35:00,page_view,
U01381,2026-05-18 05:48:00,login,Web
U01381,2026-05-22 05:15:00,session_end,Web
U01382,2026-04-15 13:49:00,login,mobile
U01383,2026-05-19 06:04:00,logout,Web
U01383,2026-05-28 19:58:00,logout,
U01383,2026-05-21 03:29:00,LOGIN ,
U01383,2026-05-28 19:01:00,Login,mobile
U01383,2026-05-19 00:52:00,session_end,web
U01383,2026-05-28 13:55:00,login,Web
U01383,2026-05-17 14:21:00,login,mobile
U01383,2026-05-28 23:17:00,login,mobile
U01383,2026-05-30 00:03:00,session_start,
U01383,2026-05-23 20:22:00,session_end,
U01383,2026-05-21 10:43:00,session_end,Web
U01383,2026-05-16 18:21:00,session_end,web
U01383,2026-05-20 10:02:00,LOGIN ,
U01383,2026-05-18 07:25:00,session_start,Web
U01384,2026-06-20 12:08:00,session_start,mobile
U01384,2026-06-18 13:21:00,login,web
U01384,2026-06-14 22:08:00,login,Web
U01384,2026-06-22 07:41:00,session_end,Web
U01384,2026-06-22 21:20:00,login,Web
U01384,2026-06-24 12:09:00,login,
U01385,2026-04-13 12:16:00,page_view,mobile
U01385,2026-04-13 09:38:00,logout,mobile
U01385,2026-04-12 18:57:00,LOGIN ,web
U01385,2026-04-05 22:48:00,session_start,
U01385,2026-04-03 01:28:00,session_end,
U01385,2026-04-08 16:47:00,logout,Web
U01385,2026-04-07 10:28:00,LOGIN ,web
U01386,2026-04-21 02:03:00,session_start,
U01386,2026-04-16 20:09:00,session_start,Web
U01386,2026-04-10 16:28:00,session_end,mobile
U01387,2026-03-30 18:28:00,session_end,Web
U01387,2026-03-23 14:30:00,login,web
U01387,2026-03-22 08:36:00,Login,web
U01387,2026-03-26 23:17:00,LOGIN ,mobile
U01387,2026-04-03 08:15:00,session_start,web
U01387,2026-03-24 14:00:00,LOGIN ,web
U01387,2026-03-27 20:37:00,Login,
U01387,2026-03-25 02:51:00,session_end,
U01388,2026-01-17 12:50:00,session_end,mobile
U01388,2026-01-18 22:57:00,session_end,mobile
U01388,2026-01-24 01:53:00,logout,mobile
U01388,2026-01-22 23:10:00,session_start,mobile
U01388,2026-01-17 15:07:00,Login,Web
U01389,2026-05-03 15:11:00,login,mobile
U01389,2026-05-10 07:00:00,login,Web
U01389,2026-05-04 21:32:00,logout,Web
U01389,2026-05-09 18:07:00,LOGIN ,mobile
U01389,2026-04-29 22:19:00,Login,Web
U01389,2026-05-09 12:24:00,login,web
U01389,2026-05-06 17:50:00,page_view,web
U01389,2026-05-11 10:58:00,session_start,mobile
U01389,2026-05-03 20:38:00,login,mobile
U01389,2026-04-27 06:57:00,LOGIN ,web
U01390,2026-05-28 07:52:00,page_view,
U01390,2026-05-20 20:12:00,Login,Web
U01391,2026-02-10 23:59:00,session_end,Web
U01391,2026-02-13 21:38:00,logout,
U01391,2026-02-17 23:51:00,session_start,web
U01391,2026-02-15 15:51:00,login,
U01391,2026-02-04 00:31:00,LOGIN ,
U01391,2026-02-05 08:50:00,Login,mobile
U01391,2026-02-17 14:02:00,login,Web
U01391,2026-02-15 18:05:00,page_view,
U01391,2026-02-08 09:12:00,session_start,
U01392,2026-04-03 21:46:00,page_view,
U01392,2026-04-05 16:58:00,page_view,
U01392,2026-04-08 05:55:00,login,Web
U01393,2026-04-28 15:45:00,session_start,Web
U01393,2026-04-27 00:47:00,LOGIN ,Web
U01393,2026-04-19 16:27:00,session_start,web
U01393,2026-04-22 04:18:00,logout,
U01393,2026-04-18 02:17:00,Login,
U01393,2026-04-22 11:56:00,Login,web
U01394,2026-03-03 03:46:00,page_view,
U01394,2026-03-01 13:13:00,page_view,Web
U01394,2026-03-09 18:11:00,login,mobile
U01394,2026-03-01 06:45:00,Login,mobile
U01394,2026-02-28 10:36:00,logout,web
U01394,2026-02-27 14:44:00,logout,web
U01394,2026-03-02 04:42:00,page_view,web
U01394,2026-03-03 22:17:00,session_end,Web
U01394,2026-03-13 11:26:00,session_start,
U01394,2026-02-28 11:53:00,logout,Web
U01395,2026-02-25 23:29:00,page_view,
U01395,2026-03-02 00:18:00,LOGIN ,
U01395,2026-03-04 18:53:00,Login,web
U01395,2026-03-10 03:25:00,page_view,Web
U01395,2026-03-01 14:41:00,session_start,
U01396,2026-06-14 21:28:00,logout,
U01396,2026-06-14 11:52:00,session_start,
U01396,2026-06-06 12:55:00,LOGIN ,
U01396,2026-06-06 01:35:00,LOGIN ,mobile
U01396,2026-05-31 16:42:00,page_view,Web
U01396,2026-06-13 20:08:00,session_end,
U01396,2026-06-04 10:56:00,LOGIN ,mobile
U01396,2026-06-01 15:23:00,login,Web
U01396,2026-06-09 19:34:00,session_end,
U01397,2026-02-09 04:37:00,session_end,
U01397,2026-02-03 14:23:00,LOGIN ,Web
U01397,2026-02-03 05:00:00,session_start,web
U01398,2026-04-17 22:35:00,LOGIN ,web
U01398,2026-04-13 19:10:00,session_end,
U01398,2026-04-19 21:14:00,page_view,
U01398,2026-04-19 21:17:00,login,web
U01398,2026-04-13 15:08:00,LOGIN ,
U01398,2026-04-20 13:12:00,session_end,web
U01398,2026-04-10 05:51:00,logout,web
U01398,2026-04-11 07:03:00,Login,web
U01398,2026-04-15 22:12:00,session_end,mobile
U01398,2026-04-10 00:57:00,login,web
U01399,2026-05-31 03:51:00,logout,Web
U01399,2026-05-27 00:25:00,LOGIN ,Web
U01399,2026-05-25 17:20:00,LOGIN ,
U01399,2026-05-22 11:08:00,page_view,Web
U01399,2026-05-22 04:36:00,session_start,web
U01399,2026-05-22 02:17:00,Login,
U01400,2026-06-11 14:59:00,LOGIN ,Web
U01400,2026-06-09 22:33:00,Login,Web
U01400,2026-06-03 14:36:00,session_end,mobile
U01400,2026-06-12 16:29:00,page_view,web
U01401,2026-01-16 07:21:00,LOGIN ,
U01401,2026-01-12 19:27:00,Login,mobile
U01401,2026-01-18 17:45:00,logout,Web
U01402,2026-02-10 23:34:00,session_start,Web
U01402,2026-01-31 14:41:00,session_end,mobile
U01402,2026-02-04 21:24:00,login,web
U01403,2026-04-17 19:47:00,session_end,web
U01403,2026-04-20 23:27:00,Login,Web
U01403,2026-04-21 13:59:00,session_end,Web
U01403,2026-04-18 15:26:00,page_view,mobile
U01403,2026-04-17 06:25:00,logout,Web
U01403,2026-04-10 13:33:00,logout,Web
U01403,2026-04-21 03:31:00,session_end,
U01403,2026-04-11 13:30:00,session_end,web
U01404,2026-03-07 00:08:00,page_view,
U01404,2026-03-19 02:38:00,logout,web
U01404,2026-03-16 19:20:00,logout,mobile
U01404,2026-03-19 00:12:00,session_end,
U01404,2026-03-08 03:58:00,Login,web
U01404,2026-03-18 11:40:00,login,web
U01404,2026-03-16 08:57:00,LOGIN ,
U01404,2026-03-08 09:52:00,page_view,Web
U01404,2026-03-12 22:11:00,Login,web
U01404,2026-03-07 12:21:00,session_start,
U01404,2026-03-09 20:50:00,Login,mobile
U01404,2026-03-16 11:02:00,session_end,mobile
U01405,2026-02-26 06:46:00,Login,
U01405,2026-02-24 10:15:00,page_view,web
U01405,2026-02-26 00:15:00,login,
U01405,2026-02-27 10:54:00,session_end,Web
U01405,2026-02-23 21:17:00,Login,web
U01406,2026-06-13 09:33:00,LOGIN ,mobile
U01406,2026-06-23 11:03:00,session_start,Web
U01406,2026-06-16 00:48:00,page_view,mobile
U01406,2026-06-22 07:11:00,session_end,web
U01406,2026-06-24 18:40:00,session_end,
U01406,2026-06-11 04:16:00,LOGIN ,web
U01406,2026-06-15 06:05:00,login,web
U01407,2026-02-02 15:06:00,page_view,mobile
U01408,2026-03-14 21:21:00,page_view,mobile
U01408,2026-03-25 04:48:00,logout,
U01408,2026-03-18 20:41:00,Login,
U01408,2026-03-17 11:21:00,LOGIN ,
U01408,2026-03-17 02:28:00,Login,
U01409,2026-02-10 15:14:00,LOGIN ,Web
U01409,2026-02-09 17:59:00,login,Web
U01409,2026-02-12 03:11:00,session_start,
U01409,2026-02-11 03:21:00,page_view,mobile
U01409,2026-02-14 06:51:00,logout,mobile
U01410,2026-05-20 08:11:00,session_start,web
U01410,2026-05-24 04:04:00,LOGIN ,web
U01410,2026-05-25 20:06:00,Login,Web
U01410,2026-05-24 07:40:00,Login,web
U01410,2026-05-17 05:30:00,session_end,Web
U01410,2026-05-19 05:57:00,LOGIN ,
U01410,2026-05-18 06:13:00,page_view,web
U01410,2026-05-24 04:38:00,logout,web
U01410,2026-05-14 14:58:00,login,web
U01410,2026-05-13 14:22:00,session_end,mobile
U01410,2026-05-20 22:50:00,LOGIN ,Web
U01411,2026-03-21 21:58:00,login,Web
U01411,2026-03-26 05:05:00,logout,web
U01411,2026-03-20 21:11:00,Login,web
U01411,2026-03-27 22:25:00,logout,Web
U01411,2026-03-23 02:02:00,login,Web
U01411,2026-03-27 08:12:00,session_start,Web
U01411,2026-03-28 06:25:00,LOGIN ,Web
U01411,2026-03-18 06:52:00,Login,
U01411,2026-03-23 02:16:00,Login,mobile
U01411,2026-03-25 22:00:00,page_view,web
U01412,2026-05-15 20:09:00,Login,
U01412,2026-05-14 22:32:00,Login,Web
U01412,2026-05-10 14:32:00,login,
U01412,2026-05-22 17:20:00,page_view,
U01412,2026-05-09 01:38:00,Login,mobile
U01412,2026-05-16 11:13:00,login,web
U01412,2026-05-08 18:02:00,login,
U01412,2026-05-11 20:08:00,LOGIN ,
U01412,2026-05-18 15:59:00,session_start,Web
U01412,2026-05-12 12:23:00,session_end,
U01413,2026-02-22 15:10:00,session_end,Web
U01413,2026-02-28 20:01:00,Login,Web
U01413,2026-02-25 13:40:00,Login,mobile
U01413,2026-02-23 22:18:00,logout,
U01413,2026-02-26 20:50:00,logout,
U01413,2026-03-06 16:18:00,logout,web
U01414,2026-02-26 09:47:00,session_start,mobile
U01414,2026-02-26 03:29:00,LOGIN ,
U01414,2026-02-24 10:48:00,login,Web
U01414,2026-02-22 23:53:00,session_start,
U01414,2026-03-02 21:24:00,LOGIN ,Web
U01414,2026-03-07 18:26:00,LOGIN ,
U01414,2026-02-21 01:50:00,page_view,mobile
U01414,2026-03-04 07:28:00,page_view,Web
U01414,2026-02-23 05:36:00,logout,
U01414,2026-03-04 08:33:00,LOGIN ,mobile
U01415,2026-03-18 00:36:00,Login,mobile
U01415,2026-03-31 04:20:00,login,Web
U01415,2026-03-22 11:30:00,session_end,Web
U01416,2026-06-03 23:12:00,session_start,mobile
U01416,2026-05-24 15:25:00,session_start,web
U01416,2026-05-25 02:18:00,Login,
U01416,2026-05-25 06:03:00,Login,
U01417,2026-05-04 17:04:00,Login,
U01417,2026-05-06 05:37:00,session_end,mobile
U01417,2026-05-05 00:39:00,logout,mobile
U01417,2026-05-09 20:48:00,Login,Web
U01418,2026-01-15 21:12:00,session_end,mobile
U01418,2026-01-03 19:40:00,LOGIN ,web
U01419,2026-01-30 22:43:00,page_view,Web
U01419,2026-02-07 12:57:00,Login,Web
U01419,2026-01-29 14:51:00,session_start,Web
U01419,2026-02-01 19:03:00,session_end,
U01419,2026-02-06 06:42:00,page_view,Web
U01420,2026-05-19 15:25:00,session_start,web
U01420,2026-05-07 14:32:00,Login,Web
U01420,2026-05-11 12:27:00,session_start,
U01421,2026-01-29 09:44:00,session_end,mobile
U01421,2026-01-26 21:52:00,login,Web
U01421,2026-01-23 16:26:00,session_end,mobile
U01421,2026-02-03 21:47:00,LOGIN ,web
U01421,2026-01-28 10:21:00,session_end,mobile
U01421,2026-01-25 20:27:00,Login,
U01421,2026-02-01 05:24:00,session_start,mobile
U01422,2026-01-29 04:20:00,session_start,mobile
U01422,2026-02-02 07:40:00,LOGIN ,
U01422,2026-02-09 17:52:00,page_view,mobile
U01422,2026-02-02 01:46:00,page_view,Web
U01422,2026-02-02 05:12:00,logout,mobile
U01422,2026-01-30 20:16:00,session_start,
U01422,2026-02-01 03:02:00,LOGIN ,web
U01422,2026-02-09 09:38:00,page_view,
U01422,2026-01-27 17:03:00,session_start,
U01423,2026-03-03 16:52:00,session_end,
U01424,2026-03-21 23:47:00,session_end,
U01424,2026-03-18 05:17:00,LOGIN ,Web
U01424,2026-03-23 00:48:00,Login,Web
U01424,2026-03-10 16:27:00,session_end,Web
U01424,2026-03-15 02:14:00,page_view,Web
U01424,2026-03-13 01:54:00,session_end,mobile
U01424,2026-03-20 20:15:00,logout,web
U01424,2026-03-17 07:34:00,login,web
U01424,2026-03-15 18:47:00,Login,Web
U01424,2026-03-16 13:37:00,login,mobile
U01424,2026-03-19 06:31:00,session_start,mobile
U01424,2026-03-19 19:35:00,logout,web
U01424,2026-03-10 21:56:00,Login,mobile
U01424,2026-03-23 00:04:00,session_start,mobile
U01424,2026-03-10 16:48:00,LOGIN ,mobile
U01425,2026-01-26 00:40:00,Login,mobile
U01425,2026-02-04 03:23:00,Login,mobile
U01425,2026-01-27 06:15:00,logout,
U01425,2026-02-05 21:13:00,page_view,web
U01425,2026-01-30 00:37:00,session_end,mobile
U01425,2026-01-27 05:31:00,login,mobile
U01425,2026-01-29 03:35:00,session_end,
U01425,2026-02-02 05:02:00,logout,web
U01425,2026-01-28 19:22:00,session_end,web
U01425,2026-02-09 07:06:00,page_view,
U01425,2026-02-02 20:20:00,session_start,web
U01425,2026-01-26 22:00:00,page_view,web
U01425,2026-02-05 18:40:00,logout,web
U01426,2026-04-10 12:55:00,LOGIN ,mobile
U01426,2026-04-16 05:18:00,logout,Web
U01426,2026-04-11 07:16:00,Login,
U01426,2026-04-04 11:58:00,login,Web
U01426,2026-04-07 23:31:00,LOGIN ,
U01426,2026-04-12 03:07:00,session_start,web
U01427,2026-05-04 22:44:00,session_end,
U01428,2026-01-25 04:30:00,Login,mobile
U01429,2026-06-29 01:54:00,LOGIN ,web
U01429,2026-06-15 19:15:00,page_view,web
U01429,2026-06-28 17:59:00,page_view,mobile
U01430,2026-04-06 20:45:00,session_end,web
U01430,2026-04-04 06:10:00,login,
U01430,2026-04-12 21:00:00,login,Web
U01430,2026-04-15 19:55:00,page_view,mobile
U01430,2026-04-04 08:44:00,login,mobile
U01431,2026-01-26 21:47:00,logout,Web
U01431,2026-01-26 22:28:00,session_start,mobile
U01431,2026-01-29 04:41:00,logout,web
U01431,2026-02-07 05:05:00,Login,web
U01431,2026-01-25 13:29:00,session_end,Web
U01431,2026-02-04 09:10:00,session_end,mobile
U01432,2026-02-18 12:31:00,page_view,web
U01432,2026-02-17 23:48:00,login,
U01432,2026-02-23 16:07:00,login,
U01433,2026-04-27 14:50:00,logout,
U01434,2026-04-20 04:38:00,login,mobile
U01434,2026-04-14 03:21:00,Login,
U01434,2026-04-22 08:48:00,Login,
U01434,2026-04-16 07:49:00,login,mobile
U01434,2026-04-11 01:39:00,session_end,Web
U01434,2026-04-10 15:43:00,logout,Web
U01435,2026-04-21 20:54:00,login,Web
U01435,2026-04-28 00:23:00,logout,mobile
U01435,2026-04-19 19:33:00,LOGIN ,web
U01436,2026-01-29 21:21:00,login,
U01436,2026-02-03 10:00:00,session_end,Web
U01436,2026-02-06 10:10:00,session_end,Web
U01436,2026-02-04 15:28:00,login,mobile
U01436,2026-02-10 15:32:00,LOGIN ,
U01437,2026-02-17 19:31:00,login,web
U01437,2026-02-18 20:46:00,Login,web
U01437,2026-02-20 14:25:00,LOGIN ,Web
U01437,2026-02-23 01:21:00,session_end,mobile
U01437,2026-02-15 10:45:00,login,web
U01438,2026-06-08 05:28:00,Login,
U01438,2026-06-11 19:28:00,Login,mobile
U01438,2026-06-09 05:36:00,login,web
U01438,2026-06-14 22:35:00,Login,mobile
U01438,2026-06-01 11:06:00,login,mobile
U01438,2026-06-02 06:16:00,login,
U01438,2026-06-15 06:54:00,session_start,web
U01438,2026-06-02 19:38:00,login,Web
U01438,2026-06-01 05:19:00,login,
U01438,2026-06-06 02:04:00,page_view,
U01439,2026-05-03 22:53:00,LOGIN ,
U01439,2026-05-05 02:46:00,login,
U01439,2026-04-23 21:25:00,LOGIN ,Web
U01439,2026-05-05 14:36:00,session_start,
U01439,2026-04-26 20:42:00,login,mobile
U01439,2026-05-07 08:53:00,login,
U01440,2026-04-19 21:38:00,login,Web
U01440,2026-04-18 09:34:00,page_view,web
U01440,2026-04-11 17:42:00,session_end,web
U01441,2026-01-17 01:58:00,login,web
U01441,2026-01-20 08:52:00,LOGIN ,
U01441,2026-01-15 22:25:00,session_start,
U01441,2026-01-14 02:37:00,logout,Web
U01441,2026-01-10 08:36:00,session_start,web
U01441,2026-01-09 15:02:00,session_end,mobile
U01441,2026-01-20 03:28:00,session_start,Web
U01441,2026-01-13 02:59:00,session_start,
U01441,2026-01-20 01:08:00,Login,mobile
U01441,2026-01-16 00:16:00,page_view,Web
U01442,2026-05-07 09:28:00,session_end,mobile
U01442,2026-05-11 14:42:00,Login,Web
U01442,2026-05-17 06:46:00,Login,web
U01442,2026-05-13 11:40:00,session_end,mobile
U01442,2026-05-12 08:33:00,session_end,
U01442,2026-05-16 07:23:00,page_view,
U01443,2026-04-25 14:10:00,session_end,mobile
U01443,2026-04-26 20:46:00,LOGIN ,
U01444,2026-04-05 21:40:00,login,mobile
U01444,2026-04-02 08:01:00,logout,mobile
U01444,2026-03-31 16:25:00,page_view,
U01445,2026-05-18 22:38:00,logout,Web
U01445,2026-05-27 12:18:00,session_end,Web
U01445,2026-05-19 04:43:00,session_start,mobile
U01445,2026-05-24 17:14:00,LOGIN ,
U01445,2026-05-27 21:22:00,Login,mobile
U01446,2026-06-03 02:35:00,page_view,
U01446,2026-06-04 14:25:00,Login,mobile
U01446,2026-06-01 07:21:00,logout,mobile
U01446,2026-06-07 07:54:00,LOGIN ,web
U01446,2026-05-31 20:10:00,login,web
U01446,2026-05-31 13:12:00,Login,Web
U01446,2026-06-06 01:07:00,LOGIN ,mobile
U01446,2026-05-26 11:25:00,page_view,mobile
U01447,2026-04-01 22:21:00,Login,
U01447,2026-03-31 12:10:00,logout,
U01448,2026-06-10 06:12:00,LOGIN ,
U01448,2026-06-08 09:17:00,LOGIN ,Web
U01448,2026-06-13 22:07:00,page_view,Web
U01448,2026-06-11 08:55:00,LOGIN ,mobile
U01449,2026-03-06 02:06:00,session_start,Web
U01449,2026-03-09 18:16:00,LOGIN ,Web
U01449,2026-03-12 20:18:00,Login,web
U01449,2026-03-15 17:34:00,page_view,Web
U01449,2026-03-07 20:49:00,LOGIN ,
U01449,2026-03-08 16:07:00,LOGIN ,web
U01449,2026-03-07 19:07:00,login,
U01450,2026-02-12 15:41:00,session_end,mobile
U01450,2026-02-22 08:42:00,session_start,Web
U01450,2026-02-10 18:38:00,session_end,
U01450,2026-02-10 08:28:00,page_view,mobile
U01450,2026-02-13 06:41:00,session_end,
U01451,2026-01-19 20:36:00,logout,web
U01451,2026-01-19 07:54:00,login,web
U01451,2026-01-21 10:51:00,login,Web
U01451,2026-01-19 20:04:00,logout,mobile
U01451,2026-01-27 08:30:00,session_end,mobile
U01451,2026-01-28 21:57:00,Login,web
U01452,2026-05-15 14:52:00,session_end,mobile
U01452,2026-05-14 10:47:00,Login,web
U01452,2026-05-10 23:32:00,login,mobile
U01453,2026-02-16 12:19:00,Login,
U01453,2026-02-20 20:43:00,logout,
U01453,2026-02-14 09:13:00,page_view,web
U01453,2026-02-25 20:04:00,LOGIN ,
U01453,2026-02-12 13:26:00,page_view,
U01453,2026-02-13 23:01:00,session_start,
U01453,2026-02-15 23:28:00,LOGIN ,web
U01453,2026-02-26 04:51:00,logout,web
U01454,2026-04-01 15:38:00,page_view,web
U01454,2026-03-30 10:00:00,session_start,web
U01454,2026-04-06 08:28:00,login,Web
U01454,2026-04-02 00:06:00,login,mobile
U01454,2026-03-29 00:08:00,page_view,mobile
U01455,2026-01-14 13:02:00,login,Web
U01455,2026-01-25 01:11:00,session_start,mobile
U01455,2026-01-21 19:34:00,session_start,mobile
U01455,2026-01-23 04:07:00,Login,web
U01456,2026-05-29 12:56:00,login,Web
U01456,2026-06-01 22:39:00,session_end,Web
U01456,2026-05-23 11:02:00,logout,
U01456,2026-05-30 12:48:00,session_start,
U01456,2026-05-29 08:10:00,login,web
U01456,2026-05-31 02:18:00,login,Web
U01457,2026-03-15 08:08:00,LOGIN ,
U01457,2026-03-02 20:30:00,Login,
U01457,2026-03-04 07:45:00,logout,
U01457,2026-03-03 22:22:00,session_end,Web
U01457,2026-03-04 16:45:00,logout,Web
U01457,2026-03-13 19:45:00,logout,Web
U01457,2026-03-09 10:42:00,session_start,
U01457,2026-03-05 15:44:00,logout,mobile
U01458,2026-05-03 07:01:00,LOGIN ,Web
U01458,2026-05-01 15:36:00,session_start,mobile
U01458,2026-04-30 14:27:00,login,
U01459,2026-05-12 23:40:00,login,web
U01459,2026-05-13 18:13:00,session_end,Web
U01459,2026-05-19 21:34:00,login,Web
U01459,2026-05-08 08:52:00,logout,mobile
U01459,2026-05-17 01:15:00,LOGIN ,
U01459,2026-05-19 00:55:00,Login,Web
U01459,2026-05-20 17:40:00,session_start,
U01459,2026-05-14 22:00:00,logout,
U01459,2026-05-11 11:19:00,page_view,
U01459,2026-05-22 12:01:00,session_start,Web
U01460,2026-05-21 02:51:00,Login,web
U01460,2026-05-08 02:32:00,LOGIN ,mobile
U01460,2026-05-14 05:42:00,Login,
U01460,2026-05-12 20:18:00,login,web
U01460,2026-05-22 04:54:00,LOGIN ,Web
U01460,2026-05-17 09:03:00,session_end,Web
U01460,2026-05-20 19:40:00,Login,Web
U01460,2026-05-14 11:15:00,LOGIN ,mobile
U01460,2026-05-20 08:41:00,Login,
U01460,2026-05-20 14:48:00,page_view,Web
U01461,2026-01-05 14:46:00,session_start,Web
U01461,2026-01-17 10:29:00,Login,
U01461,2026-01-19 08:35:00,logout,Web
U01461,2026-01-16 23:09:00,LOGIN ,web
U01462,2026-04-18 05:21:00,logout,Web
U01462,2026-04-22 14:50:00,session_end,web
U01462,2026-04-17 21:31:00,logout,Web
U01462,2026-04-28 05:54:00,Login,
U01463,2026-05-30 20:58:00,Login,Web
U01463,2026-05-30 21:48:00,logout,
U01463,2026-05-26 05:13:00,logout,
U01463,2026-05-28 08:43:00,logout,web
U01463,2026-05-23 01:52:00,Login,Web
U01463,2026-05-25 01:28:00,login,web
U01464,2026-06-16 08:48:00,login,Web
U01464,2026-06-17 22:05:00,Login,Web
U01464,2026-06-10 13:36:00,page_view,Web
U01464,2026-06-15 10:14:00,logout,Web
U01464,2026-06-09 22:12:00,page_view,
U01464,2026-06-14 22:15:00,LOGIN ,mobile
U01464,2026-06-17 09:26:00,login,Web
U01464,2026-06-10 23:27:00,page_view,mobile
U01464,2026-06-08 08:03:00,session_end,Web
U01465,2026-05-26 00:25:00,logout,mobile
U01465,2026-05-27 08:56:00,session_start,web
U01465,2026-05-25 16:38:00,session_start,
U01465,2026-05-27 14:09:00,session_end,mobile
U01465,2026-06-03 12:57:00,LOGIN ,mobile
U01465,2026-06-03 06:44:00,session_end,web
U01465,2026-05-28 03:45:00,session_end,web
U01465,2026-05-31 02:51:00,logout,
U01465,2026-05-24 07:12:00,logout,mobile
U01466,2026-03-29 16:52:00,LOGIN ,Web
U01466,2026-04-02 02:33:00,page_view,Web
U01467,2026-03-02 13:41:00,logout,
U01467,2026-02-27 21:11:00,page_view,web
U01467,2026-03-09 19:58:00,Login,web
U01467,2026-03-02 15:58:00,session_end,web
U01467,2026-03-10 05:43:00,login,web
U01467,2026-03-08 07:59:00,session_start,
U01467,2026-03-10 23:59:00,session_start,
U01467,2026-03-06 14:29:00,Login,
U01467,2026-03-04 14:24:00,LOGIN ,Web
U01467,2026-03-04 09:21:00,session_end,web
U01467,2026-03-02 08:57:00,session_end,web
U01467,2026-03-08 10:51:00,logout,Web
U01468,2026-05-27 11:49:00,page_view,web
U01468,2026-05-25 01:08:00,session_start,mobile
U01468,2026-06-02 10:23:00,Login,mobile
U01468,2026-06-06 01:34:00,session_end,mobile
U01468,2026-05-27 22:15:00,Login,web
U01468,2026-05-27 11:43:00,page_view,web
U01469,2026-04-08 20:33:00,LOGIN ,Web
U01470,2026-02-10 00:29:00,login,mobile
U01470,2026-02-05 08:01:00,session_start,mobile
U01470,2026-02-11 13:00:00,session_start,
U01470,2026-02-03 22:06:00,LOGIN ,web
U01470,2026-02-10 09:19:00,logout,
U01471,2026-03-04 05:06:00,session_start,Web
U01471,2026-03-06 07:47:00,LOGIN ,mobile
U01471,2026-03-05 22:56:00,logout,
U01471,2026-03-01 01:11:00,session_end,Web
U01471,2026-02-26 13:36:00,LOGIN ,
U01471,2026-03-12 05:22:00,Login,web
U01471,2026-02-28 07:47:00,logout,Web
U01471,2026-03-06 19:13:00,session_start,
U01471,2026-03-10 03:10:00,LOGIN ,mobile
U01472,2026-04-09 08:33:00,logout,web
U01472,2026-04-10 21:56:00,logout,Web
U01472,2026-04-14 19:22:00,login,
U01472,2026-04-11 23:21:00,session_end,web
U01472,2026-04-12 22:44:00,session_end,Web
U01472,2026-04-06 12:42:00,LOGIN ,Web
U01473,2026-05-20 08:49:00,LOGIN ,mobile
U01473,2026-05-17 18:00:00,login,Web
U01473,2026-05-15 11:10:00,LOGIN ,mobile
U01473,2026-05-28 23:33:00,session_start,
U01473,2026-05-22 11:21:00,LOGIN ,
U01473,2026-05-28 00:50:00,login,
U01474,2026-01-24 15:38:00,page_view,Web
U01474,2026-01-24 01:07:00,page_view,Web
U01474,2026-01-18 14:02:00,page_view,mobile
U01474,2026-01-18 15:09:00,logout,Web
U01474,2026-01-26 01:47:00,Login,web
U01474,2026-01-12 22:19:00,page_view,web
U01474,2026-01-19 15:57:00,page_view,web
U01474,2026-01-25 20:31:00,Login,Web
U01474,2026-01-23 13:02:00,page_view,mobile
U01475,2026-02-06 13:06:00,Login,Web
U01475,2026-02-05 23:31:00,session_end,mobile
U01475,2026-02-17 21:47:00,login,
U01475,2026-02-19 08:22:00,session_start,Web
U01475,2026-02-18 05:31:00,LOGIN ,Web
U01475,2026-02-15 05:45:00,session_end,mobile
U01476,2026-02-10 04:48:00,session_end,
U01476,2026-02-04 21:57:00,session_end,Web
U01476,2026-02-11 02:22:00,page_view,web
U01476,2026-02-03 12:33:00,session_end,web
U01476,2026-02-02 11:47:00,session_start,web
U01476,2026-02-08 10:23:00,logout,
U01477,2026-03-02 13:05:00,logout,
U01477,2026-02-26 17:37:00,LOGIN ,web
U01477,2026-03-01 07:26:00,page_view,mobile
U01478,2026-04-17 08:26:00,page_view,web
U01478,2026-04-16 18:56:00,LOGIN ,Web
U01478,2026-04-12 22:26:00,login,web
U01478,2026-04-14 06:37:00,LOGIN ,
U01478,2026-04-14 05:08:00,LOGIN ,Web
U01478,2026-04-25 02:32:00,Login,Web
U01478,2026-04-17 19:25:00,login,mobile
U01478,2026-04-12 04:41:00,page_view,
U01479,2026-03-04 18:28:00,logout,Web
U01479,2026-02-26 22:56:00,session_start,
U01479,2026-02-26 09:33:00,session_start,
U01479,2026-03-01 06:05:00,session_end,
U01479,2026-03-04 07:03:00,LOGIN ,mobile
U01479,2026-02-25 20:03:00,LOGIN ,mobile
U01479,2026-02-24 18:56:00,logout,mobile
U01479,2026-02-20 11:52:00,session_end,web
U01479,2026-02-24 08:08:00,Login,web
U01479,2026-02-19 04:30:00,LOGIN ,
U01479,2026-02-27 22:49:00,login,web
U01479,2026-02-25 12:13:00,login,web
U01480,2026-04-26 16:55:00,session_start,mobile
U01480,2026-04-24 21:41:00,login,Web
U01481,2026-06-10 11:14:00,logout,
U01481,2026-05-31 13:50:00,Login,mobile
U01481,2026-06-03 00:26:00,Login,Web
U01481,2026-06-06 15:13:00,page_view,Web
U01481,2026-06-07 14:23:00,session_start,Web
U01482,2026-04-30 19:33:00,LOGIN ,web
U01482,2026-04-28 09:56:00,login,web
U01482,2026-05-01 23:10:00,session_start,mobile
U01482,2026-04-28 06:48:00,Login,Web
U01482,2026-05-10 16:11:00,page_view,
U01482,2026-05-02 22:24:00,Login,Web
U01482,2026-04-30 21:46:00,Login,Web
U01482,2026-05-11 13:05:00,login,mobile
U01482,2026-04-28 07:53:00,session_end,web
U01483,2026-05-20 13:54:00,logout,Web
U01483,2026-05-18 21:26:00,Login,web
U01483,2026-05-18 10:12:00,page_view,web
U01483,2026-05-21 03:06:00,page_view,mobile
U01483,2026-05-18 02:29:00,session_start,web
U01484,2026-01-14 06:40:00,session_start,
U01484,2026-01-08 12:14:00,session_start,Web
U01484,2026-01-09 05:32:00,login,mobile
U01484,2026-01-04 13:54:00,LOGIN ,Web
U01484,2026-01-07 00:12:00,Login,
U01485,2026-01-22 01:45:00,Login,Web
U01485,2026-01-13 07:31:00,LOGIN ,mobile
U01485,2026-01-18 20:44:00,Login,web
U01485,2026-01-23 06:09:00,page_view,Web
U01486,2026-05-15 10:08:00,logout,
U01486,2026-05-15 10:26:00,session_start,web
U01486,2026-05-13 20:21:00,login,mobile
U01486,2026-05-04 11:25:00,session_end,
U01486,2026-05-12 01:29:00,logout,web
U01487,2026-02-16 22:54:00,logout,
U01487,2026-02-19 04:18:00,logout,Web
U01487,2026-02-26 17:38:00,login,Web
U01487,2026-02-16 23:38:00,session_end,mobile
U01487,2026-02-22 16:57:00,Login,web
U01487,2026-02-28 22:04:00,LOGIN ,web
U01487,2026-02-18 18:29:00,session_start,
U01487,2026-02-20 08:36:00,login,mobile
U01487,2026-02-20 23:05:00,session_start,Web
U01487,2026-02-21 13:53:00,LOGIN ,mobile
U01488,2026-04-18 05:08:00,page_view,
U01488,2026-04-11 18:41:00,LOGIN ,Web
U01488,2026-04-21 18:42:00,logout,web
U01489,2026-06-19 04:36:00,LOGIN ,Web
U01489,2026-06-14 09:12:00,page_view,Web
U01489,2026-06-16 10:29:00,session_start,
U01489,2026-06-18 12:04:00,page_view,mobile
U01489,2026-06-19 17:34:00,logout,
U01489,2026-06-10 20:21:00,login,web
U01489,2026-06-16 18:54:00,login,Web
U01490,2026-04-27 11:46:00,session_start,
U01490,2026-04-26 06:09:00,Login,Web
U01490,2026-05-02 18:48:00,Login,
U01490,2026-04-30 00:59:00,login,Web
U01490,2026-04-19 04:40:00,session_start,web
U01490,2026-04-24 12:06:00,session_end,Web
U01490,2026-04-28 07:26:00,login,
U01490,2026-04-26 01:59:00,session_start,mobile
U01491,2026-03-12 21:08:00,login,mobile
U01491,2026-03-26 20:45:00,Login,web
U01491,2026-03-13 05:00:00,logout,
U01491,2026-03-18 15:27:00,Login,
U01491,2026-03-14 00:12:00,page_view,
U01491,2026-03-15 09:49:00,LOGIN ,mobile
U01491,2026-03-26 12:23:00,session_start,
U01491,2026-03-12 14:40:00,login,web
U01491,2026-03-17 12:42:00,logout,Web
U01491,2026-03-19 09:53:00,logout,mobile
U01492,2026-03-26 13:31:00,session_start,web
U01492,2026-03-22 08:25:00,logout,
U01492,2026-03-20 19:15:00,login,
U01492,2026-03-21 23:38:00,login,Web
U01492,2026-03-21 13:57:00,session_end,
U01492,2026-03-28 07:45:00,page_view,web
U01492,2026-03-29 11:33:00,session_end,
U01492,2026-03-25 03:03:00,logout,mobile
U01492,2026-03-22 06:06:00,Login,mobile
U01492,2026-03-23 13:08:00,LOGIN ,Web
U01492,2026-03-24 16:57:00,login,web
U01492,2026-03-26 10:33:00,login,Web
U01492,2026-03-17 02:49:00,LOGIN ,
U01492,2026-03-18 10:38:00,logout,
U01492,2026-03-29 23:00:00,login,web
U01493,2026-04-17 18:42:00,login,web
U01493,2026-04-23 06:33:00,session_end,Web
U01494,2026-05-16 12:28:00,logout,mobile
U01494,2026-05-22 09:46:00,session_start,Web
U01494,2026-05-15 12:48:00,session_end,mobile
U01494,2026-05-25 18:40:00,login,Web
U01494,2026-05-13 06:06:00,session_end,Web
U01494,2026-05-21 12:31:00,login,mobile
U01495,2026-05-23 03:12:00,login,Web
U01495,2026-05-25 04:59:00,page_view,Web
U01495,2026-05-31 22:11:00,LOGIN ,web
U01495,2026-05-22 02:57:00,session_end,web
U01496,2026-05-25 11:38:00,LOGIN ,web
U01496,2026-05-31 09:10:00,page_view,Web
U01496,2026-05-23 05:20:00,session_end,
U01496,2026-05-31 19:47:00,logout,web
U01497,2026-03-06 21:14:00,logout,mobile
U01497,2026-02-26 17:34:00,page_view,
U01497,2026-03-05 13:29:00,session_start,
U01497,2026-02-23 20:24:00,logout,mobile
U01498,2026-03-29 23:33:00,session_end,Web
U01498,2026-03-30 02:57:00,Login,Web
U01498,2026-03-16 20:13:00,session_end,
U01498,2026-03-24 06:34:00,session_start,Web
U01498,2026-03-20 21:44:00,page_view,mobile
U01499,2026-06-16 16:06:00,session_end,mobile
U01499,2026-06-22 07:10:00,page_view,mobile
U01499,2026-06-26 19:55:00,page_view,
U01499,2026-06-27 00:11:00,session_start,
U01499,2026-06-19 16:10:00,login,
U01500,2026-06-14 11:59:00,LOGIN ,web
U01500,2026-06-21 10:07:00,Login,mobile
U01500,2026-06-26 03:04:00,logout,
U01500,2026-06-21 13:03:00,LOGIN ,
U01500,2026-06-26 14:25:00,logout,
U01500,2026-06-20 02:37:00,Login,mobile
U01500,2026-06-25 01:55:00,Login,web
U01500,2026-06-27 04:33:00,session_start,Web
U01500,2026-06-25 14:17:00,login,Web
U01500,2026-06-21 19:48:00,Login,mobile
U01500,2026-06-23 00:13:00,session_start,web
U01500,2026-06-19 14:31:00,session_end,
U01500,2026-06-14 19:55:00,page_view,mobile
U01500,2026-06-17 19:30:00,page_view,mobile
U01501,2026-04-07 10:21:00,logout,
U01501,2026-04-02 06:59:00,session_start,Web
U01501,2026-04-10 13:30:00,LOGIN ,Web
U01502,2026-05-28 22:47:00,LOGIN ,Web
U01502,2026-05-30 14:22:00,logout,mobile
U01502,2026-06-01 14:46:00,LOGIN ,Web
U01502,2026-06-06 16:34:00,Login,Web
U01502,2026-05-29 23:26:00,page_view,web
U01503,2026-04-28 03:52:00,session_end,Web
U01504,2026-05-18 03:52:00,login,Web
U01504,2026-05-28 13:30:00,Login,mobile
U01504,2026-05-25 11:04:00,LOGIN ,
U01504,2026-05-23 09:47:00,session_start,
U01504,2026-05-17 20:23:00,login,
U01504,2026-05-29 17:00:00,session_end,mobile
U01505,2026-05-22 23:13:00,login,mobile
U01505,2026-05-18 13:20:00,page_view,web
U01505,2026-05-16 15:20:00,session_end,
U01505,2026-05-14 07:58:00,page_view,Web
U01505,2026-05-25 23:57:00,LOGIN ,
U01505,2026-05-17 22:15:00,logout,mobile
U01505,2026-05-26 17:36:00,Login,mobile
U01506,2026-02-11 19:56:00,LOGIN ,mobile
U01506,2026-02-11 10:28:00,login,Web
U01506,2026-02-08 10:55:00,logout,Web
U01507,2026-01-26 15:54:00,session_end,mobile
U01508,2026-03-21 06:34:00,session_end,web
U01508,2026-03-28 20:12:00,logout,mobile
U01508,2026-03-19 21:47:00,logout,mobile
U01508,2026-03-22 02:24:00,login,
U01508,2026-03-27 05:45:00,page_view,
U01509,2026-01-25 14:47:00,LOGIN ,
U01509,2026-01-22 23:51:00,Login,mobile
U01509,2026-01-26 15:01:00,Login,Web
U01509,2026-01-26 08:30:00,session_end,
U01509,2026-01-28 22:11:00,session_start,web
U01509,2026-01-25 06:58:00,login,mobile
U01509,2026-01-18 23:36:00,LOGIN ,web
U01509,2026-01-28 22:11:00,page_view,mobile
U01509,2026-01-18 16:48:00,page_view,web
U01509,2026-01-29 12:11:00,LOGIN ,mobile
U01509,2026-01-26 18:16:00,logout,web
U01509,2026-01-30 16:23:00,LOGIN ,Web
U01510,2026-05-24 08:04:00,logout,mobile
U01510,2026-05-24 17:57:00,session_end,mobile
U01510,2026-05-20 08:49:00,login,web
U01510,2026-06-02 07:22:00,session_start,mobile
U01510,2026-05-19 06:57:00,Login,mobile
U01510,2026-05-25 15:12:00,LOGIN ,Web
U01510,2026-06-01 19:00:00,LOGIN ,
U01510,2026-05-28 17:24:00,LOGIN ,
U01510,2026-05-20 13:53:00,logout,
U01510,2026-05-29 04:05:00,Login,mobile
U01511,2026-05-08 23:50:00,LOGIN ,web
U01511,2026-05-04 13:11:00,logout,
U01512,2026-06-07 17:20:00,session_start,Web
U01512,2026-06-03 06:19:00,session_start,
U01512,2026-05-24 21:43:00,session_end,mobile
U01512,2026-05-27 00:36:00,Login,Web
U01513,2026-06-23 14:11:00,session_end,Web
U01513,2026-06-21 14:59:00,page_view,mobile
U01513,2026-06-21 06:04:00,session_start,mobile
U01513,2026-06-18 00:54:00,session_end,Web
U01513,2026-06-21 01:06:00,session_start,mobile
U01513,2026-06-26 12:57:00,Login,web
U01513,2026-06-18 06:44:00,session_start,Web
U01513,2026-06-24 01:32:00,logout,Web
U01513,2026-06-27 21:31:00,LOGIN ,web
U01514,2026-03-12 02:27:00,logout,mobile
U01515,2026-03-19 20:45:00,Login,web
U01515,2026-03-18 03:03:00,page_view,web
U01515,2026-03-21 13:15:00,logout,
U01516,2026-04-14 05:48:00,Login,Web
U01516,2026-04-13 10:19:00,login,Web
U01516,2026-04-20 00:34:00,page_view,Web
U01516,2026-04-15 19:58:00,logout,
U01516,2026-04-10 05:57:00,session_end,Web
U01516,2026-04-09 03:40:00,login,Web
U01516,2026-04-16 13:05:00,login,
U01516,2026-04-19 13:47:00,login,web
U01517,2026-03-24 12:57:00,login,Web
U01517,2026-03-28 18:01:00,page_view,web
U01517,2026-03-29 08:39:00,page_view,Web
U01517,2026-03-25 16:53:00,page_view,web
U01517,2026-04-05 23:24:00,logout,mobile
U01517,2026-04-05 09:17:00,login,web
U01518,2026-01-10 12:40:00,session_start,Web
U01518,2026-01-09 15:55:00,Login,mobile
U01518,2026-01-18 02:27:00,LOGIN ,web
U01518,2026-01-17 05:58:00,page_view,Web
U01519,2026-02-23 06:49:00,session_end,mobile
U01519,2026-02-26 08:47:00,LOGIN ,web
U01519,2026-02-28 02:51:00,login,web
U01519,2026-03-03 14:48:00,Login,Web
U01519,2026-02-21 05:15:00,page_view,web
U01520,2026-03-04 20:59:00,page_view,web
U01520,2026-03-12 13:27:00,session_start,web
U01521,2026-06-19 17:21:00,Login,mobile
U01521,2026-06-25 06:49:00,login,
U01521,2026-06-27 02:16:00,session_start,Web
U01521,2026-06-20 08:47:00,logout,web
U01521,2026-06-17 18:58:00,logout,mobile
U01521,2026-06-19 18:11:00,Login,web
U01521,2026-06-28 05:32:00,page_view,web
U01522,2026-05-25 20:11:00,login,Web
U01522,2026-05-22 03:54:00,session_start,
U01522,2026-05-28 00:07:00,logout,mobile
U01522,2026-05-26 19:27:00,Login,Web
U01523,2026-02-20 10:48:00,login,
U01523,2026-03-03 07:45:00,Login,Web
U01523,2026-03-03 19:04:00,Login,Web
U01523,2026-02-23 01:15:00,logout,mobile
U01523,2026-02-25 01:47:00,logout,mobile
U01524,2026-03-24 08:38:00,session_start,mobile
U01524,2026-03-29 07:35:00,Login,Web
U01524,2026-03-21 01:48:00,page_view,mobile
U01524,2026-03-24 20:25:00,LOGIN ,Web
U01525,2026-01-23 19:37:00,session_end,Web
U01525,2026-01-22 23:35:00,logout,Web
U01525,2026-01-31 16:01:00,Login,mobile
U01525,2026-01-20 16:26:00,page_view,Web
U01526,2026-05-25 03:18:00,session_end,
U01526,2026-05-22 07:53:00,Login,web
U01526,2026-05-20 10:51:00,login,Web
U01526,2026-05-12 08:59:00,page_view,
U01526,2026-05-22 03:21:00,session_end,web
U01526,2026-05-25 10:07:00,session_end,mobile
U01526,2026-05-26 06:29:00,session_start,mobile
U01526,2026-05-13 01:39:00,login,
U01526,2026-05-16 09:16:00,session_start,mobile
U01526,2026-05-21 03:44:00,login,
U01527,2026-04-21 15:16:00,logout,web
U01527,2026-04-20 06:45:00,LOGIN ,Web
U01527,2026-04-26 16:43:00,session_end,Web
U01527,2026-05-04 16:25:00,LOGIN ,
U01527,2026-05-02 06:30:00,LOGIN ,Web
U01527,2026-04-29 12:25:00,session_start,web
U01527,2026-04-27 04:14:00,session_start,
U01527,2026-05-01 01:49:00,LOGIN ,
U01528,2026-03-13 03:09:00,login,web
U01528,2026-03-17 00:12:00,session_start,mobile
U01528,2026-03-17 20:09:00,LOGIN ,mobile
U01528,2026-03-21 17:43:00,session_end,Web
U01528,2026-03-09 09:13:00,session_end,mobile
U01528,2026-03-21 11:07:00,session_start,web
U01528,2026-03-11 12:38:00,logout,Web
U01528,2026-03-16 14:23:00,Login,
U01529,2026-06-05 17:18:00,session_end,web
U01529,2026-06-02 21:47:00,login,
U01529,2026-06-02 12:30:00,session_end,web
U01529,2026-06-06 10:09:00,LOGIN ,web
U01529,2026-06-02 10:15:00,session_start,
U01529,2026-06-13 08:10:00,session_end,mobile
U01529,2026-06-11 19:14:00,login,mobile
U01529,2026-06-08 11:15:00,session_end,Web
U01529,2026-06-01 23:44:00,logout,
U01529,2026-05-30 16:41:00,session_end,Web
U01529,2026-06-02 05:38:00,logout,
U01529,2026-06-13 07:18:00,page_view,web
U01529,2026-05-31 02:16:00,session_end,
U01530,2026-05-13 23:19:00,session_start,Web
U01530,2026-05-04 23:31:00,Login,
U01530,2026-05-13 14:02:00,LOGIN ,web
U01531,2026-02-18 13:29:00,session_end,web
U01531,2026-02-18 09:23:00,logout,
U01531,2026-02-22 10:36:00,session_start,
U01531,2026-02-12 19:24:00,login,web
U01531,2026-02-19 06:49:00,page_view,Web
U01531,2026-02-09 10:30:00,Login,
U01531,2026-02-17 23:37:00,login,web
U01531,2026-02-17 23:01:00,LOGIN ,web
U01532,2026-01-25 21:31:00,LOGIN ,
U01532,2026-01-23 20:17:00,Login,web
U01532,2026-01-21 22:58:00,Login,web
U01532,2026-01-28 21:32:00,page_view,
U01532,2026-01-24 14:51:00,login,
U01533,2026-05-20 18:37:00,login,
U01533,2026-05-11 16:29:00,Login,mobile
U01533,2026-05-12 07:19:00,logout,web
U01533,2026-05-07 01:16:00,session_end,Web
U01533,2026-05-13 17:58:00,page_view,
U01533,2026-05-13 03:09:00,session_start,Web
U01533,2026-05-18 15:44:00,Login,web
U01533,2026-05-14 04:53:00,logout,web
U01534,2026-04-04 15:48:00,session_end,Web
U01534,2026-04-16 20:10:00,LOGIN ,web
U01534,2026-04-11 12:01:00,page_view,Web
U01534,2026-04-03 23:44:00,LOGIN ,Web
U01534,2026-04-16 11:12:00,session_start,mobile
U01534,2026-04-02 22:50:00,LOGIN ,mobile
U01534,2026-04-09 13:13:00,login,Web
U01534,2026-04-07 18:25:00,session_start,web
U01534,2026-04-09 03:27:00,logout,Web
U01535,2026-05-19 17:45:00,logout,web
U01535,2026-05-19 23:19:00,login,web
U01535,2026-05-15 23:46:00,LOGIN ,web
U01535,2026-05-27 14:23:00,session_start,web
U01535,2026-05-17 07:49:00,logout,web
U01536,2026-01-18 23:27:00,LOGIN ,web
U01536,2026-01-25 19:31:00,Login,
U01536,2026-01-26 23:10:00,Login,Web
U01536,2026-01-29 09:09:00,session_start,mobile
U01536,2026-01-29 08:16:00,session_end,
U01536,2026-01-27 23:38:00,Login,Web
U01536,2026-01-19 20:58:00,session_end,
U01536,2026-01-29 06:51:00,session_start,
U01536,2026-01-28 10:17:00,session_start,Web
U01536,2026-01-26 14:53:00,session_end,mobile
U01537,2026-05-30 15:58:00,login,web
U01537,2026-06-02 22:20:00,Login,mobile
U01537,2026-05-25 20:45:00,session_end,web
U01537,2026-06-01 13:44:00,logout,
U01537,2026-05-27 03:35:00,LOGIN ,mobile
U01537,2026-05-31 12:00:00,logout,web
U01537,2026-05-27 09:59:00,Login,web
U01538,2026-01-28 01:59:00,Login,Web
U01538,2026-01-30 01:02:00,LOGIN ,web
U01538,2026-01-27 03:26:00,page_view,
U01538,2026-02-06 15:29:00,LOGIN ,mobile
U01538,2026-01-31 00:28:00,login,mobile
U01538,2026-02-07 14:36:00,page_view,
U01538,2026-01-25 14:27:00,Login,Web
U01538,2026-01-24 13:55:00,logout,Web
U01538,2026-01-26 22:29:00,Login,web
U01538,2026-02-04 09:13:00,session_end,web
U01538,2026-01-31 23:26:00,session_start,
U01539,2026-03-28 05:54:00,session_start,web
U01539,2026-03-28 23:22:00,LOGIN ,mobile
U01539,2026-03-27 12:40:00,Login,web
U01539,2026-03-31 16:19:00,session_start,Web
U01540,2026-03-31 15:08:00,LOGIN ,
U01540,2026-03-17 09:24:00,logout,
U01540,2026-03-31 16:10:00,page_view,web
U01541,2026-05-12 06:27:00,session_end,web
U01541,2026-05-08 22:58:00,login,Web
U01541,2026-05-13 22:22:00,login,mobile
U01541,2026-05-08 02:15:00,LOGIN ,web
U01541,2026-05-13 19:55:00,session_start,mobile
U01542,2026-01-31 04:09:00,logout,web
U01542,2026-02-12 22:27:00,session_start,
U01542,2026-02-05 12:20:00,LOGIN ,web
U01543,2026-04-30 07:47:00,page_view,mobile
U01543,2026-04-29 05:40:00,page_view,web
U01543,2026-05-06 13:36:00,LOGIN ,mobile
U01543,2026-04-30 07:44:00,Login,
U01543,2026-05-09 02:29:00,session_end,web
U01544,2026-06-12 17:56:00,login,mobile
U01544,2026-06-15 01:21:00,session_start,mobile
U01544,2026-06-09 03:14:00,session_start,
U01544,2026-06-20 17:48:00,page_view,
U01544,2026-06-11 11:21:00,logout,Web
U01544,2026-06-09 13:07:00,LOGIN ,web
U01544,2026-06-07 14:00:00,page_view,Web
U01544,2026-06-17 11:31:00,login,Web
U01544,2026-06-09 19:23:00,login,
U01545,2026-04-01 15:56:00,logout,Web
U01545,2026-03-28 02:08:00,logout,mobile
U01545,2026-03-29 21:37:00,session_end,
U01546,2026-03-17 05:59:00,LOGIN ,
U01546,2026-03-16 04:55:00,session_start,mobile
U01546,2026-03-12 13:01:00,login,
U01546,2026-03-17 05:21:00,page_view,Web
U01546,2026-03-08 11:05:00,session_start,
U01546,2026-03-18 11:04:00,logout,mobile
U01546,2026-03-14 16:16:00,session_end,Web
U01547,2026-03-17 02:53:00,Login,
U01547,2026-03-26 06:17:00,logout,Web
U01547,2026-03-26 10:33:00,page_view,web
U01547,2026-03-24 02:39:00,session_start,
U01548,2026-05-23 05:07:00,Login,Web
U01548,2026-05-18 02:25:00,LOGIN ,
U01548,2026-05-13 10:09:00,page_view,
U01548,2026-05-24 10:15:00,Login,mobile
U01548,2026-05-14 21:50:00,LOGIN ,
U01548,2026-05-12 23:43:00,session_end,web
U01549,2026-05-05 03:17:00,session_end,web
U01549,2026-05-07 18:46:00,session_start,web
U01549,2026-05-14 17:34:00,LOGIN ,web
U01549,2026-05-17 17:38:00,page_view,Web
U01549,2026-05-08 14:49:00,logout,Web
U01549,2026-05-13 21:48:00,logout,web
U01549,2026-05-17 04:57:00,session_start,web
U01549,2026-05-12 19:15:00,login,web
U01549,2026-05-13 00:20:00,session_end,web
U01549,2026-05-10 20:58:00,session_end,web
U01549,2026-05-13 03:17:00,login,mobile
U01550,2026-03-27 09:45:00,logout,web
U01550,2026-03-29 01:35:00,logout,web
U01550,2026-04-04 23:57:00,login,Web
U01551,2026-01-31 22:14:00,LOGIN ,
U01551,2026-02-06 18:37:00,login,mobile
U01551,2026-01-26 07:04:00,login,
U01551,2026-02-05 13:36:00,LOGIN ,
U01551,2026-01-25 04:40:00,login,mobile
U01551,2026-02-08 09:57:00,session_start,
U01551,2026-02-07 13:49:00,LOGIN ,mobile
U01551,2026-02-02 03:09:00,page_view,Web
U01552,2026-05-26 16:55:00,Login,
U01552,2026-05-29 05:03:00,session_start,Web
U01552,2026-05-26 16:52:00,session_end,Web
U01552,2026-05-26 22:46:00,LOGIN ,web
U01552,2026-05-30 05:24:00,login,mobile
U01552,2026-05-17 07:14:00,login,Web
U01552,2026-05-28 13:23:00,session_start,Web
U01552,2026-05-24 22:57:00,logout,web
U01552,2026-05-29 13:25:00,LOGIN ,
U01552,2026-05-30 16:40:00,login,mobile
U01553,2026-01-17 09:36:00,session_end,Web
U01554,2026-05-02 01:19:00,Login,
U01554,2026-04-23 20:06:00,session_start,Web
U01554,2026-04-24 01:33:00,session_start,mobile
U01554,2026-05-03 23:45:00,session_end,Web
U01554,2026-04-22 04:49:00,Login,mobile
U01554,2026-04-19 15:09:00,LOGIN ,
U01554,2026-04-25 08:06:00,Login,
U01554,2026-04-20 06:42:00,logout,Web
U01555,2026-05-05 11:31:00,LOGIN ,Web
U01555,2026-04-30 12:07:00,session_end,web
U01555,2026-05-03 10:54:00,session_end,mobile
U01555,2026-05-01 07:19:00,login,mobile
U01555,2026-04-27 08:40:00,logout,Web
U01556,2026-01-20 04:43:00,page_view,
U01556,2026-01-15 16:22:00,session_end,web
U01556,2026-01-16 05:00:00,session_start,
U01556,2026-01-12 12:39:00,Login,mobile
U01556,2026-01-12 21:58:00,session_end,
U01556,2026-01-19 04:29:00,session_start,mobile
U01557,2026-03-28 07:26:00,session_end,mobile
U01557,2026-03-27 05:30:00,LOGIN ,mobile
U01557,2026-04-09 08:07:00,session_end,mobile
U01557,2026-04-04 23:38:00,page_view,Web
U01557,2026-03-31 20:30:00,logout,web
U01558,2026-01-16 04:57:00,session_end,web
U01558,2026-01-15 14:31:00,login,web
U01558,2026-01-20 04:36:00,LOGIN ,Web
U01558,2026-01-27 00:08:00,page_view,
U01558,2026-01-24 18:18:00,LOGIN ,
U01559,2026-01-22 11:42:00,Login,Web
U01559,2026-01-20 20:18:00,page_view,mobile
U01559,2026-01-28 02:01:00,page_view,mobile
U01559,2026-01-21 07:47:00,page_view,web
U01560,2026-03-21 16:27:00,logout,
U01560,2026-03-15 18:40:00,login,
U01560,2026-03-14 20:31:00,page_view,Web
U01560,2026-03-15 15:41:00,page_view,mobile
U01560,2026-03-20 01:45:00,login,web
U01561,2026-06-21 01:18:00,login,mobile
U01562,2026-01-13 08:15:00,page_view,
U01562,2026-01-18 17:11:00,session_start,web
U01562,2026-01-17 02:41:00,session_end,
U01562,2026-01-12 22:30:00,logout,Web
U01562,2026-01-15 07:12:00,logout,Web
U01562,2026-01-07 04:20:00,Login,mobile
U01562,2026-01-14 04:08:00,LOGIN ,mobile
U01562,2026-01-10 15:30:00,session_start,mobile
U01562,2026-01-12 14:16:00,LOGIN ,
U01562,2026-01-15 10:03:00,Login,web
U01562,2026-01-15 16:33:00,LOGIN ,mobile
U01562,2026-01-06 03:59:00,LOGIN ,Web
U01563,2026-02-06 01:14:00,page_view,
U01563,2026-02-03 16:14:00,session_end,
U01563,2026-02-11 17:31:00,session_end,Web
U01564,2026-06-16 00:48:00,page_view,Web
U01564,2026-06-21 10:57:00,page_view,mobile
U01564,2026-06-19 21:32:00,logout,Web
U01564,2026-06-21 15:03:00,session_start,mobile
U01564,2026-06-24 18:11:00,session_end,Web
U01564,2026-06-17 04:41:00,page_view,web
U01564,2026-06-16 10:19:00,session_start,web
U01564,2026-06-27 13:45:00,page_view,
U01564,2026-06-23 09:26:00,page_view,
U01564,2026-06-24 14:33:00,page_view,web
U01564,2026-06-22 18:33:00,logout,
U01564,2026-06-17 22:26:00,page_view,web
U01564,2026-06-27 07:55:00,session_end,Web
U01564,2026-06-23 22:18:00,logout,Web
U01565,2026-01-29 18:08:00,page_view,web
U01565,2026-01-18 22:35:00,LOGIN ,
U01565,2026-01-19 07:40:00,LOGIN ,web
U01565,2026-01-18 19:17:00,session_start,mobile
U01565,2026-01-24 15:36:00,session_start,mobile
U01565,2026-01-23 21:12:00,session_end,
U01565,2026-01-31 11:18:00,logout,
U01565,2026-01-27 14:36:00,login,
U01565,2026-01-25 20:40:00,Login,mobile
U01565,2026-01-17 01:35:00,page_view,web
U01566,2026-01-19 00:06:00,page_view,Web
U01566,2026-01-21 16:52:00,session_start,
U01566,2026-01-28 01:25:00,Login,Web
U01566,2026-01-20 10:31:00,LOGIN ,Web
U01566,2026-01-20 08:55:00,session_end,web
U01566,2026-01-28 22:25:00,session_start,web
U01567,2026-03-26 22:50:00,page_view,web
U01567,2026-03-26 16:00:00,login,Web
U01567,2026-03-26 11:32:00,page_view,
U01567,2026-03-30 05:17:00,Login,mobile
U01567,2026-03-23 21:57:00,page_view,Web
U01567,2026-03-30 23:44:00,session_end,
U01567,2026-03-22 11:45:00,page_view,mobile
U01567,2026-03-25 09:52:00,session_end,mobile
U01568,2026-02-05 01:22:00,login,
U01568,2026-01-24 18:29:00,Login,Web
U01568,2026-01-24 05:41:00,Login,Web
U01568,2026-01-26 07:20:00,Login,
U01568,2026-01-30 11:43:00,session_start,
U01568,2026-01-30 14:13:00,LOGIN ,mobile
U01568,2026-01-29 10:34:00,logout,
U01568,2026-01-28 01:13:00,page_view,web
U01569,2026-04-12 09:45:00,page_view,
U01569,2026-04-21 02:16:00,login,
U01569,2026-04-26 15:04:00,page_view,mobile
U01569,2026-04-25 16:01:00,logout,
U01569,2026-04-13 21:36:00,session_end,web
U01569,2026-04-19 08:25:00,session_start,
U01569,2026-04-21 15:53:00,page_view,Web
U01569,2026-04-19 04:50:00,logout,web
U01569,2026-04-19 03:48:00,Login,Web
U01569,2026-04-24 07:23:00,session_start,
U01569,2026-04-20 21:51:00,Login,web
U01570,2026-02-13 04:22:00,logout,mobile
U01570,2026-02-16 18:23:00,page_view,mobile
U01570,2026-02-24 11:20:00,session_end,
U01570,2026-02-21 23:56:00,session_start,
U01571,2026-02-07 10:46:00,login,
U01571,2026-02-12 02:47:00,login,
U01571,2026-02-06 16:44:00,Login,Web
U01571,2026-02-16 14:53:00,session_start,Web
U01571,2026-02-15 13:47:00,page_view,web
U01571,2026-02-06 21:24:00,login,Web
U01571,2026-02-13 22:40:00,logout,mobile
U01571,2026-02-14 12:42:00,Login,web
U01571,2026-02-16 18:25:00,Login,
U01571,2026-02-09 12:44:00,LOGIN ,Web
U01571,2026-02-07 18:55:00,logout,web
U01571,2026-02-13 10:04:00,page_view,Web
U01571,2026-02-10 12:13:00,login,web
U01571,2026-02-14 12:12:00,session_start,mobile
U01572,2026-03-28 03:50:00,login,Web
U01572,2026-03-27 02:24:00,LOGIN ,web
U01572,2026-03-24 16:29:00,logout,web
U01572,2026-03-30 09:53:00,session_end,web
U01572,2026-03-18 06:47:00,page_view,Web
U01572,2026-03-29 06:55:00,page_view,
U01573,2026-03-29 20:42:00,page_view,mobile
U01573,2026-03-27 13:23:00,Login,
U01573,2026-04-01 20:56:00,Login,Web
U01573,2026-03-27 23:34:00,session_start,
U01573,2026-03-25 15:44:00,login,Web
U01574,2026-06-20 09:33:00,session_end,web
U01574,2026-06-22 02:11:00,page_view,
U01574,2026-06-24 19:59:00,login,Web
U01574,2026-06-19 22:35:00,Login,
U01574,2026-06-15 01:42:00,Login,mobile
U01575,2026-05-25 22:52:00,login,mobile
U01575,2026-05-24 12:32:00,session_end,mobile
U01575,2026-05-29 08:26:00,login,mobile
U01575,2026-05-23 07:27:00,logout,Web
U01575,2026-05-23 11:31:00,session_start,web
U01575,2026-06-02 04:47:00,session_end,web
U01575,2026-05-30 08:11:00,page_view,Web
U01576,2026-02-02 23:37:00,LOGIN ,
U01577,2026-06-14 02:30:00,session_start,Web
U01577,2026-06-07 17:38:00,Login,mobile
U01577,2026-06-05 22:23:00,LOGIN ,mobile
U01577,2026-06-13 17:20:00,session_end,
U01577,2026-06-12 00:55:00,session_start,mobile
U01577,2026-06-02 21:09:00,logout,mobile
U01577,2026-06-10 22:11:00,session_end,mobile
U01577,2026-06-14 07:22:00,Login,
U01577,2026-06-10 19:31:00,login,Web
U01577,2026-06-13 06:22:00,logout,
U01578,2026-05-25 15:10:00,session_start,Web
U01578,2026-06-03 23:31:00,LOGIN ,
U01578,2026-05-25 21:23:00,LOGIN ,web
U01578,2026-05-28 21:09:00,session_end,mobile
U01578,2026-05-22 00:59:00,login,Web
U01579,2026-03-06 21:03:00,session_end,web
U01579,2026-03-09 17:30:00,LOGIN ,
U01579,2026-03-06 09:52:00,LOGIN ,web
U01579,2026-03-06 21:21:00,session_end,web
U01579,2026-03-05 00:20:00,session_end,web
U01579,2026-02-24 00:35:00,page_view,
U01579,2026-03-02 19:31:00,logout,Web
U01579,2026-02-27 15:27:00,login,mobile
U01579,2026-03-02 17:51:00,logout,
U01580,2026-04-05 06:53:00,session_start,Web
U01580,2026-04-05 10:15:00,Login,mobile
U01580,2026-04-03 14:28:00,LOGIN ,
U01581,2026-06-18 06:30:00,session_end,mobile
U01581,2026-06-17 22:27:00,Login,web
U01581,2026-06-24 02:22:00,login,mobile
U01581,2026-06-18 15:18:00,Login,
U01582,2026-02-20 09:20:00,login,Web
U01582,2026-02-19 03:38:00,LOGIN ,web
U01582,2026-02-22 20:00:00,LOGIN ,
U01582,2026-02-19 13:01:00,session_end,
U01582,2026-03-02 20:36:00,session_start,mobile
U01582,2026-02-26 02:17:00,LOGIN ,
U01582,2026-02-24 07:26:00,session_start,web
U01582,2026-02-26 17:48:00,page_view,Web
U01582,2026-02-26 03:38:00,session_end,web
U01582,2026-02-24 09:31:00,page_view,mobile
U01582,2026-02-23 13:23:00,Login,
U01583,2026-03-16 16:33:00,LOGIN ,
U01583,2026-03-18 09:32:00,page_view,Web
U01583,2026-03-20 20:55:00,LOGIN ,
U01583,2026-03-07 07:07:00,logout,Web
U01583,2026-03-10 08:50:00,page_view,
U01583,2026-03-07 13:15:00,logout,Web
U01583,2026-03-08 10:30:00,LOGIN ,
U01583,2026-03-13 15:17:00,Login,
U01583,2026-03-16 05:05:00,Login,mobile
U01584,2026-02-24 08:32:00,session_start,
U01584,2026-02-21 12:57:00,logout,web
U01584,2026-02-28 19:05:00,session_end,
U01584,2026-02-21 11:31:00,session_end,mobile
U01584,2026-02-18 23:11:00,logout,web
U01585,2026-01-24 00:58:00,login,Web
U01585,2026-01-23 00:20:00,LOGIN ,Web
U01585,2026-01-25 03:28:00,Login,
U01585,2026-01-19 17:23:00,LOGIN ,web
U01585,2026-01-19 23:36:00,login,mobile
U01585,2026-01-18 09:59:00,Login,Web
U01585,2026-01-20 04:55:00,page_view,
U01585,2026-01-15 04:12:00,session_end,mobile
U01586,2026-01-22 01:49:00,logout,
U01586,2026-01-24 07:12:00,LOGIN ,mobile
U01586,2026-02-02 22:23:00,session_end,
U01586,2026-01-24 18:42:00,session_end,web
U01586,2026-01-28 12:51:00,Login,mobile
U01586,2026-01-30 22:07:00,session_end,
U01586,2026-02-02 00:33:00,session_start,
U01586,2026-01-31 20:20:00,page_view,
U01586,2026-01-27 20:55:00,session_end,mobile
U01586,2026-01-31 22:50:00,session_start,mobile
U01586,2026-01-26 13:15:00,login,
U01586,2026-01-26 07:37:00,page_view,mobile
U01586,2026-02-01 13:54:00,session_start,
U01587,2026-03-06 18:31:00,page_view,
U01587,2026-03-14 10:59:00,LOGIN ,web
U01587,2026-03-18 01:43:00,page_view,Web
U01587,2026-03-10 11:42:00,login,
U01587,2026-03-17 04:38:00,session_start,mobile
U01587,2026-03-15 23:49:00,page_view,web
U01587,2026-03-16 02:01:00,session_start,mobile
U01587,2026-03-17 05:44:00,Login,
U01588,2026-05-10 04:28:00,session_end,mobile
U01588,2026-05-10 09:24:00,Login,web
U01588,2026-05-10 19:19:00,page_view,web
U01588,2026-05-16 11:27:00,session_start,web
U01588,2026-05-06 14:28:00,LOGIN ,mobile
U01588,2026-05-14 17:53:00,logout,
U01589,2026-02-04 08:51:00,page_view,Web
U01589,2026-02-10 02:45:00,session_end,
U01589,2026-02-12 01:32:00,page_view,Web
U01590,2026-03-02 15:21:00,page_view,Web
U01590,2026-03-14 06:44:00,session_end,web
U01590,2026-03-07 06:47:00,session_start,Web
U01590,2026-03-11 20:30:00,Login,
U01591,2026-06-16 06:55:00,session_end,Web
U01591,2026-06-08 14:47:00,page_view,web
U01591,2026-06-13 02:51:00,Login,web
U01592,2026-03-29 19:26:00,session_start,mobile
U01592,2026-03-24 04:34:00,login,Web
U01592,2026-03-29 17:15:00,session_end,
U01592,2026-04-04 00:52:00,Login,
U01592,2026-04-05 16:59:00,LOGIN ,mobile
U01592,2026-03-30 18:56:00,logout,mobile
U01592,2026-03-24 09:46:00,session_end,mobile
U01592,2026-03-27 02:14:00,session_start,web
U01592,2026-03-30 07:00:00,logout,
U01592,2026-04-03 06:36:00,login,Web
U01592,2026-03-31 06:02:00,session_start,Web
U01592,2026-04-02 16:13:00,logout,
U01593,2026-06-19 16:59:00,login,
U01593,2026-06-14 05:12:00,session_end,
U01593,2026-06-13 10:42:00,session_start,web
U01593,2026-06-21 12:30:00,session_start,Web
U01593,2026-06-21 11:36:00,LOGIN ,
U01593,2026-06-19 07:47:00,logout,Web
U01594,2026-06-03 03:51:00,login,Web
U01594,2026-06-10 20:42:00,session_start,
U01595,2026-06-09 21:08:00,LOGIN ,web
U01595,2026-05-30 01:11:00,LOGIN ,web
U01596,2026-04-20 20:34:00,LOGIN ,Web
U01596,2026-04-28 14:09:00,Login,Web
U01596,2026-04-27 16:18:00,logout,Web
U01596,2026-05-02 15:40:00,Login,web
U01596,2026-04-28 00:09:00,LOGIN ,web
U01596,2026-04-20 09:05:00,LOGIN ,web
U01596,2026-05-02 14:47:00,logout,Web
U01596,2026-04-29 07:07:00,session_start,
U01597,2026-03-05 16:42:00,login,
U01597,2026-03-17 21:52:00,login,web
U01597,2026-03-10 20:23:00,page_view,
U01597,2026-03-11 02:14:00,page_view,Web
U01597,2026-03-05 22:17:00,session_start,Web
U01597,2026-03-05 01:02:00,logout,Web
U01597,2026-03-10 17:19:00,login,mobile
U01597,2026-03-07 20:30:00,login,
U01598,2026-03-25 18:39:00,page_view,web
U01599,2026-05-17 20:24:00,LOGIN ,Web
U01599,2026-05-12 07:21:00,session_start,Web
U01599,2026-05-14 22:54:00,page_view,web
U01599,2026-05-17 21:14:00,logout,
U01599,2026-05-06 17:13:00,session_start,Web
U01599,2026-05-10 04:55:00,Login,Web
U01599,2026-05-08 10:49:00,session_end,web
U01599,2026-05-10 01:33:00,page_view,mobile
U01600,2026-04-05 11:04:00,logout,Web
U01600,2026-04-15 20:42:00,Login,Web
U01600,2026-04-06 20:40:00,logout,
U01600,2026-04-08 22:15:00,page_view,web
U01600,2026-04-14 01:46:00,login,Web
U01600,2026-04-07 06:37:00,page_view,web
U01600,2026-04-06 22:55:00,page_view,
U01600,2026-04-09 20:10:00,logout,Web
U01600,2026-04-03 09:00:00,page_view,
U01600,2026-04-03 23:28:00,login,
U01601,2026-01-31 02:31:00,logout,web
U01601,2026-02-06 16:07:00,session_start,
U01601,2026-02-05 17:06:00,Login,web
U01601,2026-01-31 20:34:00,LOGIN ,
U01601,2026-02-06 03:43:00,Login,web
U01602,2026-06-10 01:06:00,session_start,Web
U01602,2026-06-10 08:59:00,session_start,
U01602,2026-06-07 11:28:00,Login,web
U01602,2026-06-07 11:14:00,session_start,web
U01602,2026-06-07 14:25:00,session_end,
U01602,2026-06-11 05:49:00,logout,mobile
U01603,2026-05-30 18:22:00,session_start,Web
U01603,2026-05-25 08:23:00,login,web
U01603,2026-05-28 18:41:00,session_end,
U01603,2026-05-19 14:57:00,Login,mobile
U01603,2026-05-19 10:49:00,session_start,web
U01604,2026-02-03 13:02:00,LOGIN ,mobile
U01604,2026-01-26 02:16:00,logout,Web
U01605,2026-06-18 02:57:00,session_start,Web
U01605,2026-06-11 08:16:00,logout,web
U01605,2026-06-16 05:27:00,LOGIN ,Web
U01605,2026-06-16 21:42:00,session_end,mobile
U01605,2026-06-20 13:47:00,session_end,Web
U01605,2026-06-22 11:16:00,login,web
U01605,2026-06-24 07:59:00,page_view,
U01605,2026-06-19 01:16:00,session_end,
U01605,2026-06-24 13:08:00,login,mobile
U01605,2026-06-23 17:51:00,Login,
U01605,2026-06-14 19:25:00,LOGIN ,mobile
U01605,2026-06-15 05:52:00,session_start,
U01606,2026-04-14 22:51:00,session_start,Web
U01606,2026-04-24 21:07:00,LOGIN ,
U01606,2026-04-18 08:00:00,logout,mobile
U01606,2026-04-20 22:07:00,Login,Web
U01606,2026-04-17 09:09:00,LOGIN ,Web
U01606,2026-04-19 12:05:00,session_end,mobile
U01606,2026-04-16 13:46:00,Login,web
U01606,2026-04-17 17:16:00,login,Web
U01606,2026-04-19 02:53:00,login,Web
U01606,2026-04-18 04:55:00,page_view,Web
U01606,2026-04-26 04:55:00,session_start,Web
U01606,2026-04-14 11:25:00,session_end,web
U01606,2026-04-22 08:41:00,session_end,mobile
U01606,2026-04-25 00:28:00,Login,
U01606,2026-04-15 04:25:00,Login,mobile
U01606,2026-04-18 01:44:00,page_view,mobile
U01607,2026-06-01 19:13:00,session_start,web
U01607,2026-06-02 07:09:00,session_start,
U01607,2026-05-24 14:15:00,Login,mobile
U01607,2026-06-05 13:08:00,session_start,
U01607,2026-06-05 23:27:00,session_start,Web
U01608,2026-05-25 19:21:00,session_end,web
U01608,2026-05-28 20:54:00,LOGIN ,
U01608,2026-05-27 14:40:00,page_view,
U01608,2026-05-31 09:37:00,page_view,mobile
U01609,2026-02-17 09:17:00,session_end,mobile
U01609,2026-02-20 02:12:00,session_start,
U01609,2026-02-13 20:56:00,session_start,mobile
U01609,2026-02-21 23:48:00,session_start,
U01609,2026-02-16 08:45:00,logout,web
U01609,2026-02-22 21:21:00,Login,
U01609,2026-02-18 13:57:00,session_start,mobile
U01609,2026-02-20 05:02:00,Login,web
U01610,2026-03-05 03:57:00,page_view,mobile
U01610,2026-03-12 03:30:00,session_start,web
U01611,2026-02-09 07:19:00,login,mobile
U01611,2026-02-12 21:34:00,Login,mobile
U01611,2026-02-07 03:41:00,LOGIN ,web
U01611,2026-02-12 00:06:00,session_start,
U01611,2026-02-08 17:52:00,login,mobile
U01611,2026-02-07 13:08:00,session_end,web
U01611,2026-02-17 03:55:00,session_end,mobile
U01612,2026-02-01 16:53:00,page_view,Web
U01612,2026-01-27 02:07:00,LOGIN ,Web
U01612,2026-02-05 21:57:00,Login,
U01612,2026-02-01 03:23:00,session_start,mobile
U01612,2026-01-28 02:55:00,LOGIN ,web
U01612,2026-01-24 21:24:00,logout,
U01613,2026-05-09 16:26:00,logout,mobile
U01613,2026-05-12 22:24:00,LOGIN ,web
U01613,2026-05-13 12:02:00,Login,
U01613,2026-05-23 20:11:00,logout,mobile
U01613,2026-05-13 15:35:00,page_view,mobile
U01614,2026-06-09 10:06:00,page_view,mobile
U01614,2026-06-20 13:41:00,login,mobile
U01614,2026-06-12 01:26:00,Login,web
U01614,2026-06-07 16:18:00,login,web
U01614,2026-06-12 15:54:00,session_end,
U01614,2026-06-21 20:01:00,session_start,mobile
U01614,2026-06-18 19:56:00,session_end,web
U01615,2026-05-12 18:39:00,session_start,Web
U01615,2026-05-14 13:33:00,session_start,
U01615,2026-05-26 11:03:00,session_end,mobile
U01615,2026-05-18 17:05:00,logout,
U01615,2026-05-20 21:59:00,Login,web
U01615,2026-05-16 01:28:00,Login,
U01615,2026-05-15 01:33:00,page_view,
U01615,2026-05-13 08:48:00,Login,web
U01616,2026-02-18 19:00:00,session_end,mobile
U01616,2026-02-15 01:21:00,logout,
U01616,2026-02-17 12:50:00,login,
U01616,2026-02-15 20:11:00,page_view,Web
U01616,2026-02-22 09:32:00,logout,Web
U01616,2026-03-01 20:28:00,session_end,mobile
U01617,2026-05-05 07:10:00,session_start,mobile
U01617,2026-05-12 03:56:00,LOGIN ,mobile
U01617,2026-05-06 19:50:00,logout,mobile
U01617,2026-05-06 04:36:00,session_start,mobile
U01617,2026-05-16 10:16:00,login,web
U01617,2026-05-08 18:42:00,logout,mobile
U01617,2026-05-12 21:54:00,LOGIN ,
U01618,2026-03-10 11:18:00,Login,web
U01618,2026-03-06 17:25:00,logout,Web
U01618,2026-03-03 19:17:00,session_start,web
U01618,2026-02-26 15:52:00,page_view,mobile
U01618,2026-03-09 08:48:00,session_start,mobile
U01618,2026-03-04 13:38:00,logout,mobile
U01618,2026-03-05 11:23:00,page_view,Web
U01618,2026-03-08 00:17:00,logout,Web
U01618,2026-03-06 07:34:00,session_start,Web
U01619,2026-01-17 00:55:00,page_view,
U01619,2026-01-28 14:02:00,session_end,web
U01619,2026-01-28 06:07:00,session_start,mobile
U01619,2026-01-18 20:56:00,login,mobile
U01620,2026-03-13 11:37:00,page_view,web
U01620,2026-03-05 06:13:00,Login,web
U01620,2026-03-13 11:43:00,session_start,
U01620,2026-03-05 00:07:00,login,web
U01620,2026-03-05 12:01:00,login,mobile
U01620,2026-03-15 06:20:00,Login,web
U01620,2026-03-14 13:10:00,Login,
U01620,2026-03-01 21:36:00,Login,web
U01620,2026-03-07 23:17:00,Login,
U01621,2026-05-19 07:14:00,login,
U01621,2026-05-14 09:03:00,session_end,mobile
U01621,2026-05-16 03:00:00,login,
U01621,2026-05-14 22:28:00,login,Web
U01621,2026-05-18 14:58:00,page_view,Web
U01621,2026-05-13 10:48:00,login,Web
U01622,2026-05-01 17:04:00,session_end,web
U01623,2026-01-11 10:26:00,logout,
U01623,2026-01-23 07:40:00,LOGIN ,mobile
U01623,2026-01-23 13:14:00,LOGIN ,Web
U01624,2026-01-28 15:51:00,session_start,mobile
U01624,2026-02-01 05:16:00,login,mobile
U01624,2026-02-06 00:09:00,page_view,mobile
U01625,2026-06-24 16:50:00,logout,
U01625,2026-06-19 03:03:00,session_start,
U01625,2026-06-17 23:27:00,login,mobile
U01626,2026-03-13 18:10:00,Login,Web
U01626,2026-03-23 14:28:00,session_start,Web
U01627,2026-05-27 21:19:00,session_end,web
U01627,2026-05-31 15:05:00,session_start,Web
U01627,2026-05-29 04:08:00,page_view,
U01627,2026-06-08 21:39:00,session_end,
U01627,2026-06-06 21:49:00,LOGIN ,mobile
U01627,2026-06-01 03:20:00,session_end,
U01627,2026-06-09 16:39:00,page_view,web
U01628,2026-04-13 23:35:00,logout,mobile
U01628,2026-04-08 15:06:00,LOGIN ,web
U01628,2026-04-08 02:16:00,Login,Web
U01628,2026-04-08 05:18:00,page_view,Web
U01629,2026-01-25 09:26:00,session_start,mobile
U01629,2026-01-21 21:59:00,Login,
U01629,2026-01-21 23:30:00,logout,Web
U01629,2026-01-21 18:57:00,login,
U01629,2026-01-26 19:20:00,LOGIN ,Web
U01629,2026-01-30 01:34:00,LOGIN ,
U01629,2026-01-31 00:12:00,LOGIN ,web
U01629,2026-02-03 03:41:00,logout,web
U01630,2026-04-21 15:25:00,login,
U01630,2026-04-07 12:06:00,Login,web
U01630,2026-04-08 03:43:00,Login,
U01631,2026-04-17 17:14:00,logout,web
U01631,2026-04-24 16:40:00,logout,web
U01631,2026-04-21 05:01:00,Login,Web
U01631,2026-04-21 18:24:00,LOGIN ,
U01631,2026-04-18 00:01:00,login,web
U01631,2026-04-24 20:59:00,page_view,Web
U01631,2026-04-18 04:49:00,session_start,web
U01632,2026-05-16 14:35:00,logout,mobile
U01632,2026-05-18 09:04:00,login,
U01632,2026-05-18 08:13:00,LOGIN ,mobile
U01632,2026-05-09 21:45:00,logout,web
U01632,2026-05-18 03:16:00,session_start,Web
U01632,2026-05-19 09:42:00,session_start,
U01632,2026-05-07 08:58:00,logout,mobile
U01632,2026-05-07 07:53:00,login,
U01632,2026-05-19 09:08:00,page_view,web
U01633,2026-01-14 02:27:00,session_end,Web
U01633,2026-01-08 01:14:00,session_end,Web
U01633,2026-01-03 20:44:00,LOGIN ,mobile
U01633,2026-01-05 08:58:00,page_view,
U01633,2026-01-08 10:09:00,login,
U01633,2026-01-06 13:16:00,LOGIN ,mobile
U01633,2026-01-14 07:06:00,session_start,Web
U01633,2026-01-11 10:00:00,session_start,web
U01633,2026-01-14 10:41:00,logout,Web
U01634,2026-04-24 03:44:00,Login,
U01634,2026-05-07 20:06:00,Login,Web
U01634,2026-05-03 13:47:00,logout,mobile
U01634,2026-05-03 03:48:00,page_view,web
U01634,2026-04-30 17:38:00,logout,web
U01634,2026-05-03 15:34:00,session_start,Web
U01634,2026-04-30 23:24:00,login,web
U01634,2026-05-01 16:14:00,login,Web
U01634,2026-04-24 22:43:00,LOGIN ,Web
U01634,2026-05-03 09:31:00,LOGIN ,
U01635,2026-05-15 07:17:00,page_view,mobile
U01635,2026-05-17 20:53:00,page_view,
U01635,2026-05-15 13:48:00,session_end,
U01635,2026-05-12 03:42:00,session_start,Web
U01635,2026-05-14 11:53:00,Login,web
U01636,2026-03-06 22:30:00,logout,Web
U01636,2026-02-24 08:00:00,logout,mobile
U01636,2026-03-03 00:05:00,page_view,web
U01636,2026-03-04 10:39:00,session_start,
U01636,2026-02-28 20:01:00,page_view,Web
U01636,2026-02-26 18:01:00,LOGIN ,Web
U01636,2026-02-24 19:22:00,session_start,mobile
U01637,2026-02-18 02:33:00,LOGIN ,
U01637,2026-02-21 04:24:00,session_start,web
U01637,2026-02-16 06:47:00,session_end,mobile
U01637,2026-02-14 02:27:00,page_view,web
U01637,2026-02-11 19:22:00,logout,Web
U01638,2026-01-31 22:46:00,page_view,
U01638,2026-02-02 23:31:00,session_end,web
U01638,2026-02-08 17:47:00,page_view,web
U01638,2026-02-06 16:51:00,Login,web
U01638,2026-02-12 03:09:00,page_view,web
U01638,2026-02-07 18:21:00,session_end,mobile
U01638,2026-02-14 17:09:00,logout,mobile
U01638,2026-02-03 07:05:00,Login,Web
U01638,2026-02-06 15:31:00,Login,Web
U01638,2026-01-31 22:45:00,logout,mobile
U01638,2026-02-08 11:48:00,session_start,web
U01638,2026-02-06 05:44:00,session_start,web
U01638,2026-02-04 02:12:00,LOGIN ,mobile
U01638,2026-02-07 20:45:00,session_start,mobile
U01638,2026-02-02 06:20:00,page_view,
U01638,2026-02-03 22:31:00,logout,Web
U01638,2026-02-02 03:43:00,LOGIN ,mobile
U01639,2026-04-17 19:16:00,Login,web
U01639,2026-04-24 19:15:00,session_start,Web
U01639,2026-04-18 11:41:00,session_end,
U01639,2026-04-18 19:45:00,session_end,Web
U01639,2026-04-19 10:03:00,logout,Web
U01639,2026-04-26 04:42:00,logout,Web
U01640,2026-02-02 20:51:00,login,Web
U01640,2026-02-04 22:54:00,page_view,
U01640,2026-02-06 19:51:00,page_view,mobile
U01640,2026-02-05 09:42:00,logout,mobile
U01640,2026-02-06 06:29:00,session_end,Web
U01640,2026-02-06 04:14:00,session_end,web
U01640,2026-02-05 21:50:00,login,mobile
U01640,2026-02-08 04:05:00,Login,Web
U01640,2026-01-31 03:42:00,page_view,web
U01640,2026-02-02 20:13:00,login,web
U01640,2026-01-30 15:21:00,Login,Web
U01640,2026-02-11 21:02:00,Login,Web
U01641,2026-05-09 18:17:00,session_end,Web
U01641,2026-05-14 23:56:00,login,mobile
U01641,2026-05-06 04:52:00,page_view,mobile
U01641,2026-05-05 07:54:00,Login,web
U01642,2026-02-19 15:50:00,Login,Web
U01642,2026-02-25 22:55:00,logout,
U01642,2026-02-11 23:36:00,LOGIN ,mobile
U01642,2026-02-20 03:15:00,session_start,web
U01642,2026-02-19 11:35:00,session_start,mobile
U01642,2026-02-18 19:10:00,login,mobile
U01642,2026-02-12 13:52:00,page_view,mobile
U01642,2026-02-13 12:41:00,login,web
U01643,2026-01-15 19:13:00,session_start,web
U01643,2026-01-11 03:39:00,Login,web
U01643,2026-01-20 14:53:00,session_end,Web
U01643,2026-01-10 22:38:00,session_end,mobile
U01643,2026-01-14 00:12:00,session_start,Web
U01643,2026-01-16 14:56:00,page_view,mobile
U01643,2026-01-14 03:06:00,Login,mobile
U01643,2026-01-13 01:42:00,LOGIN ,Web
U01644,2026-06-02 05:19:00,logout,Web
U01644,2026-06-01 09:01:00,session_start,
U01644,2026-06-10 00:00:00,LOGIN ,mobile
U01644,2026-06-10 11:20:00,page_view,mobile
U01644,2026-06-09 06:58:00,LOGIN ,web
U01644,2026-06-06 03:49:00,session_end,web
U01644,2026-06-06 17:51:00,Login,mobile
U01644,2026-06-04 10:03:00,logout,mobile
U01644,2026-06-07 17:17:00,session_start,
U01644,2026-06-05 17:48:00,Login,Web
U01644,2026-06-04 15:47:00,LOGIN ,mobile
U01645,2026-02-11 02:23:00,session_start,Web
U01645,2026-02-05 10:56:00,logout,mobile
U01645,2026-02-07 23:02:00,session_start,web
U01645,2026-02-10 13:26:00,page_view,
U01645,2026-02-04 20:56:00,page_view,
U01645,2026-02-07 07:05:00,login,web
U01645,2026-02-15 13:44:00,login,web
U01645,2026-02-13 10:21:00,page_view,mobile
U01645,2026-02-04 19:15:00,session_start,mobile
U01646,2026-01-22 03:53:00,Login,Web
U01647,2026-02-22 01:14:00,session_start,
U01647,2026-02-21 02:29:00,login,mobile
U01647,2026-02-19 18:40:00,page_view,mobile
U01647,2026-02-12 13:06:00,logout,mobile
U01647,2026-02-26 01:57:00,login,Web
U01647,2026-02-26 11:33:00,Login,web
U01647,2026-02-19 04:51:00,login,
U01647,2026-02-14 08:28:00,page_view,Web
U01648,2026-04-16 09:27:00,session_end,Web
U01648,2026-04-28 15:15:00,Login,Web
U01648,2026-04-28 10:03:00,logout,
U01648,2026-04-19 04:36:00,page_view,web
U01648,2026-04-19 22:57:00,Login,
U01648,2026-04-26 14:39:00,page_view,web
U01648,2026-04-16 00:52:00,session_start,mobile
U01648,2026-04-28 23:46:00,login,Web
U01648,2026-04-21 17:52:00,page_view,web
U01649,2026-06-26 07:20:00,page_view,Web
U01649,2026-06-13 17:06:00,session_end,
U01649,2026-06-21 23:16:00,LOGIN ,Web
U01649,2026-06-19 10:45:00,session_start,web
U01649,2026-06-26 23:28:00,LOGIN ,Web
U01650,2026-03-16 01:20:00,LOGIN ,web
U01650,2026-03-28 20:23:00,login,Web
U01650,2026-03-28 22:42:00,LOGIN ,
U01650,2026-03-21 08:00:00,session_end,mobile
U01650,2026-03-14 03:46:00,session_start,
U01650,2026-03-26 10:38:00,page_view,mobile
U01650,2026-03-14 00:04:00,Login,Web
U01650,2026-03-27 20:05:00,LOGIN ,web
U01651,2026-06-10 23:40:00,session_end,web
U01651,2026-06-11 20:30:00,login,web
U01651,2026-06-18 08:50:00,logout,Web
U01651,2026-06-11 11:19:00,session_end,Web
U01651,2026-06-05 01:00:00,login,Web
U01651,2026-06-05 00:18:00,page_view,
U01651,2026-06-09 11:16:00,session_end,
U01651,2026-06-11 16:50:00,Login,Web
U01651,2026-06-16 17:51:00,session_start,Web
U01651,2026-06-07 11:26:00,login,Web
U01652,2026-02-27 17:37:00,session_end,mobile
U01652,2026-02-26 09:25:00,session_start,mobile
U01652,2026-02-18 14:27:00,login,web
U01652,2026-02-16 16:02:00,page_view,
U01652,2026-02-22 10:47:00,login,web
U01653,2026-02-14 03:10:00,page_view,web
U01653,2026-02-18 12:22:00,Login,Web
U01653,2026-02-06 17:43:00,login,Web
U01653,2026-02-15 10:38:00,login,Web
U01654,2026-06-12 03:21:00,login,
U01654,2026-06-22 02:49:00,session_start,Web
U01654,2026-06-10 20:27:00,page_view,Web
U01654,2026-06-16 15:54:00,logout,
U01655,2026-02-26 06:52:00,logout,web
U01655,2026-02-22 01:44:00,Login,mobile
U01655,2026-02-23 07:07:00,session_end,
U01655,2026-02-18 15:03:00,Login,Web
U01655,2026-02-16 12:06:00,session_start,Web
U01655,2026-02-26 09:17:00,session_start,
U01655,2026-02-16 11:48:00,page_view,mobile
U01655,2026-02-16 21:19:00,login,mobile
U01655,2026-02-14 16:57:00,logout,web
U01655,2026-02-25 02:54:00,logout,mobile
U01655,2026-02-25 14:40:00,Login,Web
U01656,2026-04-09 21:43:00,LOGIN ,
U01656,2026-04-12 22:38:00,logout,mobile
U01656,2026-04-10 18:29:00,page_view,Web
U01657,2026-06-10 02:45:00,logout,Web
U01657,2026-06-15 09:33:00,session_end,Web
U01657,2026-06-01 00:36:00,page_view,Web
U01657,2026-06-07 10:54:00,logout,Web
U01658,2026-04-23 12:15:00,logout,mobile
U01658,2026-04-19 23:18:00,session_end,
U01658,2026-04-17 00:41:00,session_start,mobile
U01658,2026-04-16 12:42:00,page_view,
U01658,2026-04-15 08:54:00,session_end,
U01659,2026-01-19 06:28:00,session_end,web
U01659,2026-01-10 07:17:00,logout,mobile
U01660,2026-05-15 03:36:00,login,
U01660,2026-05-11 13:08:00,logout,
U01660,2026-05-14 14:27:00,logout,
U01660,2026-05-16 13:44:00,session_start,web
U01660,2026-05-21 19:05:00,session_end,web
U01660,2026-05-19 06:57:00,LOGIN ,mobile
U01660,2026-05-16 08:08:00,LOGIN ,mobile
U01660,2026-05-11 14:27:00,logout,
U01661,2026-02-21 00:33:00,logout,Web
U01661,2026-02-14 14:20:00,session_end,web
U01661,2026-02-08 20:23:00,logout,
U01661,2026-02-19 06:50:00,page_view,
U01661,2026-02-15 01:42:00,LOGIN ,Web
U01662,2026-02-27 14:30:00,session_start,web
U01662,2026-02-19 01:22:00,logout,
U01662,2026-02-28 14:59:00,login,mobile
U01662,2026-02-20 23:01:00,page_view,web
U01662,2026-02-20 11:18:00,LOGIN ,Web
U01663,2026-01-10 20:53:00,logout,Web
U01663,2026-01-17 10:08:00,LOGIN ,
U01663,2026-01-20 06:31:00,LOGIN ,Web
U01663,2026-01-24 23:35:00,LOGIN ,Web
U01663,2026-01-15 23:21:00,page_view,
U01663,2026-01-16 21:26:00,Login,mobile
U01664,2026-02-13 10:44:00,LOGIN ,mobile
U01664,2026-01-31 22:57:00,LOGIN ,web
U01664,2026-02-09 10:13:00,logout,web
U01664,2026-02-10 14:10:00,session_start,
U01664,2026-02-02 16:40:00,page_view,mobile
U01664,2026-02-07 12:36:00,LOGIN ,
U01664,2026-01-31 22:35:00,session_end,Web
U01664,2026-02-13 05:47:00,page_view,
U01664,2026-02-13 12:01:00,Login,
U01664,2026-02-14 13:51:00,session_end,web
U01664,2026-02-12 20:11:00,logout,
U01664,2026-02-06 21:56:00,LOGIN ,Web
U01665,2026-02-11 05:41:00,logout,Web
U01665,2026-02-06 22:23:00,login,web
U01665,2026-02-10 19:53:00,session_start,web
U01665,2026-02-09 11:14:00,session_start,
U01665,2026-02-16 14:43:00,session_end,Web
U01665,2026-02-05 08:31:00,login,
U01665,2026-02-07 18:04:00,session_end,web
U01665,2026-02-09 06:43:00,session_start,Web
U01666,2026-06-16 21:30:00,logout,mobile
U01666,2026-06-21 19:11:00,LOGIN ,web
U01666,2026-06-17 12:38:00,login,Web
U01666,2026-06-22 19:30:00,session_end,web
U01666,2026-06-23 19:32:00,Login,mobile
U01666,2026-06-16 15:42:00,login,web
U01667,2026-04-26 02:12:00,Login,Web
U01667,2026-05-01 23:37:00,login,mobile
U01667,2026-04-21 15:19:00,Login,mobile
U01668,2026-05-29 13:36:00,logout,mobile
U01668,2026-05-28 08:39:00,LOGIN ,web
U01668,2026-05-24 00:05:00,page_view,
U01668,2026-05-26 18:40:00,LOGIN ,web
U01668,2026-05-17 20:44:00,Login,Web
U01668,2026-05-22 08:02:00,Login,web
U01669,2026-05-05 17:09:00,session_end,
U01669,2026-05-13 03:16:00,session_start,Web
U01669,2026-05-13 11:06:00,login,mobile
U01669,2026-05-04 06:52:00,Login,web
U01669,2026-05-09 19:24:00,session_start,
U01670,2026-06-10 18:16:00,Login,mobile
U01670,2026-06-09 09:52:00,Login,mobile
U01670,2026-06-11 15:22:00,logout,Web
U01670,2026-06-14 05:33:00,session_end,Web
U01671,2026-02-01 07:30:00,page_view,
U01671,2026-01-29 09:40:00,session_end,Web
U01672,2026-03-07 23:15:00,login,mobile
U01672,2026-03-20 14:30:00,logout,mobile
U01672,2026-03-17 02:29:00,session_end,mobile
U01672,2026-03-20 02:25:00,Login,Web
U01672,2026-03-07 10:22:00,Login,mobile
U01672,2026-03-13 14:39:00,session_end,mobile
U01672,2026-03-11 20:40:00,LOGIN ,mobile
U01672,2026-03-18 14:09:00,session_start,
U01672,2026-03-19 22:31:00,session_end,mobile
U01672,2026-03-18 16:56:00,page_view,Web
U01672,2026-03-20 19:05:00,logout,mobile
U01672,2026-03-20 16:27:00,session_start,mobile
U01672,2026-03-15 15:30:00,LOGIN ,
U01672,2026-03-19 17:24:00,session_end,web
U01672,2026-03-07 09:01:00,session_start,
U01672,2026-03-18 05:38:00,session_start,
U01673,2026-01-27 05:53:00,page_view,Web
U01673,2026-01-23 23:20:00,session_start,mobile
U01673,2026-01-23 21:32:00,login,mobile
U01673,2026-01-22 09:01:00,LOGIN ,web
U01673,2026-02-02 00:29:00,logout,web
U01673,2026-01-31 02:08:00,session_end,Web
U01673,2026-01-25 22:15:00,session_start,web
U01673,2026-02-05 05:27:00,LOGIN ,
U01674,2026-04-23 03:18:00,session_end,
U01674,2026-04-18 11:20:00,login,web
U01674,2026-04-24 06:23:00,Login,web
U01674,2026-04-25 02:01:00,login,Web
U01674,2026-04-23 09:23:00,session_start,
U01675,2026-01-15 07:56:00,login,mobile
U01675,2026-01-09 01:44:00,login,web
U01675,2026-01-12 22:29:00,LOGIN ,mobile
U01675,2026-01-03 14:23:00,session_start,web
U01675,2026-01-14 15:14:00,login,mobile
U01675,2026-01-03 22:59:00,page_view,
U01676,2026-02-03 14:13:00,Login,
U01677,2026-04-19 20:42:00,login,web
U01677,2026-04-20 00:06:00,page_view,Web
U01677,2026-04-16 05:26:00,Login,web
U01677,2026-04-20 17:39:00,logout,mobile
U01677,2026-04-21 05:46:00,page_view,Web
U01677,2026-04-07 00:26:00,login,mobile
U01677,2026-04-15 12:21:00,LOGIN ,
U01677,2026-04-21 12:03:00,Login,Web
U01677,2026-04-20 02:17:00,Login,Web
U01677,2026-04-15 23:02:00,logout,Web
U01677,2026-04-20 15:05:00,login,web
U01677,2026-04-19 01:19:00,LOGIN ,web
U01677,2026-04-08 10:47:00,Login,web
U01677,2026-04-18 03:36:00,LOGIN ,
U01678,2026-04-15 04:30:00,session_start,mobile
U01678,2026-04-27 22:55:00,LOGIN ,
U01679,2026-02-16 19:27:00,session_start,web
U01679,2026-02-22 10:16:00,session_end,Web
U01679,2026-02-15 04:20:00,session_start,Web
U01679,2026-02-09 08:10:00,Login,Web
U01679,2026-02-15 08:48:00,login,
U01679,2026-02-18 08:42:00,page_view,
U01679,2026-02-21 03:49:00,page_view,
U01679,2026-02-14 08:56:00,login,mobile
U01679,2026-02-16 15:06:00,logout,web
U01679,2026-02-13 17:35:00,logout,web
U01680,2026-06-05 01:23:00,session_end,web
U01680,2026-05-31 18:31:00,page_view,Web
U01680,2026-06-04 15:02:00,session_end,mobile
U01681,2026-05-24 15:47:00,session_end,
U01681,2026-05-31 10:56:00,login,Web
U01681,2026-05-22 23:18:00,login,Web
U01681,2026-06-01 08:47:00,Login,Web
U01681,2026-05-30 04:47:00,session_start,
U01682,2026-04-16 20:01:00,session_end,web
U01682,2026-04-15 11:54:00,login,web
U01682,2026-04-09 03:14:00,session_start,
U01682,2026-04-16 05:26:00,session_end,Web
U01682,2026-04-18 19:28:00,login,Web
U01682,2026-04-06 08:04:00,session_start,web
U01682,2026-04-08 04:55:00,login,
U01682,2026-04-10 21:34:00,login,
U01682,2026-04-14 00:02:00,session_start,web
U01682,2026-04-18 08:14:00,session_start,Web
U01682,2026-04-13 15:09:00,page_view,mobile
U01683,2026-04-21 23:41:00,logout,
U01683,2026-04-18 13:47:00,login,web
U01683,2026-04-17 08:07:00,logout,
U01684,2026-06-03 02:20:00,login,web
U01684,2026-06-03 15:27:00,login,web
U01684,2026-06-02 14:22:00,logout,web
U01684,2026-06-02 23:34:00,login,web
U01684,2026-06-05 14:58:00,session_start,Web
U01685,2026-02-17 16:18:00,LOGIN ,Web
U01685,2026-02-22 13:06:00,session_end,
U01685,2026-03-01 15:30:00,logout,web
U01685,2026-02-21 13:31:00,Login,web
U01685,2026-02-24 23:10:00,logout,mobile
U01685,2026-02-23 07:19:00,session_end,web
U01685,2026-02-19 06:00:00,page_view,mobile
U01686,2026-05-05 11:10:00,session_start,mobile
U01686,2026-05-15 11:39:00,session_start,mobile
U01686,2026-05-07 13:53:00,session_start,Web
U01686,2026-05-16 22:03:00,session_end,web
U01686,2026-05-06 21:49:00,login,Web
U01686,2026-05-13 18:51:00,LOGIN ,Web
U01687,2026-06-08 14:40:00,logout,
U01687,2026-06-06 23:54:00,session_end,web
U01687,2026-05-29 05:42:00,logout,mobile
U01687,2026-06-02 12:51:00,Login,web
U01687,2026-06-05 06:26:00,login,web
U01687,2026-06-10 17:34:00,login,mobile
U01687,2026-06-02 15:52:00,page_view,web
U01687,2026-06-09 02:54:00,session_start,mobile
U01687,2026-06-08 01:47:00,page_view,
U01687,2026-06-08 07:29:00,login,mobile
U01688,2026-04-26 11:59:00,LOGIN ,Web
U01688,2026-04-26 19:06:00,LOGIN ,web
U01688,2026-04-18 14:57:00,session_start,web
U01688,2026-04-18 22:26:00,Login,
U01688,2026-04-26 11:34:00,logout,
U01688,2026-04-26 23:12:00,session_start,web
U01688,2026-04-14 11:15:00,logout,
U01688,2026-04-20 15:12:00,Login,web
U01688,2026-04-21 04:11:00,LOGIN ,Web
U01688,2026-04-17 01:51:00,session_end,web
U01688,2026-04-18 19:17:00,login,
U01688,2026-04-20 14:52:00,Login,
U01689,2026-03-14 03:52:00,logout,mobile
U01689,2026-03-10 09:57:00,login,web
U01689,2026-02-28 20:00:00,session_start,
U01689,2026-03-05 17:18:00,session_end,Web
U01689,2026-03-03 22:48:00,logout,mobile
U01689,2026-02-28 00:17:00,session_start,web
U01689,2026-03-03 22:51:00,LOGIN ,
U01689,2026-02-28 22:34:00,session_end,
U01690,2026-02-25 01:24:00,LOGIN ,mobile
U01690,2026-02-18 11:39:00,logout,web
U01690,2026-02-15 09:29:00,session_end,web
U01690,2026-02-21 10:47:00,session_end,mobile
U01690,2026-02-11 08:30:00,login,mobile
U01690,2026-02-18 20:33:00,session_end,web
U01691,2026-04-15 14:27:00,LOGIN ,Web
U01692,2026-06-08 06:00:00,page_view,web
U01692,2026-06-12 20:50:00,login,web
U01692,2026-06-21 19:34:00,LOGIN ,
U01692,2026-06-12 09:30:00,Login,web
U01692,2026-06-15 09:11:00,session_start,Web
U01692,2026-06-07 12:10:00,session_end,mobile
U01692,2026-06-15 10:50:00,login,
U01692,2026-06-09 11:20:00,Login,mobile
U01692,2026-06-07 11:44:00,Login,Web
U01692,2026-06-08 10:53:00,LOGIN ,web
U01692,2026-06-08 06:21:00,Login,Web
U01692,2026-06-14 02:05:00,logout,
U01693,2026-01-22 16:30:00,page_view,Web
U01693,2026-01-14 23:23:00,login,mobile
U01693,2026-01-27 19:47:00,page_view,web
U01693,2026-01-28 16:40:00,LOGIN ,web
U01693,2026-01-22 00:22:00,page_view,web
U01693,2026-01-27 09:06:00,Login,web
U01693,2026-01-25 00:31:00,LOGIN ,web
U01693,2026-01-18 23:23:00,login,Web
U01693,2026-01-20 18:38:00,logout,mobile
U01693,2026-01-17 04:30:00,session_start,mobile
U01693,2026-01-26 12:35:00,session_end,Web
U01693,2026-01-21 07:32:00,session_start,mobile
U01694,2026-01-24 18:59:00,Login,Web
U01694,2026-01-26 06:38:00,login,
U01694,2026-01-24 11:26:00,Login,
U01694,2026-02-05 01:28:00,login,mobile
U01694,2026-01-28 03:13:00,session_start,mobile
U01694,2026-02-02 09:39:00,login,mobile
U01694,2026-02-03 10:34:00,logout,web
U01694,2026-02-02 07:57:00,session_start,
U01694,2026-02-02 09:55:00,Login,
U01694,2026-01-28 06:27:00,LOGIN ,mobile
U01694,2026-01-25 21:19:00,page_view,Web
U01695,2026-06-14 19:50:00,LOGIN ,Web
U01695,2026-06-09 17:48:00,login,Web
U01695,2026-06-03 17:37:00,LOGIN ,web
U01696,2026-01-31 09:24:00,page_view,mobile
U01696,2026-01-29 20:59:00,login,
U01696,2026-01-26 17:37:00,session_start,
U01696,2026-01-29 07:15:00,page_view,web
U01696,2026-01-19 06:00:00,LOGIN ,mobile
U01697,2026-04-17 06:15:00,logout,mobile
U01697,2026-04-16 16:33:00,page_view,mobile
U01697,2026-04-06 21:36:00,session_start,web
U01697,2026-04-17 04:20:00,login,mobile
U01697,2026-04-12 00:16:00,login,web
U01697,2026-04-17 09:15:00,logout,
U01697,2026-04-19 12:27:00,session_end,Web
U01697,2026-04-12 01:51:00,session_start,mobile
U01698,2026-01-16 01:47:00,Login,
U01698,2026-01-15 15:46:00,session_end,
U01699,2026-04-19 06:26:00,session_end,web
U01699,2026-04-18 06:31:00,Login,web
U01699,2026-04-26 17:49:00,session_end,mobile
U01699,2026-04-16 06:56:00,logout,web
U01699,2026-04-22 14:01:00,login,mobile
U01699,2026-04-17 14:31:00,login,
U01699,2026-04-18 03:33:00,page_view,
U01700,2026-03-17 03:00:00,session_end,
U01700,2026-03-28 06:25:00,session_start,mobile
U01700,2026-03-23 20:41:00,login,
U01700,2026-03-23 18:24:00,login,web
U01700,2026-03-21 12:54:00,logout,web
U01701,2026-02-28 05:31:00,session_end,web
U01701,2026-02-18 23:55:00,Login,Web
U01701,2026-02-16 17:43:00,LOGIN ,
U01701,2026-02-19 16:59:00,login,
U01701,2026-02-22 02:43:00,session_start,mobile
U01701,2026-02-16 20:18:00,login,
U01701,2026-02-23 14:00:00,Login,web
U01701,2026-02-14 17:03:00,session_end,mobile
U01701,2026-02-18 17:46:00,login,Web
U01702,2026-05-07 23:16:00,LOGIN ,
U01702,2026-05-01 18:02:00,logout,Web
U01702,2026-05-07 17:15:00,Login,Web
U01702,2026-04-29 10:34:00,session_start,
U01702,2026-05-07 23:40:00,Login,
U01703,2026-05-13 05:06:00,Login,web
U01704,2026-01-19 16:44:00,login,
U01705,2026-05-24 13:47:00,page_view,
U01705,2026-05-17 01:20:00,page_view,
U01705,2026-05-23 21:19:00,Login,web
U01705,2026-05-21 15:46:00,session_end,web
U01705,2026-05-26 22:13:00,session_start,mobile
U01705,2026-05-27 20:49:00,LOGIN ,mobile
U01705,2026-05-20 03:08:00,session_start,
U01706,2026-02-13 09:57:00,login,Web
U01706,2026-02-25 10:31:00,session_end,web
U01706,2026-02-16 20:46:00,session_start,mobile
U01706,2026-02-24 02:18:00,logout,mobile
U01706,2026-02-14 15:42:00,LOGIN ,
U01706,2026-02-15 08:30:00,session_end,Web
U01706,2026-02-24 08:15:00,Login,web
U01706,2026-02-20 17:10:00,session_start,mobile
U01706,2026-02-24 01:22:00,page_view,
U01707,2026-04-09 13:08:00,login,Web
U01707,2026-04-16 00:58:00,session_start,Web
U01707,2026-04-14 12:16:00,login,web
U01707,2026-04-08 14:28:00,LOGIN ,
U01707,2026-04-09 04:07:00,session_end,
U01707,2026-04-11 21:20:00,logout,
U01707,2026-04-08 20:08:00,LOGIN ,Web
U01707,2026-04-13 09:09:00,LOGIN ,Web
U01707,2026-04-11 13:25:00,session_start,mobile
U01708,2026-01-10 05:36:00,session_end,web
U01708,2026-01-08 05:08:00,page_view,
U01708,2026-01-08 19:17:00,login,
U01708,2026-01-11 00:06:00,LOGIN ,Web
U01708,2026-01-02 07:33:00,Login,
U01709,2026-03-23 07:35:00,session_start,mobile
U01709,2026-03-15 19:08:00,logout,mobile
U01710,2026-04-25 17:42:00,logout,
U01710,2026-04-14 04:22:00,page_view,Web
U01710,2026-04-18 20:32:00,page_view,
U01710,2026-04-14 18:26:00,session_start,web
U01710,2026-04-12 07:23:00,session_start,Web
U01710,2026-04-19 08:41:00,session_end,web
U01711,2026-05-21 09:12:00,session_start,web
U01711,2026-05-24 09:53:00,logout,mobile
U01711,2026-05-19 04:30:00,Login,Web
U01711,2026-05-13 20:25:00,login,web
U01711,2026-05-24 02:09:00,logout,
U01711,2026-05-19 09:54:00,session_start,web
U01711,2026-05-22 13:04:00,LOGIN ,web
U01712,2026-02-02 02:00:00,login,web
U01712,2026-01-30 12:22:00,logout,Web
U01712,2026-01-28 10:19:00,page_view,mobile
U01712,2026-01-24 01:06:00,session_start,Web
U01712,2026-02-06 12:08:00,page_view,
U01712,2026-02-04 09:55:00,logout,mobile
U01712,2026-02-05 00:58:00,page_view,Web
U01712,2026-01-26 22:08:00,LOGIN ,
U01712,2026-02-03 06:03:00,session_start,mobile
U01713,2026-06-01 03:26:00,session_start,Web
U01713,2026-06-12 12:36:00,login,web
U01713,2026-06-10 14:03:00,page_view,
U01713,2026-06-11 02:55:00,login,
U01713,2026-05-31 06:42:00,LOGIN ,web
U01713,2026-06-09 04:22:00,login,web
U01713,2026-06-05 08:11:00,Login,
U01714,2026-03-18 08:15:00,LOGIN ,Web
U01714,2026-03-24 21:26:00,LOGIN ,mobile
U01714,2026-03-26 13:43:00,page_view,Web
U01714,2026-03-12 10:12:00,LOGIN ,
U01714,2026-03-26 15:43:00,logout,Web
U01715,2026-04-28 02:26:00,login,mobile
U01715,2026-05-05 11:44:00,session_end,Web
U01715,2026-04-30 22:53:00,session_end,
U01715,2026-05-02 11:38:00,page_view,
U01715,2026-05-11 10:36:00,page_view,mobile
U01715,2026-04-27 08:46:00,login,Web
U01716,2026-03-22 10:10:00,logout,mobile
U01716,2026-03-20 07:03:00,logout,web
U01716,2026-03-14 08:46:00,Login,web
U01716,2026-03-22 21:15:00,page_view,mobile
U01716,2026-03-17 15:29:00,page_view,Web
U01716,2026-03-12 20:49:00,LOGIN ,mobile
U01716,2026-03-11 22:09:00,session_end,Web
U01716,2026-03-13 21:29:00,session_end,
U01716,2026-03-22 15:44:00,page_view,Web
U01716,2026-03-22 22:03:00,LOGIN ,
U01717,2026-02-04 04:16:00,page_view,
U01717,2026-02-08 08:58:00,session_end,
U01717,2026-01-30 23:51:00,session_end,mobile
U01717,2026-02-07 09:06:00,session_end,web
U01717,2026-02-03 14:40:00,logout,web
U01718,2026-03-17 01:38:00,session_end,
U01718,2026-03-25 09:18:00,Login,mobile
U01718,2026-03-26 18:15:00,login,
U01718,2026-03-27 08:08:00,login,mobile
U01718,2026-03-25 04:27:00,LOGIN ,Web
U01719,2026-05-21 15:49:00,login,mobile
U01719,2026-05-16 16:37:00,login,web
U01719,2026-05-17 20:23:00,session_start,web
U01719,2026-05-17 16:47:00,LOGIN ,mobile
U01719,2026-05-16 21:22:00,session_start,Web
U01720,2026-05-29 20:09:00,logout,mobile
U01720,2026-06-01 06:58:00,LOGIN ,Web
U01720,2026-05-28 22:55:00,session_start,web
U01720,2026-06-05 00:26:00,logout,mobile
U01720,2026-05-29 23:15:00,session_end,Web
U01720,2026-06-06 20:18:00,Login,Web
U01720,2026-06-11 14:34:00,page_view,Web
U01720,2026-06-10 10:39:00,login,
U01720,2026-05-31 22:46:00,logout,web
U01721,2026-04-09 16:10:00,login,web
U01721,2026-04-19 02:11:00,session_start,Web
U01721,2026-04-17 04:06:00,page_view,web
U01721,2026-04-12 08:16:00,logout,
U01721,2026-04-15 16:37:00,Login,
U01721,2026-04-17 14:03:00,session_start,web
U01721,2026-04-12 00:28:00,login,Web
U01721,2026-04-17 23:01:00,page_view,
U01721,2026-04-21 04:24:00,page_view,mobile
U01721,2026-04-09 14:25:00,Login,Web
U01722,2026-04-08 21:55:00,logout,mobile
U01722,2026-03-30 13:21:00,session_start,mobile
U01722,2026-03-28 15:38:00,session_end,web
U01723,2026-05-02 23:31:00,login,
U01723,2026-05-06 19:50:00,page_view,mobile
U01723,2026-05-05 19:59:00,session_end,
U01723,2026-05-05 21:21:00,Login,mobile
U01723,2026-05-07 18:39:00,session_start,mobile
U01724,2026-05-10 18:51:00,login,Web
U01724,2026-05-09 08:17:00,login,mobile
U01724,2026-05-12 11:28:00,page_view,mobile
U01724,2026-05-12 05:25:00,logout,mobile
U01724,2026-05-15 19:01:00,login,
U01724,2026-05-16 11:06:00,LOGIN ,Web
U01724,2026-05-06 15:59:00,LOGIN ,
U01724,2026-05-17 17:53:00,page_view,
U01725,2026-04-09 11:41:00,LOGIN ,mobile
U01725,2026-04-11 06:04:00,page_view,
U01725,2026-04-17 07:04:00,logout,mobile
U01725,2026-04-18 09:52:00,session_start,Web
U01725,2026-04-22 12:56:00,login,
U01725,2026-04-19 03:54:00,session_start,
U01725,2026-04-13 20:03:00,Login,web
U01725,2026-04-20 00:51:00,login,web
U01725,2026-04-10 15:33:00,session_start,Web
U01725,2026-04-18 19:49:00,session_end,Web
U01725,2026-04-22 16:42:00,logout,
U01725,2026-04-08 00:22:00,login,mobile
U01725,2026-04-13 07:32:00,page_view,web
U01725,2026-04-21 20:50:00,session_start,mobile
U01725,2026-04-09 19:44:00,login,Web
U01726,2026-04-05 06:56:00,session_start,
U01726,2026-03-31 06:10:00,page_view,
U01726,2026-04-01 18:58:00,logout,mobile
U01726,2026-04-02 15:18:00,page_view,
U01726,2026-04-03 05:11:00,session_start,
U01726,2026-03-27 06:05:00,login,Web
U01726,2026-03-24 21:16:00,logout,mobile
U01726,2026-03-30 15:08:00,logout,web
U01726,2026-03-29 10:28:00,session_end,mobile
U01726,2026-04-02 03:19:00,logout,Web
U01727,2026-05-17 20:38:00,LOGIN ,web
U01727,2026-05-22 22:36:00,session_start,Web
U01727,2026-05-18 21:36:00,logout,
U01727,2026-05-15 20:16:00,page_view,mobile
U01727,2026-05-21 08:00:00,session_end,mobile
U01727,2026-05-25 15:28:00,page_view,web
U01727,2026-05-26 11:28:00,logout,mobile
U01727,2026-05-23 20:26:00,session_end,Web
U01727,2026-05-13 20:28:00,login,Web
U01727,2026-05-23 03:57:00,session_end,mobile
U01727,2026-05-18 02:41:00,login,web
U01727,2026-05-16 02:41:00,session_end,
U01727,2026-05-20 04:01:00,session_start,Web
U01728,2026-03-14 03:17:00,LOGIN ,Web
U01728,2026-03-11 13:58:00,login,
U01729,2026-04-10 12:46:00,session_start,
U01729,2026-04-10 00:05:00,page_view,Web
U01730,2026-05-02 22:17:00,Login,Web
U01730,2026-05-02 02:00:00,Login,
U01731,2026-03-07 11:21:00,session_start,
U01731,2026-03-08 09:29:00,LOGIN ,
U01731,2026-03-10 20:54:00,logout,
U01731,2026-03-02 23:29:00,Login,mobile
U01732,2026-02-27 20:30:00,session_start,Web
U01732,2026-02-19 01:21:00,login,
U01732,2026-02-26 10:39:00,login,mobile
U01732,2026-02-21 07:03:00,session_end,Web
U01732,2026-03-04 13:48:00,page_view,mobile
U01732,2026-02-19 09:44:00,session_start,web
U01733,2026-03-06 13:53:00,login,
U01733,2026-03-06 10:14:00,logout,
U01733,2026-02-24 00:20:00,Login,Web
U01733,2026-02-23 17:38:00,login,
U01733,2026-03-04 16:04:00,page_view,
U01733,2026-02-23 18:12:00,login,
U01733,2026-02-22 11:55:00,login,
U01734,2026-03-04 01:27:00,session_start,web
U01734,2026-03-09 19:03:00,Login,
U01734,2026-03-16 14:03:00,LOGIN ,web
U01734,2026-03-07 03:07:00,session_start,
U01734,2026-03-10 19:27:00,page_view,mobile
U01734,2026-03-04 19:36:00,LOGIN ,
U01735,2026-03-07 01:36:00,session_end,
U01735,2026-03-10 01:35:00,session_start,Web
U01735,2026-03-09 13:52:00,login,mobile
U01735,2026-03-02 19:55:00,session_end,mobile
U01735,2026-02-28 16:42:00,logout,
U01735,2026-03-08 16:19:00,page_view,
U01735,2026-03-07 18:34:00,session_end,mobile
U01736,2026-06-12 06:29:00,LOGIN ,
U01737,2026-02-05 23:25:00,session_end,
U01737,2026-01-30 14:16:00,session_end,mobile
U01737,2026-02-08 07:00:00,logout,web
U01738,2026-06-16 22:28:00,login,Web
U01738,2026-06-11 15:52:00,LOGIN ,Web
U01738,2026-06-07 03:51:00,Login,mobile
U01738,2026-06-13 14:54:00,Login,web
U01738,2026-06-08 10:24:00,session_start,web
U01738,2026-06-11 00:34:00,Login,mobile
U01738,2026-06-11 12:19:00,session_end,web
U01738,2026-06-17 07:28:00,login,
U01739,2026-01-23 10:03:00,session_end,Web
U01739,2026-01-21 20:10:00,page_view,mobile
U01739,2026-01-21 03:23:00,session_end,
U01739,2026-01-21 07:30:00,session_end,web
U01739,2026-01-23 07:07:00,page_view,web
U01739,2026-01-16 03:32:00,page_view,web
U01739,2026-01-22 07:24:00,logout,web
U01739,2026-01-11 08:57:00,session_start,web
U01739,2026-01-15 13:46:00,LOGIN ,Web
U01740,2026-06-17 08:03:00,logout,Web
U01740,2026-06-18 17:04:00,LOGIN ,web
U01740,2026-06-17 07:39:00,LOGIN ,mobile
U01740,2026-06-15 17:36:00,login,web
U01740,2026-06-17 21:10:00,session_start,web
U01741,2026-03-12 19:32:00,logout,
U01741,2026-03-22 01:40:00,session_start,web
U01741,2026-03-26 09:19:00,logout,web
U01742,2026-05-17 20:27:00,logout,
U01742,2026-05-12 03:30:00,logout,
U01742,2026-05-21 04:53:00,session_end,Web
U01743,2026-05-30 00:26:00,logout,
U01743,2026-05-28 17:01:00,LOGIN ,Web
U01743,2026-06-05 04:17:00,page_view,web
U01743,2026-06-01 19:41:00,session_start,
U01743,2026-06-08 21:37:00,page_view,Web
U01743,2026-06-08 15:11:00,LOGIN ,web
U01744,2026-05-15 07:03:00,Login,web
U01744,2026-05-20 02:47:00,logout,
U01744,2026-05-16 14:22:00,session_end,
U01745,2026-05-21 04:43:00,LOGIN ,Web
U01745,2026-05-29 14:26:00,LOGIN ,web
U01745,2026-05-28 08:37:00,logout,Web
U01746,2026-04-12 16:59:00,Login,mobile
U01746,2026-04-04 02:38:00,session_end,web
U01746,2026-03-31 00:08:00,logout,
U01746,2026-04-02 06:16:00,session_end,mobile
U01746,2026-04-01 14:58:00,logout,
U01747,2026-02-25 15:03:00,session_end,Web
U01747,2026-02-23 09:54:00,page_view,mobile
U01747,2026-02-20 16:11:00,Login,Web
U01747,2026-02-25 11:16:00,Login,Web
U01747,2026-02-18 17:50:00,Login,web
U01747,2026-02-17 16:40:00,login,web
U01747,2026-02-15 10:41:00,logout,Web
U01747,2026-02-21 12:38:00,LOGIN ,web
U01747,2026-02-24 11:55:00,login,mobile
U01747,2026-02-23 17:48:00,LOGIN ,Web
U01748,2026-05-25 07:10:00,Login,
U01748,2026-05-18 00:32:00,logout,mobile
U01748,2026-05-22 15:15:00,login,
U01749,2026-01-08 05:52:00,LOGIN ,mobile
U01749,2026-01-13 22:14:00,Login,Web
U01749,2026-01-06 08:44:00,Login,web
U01749,2026-01-14 06:36:00,LOGIN ,
U01749,2026-01-15 18:56:00,session_start,Web
U01749,2026-01-09 05:35:00,login,
U01749,2026-01-06 07:23:00,login,web
U01749,2026-01-09 22:16:00,logout,Web
U01750,2026-04-20 10:46:00,session_end,web
U01750,2026-04-22 09:50:00,session_end,mobile
U01750,2026-04-17 09:02:00,session_start,mobile
U01750,2026-04-16 12:11:00,LOGIN ,Web
U01750,2026-04-16 14:47:00,Login,mobile
U01750,2026-04-21 23:47:00,session_start,web
U01751,2026-04-06 13:56:00,logout,mobile
U01751,2026-04-04 20:23:00,logout,
U01751,2026-04-05 06:24:00,login,web
U01751,2026-03-30 11:34:00,Login,mobile
U01751,2026-03-31 04:48:00,Login,web
U01751,2026-03-31 14:23:00,logout,web
U01752,2026-03-09 02:23:00,Login,mobile
U01752,2026-03-18 14:47:00,login,mobile
U01752,2026-03-21 09:49:00,login,Web
U01752,2026-03-22 14:30:00,LOGIN ,
U01752,2026-03-21 22:34:00,session_end,
U01753,2026-03-12 23:31:00,login,mobile
U01753,2026-03-16 18:37:00,session_end,
U01753,2026-03-09 16:01:00,logout,Web
U01753,2026-03-12 16:11:00,session_end,web
U01753,2026-03-21 05:45:00,Login,mobile
U01753,2026-03-19 19:24:00,logout,Web
U01753,2026-03-16 22:47:00,LOGIN ,mobile
U01753,2026-03-21 20:31:00,logout,
U01754,2026-05-05 09:21:00,login,mobile
U01755,2026-04-14 10:59:00,session_start,mobile
U01755,2026-04-06 04:00:00,session_end,mobile
U01755,2026-04-16 08:49:00,session_start,Web
U01755,2026-04-14 08:51:00,Login,
U01755,2026-04-05 06:33:00,login,
U01755,2026-04-05 17:43:00,session_start,web
U01755,2026-04-18 23:27:00,session_end,mobile
U01755,2026-04-13 19:16:00,LOGIN ,web
U01756,2026-02-23 12:42:00,logout,mobile
U01756,2026-03-03 23:09:00,session_end,mobile
U01757,2026-04-07 12:09:00,session_end,
U01757,2026-04-06 09:44:00,Login,
U01758,2026-03-21 11:44:00,session_start,web
U01759,2026-02-15 01:15:00,session_start,mobile
U01759,2026-02-13 00:23:00,session_start,Web
U01759,2026-02-13 20:48:00,session_start,mobile
U01759,2026-02-08 20:02:00,page_view,
U01759,2026-02-12 09:04:00,Login,mobile
U01759,2026-02-08 05:35:00,session_end,web
U01760,2026-03-10 17:56:00,session_end,
U01760,2026-03-12 00:33:00,login,web
U01760,2026-03-14 00:29:00,login,Web
U01761,2026-03-11 23:11:00,Login,
U01761,2026-03-02 07:49:00,session_start,web
U01761,2026-03-10 20:21:00,session_end,Web
U01761,2026-03-06 08:13:00,logout,
U01761,2026-03-04 03:53:00,Login,mobile
U01762,2026-04-14 22:45:00,session_start,
U01762,2026-04-21 13:13:00,logout,mobile
U01762,2026-04-20 02:45:00,session_end,web
U01762,2026-04-18 16:03:00,logout,Web
U01763,2026-02-11 16:57:00,LOGIN ,mobile
U01763,2026-02-08 18:30:00,session_end,
U01763,2026-02-13 12:32:00,page_view,Web
U01763,2026-02-10 03:35:00,login,web
U01763,2026-02-09 16:54:00,page_view,
U01763,2026-02-12 14:10:00,session_end,web
U01764,2026-02-26 22:57:00,Login,web
U01764,2026-02-16 05:24:00,LOGIN ,
U01764,2026-02-19 12:00:00,Login,web
U01764,2026-02-17 21:13:00,login,mobile
U01764,2026-02-16 15:33:00,login,
U01764,2026-02-27 00:19:00,Login,mobile
U01765,2026-06-24 04:31:00,logout,Web
U01765,2026-06-19 17:35:00,login,web
U01765,2026-06-19 10:39:00,logout,mobile
U01765,2026-06-11 13:13:00,login,Web
U01765,2026-06-12 12:22:00,Login,
U01766,2026-03-24 12:05:00,session_end,web
U01766,2026-03-22 18:22:00,Login,web
U01766,2026-04-05 01:01:00,logout,web
U01766,2026-03-29 19:42:00,logout,mobile
U01766,2026-04-03 10:04:00,Login,
U01766,2026-04-04 20:10:00,Login,mobile
U01766,2026-03-30 20:01:00,login,mobile
U01766,2026-04-01 14:02:00,Login,web
U01766,2026-04-04 18:41:00,session_end,web
U01766,2026-04-04 19:19:00,login,web
U01767,2026-03-19 08:24:00,session_end,
U01767,2026-03-07 22:15:00,logout,
U01767,2026-03-06 14:31:00,Login,
U01767,2026-03-08 01:40:00,page_view,Web
U01767,2026-03-11 01:44:00,page_view,web
U01767,2026-03-12 23:53:00,Login,Web
U01767,2026-03-09 07:13:00,LOGIN ,web
U01767,2026-03-07 12:45:00,Login,
U01767,2026-03-08 10:04:00,login,Web
U01767,2026-03-19 18:17:00,session_start,web
U01768,2026-01-20 07:02:00,LOGIN ,web
U01768,2026-01-25 23:21:00,login,mobile
U01768,2026-01-16 21:08:00,login,
U01768,2026-01-20 06:03:00,logout,mobile
U01768,2026-01-17 00:30:00,LOGIN ,web
U01768,2026-01-23 06:21:00,session_end,
U01769,2026-01-22 10:15:00,Login,web
U01769,2026-01-19 12:14:00,page_view,Web
U01769,2026-01-23 08:12:00,Login,web
U01769,2026-01-25 10:55:00,session_end,web
U01770,2026-05-13 00:01:00,logout,Web
U01770,2026-05-03 12:09:00,page_view,
U01770,2026-05-09 11:02:00,login,Web
U01770,2026-05-08 16:15:00,page_view,web
U01770,2026-05-06 12:23:00,login,web
U01771,2026-03-30 18:16:00,logout,Web
U01771,2026-04-09 11:32:00,page_view,Web
U01771,2026-04-02 23:18:00,page_view,mobile
U01771,2026-03-27 03:32:00,login,web
U01771,2026-03-29 06:10:00,login,web
U01771,2026-04-02 11:06:00,session_end,web
U01771,2026-04-02 23:01:00,logout,web
U01771,2026-04-09 15:49:00,LOGIN ,web
U01771,2026-04-03 10:07:00,page_view,mobile
U01771,2026-04-02 14:30:00,page_view,Web
U01771,2026-04-08 00:17:00,session_start,web
U01771,2026-04-10 12:41:00,Login,mobile
U01771,2026-04-06 20:58:00,session_end,Web
U01771,2026-03-30 23:38:00,page_view,
U01771,2026-04-01 13:34:00,page_view,
U01771,2026-04-08 05:00:00,Login,web
U01772,2026-04-07 17:31:00,login,web
U01772,2026-04-16 07:24:00,logout,Web
U01772,2026-04-06 09:31:00,session_start,Web
U01772,2026-04-04 08:18:00,logout,mobile
U01772,2026-04-14 22:55:00,page_view,
U01772,2026-04-04 21:58:00,session_end,
U01773,2026-03-11 10:13:00,login,Web
U01773,2026-03-12 18:23:00,LOGIN ,web
U01773,2026-03-15 01:03:00,Login,web
U01773,2026-03-13 23:37:00,LOGIN ,Web
U01773,2026-03-14 06:20:00,session_start,Web
U01773,2026-03-09 14:44:00,Login,Web
U01773,2026-03-10 13:40:00,login,web
U01773,2026-03-19 19:01:00,session_end,mobile
U01773,2026-03-11 10:03:00,page_view,web
U01774,2026-04-20 22:27:00,page_view,Web
U01774,2026-04-23 01:09:00,logout,mobile
U01774,2026-04-22 00:28:00,LOGIN ,web
U01774,2026-04-23 01:50:00,session_start,web
U01774,2026-04-18 05:23:00,Login,Web
U01774,2026-04-21 06:42:00,page_view,web
U01775,2026-06-08 08:47:00,login,
U01775,2026-06-11 05:11:00,session_end,web
U01775,2026-06-19 18:22:00,LOGIN ,web
U01775,2026-06-12 11:17:00,page_view,web
U01775,2026-06-06 12:15:00,session_start,web
U01775,2026-06-10 17:17:00,session_end,mobile
U01775,2026-06-13 03:28:00,Login,mobile
U01775,2026-06-08 19:47:00,session_start,web
U01775,2026-06-05 17:10:00,logout,
U01775,2026-06-15 21:22:00,session_start,web
U01776,2026-05-30 01:50:00,logout,
U01776,2026-06-01 12:17:00,page_view,
U01776,2026-06-10 15:24:00,LOGIN ,
U01776,2026-06-05 11:24:00,Login,Web
U01776,2026-06-11 01:35:00,LOGIN ,Web
U01776,2026-05-28 23:43:00,login,Web
U01776,2026-05-31 18:37:00,session_end,mobile
U01776,2026-06-02 14:56:00,login,mobile
U01777,2026-05-26 13:07:00,login,mobile
U01777,2026-05-26 11:40:00,LOGIN ,web
U01777,2026-05-22 07:33:00,page_view,mobile
U01777,2026-05-23 21:21:00,Login,web
U01777,2026-05-21 05:59:00,page_view,
U01778,2026-04-06 18:07:00,session_end,web
U01778,2026-04-14 18:50:00,logout,web
U01778,2026-04-13 11:11:00,session_end,mobile
U01778,2026-04-13 19:49:00,login,Web
U01778,2026-04-04 00:27:00,session_start,mobile
U01778,2026-04-15 00:46:00,page_view,mobile
U01778,2026-04-13 01:14:00,session_end,Web
U01778,2026-04-01 03:47:00,session_start,
U01778,2026-04-08 12:37:00,Login,web
U01778,2026-04-10 20:07:00,page_view,web
U01778,2026-04-06 00:54:00,session_start,web
U01778,2026-04-10 14:02:00,session_end,Web
U01778,2026-04-08 09:58:00,logout,Web
U01778,2026-04-06 22:17:00,login,
U01778,2026-04-10 03:56:00,LOGIN ,mobile
U01778,2026-04-09 14:51:00,session_start,
U01778,2026-04-04 17:41:00,LOGIN ,mobile
U01779,2026-05-06 22:59:00,page_view,Web
U01779,2026-05-16 11:26:00,session_start,
U01779,2026-05-14 10:38:00,session_start,mobile
U01779,2026-05-14 12:11:00,page_view,
U01779,2026-05-08 05:45:00,session_start,mobile
U01779,2026-05-07 08:14:00,session_start,web
U01779,2026-05-08 21:55:00,page_view,web
U01779,2026-05-14 21:02:00,LOGIN ,
U01779,2026-05-11 10:43:00,logout,web
U01779,2026-05-19 08:04:00,page_view,mobile
U01779,2026-05-09 06:01:00,session_start,
U01779,2026-05-13 20:54:00,Login,mobile
U01780,2026-01-30 16:28:00,session_start,web
U01780,2026-01-31 20:47:00,session_start,web
U01781,2026-03-29 11:51:00,page_view,web
U01781,2026-03-24 03:30:00,logout,web
U01781,2026-03-17 21:17:00,Login,mobile
U01781,2026-03-21 23:15:00,session_start,Web
U01781,2026-03-26 21:13:00,session_start,mobile
U01782,2026-02-15 01:04:00,Login,web
U01782,2026-02-15 08:12:00,LOGIN ,web
U01782,2026-02-10 11:55:00,page_view,
U01782,2026-02-18 03:51:00,session_start,mobile
U01782,2026-02-13 03:04:00,login,Web
U01783,2026-04-04 12:59:00,Login,web
U01783,2026-04-04 06:16:00,session_start,
U01783,2026-04-11 07:46:00,LOGIN ,Web
U01783,2026-03-29 08:52:00,LOGIN ,Web
U01783,2026-04-09 13:55:00,LOGIN ,
U01783,2026-04-11 06:04:00,page_view,web
U01784,2026-06-08 12:32:00,session_end,Web
U01784,2026-06-05 05:25:00,session_start,mobile
U01784,2026-06-03 20:46:00,login,web
U01784,2026-06-04 20:33:00,session_end,Web
U01784,2026-05-30 17:12:00,login,web
U01784,2026-05-31 17:42:00,LOGIN ,
U01784,2026-06-04 23:56:00,login,
U01785,2026-02-16 13:00:00,session_end,web
U01785,2026-02-25 21:50:00,LOGIN ,web
U01785,2026-02-19 21:39:00,login,mobile
U01785,2026-02-15 09:25:00,logout,mobile
U01785,2026-02-19 16:50:00,Login,
U01785,2026-02-12 14:13:00,LOGIN ,
U01785,2026-02-11 17:29:00,Login,
U01785,2026-02-24 06:05:00,LOGIN ,mobile
U01785,2026-02-22 02:33:00,login,mobile
U01785,2026-02-18 04:48:00,Login,mobile
U01785,2026-02-19 23:00:00,LOGIN ,Web
U01785,2026-02-11 20:14:00,login,mobile
U01785,2026-02-15 18:07:00,page_view,web
U01786,2026-03-28 09:31:00,session_start,Web
U01786,2026-03-31 05:46:00,session_start,mobile
U01786,2026-03-30 22:26:00,session_end,web
U01786,2026-03-25 07:59:00,page_view,
U01786,2026-04-01 04:56:00,page_view,mobile
U01787,2026-03-26 15:51:00,page_view,web
U01787,2026-03-24 02:23:00,LOGIN ,mobile
U01787,2026-03-26 18:11:00,LOGIN ,mobile
U01787,2026-03-16 05:05:00,Login,
U01787,2026-03-23 02:26:00,login,mobile
U01787,2026-03-19 16:19:00,login,
U01787,2026-03-28 16:29:00,session_start,web
U01787,2026-03-18 16:31:00,LOGIN ,web
U01787,2026-03-23 05:26:00,page_view,Web
U01787,2026-03-24 16:04:00,login,Web
U01787,2026-03-27 00:15:00,session_end,web
U01787,2026-03-22 15:34:00,login,mobile
U01787,2026-03-24 16:42:00,Login,
U01787,2026-03-25 20:14:00,session_end,Web
U01788,2026-06-29 20:36:00,Login,web
U01788,2026-06-27 17:57:00,Login,mobile
U01788,2026-06-27 14:41:00,session_end,web
U01788,2026-06-19 13:36:00,LOGIN ,mobile
U01788,2026-06-24 10:15:00,logout,
U01788,2026-06-24 16:46:00,Login,mobile
U01789,2026-04-15 05:02:00,session_start,mobile
U01789,2026-04-13 09:52:00,session_end,
U01789,2026-04-04 21:05:00,LOGIN ,
U01789,2026-04-15 21:53:00,logout,mobile
U01789,2026-04-06 01:52:00,page_view,
U01789,2026-04-10 17:01:00,login,Web
U01789,2026-04-09 15:02:00,login,Web
U01789,2026-04-14 02:54:00,Login,web
U01789,2026-04-07 09:28:00,login,mobile
U01789,2026-04-03 17:12:00,logout,
U01790,2026-05-16 09:35:00,session_start,Web
U01790,2026-05-22 10:25:00,Login,mobile
U01790,2026-05-27 14:34:00,page_view,
U01790,2026-05-25 02:30:00,Login,mobile
U01791,2026-03-01 14:29:00,session_start,web
U01792,2026-03-13 13:48:00,Login,Web
U01792,2026-03-12 02:45:00,Login,
U01792,2026-03-10 18:55:00,session_end,web
U01793,2026-01-27 11:49:00,session_start,Web
U01793,2026-01-22 22:26:00,session_end,Web
U01793,2026-01-31 07:56:00,session_start,
U01793,2026-02-04 22:15:00,page_view,mobile
U01793,2026-01-28 23:53:00,logout,Web
U01793,2026-01-27 02:57:00,logout,Web
U01793,2026-01-26 07:21:00,session_start,
U01794,2026-04-19 22:31:00,session_end,Web
U01794,2026-04-21 04:44:00,session_end,Web
U01795,2026-05-07 16:14:00,session_start,web
U01795,2026-05-10 21:59:00,logout,mobile
U01795,2026-05-09 09:19:00,session_end,mobile
U01795,2026-05-05 19:56:00,session_start,web
U01795,2026-05-06 04:17:00,LOGIN ,Web
U01795,2026-05-02 05:22:00,logout,
U01795,2026-05-09 20:03:00,Login,web
U01795,2026-05-09 16:11:00,session_end,Web
U01795,2026-05-14 18:35:00,session_end,web
U01796,2026-04-26 12:48:00,login,web
U01796,2026-04-15 14:46:00,session_start,mobile
U01796,2026-04-24 05:37:00,LOGIN ,web
U01796,2026-04-15 16:52:00,page_view,web
U01796,2026-04-16 06:31:00,LOGIN ,web
U01796,2026-04-22 05:27:00,session_end,web
U01796,2026-04-20 23:24:00,LOGIN ,Web
U01796,2026-04-25 03:00:00,session_end,
U01796,2026-04-24 03:39:00,logout,
U01796,2026-04-26 00:55:00,session_start,mobile
U01796,2026-04-21 06:43:00,login,mobile
U01796,2026-04-14 19:19:00,login,mobile
U01796,2026-04-22 15:50:00,LOGIN ,Web
U01796,2026-04-14 11:57:00,login,web
U01797,2026-02-10 12:23:00,session_start,Web
U01798,2026-01-27 10:30:00,LOGIN ,
U01798,2026-01-25 20:09:00,session_end,web
U01798,2026-01-22 21:58:00,page_view,
U01798,2026-02-01 23:48:00,login,Web
U01798,2026-01-28 01:55:00,LOGIN ,Web
U01798,2026-01-29 06:33:00,page_view,Web
U01799,2026-03-22 01:36:00,session_start,web
U01799,2026-04-02 00:47:00,session_start,
U01799,2026-04-03 03:26:00,logout,web
U01799,2026-03-31 10:12:00,login,
U01799,2026-03-27 12:01:00,logout,mobile
U01799,2026-03-25 09:44:00,LOGIN ,
U01799,2026-03-30 14:44:00,session_end,web
U01800,2026-05-02 02:18:00,Login,mobile
U01800,2026-05-06 22:57:00,logout,
U01800,2026-05-07 19:28:00,LOGIN ,
U01800,2026-04-29 11:16:00,session_start,web
U01801,2026-05-21 17:12:00,LOGIN ,mobile
U01801,2026-05-21 00:23:00,Login,mobile
U01801,2026-05-28 16:34:00,Login,Web
U01801,2026-05-24 22:37:00,session_start,
U01801,2026-05-21 23:03:00,session_end,web
U01801,2026-05-23 14:48:00,LOGIN ,web
U01802,2026-04-06 03:18:00,page_view,web
U01802,2026-04-05 13:14:00,LOGIN ,
U01802,2026-04-06 10:06:00,Login,
U01802,2026-04-03 18:56:00,Login,
U01803,2026-05-09 01:55:00,Login,mobile
U01803,2026-05-10 23:57:00,session_end,mobile
U01803,2026-05-14 00:38:00,page_view,Web
U01803,2026-05-04 06:04:00,page_view,mobile
U01803,2026-05-01 06:17:00,logout,Web
U01803,2026-05-05 14:38:00,session_end,web
U01804,2026-06-04 01:30:00,Login,Web
U01804,2026-05-27 12:50:00,logout,
U01804,2026-05-23 07:03:00,session_start,mobile
U01804,2026-05-27 11:28:00,logout,mobile
U01804,2026-05-28 22:04:00,page_view,Web
U01804,2026-05-22 01:18:00,login,mobile
U01805,2026-05-25 15:29:00,session_start,
U01805,2026-05-26 19:23:00,logout,mobile
U01805,2026-05-30 04:46:00,Login,Web
U01805,2026-06-01 19:24:00,session_start,mobile
U01806,2026-06-09 02:37:00,session_start,
U01806,2026-06-07 10:49:00,session_start,web
U01806,2026-06-14 04:01:00,logout,Web
U01806,2026-06-07 08:42:00,login,mobile
U01806,2026-06-10 22:39:00,page_view,Web
U01806,2026-06-16 09:13:00,session_end,mobile
U01806,2026-06-08 18:28:00,session_start,Web
U01806,2026-06-03 07:43:00,session_start,
U01806,2026-06-09 08:49:00,session_end,
U01806,2026-06-15 16:38:00,session_end,
U01806,2026-06-11 00:33:00,logout,
U01806,2026-06-10 13:14:00,session_end,web
U01807,2026-04-26 03:34:00,page_view,mobile
U01807,2026-04-27 18:02:00,page_view,Web
U01807,2026-05-01 01:43:00,LOGIN ,Web
U01807,2026-04-26 14:17:00,Login,
U01807,2026-04-22 14:08:00,LOGIN ,Web
U01807,2026-04-26 10:46:00,Login,
U01807,2026-04-30 13:04:00,login,Web
U01808,2026-06-17 14:52:00,page_view,mobile
U01808,2026-06-21 15:17:00,login,
U01808,2026-06-18 02:55:00,session_end,mobile
U01808,2026-06-22 03:59:00,LOGIN ,
U01809,2026-04-11 00:15:00,session_start,mobile
U01809,2026-04-07 00:14:00,LOGIN ,
U01809,2026-04-07 19:38:00,page_view,web
U01809,2026-04-09 00:35:00,page_view,Web
U01809,2026-04-07 15:30:00,session_start,web
U01809,2026-04-13 23:30:00,LOGIN ,web
U01809,2026-03-31 06:36:00,page_view,mobile
U01809,2026-04-12 19:40:00,Login,Web
U01809,2026-04-05 14:53:00,session_end,
U01809,2026-04-10 09:49:00,page_view,
U01810,2026-03-13 07:05:00,logout,
U01810,2026-03-12 15:04:00,session_end,
U01810,2026-03-02 13:26:00,page_view,
U01810,2026-03-11 16:26:00,login,
U01810,2026-03-14 07:50:00,Login,
U01810,2026-03-03 17:07:00,Login,web
U01810,2026-03-03 04:47:00,logout,
U01811,2026-03-22 09:43:00,logout,
U01811,2026-03-24 00:39:00,LOGIN ,
U01811,2026-03-26 11:51:00,logout,Web
U01811,2026-03-29 15:28:00,login,Web
U01812,2026-02-12 12:19:00,LOGIN ,mobile
U01812,2026-02-22 08:36:00,page_view,Web
U01812,2026-02-13 03:08:00,login,
U01812,2026-02-15 05:03:00,session_end,web
U01812,2026-02-22 02:44:00,Login,mobile
U01812,2026-02-23 08:58:00,session_end,mobile
U01812,2026-02-17 00:58:00,login,mobile
U01812,2026-02-22 00:22:00,Login,
U01812,2026-02-14 00:18:00,page_view,Web
U01812,2026-02-15 16:27:00,session_end,
U01812,2026-02-18 01:02:00,login,mobile
U01812,2026-02-23 06:12:00,login,Web
U01812,2026-02-11 09:00:00,LOGIN ,web
U01813,2026-05-28 10:40:00,session_start,Web
U01813,2026-05-22 22:17:00,page_view,mobile
U01813,2026-05-21 13:33:00,session_start,web
U01813,2026-05-24 05:30:00,session_start,mobile
U01814,2026-03-27 07:14:00,Login,Web
U01814,2026-03-21 19:19:00,Login,web
U01815,2026-05-07 17:17:00,LOGIN ,Web
U01815,2026-05-13 12:24:00,login,
U01815,2026-05-19 22:42:00,Login,Web
U01815,2026-05-06 23:26:00,LOGIN ,web
U01815,2026-05-06 06:04:00,session_end,Web
U01815,2026-05-07 20:41:00,session_start,mobile
U01815,2026-05-16 05:40:00,session_start,Web
U01815,2026-05-19 04:13:00,LOGIN ,
U01816,2026-01-08 22:57:00,LOGIN ,Web
U01816,2026-01-09 23:04:00,Login,web
U01816,2026-01-06 17:17:00,page_view,
U01817,2026-03-08 21:11:00,session_start,Web
U01817,2026-03-05 21:03:00,login,mobile
U01817,2026-03-12 16:57:00,session_end,web
U01817,2026-03-15 09:43:00,Login,Web
U01818,2026-04-09 10:56:00,logout,Web
U01818,2026-04-19 05:21:00,page_view,
U01818,2026-04-08 17:42:00,logout,
U01818,2026-04-18 23:41:00,login,
U01818,2026-04-17 16:05:00,logout,mobile
U01818,2026-04-18 16:18:00,page_view,
U01819,2026-06-05 10:54:00,login,mobile
U01819,2026-06-04 08:49:00,login,
U01819,2026-06-03 08:39:00,login,Web
U01820,2026-03-05 11:44:00,session_end,mobile
U01820,2026-03-15 08:03:00,logout,Web
U01820,2026-03-15 10:49:00,LOGIN ,
U01820,2026-03-16 11:04:00,Login,web
U01820,2026-03-11 19:01:00,page_view,
U01820,2026-03-06 03:39:00,logout,Web
U01820,2026-03-17 18:29:00,Login,
U01820,2026-03-07 10:15:00,logout,web
U01820,2026-03-08 03:20:00,session_end,Web
U01820,2026-03-11 09:14:00,logout,Web
U01820,2026-03-09 04:35:00,login,Web
U01820,2026-03-09 21:01:00,login,mobile
U01821,2026-04-19 23:48:00,Login,web
U01821,2026-04-16 11:59:00,login,
U01821,2026-04-15 15:15:00,login,Web
U01821,2026-04-17 06:37:00,login,web
U01821,2026-04-10 08:40:00,page_view,mobile
U01822,2026-04-21 23:39:00,Login,
U01822,2026-04-21 00:57:00,LOGIN ,Web
U01822,2026-05-01 22:23:00,page_view,Web
U01822,2026-05-03 23:24:00,logout,mobile
U01822,2026-05-03 16:19:00,session_end,
U01822,2026-04-24 12:50:00,LOGIN ,
U01822,2026-04-27 22:14:00,logout,mobile
U01822,2026-04-28 07:38:00,session_end,Web
U01822,2026-04-22 02:01:00,session_end,Web
U01823,2026-05-14 17:32:00,session_end,Web
U01823,2026-05-25 14:35:00,session_start,mobile
U01824,2026-03-26 16:54:00,login,Web
U01824,2026-03-21 05:46:00,logout,mobile
U01824,2026-03-23 14:33:00,Login,web
U01825,2026-05-27 02:35:00,session_end,
U01825,2026-05-30 11:40:00,page_view,Web
U01825,2026-05-23 20:44:00,page_view,web
U01825,2026-05-30 14:48:00,LOGIN ,Web
U01825,2026-05-30 13:10:00,page_view,Web
U01826,2026-02-28 23:24:00,page_view,
U01826,2026-02-18 06:58:00,Login,
U01826,2026-02-19 17:51:00,page_view,
U01826,2026-02-23 16:28:00,logout,Web
U01826,2026-02-18 18:35:00,logout,web
U01826,2026-02-28 04:02:00,session_start,Web
U01826,2026-03-04 21:58:00,Login,web
U01826,2026-02-22 12:50:00,session_end,web
U01826,2026-03-04 14:18:00,Login,web
U01826,2026-02-28 12:52:00,LOGIN ,Web
U01826,2026-02-25 15:12:00,session_end,mobile
U01826,2026-02-18 04:19:00,page_view,Web
U01826,2026-03-03 08:00:00,page_view,
U01827,2026-03-19 20:06:00,session_end,
U01827,2026-03-17 17:41:00,session_end,web
U01827,2026-03-17 02:11:00,login,mobile
U01827,2026-03-28 12:31:00,Login,web
U01828,2026-06-19 12:39:00,logout,Web
U01828,2026-06-22 04:57:00,session_start,web
U01828,2026-06-18 12:26:00,page_view,
U01828,2026-06-12 15:04:00,login,
U01828,2026-06-19 18:14:00,LOGIN ,mobile
U01828,2026-06-15 10:26:00,LOGIN ,mobile
U01828,2026-06-19 22:01:00,session_end,mobile
U01828,2026-06-09 21:57:00,logout,mobile
U01828,2026-06-08 20:00:00,login,
U01828,2026-06-09 20:55:00,session_end,mobile
U01828,2026-06-10 02:21:00,Login,web
U01828,2026-06-08 15:18:00,login,
U01828,2026-06-22 12:45:00,page_view,Web
U01829,2026-05-09 01:35:00,session_start,web
U01829,2026-05-18 09:09:00,session_end,mobile
U01829,2026-05-07 12:31:00,Login,mobile
U01829,2026-05-08 09:24:00,logout,Web
U01830,2026-02-12 15:07:00,login,
U01830,2026-02-08 12:03:00,session_start,
U01830,2026-02-18 07:31:00,session_start,mobile
U01830,2026-02-09 08:07:00,session_end,web
U01831,2026-01-06 01:29:00,Login,web
U01831,2026-01-14 21:16:00,session_start,web
U01831,2026-01-17 03:41:00,login,
U01831,2026-01-06 23:22:00,logout,
U01831,2026-01-10 14:40:00,logout,
U01831,2026-01-17 10:34:00,page_view,Web
U01831,2026-01-13 11:28:00,session_end,web
U01832,2026-03-24 07:51:00,page_view,mobile
U01832,2026-03-16 20:29:00,logout,Web
U01832,2026-03-20 18:48:00,page_view,Web
U01832,2026-03-22 15:59:00,session_end,web
U01832,2026-03-23 00:52:00,session_end,mobile
U01832,2026-03-21 15:33:00,LOGIN ,
U01833,2026-04-28 05:13:00,logout,web
U01833,2026-05-01 00:18:00,LOGIN ,mobile
U01833,2026-04-26 08:56:00,Login,web
U01833,2026-04-27 19:52:00,session_end,mobile
U01833,2026-04-23 14:54:00,login,web
U01833,2026-04-23 04:25:00,logout,
U01833,2026-04-28 10:16:00,session_start,Web
U01833,2026-04-26 22:49:00,session_end,
U01833,2026-05-05 09:50:00,page_view,web
U01833,2026-04-29 06:33:00,Login,Web
U01834,2026-01-25 03:30:00,logout,mobile
U01834,2026-02-06 20:12:00,login,mobile
U01834,2026-02-06 11:32:00,Login,web
U01834,2026-01-31 05:24:00,Login,mobile
U01834,2026-02-06 00:34:00,logout,web
U01834,2026-02-05 23:58:00,LOGIN ,web
U01834,2026-02-01 22:32:00,page_view,
U01835,2026-05-21 22:05:00,login,mobile
U01835,2026-05-19 11:32:00,login,Web
U01835,2026-05-11 22:56:00,Login,web
U01835,2026-05-13 10:43:00,logout,
U01835,2026-05-21 15:08:00,login,web
U01835,2026-05-09 14:06:00,page_view,
U01835,2026-05-15 03:00:00,session_end,web
U01836,2026-05-01 21:55:00,session_start,
U01836,2026-05-02 13:14:00,LOGIN ,mobile
U01836,2026-04-19 10:09:00,session_start,
U01836,2026-04-21 20:28:00,login,web
U01836,2026-04-18 14:48:00,login,
U01836,2026-04-26 13:33:00,page_view,
U01836,2026-04-22 13:47:00,logout,Web
U01836,2026-04-19 09:30:00,Login,Web
U01836,2026-05-01 19:53:00,LOGIN ,
U01837,2026-05-07 18:21:00,Login,
U01837,2026-05-03 05:21:00,Login,Web
U01837,2026-05-06 14:59:00,session_start,
U01837,2026-05-10 15:51:00,logout,mobile
U01837,2026-05-09 18:23:00,login,
U01837,2026-05-09 12:02:00,Login,mobile
U01838,2026-04-05 20:15:00,page_view,
U01838,2026-04-06 00:06:00,LOGIN ,web
U01839,2026-01-29 19:22:00,page_view,web
U01839,2026-01-25 14:50:00,page_view,web
U01839,2026-01-20 20:49:00,login,
U01839,2026-01-26 21:40:00,page_view,mobile
U01839,2026-01-17 07:03:00,page_view,Web
U01839,2026-01-22 15:09:00,LOGIN ,
U01839,2026-01-16 22:05:00,LOGIN ,Web
U01840,2026-05-30 21:40:00,logout,mobile
U01840,2026-05-23 16:49:00,LOGIN ,web
U01840,2026-05-26 04:59:00,logout,web
U01841,2026-02-25 05:35:00,page_view,web
U01841,2026-02-24 23:44:00,page_view,
U01841,2026-02-25 01:42:00,logout,mobile
U01842,2026-01-04 18:34:00,login,Web
U01842,2026-01-05 20:33:00,Login,Web
U01842,2026-01-18 06:17:00,logout,mobile
U01842,2026-01-10 07:20:00,session_start,web
U01843,2026-03-16 16:31:00,session_start,mobile
U01843,2026-03-09 15:09:00,LOGIN ,Web
U01843,2026-03-06 22:27:00,session_start,
U01843,2026-03-07 03:51:00,session_end,
U01843,2026-03-16 09:15:00,login,
U01843,2026-03-09 15:19:00,Login,mobile
U01843,2026-03-07 12:33:00,Login,Web
U01843,2026-03-13 15:01:00,session_end,mobile
U01843,2026-03-14 10:06:00,session_start,mobile
U01843,2026-03-13 22:37:00,login,Web
U01843,2026-03-10 08:33:00,logout,mobile
U01844,2026-03-11 04:28:00,session_start,mobile
U01844,2026-03-08 03:55:00,Login,Web
U01844,2026-03-13 03:08:00,page_view,
U01845,2026-05-04 12:14:00,LOGIN ,web
U01845,2026-05-02 03:39:00,session_start,Web
U01845,2026-05-02 14:27:00,LOGIN ,mobile
U01845,2026-05-11 04:19:00,session_start,
U01845,2026-05-06 10:48:00,login,
U01846,2026-03-04 05:04:00,session_start,Web
U01847,2026-03-22 14:06:00,Login,Web
U01847,2026-04-01 21:09:00,page_view,Web
U01847,2026-03-26 08:41:00,session_start,web
U01847,2026-04-01 20:53:00,LOGIN ,web
U01847,2026-03-31 00:22:00,logout,
U01847,2026-03-25 21:21:00,page_view,web
U01847,2026-03-28 13:26:00,LOGIN ,
U01847,2026-03-29 09:07:00,Login,mobile
U01848,2026-06-12 05:29:00,session_start,web
U01848,2026-06-18 17:49:00,Login,mobile
U01848,2026-06-16 19:18:00,session_end,mobile
U01848,2026-06-21 04:58:00,LOGIN ,Web
U01848,2026-06-13 09:52:00,logout,web
U01848,2026-06-17 00:42:00,Login,Web
U01848,2026-06-23 07:19:00,login,
U01849,2026-05-20 22:53:00,LOGIN ,Web
U01849,2026-05-20 03:51:00,LOGIN ,web
U01849,2026-05-15 20:49:00,session_end,web
U01849,2026-05-14 20:06:00,LOGIN ,
U01849,2026-05-27 07:36:00,page_view,web
U01850,2026-05-14 05:53:00,session_end,mobile
U01850,2026-05-16 10:33:00,LOGIN ,Web
U01850,2026-05-12 22:00:00,page_view,web
U01850,2026-05-06 14:30:00,login,mobile
U01850,2026-05-18 14:31:00,page_view,web
U01850,2026-05-18 10:24:00,page_view,Web
U01851,2026-02-23 19:00:00,logout,web
U01851,2026-03-02 14:18:00,LOGIN ,
U01851,2026-03-01 08:00:00,session_end,web
U01851,2026-03-02 06:01:00,logout,mobile
U01851,2026-02-22 18:40:00,login,
U01851,2026-02-24 03:38:00,session_end,
U01851,2026-02-25 17:47:00,LOGIN ,web
U01851,2026-02-22 22:36:00,Login,
U01851,2026-02-26 08:20:00,Login,
U01852,2026-03-07 10:35:00,session_start,mobile
U01852,2026-03-05 00:59:00,Login,mobile
U01853,2026-06-20 12:20:00,session_start,mobile
U01854,2026-01-10 01:00:00,session_end,web
U01854,2026-01-09 18:34:00,login,web
U01854,2026-01-17 16:49:00,session_end,web
U01854,2026-01-04 22:15:00,login,web
U01854,2026-01-09 06:29:00,session_end,mobile
U01855,2026-02-08 12:55:00,session_end,
U01855,2026-02-10 05:50:00,page_view,mobile
U01855,2026-01-31 06:00:00,session_start,web
U01855,2026-01-31 17:04:00,logout,
U01855,2026-02-09 23:10:00,Login,mobile
U01856,2026-01-16 22:37:00,session_start,
U01856,2026-01-13 12:10:00,login,Web
U01856,2026-01-07 02:22:00,logout,web
U01856,2026-01-12 17:03:00,session_start,web
U01856,2026-01-16 21:57:00,Login,
U01856,2026-01-14 04:39:00,page_view,mobile
U01856,2026-01-16 22:38:00,LOGIN ,mobile
U01857,2026-06-12 17:26:00,Login,Web
U01857,2026-06-10 07:19:00,session_end,mobile
U01857,2026-06-13 12:12:00,session_end,
U01858,2026-03-15 20:17:00,session_end,Web
U01858,2026-03-10 19:05:00,login,mobile
U01858,2026-03-17 23:14:00,Login,Web
U01858,2026-03-10 16:32:00,LOGIN ,
U01858,2026-03-18 04:57:00,session_end,mobile
U01858,2026-03-09 12:41:00,Login,web
U01858,2026-03-19 13:05:00,page_view,web
U01859,2026-01-29 10:58:00,session_end,
U01859,2026-01-29 06:01:00,page_view,mobile
U01859,2026-02-02 13:05:00,LOGIN ,web
U01859,2026-02-05 21:54:00,logout,Web
U01859,2026-01-25 13:29:00,session_end,Web
U01859,2026-02-03 21:10:00,page_view,web
U01860,2026-03-30 14:38:00,logout,web
U01861,2026-01-20 10:54:00,LOGIN ,web
U01861,2026-01-28 02:35:00,session_end,web
U01861,2026-01-23 20:10:00,session_end,Web
U01861,2026-01-21 16:19:00,session_end,
U01861,2026-01-20 18:16:00,login,web
U01861,2026-01-25 05:26:00,Login,
U01861,2026-01-21 23:34:00,logout,web
U01862,2026-06-01 15:42:00,Login,web
U01862,2026-05-31 01:35:00,page_view,web
U01862,2026-05-23 14:51:00,login,web
U01862,2026-05-27 15:18:00,logout,mobile
U01863,2026-03-13 21:42:00,LOGIN ,
U01863,2026-03-06 21:09:00,page_view,mobile
U01863,2026-03-06 11:52:00,page_view,Web
U01863,2026-03-14 20:26:00,session_end,web
U01863,2026-03-12 22:35:00,LOGIN ,
U01863,2026-03-14 19:46:00,login,web
U01864,2026-06-16 10:44:00,page_view,web
U01865,2026-01-08 06:24:00,logout,mobile
U01865,2026-01-10 22:11:00,LOGIN ,Web
U01866,2026-04-14 15:43:00,login,web
U01866,2026-04-04 11:07:00,session_end,web
U01866,2026-04-08 20:28:00,Login,Web
U01866,2026-04-13 08:49:00,session_start,web
U01866,2026-04-11 11:51:00,session_start,
U01866,2026-04-16 05:53:00,LOGIN ,
U01867,2026-03-13 09:29:00,session_start,mobile
U01867,2026-03-20 01:43:00,session_end,mobile
U01867,2026-03-11 14:08:00,page_view,web
U01867,2026-03-15 03:54:00,logout,web
U01867,2026-03-06 22:44:00,logout,
U01867,2026-03-09 08:41:00,session_start,Web
U01867,2026-03-16 21:05:00,session_end,web
U01868,2026-05-06 08:56:00,logout,mobile
U01868,2026-04-23 21:09:00,Login,mobile
U01868,2026-04-23 10:49:00,logout,
U01868,2026-05-07 11:29:00,Login,mobile
U01868,2026-05-05 13:35:00,logout,mobile
U01868,2026-05-07 16:54:00,session_start,
U01868,2026-04-28 14:23:00,page_view,Web
U01868,2026-04-28 04:21:00,session_end,
U01869,2026-05-27 10:24:00,session_end,Web
U01869,2026-05-19 23:27:00,logout,
U01869,2026-05-23 16:30:00,session_end,mobile
U01869,2026-05-29 12:19:00,logout,
U01869,2026-05-20 07:02:00,login,web
U01870,2026-02-20 10:22:00,LOGIN ,
U01870,2026-02-28 08:21:00,logout,mobile
U01870,2026-02-21 09:28:00,session_end,Web
U01870,2026-02-20 18:16:00,page_view,Web
U01870,2026-02-22 14:00:00,LOGIN ,web
U01870,2026-03-01 22:19:00,LOGIN ,web
U01870,2026-02-23 21:47:00,session_start,mobile
U01871,2026-04-12 06:30:00,login,
U01871,2026-04-09 10:41:00,login,web
U01871,2026-04-08 03:37:00,session_start,web
U01871,2026-04-03 17:41:00,session_start,Web
U01872,2026-05-10 19:22:00,LOGIN ,Web
U01872,2026-05-02 05:36:00,session_end,web
U01872,2026-05-10 06:15:00,page_view,mobile
U01872,2026-05-04 02:39:00,page_view,
U01872,2026-05-13 14:46:00,login,web
U01873,2026-05-30 00:55:00,login,
U01873,2026-05-29 22:50:00,session_start,Web
U01873,2026-06-04 06:24:00,login,Web
U01873,2026-05-30 19:00:00,logout,Web
U01873,2026-05-31 04:28:00,login,Web
U01873,2026-05-25 21:26:00,session_end,Web
U01874,2026-05-23 08:38:00,Login,Web
U01874,2026-05-28 15:24:00,page_view,mobile
U01874,2026-05-27 16:26:00,login,
U01874,2026-05-26 23:05:00,page_view,
U01874,2026-05-28 14:24:00,LOGIN ,Web
U01874,2026-05-24 21:03:00,session_end,Web
U01874,2026-05-19 02:50:00,session_end,
U01874,2026-05-26 10:10:00,page_view,web
U01874,2026-05-30 22:28:00,logout,web
U01875,2026-03-27 00:55:00,LOGIN ,mobile
U01875,2026-03-27 02:08:00,session_start,web
U01875,2026-03-22 10:44:00,logout,
U01876,2026-04-08 01:08:00,page_view,Web
U01876,2026-04-18 10:39:00,LOGIN ,
U01876,2026-04-10 18:20:00,LOGIN ,web
U01876,2026-04-14 05:26:00,session_end,web
U01876,2026-04-07 01:31:00,session_end,mobile
U01876,2026-04-11 06:06:00,logout,mobile
U01877,2026-06-18 18:58:00,LOGIN ,web
U01877,2026-06-15 23:15:00,logout,Web
U01877,2026-06-18 18:45:00,Login,mobile
U01877,2026-06-15 11:44:00,session_end,web
U01877,2026-06-24 05:18:00,LOGIN ,Web
U01877,2026-06-26 15:04:00,login,
U01877,2026-06-15 22:29:00,LOGIN ,mobile
U01878,2026-02-22 03:58:00,logout,Web
U01878,2026-02-26 04:32:00,logout,
U01878,2026-02-20 04:31:00,page_view,web
U01878,2026-02-19 06:06:00,session_start,Web
U01878,2026-02-27 01:08:00,session_end,web
U01878,2026-02-17 12:00:00,logout,
U01879,2026-04-10 07:53:00,LOGIN ,Web
U01879,2026-04-07 06:17:00,page_view,
U01879,2026-04-04 05:41:00,page_view,
U01880,2026-03-27 07:46:00,LOGIN ,
U01880,2026-03-28 02:45:00,session_start,mobile
U01880,2026-04-02 17:42:00,session_start,web
U01880,2026-04-05 05:21:00,Login,web
U01880,2026-03-29 23:46:00,login,Web
U01880,2026-04-03 20:46:00,Login,Web
U01880,2026-04-06 03:30:00,Login,mobile
U01880,2026-04-03 12:59:00,session_end,Web
U01880,2026-03-24 08:46:00,page_view,Web
U01881,2026-04-18 11:10:00,session_start,web
U01881,2026-04-20 04:52:00,page_view,mobile
U01881,2026-04-15 09:41:00,session_start,mobile
U01881,2026-04-24 05:16:00,login,Web
U01881,2026-04-24 23:59:00,LOGIN ,mobile
U01881,2026-04-10 12:57:00,login,web
U01881,2026-04-13 19:01:00,login,Web
U01882,2026-05-27 20:33:00,session_end,mobile
U01882,2026-05-29 11:54:00,page_view,mobile
U01882,2026-05-25 08:03:00,session_end,
U01883,2026-03-14 11:26:00,session_end,mobile
U01883,2026-03-17 10:23:00,LOGIN ,
U01883,2026-03-17 16:23:00,session_end,web
U01883,2026-03-22 04:35:00,LOGIN ,mobile
U01884,2026-06-23 18:49:00,session_start,Web
U01884,2026-06-22 12:37:00,session_end,web
U01884,2026-06-14 11:45:00,LOGIN ,
U01884,2026-06-25 06:52:00,logout,mobile
U01884,2026-06-28 16:00:00,session_start,mobile
U01884,2026-06-20 20:24:00,login,Web
U01885,2026-01-25 09:16:00,session_start,Web
U01885,2026-01-25 03:29:00,logout,Web
U01885,2026-01-25 10:26:00,page_view,
U01885,2026-01-30 10:33:00,session_end,web
U01885,2026-02-04 12:20:00,session_end,
U01885,2026-02-07 18:31:00,logout,mobile
U01885,2026-01-27 06:10:00,LOGIN ,mobile
U01885,2026-01-25 08:15:00,login,web
U01885,2026-01-31 07:44:00,login,web
U01885,2026-02-07 01:52:00,session_start,
U01885,2026-02-07 03:47:00,logout,mobile
U01885,2026-01-31 07:21:00,session_end,web
U01885,2026-02-06 21:51:00,logout,web
U01886,2026-01-25 09:45:00,Login,web
U01886,2026-01-25 04:35:00,session_start,web
U01886,2026-01-14 04:13:00,Login,
U01886,2026-01-22 03:17:00,login,mobile
U01886,2026-01-22 09:59:00,LOGIN ,Web
U01887,2026-02-23 04:16:00,page_view,mobile
U01888,2026-02-21 09:15:00,login,mobile
U01888,2026-02-22 22:08:00,logout,web
U01888,2026-02-19 00:06:00,Login,mobile
U01888,2026-02-26 16:38:00,Login,mobile
U01888,2026-02-23 21:15:00,LOGIN ,web
U01888,2026-03-01 18:53:00,session_start,web
U01889,2026-06-07 07:21:00,Login,mobile
U01889,2026-06-05 10:24:00,login,
U01889,2026-06-02 05:37:00,LOGIN ,Web
U01889,2026-06-02 23:31:00,logout,
U01889,2026-05-31 01:57:00,logout,
U01889,2026-06-03 18:59:00,LOGIN ,mobile
U01889,2026-06-02 02:57:00,LOGIN ,web
U01890,2026-05-14 06:00:00,page_view,
U01890,2026-05-06 19:03:00,session_start,mobile
U01890,2026-05-20 07:24:00,login,mobile
U01890,2026-05-13 06:58:00,login,Web
U01890,2026-05-12 15:53:00,page_view,mobile
U01890,2026-05-12 02:31:00,page_view,mobile
U01890,2026-05-12 05:37:00,Login,Web
U01890,2026-05-11 19:42:00,session_end,
U01890,2026-05-17 14:55:00,session_start,mobile
U01890,2026-05-14 23:47:00,Login,Web
U01890,2026-05-09 16:09:00,login,Web
U01891,2026-06-07 05:38:00,Login,mobile
U01891,2026-06-03 05:33:00,logout,mobile
U01891,2026-06-04 16:46:00,logout,web
U01891,2026-06-04 16:59:00,LOGIN ,mobile
U01891,2026-06-12 05:13:00,LOGIN ,web
U01891,2026-06-07 04:31:00,page_view,web
U01892,2026-04-16 18:55:00,page_view,Web
U01892,2026-04-18 01:56:00,page_view,web
U01892,2026-04-08 09:04:00,Login,Web
U01892,2026-04-09 05:11:00,session_end,mobile
U01892,2026-04-08 11:24:00,session_start,web
U01892,2026-04-12 21:52:00,page_view,mobile
U01893,2026-01-28 22:14:00,logout,Web
U01893,2026-01-19 08:26:00,Login,mobile
U01893,2026-01-22 20:29:00,LOGIN ,web
U01893,2026-01-24 06:54:00,LOGIN ,mobile
U01893,2026-01-22 22:33:00,session_start,Web
U01893,2026-01-31 19:05:00,page_view,web
U01893,2026-01-24 07:48:00,login,Web
U01893,2026-01-24 17:30:00,LOGIN ,Web
U01893,2026-01-19 16:44:00,Login,Web
U01893,2026-01-31 15:08:00,Login,mobile
U01894,2026-02-01 22:43:00,Login,web
U01894,2026-01-21 15:00:00,session_end,
U01894,2026-02-03 02:35:00,session_start,Web
U01894,2026-01-29 09:25:00,page_view,
U01894,2026-01-25 14:46:00,page_view,Web
U01894,2026-01-23 23:39:00,login,Web
U01895,2026-04-11 07:47:00,LOGIN ,
U01895,2026-04-16 11:02:00,session_end,
U01895,2026-04-12 04:42:00,logout,mobile
U01896,2026-04-24 21:00:00,page_view,mobile
U01896,2026-04-22 04:43:00,page_view,Web
U01896,2026-04-29 20:42:00,page_view,Web
U01896,2026-05-01 20:06:00,logout,web
U01896,2026-04-28 21:03:00,logout,Web
U01896,2026-04-22 23:26:00,Login,Web
U01896,2026-04-18 04:27:00,page_view,
U01896,2026-04-24 13:57:00,page_view,web
U01896,2026-04-29 20:59:00,session_end,Web
U01897,2026-06-07 23:20:00,session_end,
U01897,2026-06-11 15:02:00,Login,mobile
U01897,2026-06-13 08:10:00,logout,Web
U01897,2026-06-20 10:48:00,Login,mobile
U01897,2026-06-07 13:20:00,LOGIN ,mobile
U01897,2026-06-09 13:40:00,login,Web
U01897,2026-06-10 09:55:00,login,mobile
U01897,2026-06-14 02:22:00,Login,Web
U01898,2026-01-22 03:02:00,session_end,web
U01898,2026-01-24 21:53:00,session_start,mobile
U01898,2026-01-29 00:39:00,page_view,Web
U01898,2026-01-22 23:04:00,page_view,mobile
U01898,2026-01-21 11:10:00,page_view,
U01898,2026-01-23 18:28:00,LOGIN ,
U01898,2026-01-27 14:03:00,session_start,
U01899,2026-03-07 20:42:00,session_start,Web
U01899,2026-03-01 05:32:00,session_start,mobile
U01899,2026-02-25 14:42:00,page_view,web
U01899,2026-03-04 16:05:00,page_view,web
U01899,2026-03-08 02:46:00,login,web
U01899,2026-02-27 09:53:00,LOGIN ,web
U01900,2026-01-31 12:38:00,page_view,Web
U01900,2026-01-28 03:07:00,page_view,
U01900,2026-01-30 22:37:00,page_view,web
U01900,2026-01-26 08:16:00,session_end,web
U01900,2026-02-08 01:42:00,logout,web
U01900,2026-02-02 05:44:00,Login,web
U01900,2026-02-06 09:58:00,session_end,mobile
U01900,2026-01-26 09:36:00,session_end,mobile
U01901,2026-05-17 22:26:00,LOGIN ,web
U01901,2026-05-31 08:05:00,Login,web
U01901,2026-05-17 14:02:00,page_view,Web
U01901,2026-05-27 06:04:00,login,Web
U01901,2026-05-22 00:13:00,login,Web
U01901,2026-05-28 16:32:00,session_start,Web
U01901,2026-05-17 12:26:00,login,
U01901,2026-05-24 11:41:00,login,Web
U01901,2026-05-18 08:33:00,Login,Web
U01901,2026-05-31 02:21:00,session_start,web
U01901,2026-05-26 11:07:00,LOGIN ,mobile
U01901,2026-05-31 14:30:00,login,mobile
U01902,2026-02-20 10:49:00,Login,
U01902,2026-02-20 03:21:00,login,web
U01902,2026-02-20 22:27:00,Login,
U01902,2026-03-04 03:16:00,Login,Web
U01902,2026-02-28 06:16:00,login,web
U01902,2026-02-25 03:41:00,logout,
U01903,2026-03-10 00:40:00,LOGIN ,
U01903,2026-03-07 10:22:00,Login,web
U01903,2026-03-18 22:02:00,session_start,mobile
U01903,2026-03-12 02:11:00,Login,web
U01903,2026-03-12 04:20:00,page_view,web
U01903,2026-03-13 20:19:00,LOGIN ,mobile
U01903,2026-03-09 00:35:00,session_end,
U01903,2026-03-16 01:47:00,session_end,
U01904,2026-02-25 18:08:00,LOGIN ,mobile
U01904,2026-02-28 07:26:00,login,web
U01904,2026-02-25 00:59:00,session_end,mobile
U01904,2026-02-27 02:53:00,logout,web
U01904,2026-02-27 22:53:00,LOGIN ,web
U01904,2026-02-15 19:39:00,page_view,web
U01904,2026-02-17 23:55:00,session_end,
U01904,2026-02-26 03:50:00,session_end,mobile
U01904,2026-02-25 22:54:00,logout,mobile
U01904,2026-02-23 16:28:00,logout,Web
U01904,2026-02-26 02:21:00,page_view,Web
U01904,2026-02-24 04:51:00,LOGIN ,Web
U01904,2026-02-25 06:19:00,page_view,Web
U01904,2026-02-28 01:09:00,session_start,
U01904,2026-02-19 20:11:00,session_start,mobile
U01904,2026-02-23 22:27:00,page_view,
U01904,2026-02-28 13:57:00,LOGIN ,web
U01905,2026-06-06 02:02:00,LOGIN ,web
U01905,2026-06-04 05:36:00,page_view,mobile
U01905,2026-06-03 14:09:00,logout,Web
U01905,2026-05-26 00:47:00,session_start,
U01905,2026-05-30 15:39:00,session_end,mobile
U01905,2026-06-02 12:29:00,session_start,web
U01905,2026-05-23 15:00:00,session_end,mobile
U01905,2026-05-27 01:32:00,session_end,mobile
U01905,2026-06-02 11:05:00,page_view,mobile
U01906,2026-06-16 23:48:00,login,Web
U01906,2026-06-20 18:11:00,login,mobile
U01906,2026-06-23 07:50:00,session_start,
U01906,2026-06-14 22:24:00,page_view,mobile
U01906,2026-06-13 02:28:00,logout,mobile
U01906,2026-06-22 10:46:00,login,mobile
U01906,2026-06-19 20:53:00,logout,
U01907,2026-04-20 21:35:00,logout,
U01907,2026-04-29 13:49:00,login,web
U01908,2026-03-01 00:35:00,LOGIN ,web
U01908,2026-02-26 07:39:00,login,mobile
U01908,2026-02-26 20:42:00,session_start,
U01909,2026-05-24 15:13:00,logout,
U01909,2026-05-10 16:26:00,Login,mobile
U01909,2026-05-13 18:38:00,page_view,Web
U01909,2026-05-10 12:25:00,page_view,
U01909,2026-05-20 15:27:00,login,Web
U01910,2026-02-15 00:33:00,page_view,web
U01910,2026-02-20 01:21:00,logout,web
U01910,2026-02-20 19:03:00,session_end,mobile
U01910,2026-02-10 13:40:00,session_end,mobile
U01910,2026-02-15 01:44:00,page_view,web
U01910,2026-02-15 11:57:00,session_start,Web
U01910,2026-02-14 02:37:00,session_end,Web
U01911,2026-05-06 02:54:00,Login,Web
U01911,2026-04-27 13:04:00,session_start,web
U01911,2026-04-29 00:44:00,Login,web
U01911,2026-05-01 12:05:00,session_end,web
U01911,2026-05-06 20:32:00,login,Web
U01911,2026-05-03 17:13:00,session_start,
U01911,2026-05-02 08:39:00,login,mobile
U01911,2026-04-26 02:28:00,session_start,Web
U01912,2026-05-30 22:05:00,login,
U01912,2026-05-27 14:21:00,LOGIN ,web
U01912,2026-06-01 21:50:00,login,Web
U01912,2026-05-24 15:21:00,page_view,mobile
U01912,2026-06-01 03:21:00,logout,
U01912,2026-05-26 20:42:00,logout,mobile
U01913,2026-06-26 05:39:00,LOGIN ,web
U01913,2026-06-23 17:15:00,logout,
U01913,2026-06-12 06:37:00,login,mobile
U01913,2026-06-18 15:18:00,session_end,
U01913,2026-06-19 11:56:00,session_start,
U01913,2026-06-17 06:49:00,logout,Web
U01913,2026-06-13 10:15:00,LOGIN ,
U01913,2026-06-16 06:38:00,Login,
U01913,2026-06-12 16:06:00,Login,web
U01913,2026-06-19 17:02:00,logout,web
U01913,2026-06-15 15:34:00,login,web
U01913,2026-06-13 00:15:00,page_view,mobile
U01913,2026-06-24 00:32:00,Login,mobile
U01913,2026-06-16 03:52:00,logout,
U01913,2026-06-12 19:43:00,session_end,web
U01913,2026-06-21 14:22:00,session_start,Web
U01914,2026-06-06 12:25:00,login,web
U01914,2026-06-12 12:16:00,LOGIN ,Web
U01914,2026-06-19 19:03:00,LOGIN ,mobile
U01914,2026-06-17 18:18:00,page_view,
U01914,2026-06-16 02:27:00,page_view,mobile
U01914,2026-06-07 22:10:00,session_start,
U01915,2026-05-22 13:06:00,login,Web
U01915,2026-05-24 20:50:00,logout,web
U01915,2026-05-22 23:24:00,login,mobile
U01915,2026-05-28 20:19:00,logout,
U01915,2026-05-25 23:21:00,session_end,mobile
U01915,2026-06-03 02:45:00,session_end,Web
U01915,2026-05-26 17:32:00,logout,
U01915,2026-06-03 08:55:00,session_end,mobile
U01916,2026-03-20 06:42:00,session_end,
U01916,2026-03-11 11:12:00,session_end,web
U01916,2026-03-15 01:11:00,Login,Web
U01916,2026-03-15 14:26:00,login,Web
U01916,2026-03-11 08:14:00,page_view,mobile
U01917,2026-04-22 21:49:00,session_start,mobile
U01917,2026-04-18 20:41:00,login,web
U01917,2026-04-20 10:28:00,LOGIN ,mobile
U01917,2026-04-24 23:29:00,session_end,Web
U01918,2026-01-16 12:48:00,Login,web
U01918,2026-01-17 22:13:00,page_view,Web
U01918,2026-01-11 22:36:00,login,web
U01918,2026-01-11 09:59:00,session_end,mobile
U01919,2026-01-15 15:34:00,logout,Web
U01919,2026-01-07 06:18:00,session_start,web
U01919,2026-01-10 02:50:00,Login,web
U01920,2026-03-31 13:31:00,session_start,web
U01920,2026-04-01 16:59:00,session_end,
U01921,2026-02-24 02:01:00,session_start,
U01921,2026-03-09 10:32:00,session_end,
U01921,2026-03-04 21:10:00,page_view,Web
U01921,2026-02-26 23:23:00,logout,
U01921,2026-03-01 17:08:00,logout,mobile
U01921,2026-03-04 10:16:00,page_view,web
U01921,2026-03-06 21:19:00,page_view,Web
U01921,2026-03-06 10:01:00,page_view,mobile
U01921,2026-03-10 18:35:00,session_start,mobile
U01922,2026-05-30 06:47:00,LOGIN ,
U01922,2026-05-28 19:48:00,login,web
U01922,2026-05-26 09:38:00,session_end,
U01922,2026-05-22 04:38:00,page_view,
U01922,2026-06-03 10:14:00,Login,mobile
U01922,2026-06-04 02:22:00,page_view,mobile
U01922,2026-05-22 15:01:00,session_start,web
U01922,2026-05-31 01:50:00,LOGIN ,
U01922,2026-05-30 13:01:00,login,Web
U01922,2026-05-22 16:45:00,logout,mobile
U01922,2026-06-05 07:59:00,LOGIN ,Web
U01923,2026-05-28 05:38:00,session_end,mobile
U01923,2026-06-05 20:47:00,LOGIN ,Web
U01923,2026-05-31 02:32:00,Login,mobile
U01923,2026-06-08 15:35:00,session_end,web
U01923,2026-05-31 20:31:00,logout,Web
U01923,2026-05-29 11:01:00,session_start,Web
U01923,2026-05-30 16:54:00,Login,web
U01924,2026-01-23 06:38:00,LOGIN ,web
U01924,2026-01-20 22:51:00,login,
U01925,2026-02-17 13:28:00,session_start,Web
U01925,2026-02-14 00:02:00,logout,Web
U01926,2026-06-02 23:20:00,session_start,
U01926,2026-06-10 01:41:00,Login,
U01926,2026-06-12 14:13:00,Login,
U01926,2026-05-31 08:11:00,LOGIN ,
U01926,2026-06-03 02:22:00,logout,web
U01926,2026-06-12 13:47:00,Login,mobile
U01926,2026-06-08 10:27:00,session_start,web
U01926,2026-06-09 08:32:00,logout,mobile
U01926,2026-06-10 08:41:00,Login,
U01926,2026-06-03 17:21:00,login,
U01926,2026-06-07 05:44:00,session_start,Web
U01927,2026-03-18 15:30:00,Login,web
U01927,2026-03-19 12:04:00,LOGIN ,
U01927,2026-03-07 02:31:00,page_view,Web
U01927,2026-03-19 02:38:00,session_start,Web
U01927,2026-03-07 23:03:00,login,mobile
U01927,2026-03-12 13:43:00,session_end,mobile
U01927,2026-03-21 21:21:00,session_end,
U01927,2026-03-20 04:28:00,session_end,mobile
U01927,2026-03-17 17:30:00,session_start,
U01927,2026-03-13 10:16:00,login,mobile
U01927,2026-03-10 09:30:00,logout,web
U01927,2026-03-11 11:07:00,Login,
U01928,2026-05-31 21:56:00,login,mobile
U01928,2026-06-04 20:50:00,Login,
U01928,2026-06-09 11:51:00,logout,
U01928,2026-06-01 05:36:00,Login,
U01929,2026-03-04 11:24:00,Login,
U01929,2026-03-02 08:21:00,page_view,Web
U01929,2026-02-25 07:49:00,LOGIN ,mobile
U01929,2026-03-06 14:23:00,session_end,Web
U01929,2026-03-02 07:25:00,page_view,Web
U01929,2026-03-07 05:11:00,page_view,web
U01929,2026-03-10 18:16:00,session_start,web
U01929,2026-03-02 08:56:00,LOGIN ,
U01929,2026-03-10 12:22:00,session_end,mobile
U01929,2026-03-06 21:49:00,page_view,web
U01929,2026-02-26 17:46:00,page_view,
U01930,2026-03-31 22:55:00,session_end,mobile
U01930,2026-04-07 14:03:00,LOGIN ,mobile
U01930,2026-04-02 17:21:00,page_view,mobile
U01930,2026-04-07 16:28:00,login,Web
U01930,2026-04-06 22:33:00,Login,Web
U01930,2026-04-04 20:49:00,LOGIN ,mobile
U01931,2026-05-28 04:52:00,session_end,
U01931,2026-06-11 22:15:00,session_end,Web
U01931,2026-06-01 08:55:00,logout,mobile
U01931,2026-06-09 08:03:00,Login,Web
U01931,2026-06-10 17:48:00,login,Web
U01931,2026-06-08 13:32:00,session_end,
U01931,2026-06-08 23:56:00,page_view,web
U01931,2026-06-05 22:28:00,session_start,mobile
U01932,2026-01-24 08:42:00,Login,
U01932,2026-01-12 09:28:00,logout,
U01932,2026-01-11 03:22:00,session_start,
U01932,2026-01-13 15:50:00,session_end,web
U01932,2026-01-15 13:07:00,logout,
U01932,2026-01-12 02:47:00,session_start,mobile
U01932,2026-01-16 15:54:00,login,mobile
U01932,2026-01-21 16:46:00,session_start,mobile
U01932,2026-01-11 09:01:00,page_view,mobile
U01933,2026-02-04 02:36:00,page_view,web
U01933,2026-01-27 13:26:00,logout,web
U01933,2026-01-27 05:19:00,page_view,
U01934,2026-04-09 23:34:00,session_end,
U01934,2026-04-07 12:11:00,page_view,web
U01934,2026-04-08 04:11:00,LOGIN ,
U01934,2026-04-09 20:40:00,Login,mobile
U01935,2026-02-04 15:25:00,page_view,
U01935,2026-02-07 01:43:00,session_start,web
U01935,2026-02-06 14:05:00,page_view,Web
U01935,2026-02-08 21:36:00,LOGIN ,
U01935,2026-02-09 04:21:00,session_start,Web
U01935,2026-02-11 05:12:00,LOGIN ,mobile
U01935,2026-02-09 16:03:00,login,mobile
U01936,2026-01-07 02:14:00,logout,
U01936,2026-01-06 08:21:00,LOGIN ,mobile
U01936,2026-01-07 15:53:00,logout,web
U01936,2026-01-04 11:56:00,LOGIN ,mobile
U01936,2026-01-16 05:04:00,session_end,web
U01936,2026-01-16 18:21:00,login,
U01936,2026-01-04 19:00:00,session_start,web
U01937,2026-04-14 14:30:00,page_view,
U01937,2026-04-18 19:12:00,logout,web
U01937,2026-04-11 03:50:00,logout,
U01937,2026-04-22 09:20:00,Login,mobile
U01937,2026-04-11 12:56:00,LOGIN ,mobile
U01937,2026-04-13 10:00:00,logout,mobile
U01938,2026-05-20 07:15:00,page_view,mobile
U01938,2026-05-28 23:05:00,login,web
U01939,2026-05-27 10:19:00,page_view,
U01939,2026-06-01 10:49:00,logout,web
U01939,2026-05-29 18:37:00,page_view,Web
U01939,2026-06-07 18:48:00,logout,
U01939,2026-06-01 01:14:00,login,
U01940,2026-02-26 11:27:00,session_end,mobile
U01940,2026-03-03 17:12:00,Login,web
U01940,2026-02-27 08:51:00,Login,Web
U01940,2026-03-02 11:24:00,logout,mobile
U01940,2026-03-10 12:55:00,session_start,mobile
U01940,2026-03-04 16:27:00,Login,
U01941,2026-04-21 09:42:00,LOGIN ,Web
U01941,2026-04-25 18:32:00,login,web
U01941,2026-04-21 12:59:00,Login,mobile
U01941,2026-04-23 13:55:00,session_start,mobile
U01941,2026-04-20 04:40:00,login,
U01941,2026-04-24 22:50:00,login,Web
U01941,2026-04-13 18:18:00,Login,mobile
U01941,2026-04-23 02:05:00,session_end,mobile
U01941,2026-04-15 14:16:00,Login,Web
U01941,2026-04-11 13:38:00,page_view,
U01942,2026-05-18 05:03:00,session_end,mobile
U01942,2026-05-18 15:08:00,logout,web
U01942,2026-05-11 04:59:00,login,mobile
U01942,2026-05-18 04:46:00,session_end,mobile
U01942,2026-05-19 19:56:00,logout,web
U01942,2026-05-11 11:56:00,login,Web
U01942,2026-05-19 11:19:00,session_start,
U01942,2026-05-11 13:35:00,logout,web
U01942,2026-05-21 20:24:00,session_end,web
U01942,2026-05-13 01:19:00,page_view,web
U01942,2026-05-10 10:43:00,page_view,Web
U01943,2026-03-29 13:33:00,login,web
U01943,2026-03-28 22:49:00,Login,web
U01944,2026-02-16 08:13:00,Login,
U01944,2026-02-03 11:31:00,LOGIN ,mobile
U01944,2026-02-05 03:47:00,login,web
U01944,2026-02-17 11:17:00,session_end,Web
U01944,2026-02-12 20:47:00,page_view,mobile
U01944,2026-02-12 02:48:00,page_view,
U01945,2026-06-05 23:06:00,session_end,
U01945,2026-06-09 19:51:00,page_view,web
U01946,2026-04-22 02:15:00,session_start,Web
U01946,2026-04-14 15:41:00,session_start,Web
U01946,2026-04-24 18:08:00,login,Web
U01946,2026-04-22 09:34:00,page_view,mobile
U01947,2026-04-25 12:01:00,session_end,web
U01947,2026-04-27 02:26:00,logout,web
U01947,2026-04-14 02:21:00,logout,mobile
U01947,2026-04-24 13:01:00,session_end,
U01947,2026-04-17 06:38:00,LOGIN ,Web
U01948,2026-02-14 06:41:00,LOGIN ,
U01948,2026-02-07 04:03:00,login,
U01948,2026-02-04 03:23:00,Login,Web
U01948,2026-02-07 20:50:00,login,Web
U01948,2026-02-07 05:50:00,logout,Web
U01948,2026-02-10 23:11:00,LOGIN ,web
U01949,2026-05-18 09:38:00,session_start,web
U01949,2026-05-09 13:17:00,session_end,Web
U01949,2026-05-10 11:06:00,page_view,
U01949,2026-05-14 23:13:00,Login,Web
U01950,2026-05-27 10:57:00,logout,
U01950,2026-06-08 21:50:00,LOGIN ,web
U01950,2026-05-28 20:36:00,Login,Web
U01950,2026-05-30 18:06:00,page_view,web
U01950,2026-05-30 16:41:00,logout,web
U01951,2026-06-18 12:52:00,logout,
U01951,2026-06-14 14:43:00,login,Web
U01951,2026-06-09 02:32:00,logout,Web
U01951,2026-06-17 16:54:00,session_start,web
U01951,2026-06-11 22:12:00,session_end,Web
U01951,2026-06-09 18:00:00,login,mobile
U01951,2026-06-12 17:53:00,page_view,Web
U01951,2026-06-14 16:50:00,Login,web
U01951,2026-06-10 15:01:00,Login,
U01951,2026-06-14 06:48:00,login,mobile
U01952,2026-03-04 11:35:00,logout,
U01952,2026-03-13 20:44:00,LOGIN ,Web
U01952,2026-03-07 22:03:00,session_start,Web
U01952,2026-03-12 14:35:00,login,mobile
U01952,2026-03-08 00:46:00,session_end,Web
U01952,2026-03-15 20:07:00,LOGIN ,web
U01952,2026-03-09 01:47:00,login,web
U01952,2026-03-07 22:54:00,page_view,
U01952,2026-03-05 15:56:00,login,web
U01953,2026-04-21 08:32:00,logout,Web
U01953,2026-04-25 23:42:00,login,mobile
U01953,2026-05-01 06:42:00,LOGIN ,web
U01953,2026-04-21 23:37:00,LOGIN ,Web
U01954,2026-01-25 10:20:00,Login,
U01954,2026-01-25 10:53:00,LOGIN ,
U01954,2026-01-24 08:17:00,login,mobile
U01954,2026-02-02 22:48:00,page_view,
U01954,2026-01-23 02:58:00,logout,web
U01954,2026-02-01 06:42:00,Login,web
U01954,2026-01-28 04:37:00,LOGIN ,web
U01955,2026-04-26 13:07:00,login,web
U01955,2026-05-03 09:32:00,Login,mobile
U01955,2026-04-23 22:02:00,session_end,
U01955,2026-04-30 10:59:00,logout,mobile
U01955,2026-05-03 21:26:00,logout,web
U01955,2026-04-21 03:24:00,logout,
U01955,2026-04-30 18:19:00,session_end,web
U01955,2026-05-03 22:54:00,page_view,web
U01955,2026-04-19 02:04:00,Login,mobile
U01955,2026-04-22 22:01:00,login,
U01955,2026-04-26 18:52:00,session_start,Web
U01956,2026-02-23 20:24:00,page_view,
U01956,2026-03-04 07:11:00,Login,mobile
U01956,2026-02-24 16:19:00,login,Web
U01956,2026-02-21 09:18:00,session_start,mobile
U01956,2026-02-20 16:01:00,page_view,
U01956,2026-02-22 21:38:00,page_view,web
U01956,2026-02-23 06:32:00,page_view,web
U01957,2026-06-07 23:39:00,LOGIN ,web
U01957,2026-06-11 23:17:00,Login,web
U01957,2026-06-08 17:14:00,session_start,mobile
U01957,2026-06-07 14:31:00,Login,web
U01958,2026-03-20 22:32:00,session_start,mobile
U01959,2026-06-14 09:59:00,login,web
U01959,2026-06-20 11:37:00,login,Web
U01959,2026-06-18 14:57:00,logout,web
U01959,2026-06-12 10:21:00,login,Web
U01959,2026-06-16 11:45:00,logout,Web
U01960,2026-02-09 19:27:00,LOGIN ,mobile
U01960,2026-02-17 10:08:00,Login,web
U01960,2026-02-14 06:08:00,session_end,Web
U01960,2026-02-09 08:49:00,session_end,
U01960,2026-02-21 20:42:00,Login,web
U01961,2026-03-11 05:01:00,Login,web
U01961,2026-03-11 14:11:00,session_start,Web
U01961,2026-03-13 03:41:00,page_view,mobile
U01961,2026-03-12 08:09:00,login,Web
U01962,2026-04-16 10:53:00,session_start,web
U01962,2026-04-09 03:18:00,LOGIN ,
U01962,2026-04-08 23:23:00,Login,web
U01962,2026-04-09 01:56:00,Login,Web
U01962,2026-04-19 02:14:00,login,web
U01962,2026-04-07 03:13:00,login,Web
U01962,2026-04-12 09:53:00,LOGIN ,mobile
U01962,2026-04-07 09:15:00,session_start,
U01962,2026-04-14 21:55:00,page_view,web
U01963,2026-02-11 11:21:00,page_view,mobile
U01963,2026-02-09 04:57:00,session_start,
U01963,2026-01-29 21:08:00,session_start,web
U01963,2026-02-09 09:36:00,session_start,
U01963,2026-02-07 20:30:00,session_end,
U01964,2026-03-15 05:22:00,session_start,
U01964,2026-03-14 09:04:00,login,mobile
U01964,2026-03-09 00:54:00,session_start,
U01964,2026-03-16 09:39:00,session_end,
U01965,2026-03-22 05:44:00,session_start,
U01965,2026-03-18 06:36:00,session_start,web
U01965,2026-03-15 14:07:00,login,Web
U01965,2026-03-22 10:03:00,page_view,Web
U01965,2026-03-25 05:08:00,login,web
U01965,2026-03-16 04:56:00,logout,
U01966,2026-02-11 00:46:00,LOGIN ,mobile
U01966,2026-01-31 22:23:00,session_end,mobile
U01966,2026-02-01 20:45:00,Login,mobile
U01966,2026-02-10 17:05:00,logout,Web
U01966,2026-02-01 06:07:00,session_start,web
U01966,2026-02-04 12:47:00,logout,
U01967,2026-01-10 21:19:00,session_start,
U01967,2026-01-06 15:07:00,login,Web
U01967,2026-01-20 02:50:00,login,web
U01967,2026-01-11 15:34:00,session_start,mobile
U01967,2026-01-09 18:03:00,Login,
U01967,2026-01-07 10:41:00,LOGIN ,
U01967,2026-01-06 05:25:00,LOGIN ,mobile
U01967,2026-01-09 12:55:00,Login,Web
U01967,2026-01-11 16:34:00,page_view,Web
U01967,2026-01-17 12:47:00,session_end,mobile
U01967,2026-01-13 02:51:00,LOGIN ,
U01968,2026-05-28 17:31:00,LOGIN ,web
U01968,2026-05-26 21:01:00,LOGIN ,
U01968,2026-05-28 02:04:00,logout,
U01968,2026-05-26 08:40:00,LOGIN ,Web
U01968,2026-05-18 01:09:00,page_view,
U01968,2026-05-31 08:49:00,session_end,Web
U01969,2026-05-22 08:19:00,Login,
U01969,2026-05-29 06:25:00,session_start,
U01969,2026-05-20 09:19:00,session_end,
U01969,2026-06-01 23:29:00,login,web
U01970,2026-05-29 16:04:00,session_start,web
U01970,2026-05-29 05:47:00,session_start,
U01970,2026-05-31 07:18:00,logout,
U01970,2026-05-28 09:37:00,session_start,
U01970,2026-05-29 23:18:00,LOGIN ,mobile
U01970,2026-05-28 07:44:00,Login,web
U01970,2026-05-31 16:53:00,logout,web
U01970,2026-05-26 13:31:00,LOGIN ,Web
U01970,2026-05-22 06:50:00,LOGIN ,Web
U01970,2026-05-31 20:22:00,LOGIN ,
U01970,2026-05-30 14:40:00,logout,web
U01970,2026-06-01 14:38:00,logout,web
U01970,2026-05-28 14:41:00,login,Web
U01970,2026-05-31 20:23:00,LOGIN ,mobile
U01971,2026-02-06 00:04:00,session_start,mobile
U01971,2026-02-07 08:06:00,Login,
U01972,2026-01-07 11:37:00,Login,web
U01972,2026-01-15 05:36:00,page_view,Web
U01972,2026-01-11 14:44:00,Login,Web
U01972,2026-01-05 11:23:00,LOGIN ,mobile
U01972,2026-01-10 03:31:00,session_start,Web
U01972,2026-01-15 17:22:00,session_start,Web
U01972,2026-01-07 20:25:00,LOGIN ,mobile
U01973,2026-01-24 23:17:00,Login,
U01973,2026-01-16 04:32:00,page_view,mobile
U01973,2026-01-24 04:01:00,Login,mobile
U01973,2026-01-12 08:04:00,login,
U01973,2026-01-16 18:25:00,login,
U01973,2026-01-14 12:21:00,Login,web
U01973,2026-01-25 21:06:00,page_view,Web
U01974,2026-03-22 14:26:00,login,
U01974,2026-03-21 07:28:00,Login,Web
U01974,2026-03-14 01:36:00,Login,mobile
U01974,2026-03-15 23:36:00,LOGIN ,
U01975,2026-06-19 19:12:00,logout,mobile
U01975,2026-06-08 11:46:00,login,
U01975,2026-06-19 11:02:00,session_start,
U01975,2026-06-22 20:07:00,page_view,Web
U01975,2026-06-22 17:33:00,LOGIN ,Web
U01976,2026-05-10 11:08:00,Login,
U01976,2026-05-04 18:58:00,LOGIN ,web
U01976,2026-05-01 23:01:00,logout,web
U01977,2026-01-30 21:10:00,login,
U01977,2026-01-25 12:47:00,login,Web
U01978,2026-04-03 13:09:00,Login,mobile
U01979,2026-03-17 11:07:00,page_view,
U01979,2026-03-21 03:38:00,session_start,
U01979,2026-03-25 05:56:00,session_end,
U01979,2026-03-16 10:33:00,session_start,Web
U01979,2026-03-19 02:17:00,page_view,mobile
U01979,2026-03-20 05:11:00,login,
U01979,2026-03-29 01:57:00,LOGIN ,mobile
U01979,2026-03-17 21:02:00,session_start,
U01980,2026-03-03 05:09:00,session_end,
U01980,2026-03-05 19:59:00,session_end,Web
U01980,2026-03-15 16:36:00,Login,
U01981,2026-03-29 09:10:00,session_end,
U01981,2026-03-22 02:31:00,logout,
U01981,2026-04-05 22:41:00,session_start,
U01981,2026-03-25 16:48:00,session_end,web
U01981,2026-03-23 03:04:00,logout,mobile
U01981,2026-03-22 20:22:00,Login,mobile
U01981,2026-03-25 16:14:00,LOGIN ,mobile
U01981,2026-03-24 06:29:00,session_start,Web
U01981,2026-03-22 08:18:00,logout,web
U01981,2026-03-28 20:15:00,page_view,mobile
U01982,2026-01-27 08:35:00,page_view,
U01982,2026-01-31 08:26:00,login,Web
U01982,2026-02-05 03:59:00,page_view,mobile
U01982,2026-01-29 03:25:00,page_view,Web
U01982,2026-01-28 20:19:00,Login,
U01982,2026-02-01 07:12:00,page_view,
U01983,2026-04-28 04:07:00,LOGIN ,
U01983,2026-04-29 23:24:00,session_end,web
U01983,2026-05-02 15:42:00,session_start,web
U01983,2026-04-28 04:39:00,logout,
U01983,2026-05-08 20:41:00,LOGIN ,Web
U01984,2026-01-15 02:37:00,page_view,web
U01984,2026-01-23 08:12:00,session_start,
U01984,2026-01-24 01:10:00,session_end,
U01984,2026-01-18 01:21:00,login,mobile
U01984,2026-01-16 13:49:00,logout,mobile
U01984,2026-01-14 14:52:00,Login,Web
U01985,2026-03-26 21:17:00,logout,Web
U01985,2026-04-01 12:00:00,LOGIN ,Web
U01985,2026-04-02 02:05:00,session_end,web
U01985,2026-04-03 12:20:00,logout,
U01985,2026-03-31 07:11:00,logout,mobile
U01986,2026-04-21 12:31:00,session_end,web
U01986,2026-04-23 03:04:00,logout,
U01986,2026-04-19 10:07:00,Login,Web
U01987,2026-01-14 22:10:00,page_view,
U01987,2026-01-07 18:04:00,session_start,Web
U01987,2026-01-07 04:08:00,logout,mobile
U01987,2026-01-19 11:15:00,session_end,Web
U01987,2026-01-06 17:28:00,LOGIN ,
U01987,2026-01-19 12:05:00,session_start,
U01988,2026-04-06 21:31:00,Login,mobile
U01988,2026-04-11 08:55:00,LOGIN ,mobile
U01989,2026-05-15 13:00:00,session_start,mobile
U01989,2026-05-12 21:18:00,login,mobile
U01989,2026-05-20 06:30:00,session_end,mobile
U01989,2026-05-15 20:07:00,LOGIN ,mobile
U01989,2026-05-22 12:26:00,session_end,
U01989,2026-05-15 20:33:00,login,web
U01989,2026-05-16 18:23:00,session_start,Web
U01989,2026-05-12 01:01:00,login,mobile
U01989,2026-05-21 04:31:00,LOGIN ,web
U01989,2026-05-18 06:44:00,session_start,web
U01989,2026-05-13 15:55:00,login,mobile
U01990,2026-06-18 01:15:00,Login,
U01990,2026-06-22 02:16:00,Login,web
U01990,2026-06-13 15:18:00,session_start,mobile
U01990,2026-06-17 18:14:00,session_end,mobile
U01990,2026-06-20 04:43:00,session_start,Web
U01990,2026-06-23 18:20:00,LOGIN ,mobile
U01990,2026-06-17 13:47:00,Login,mobile
U01990,2026-06-21 23:48:00,Login,
U01990,2026-06-21 18:55:00,session_end,mobile
U01990,2026-06-12 09:01:00,page_view,
U01990,2026-06-12 16:05:00,logout,Web
U01991,2026-06-01 16:06:00,page_view,
U01991,2026-06-06 02:42:00,session_end,web
U01991,2026-06-01 16:52:00,logout,web
U01991,2026-06-01 17:35:00,page_view,web
U01992,2026-02-12 00:39:00,Login,mobile
U01992,2026-02-14 23:11:00,session_start,mobile
U01992,2026-02-12 09:21:00,logout,mobile
U01992,2026-02-10 15:23:00,session_end,Web
U01993,2026-01-25 12:31:00,Login,mobile
U01993,2026-02-03 22:45:00,page_view,
U01993,2026-01-25 05:57:00,Login,web
U01994,2026-05-26 10:22:00,Login,mobile
U01994,2026-05-19 01:49:00,login,
U01994,2026-05-23 18:12:00,logout,mobile
U01994,2026-05-23 14:16:00,LOGIN ,web
U01994,2026-05-15 22:42:00,session_start,Web
U01995,2026-06-23 22:49:00,logout,web
U01995,2026-06-16 00:34:00,session_start,mobile
U01995,2026-06-22 09:53:00,session_end,Web
U01995,2026-06-24 03:14:00,Login,
U01995,2026-06-16 23:00:00,page_view,Web
U01995,2026-06-23 14:20:00,logout,mobile
U01995,2026-06-20 18:25:00,session_start,Web
U01996,2026-03-17 15:04:00,page_view,web
U01996,2026-03-11 02:13:00,Login,web
U01996,2026-03-10 04:12:00,page_view,web
U01996,2026-03-12 22:05:00,session_end,Web
U01996,2026-03-09 10:59:00,LOGIN ,web
U01996,2026-03-15 13:59:00,Login,
U01997,2026-04-29 22:42:00,logout,Web
U01997,2026-05-04 02:24:00,session_start,
U01997,2026-04-30 11:22:00,session_end,web
U01997,2026-04-29 12:52:00,session_start,
U01997,2026-04-26 01:47:00,Login,mobile
U01998,2026-04-28 12:17:00,LOGIN ,Web
U01998,2026-05-05 03:54:00,LOGIN ,mobile
U01998,2026-05-02 21:00:00,page_view,Web
U01998,2026-04-28 21:16:00,Login,Web
U01998,2026-05-04 03:54:00,session_start,mobile
U01998,2026-05-01 06:07:00,session_start,
U01999,2026-03-01 08:45:00,LOGIN ,mobile
U01999,2026-02-24 04:06:00,logout,mobile
U01999,2026-03-04 09:08:00,page_view,web
U01999,2026-03-06 22:50:00,session_end,
U01999,2026-02-25 16:05:00,page_view,web
U01999,2026-03-08 07:16:00,session_start,mobile
U01999,2026-02-23 14:20:00,login,web
U01999,2026-03-04 05:37:00,LOGIN ,mobile
U01999,2026-03-05 17:20:00,login,mobile
U02000,2026-05-22 05:30:00,login,web
U02000,2026-05-23 10:13:00,page_view,Web
U02000,2026-05-20 06:20:00,page_view,
U02000,2026-05-30 06:43:00,page_view,Web
U02000,2026-05-22 02:44:00,session_start,web
U02000,2026-05-28 21:40:00,login,
U01031,2026-04-11 13:30:00,Login,web
U01292,2026-04-12 16:07:00,session_end,
U01537,2026-05-25 20:45:00,session_end,web
U00325,2026-06-25 19:28:00,Login,mobile
U00569,2026-03-13 04:57:00,login,web
U01672,2026-03-15 15:30:00,LOGIN ,
U01518,2026-01-18 02:27:00,LOGIN ,web
U00469,2026-04-27 16:55:00,page_view,Web
U00515,2026-01-23 19:21:00,logout,web
U01339,2026-06-10 14:19:00,login,mobile
U00865,2026-04-03 05:46:00,login,Web
U01826,2026-02-28 04:02:00,session_start,Web
U00472,2026-01-23 05:09:00,LOGIN ,mobile
U00093,2026-06-03 12:43:00,Login,
U00584,2026-01-10 16:25:00,session_start,
U01367,2026-06-16 04:25:00,session_end,mobile
U01259,2026-05-18 06:43:00,LOGIN ,Web
U01192,2026-02-25 01:12:00,logout,Web
U00252,2026-03-18 01:17:00,logout,web
U00594,2026-01-19 02:21:00,login,web
U00842,2026-05-22 18:28:00,LOGIN ,Web
U01278,2026-01-21 00:15:00,session_start,Web
U01332,2026-05-12 06:19:00,session_start,Web
U00897,2026-03-15 07:09:00,session_end,mobile
U00568,2026-04-19 21:42:00,login,Web
U00977,2026-04-23 09:43:00,login,web
U01799,2026-03-27 12:01:00,logout,mobile
U01870,2026-02-21 09:28:00,session_end,Web
U01771,2026-04-08 05:00:00,Login,web
U00056,2026-01-18 16:41:00,LOGIN ,
U01404,2026-03-07 12:21:00,session_start,
U00169,2026-05-15 02:07:00,login,Web
U01244,2026-02-22 20:51:00,login,Web
U01037,2026-02-09 20:44:00,login,web
U00293,2026-06-21 00:31:00,page_view,
U00291,2026-06-10 12:08:00,logout,Web
U00509,2026-06-20 18:06:00,session_start,
U01935,2026-02-08 21:36:00,LOGIN ,
U00222,2026-04-15 09:44:00,session_end,web
U01129,2026-04-27 05:40:00,LOGIN ,mobile
U00995,2026-06-06 10:13:00,LOGIN ,web
U00227,2026-04-17 06:05:00,login,web
U01694,2026-02-02 07:57:00,session_start,
U00808,2026-05-16 04:58:00,logout,Web
U00780,2026-06-18 22:47:00,LOGIN ,mobile
U00524,2026-05-23 00:23:00,logout,web
U00387,2026-02-26 03:43:00,Login,web
U01629,2026-01-26 19:20:00,LOGIN ,Web
U00710,2026-03-30 23:29:00,page_view,web
U00933,2026-04-03 14:58:00,login,mobile
U00739,2026-03-28 14:42:00,Login,
U00964,2026-04-08 02:42:00,LOGIN ,
U00744,2026-02-18 03:02:00,Login,web
U00529,2026-04-23 04:54:00,session_end,
U00814,2026-02-18 16:11:00,Login,Web
U00293,2026-06-24 07:05:00,Login,
U01850,2026-05-18 14:31:00,page_view,web
U00044,2026-05-29 03:07:00,session_start,mobile
U00546,2026-05-12 18:36:00,session_end,mobile
U01772,2026-04-04 21:58:00,session_end,
U00527,2026-05-14 19:28:00,LOGIN ,
U00022,2026-04-12 05:18:00,logout,Web
U01259,2026-05-07 02:57:00,session_start,mobile
U01727,2026-05-18 21:36:00,logout,
U01984,2026-01-24 01:10:00,session_end,
U01456,2026-05-29 12:56:00,login,Web
U00012,2026-03-30 05:43:00,LOGIN ,mobile
U00894,2026-01-11 00:23:00,login,Web
U00568,2026-04-09 06:29:00,login,
U00475,2026-04-22 01:02:00,session_start,mobile
U00763,2026-02-07 01:26:00,page_view,web
U00881,2026-05-23 12:27:00,page_view,Web
U01830,2026-02-18 07:31:00,session_start,mobile
U01187,2026-01-23 05:15:00,page_view,Web
U00584,2026-01-05 12:08:00,logout,Web
U01131,2026-03-19 15:16:00,logout,web
U00967,2026-05-25 11:38:00,logout,mobile
U00766,2026-04-04 03:06:00,logout,web
U00798,2026-04-15 18:37:00,Login,web
U01740,2026-06-17 08:03:00,logout,Web
U00625,2026-05-23 11:54:00,Login,web
U00498,2026-01-25 20:46:00,LOGIN ,mobile
U00325,2026-06-19 12:53:00,logout,web
U00195,2026-04-07 06:34:00,page_view,mobile
U01714,2026-03-18 08:15:00,LOGIN ,Web
U00238,2026-05-19 10:55:00,page_view,
U00194,2026-01-20 22:28:00,login,web
U01854,2026-01-10 01:00:00,session_end,web
U01894,2026-01-21 15:00:00,session_end,
U01774,2026-04-18 05:23:00,Login,Web
U00865,2026-04-07 09:57:00,login,mobile
U01664,2026-02-07 12:36:00,LOGIN ,
U01644,2026-06-09 06:58:00,LOGIN ,web
U01048,2026-06-25 04:34:00,LOGIN ,Web
U00401,2026-02-19 12:29:00,logout,
U01855,2026-02-08 12:55:00,session_end,
U01943,2026-03-28 22:49:00,Login,web
U00092,2026-03-15 09:16:00,Login,
U01970,2026-05-28 07:44:00,Login,web
U00361,2026-06-14 19:53:00,session_end,
U00330,2026-02-28 06:22:00,session_start,
U00830,2026-05-25 03:31:00,session_end,
U01690,2026-02-25 01:24:00,LOGIN ,mobile
U00078,2026-04-06 01:01:00,session_end,web
U01921,2026-03-06 10:01:00,page_view,mobile
U00843,2026-03-20 03:21:00,session_end,Web
U01452,2026-05-10 23:32:00,login,mobile
U00789,2026-02-28 09:17:00,logout,Web
U00926,2026-04-15 12:24:00,session_end,Web
U01110,2026-03-28 09:33:00,session_start,
U00067,2026-03-10 07:19:00,Login,mobile
U01557,2026-04-04 23:38:00,page_view,Web
U01053,2026-02-17 09:10:00,session_start,Web
U00203,2026-04-27 02:39:00,LOGIN ,web
U00572,2026-02-09 02:50:00,session_end,
U00969,2026-04-16 09:15:00,session_start,Web
U01286,2026-03-03 17:43:00,page_view,Web
U01036,2026-01-19 23:00:00,logout,web
U00888,2026-03-25 19:13:00,login,web
U01995,2026-06-24 03:14:00,Login,
U01885,2026-01-31 07:21:00,session_end,web
U00743,2026-06-01 04:29:00,Login,web
U01654,2026-06-12 03:21:00,login,
