user_id,signup_date,company_size,plan_interested,converted,user_segment,archetype,drop_off_stage,total_sessions,distinct_features_used,time_to_first_value_hrs,used_power_feature,engagement_slope,feature_adoption_breadth,conversion_propensity_score,active_days_verified,features_touched_verified
U00001,2026-06-13,1-10,starter,1,Medium,Power Adopter,completed_trial_window,5,5,12.0,1,-6,0.5,82,5,5
U00002,2026-03-04,11-50,pro,0,High,Late Bloomer,completed_trial_window,7,5,37.0,1,1,0.5,89,6,5
U00003,2026-01-27,not_provided,business,0,Low,Growing Casual,completed_trial_window,3,2,13.0,0,6,0.2,49,3,2
U00004,2026-05-20,1-10,pro,1,Low,Plateaued User,completed_trial_window,1,2,49.0,1,-10,0.2,40,1,2
U00005,2026-01-09,1-10,starter,1,Medium,Power Adopter,completed_trial_window,6,5,3.0,1,-30,0.5,86,5,5
U00006,2026-03-01,not_provided,pro,1,High,Champion,completed_trial_window,6,9,5.0,1,40,0.9,99,6,9
U00007,2026-05-24,11-50,business,1,Medium,Power Adopter,completed_trial_window,6,3,17.0,1,0,0.3,72,4,3
U00008,2026-04-18,11-50,starter,0,Medium,Plateaued User,mid_trial_dropoff,1,3,37.0,1,-11,0.3,49,1,3
U00009,2026-05-31,51-200,starter,0,High,Champion,completed_trial_window,7,8,17.0,1,17,0.8,97,6,8
U00010,2026-02-10,not_provided,starter,1,Low,Power Adopter,mid_trial_dropoff,3,1,5.0,1,-10,0.1,57,3,1
U00011,2026-03-13,11-50,pro,0,Medium,Champion,early_dropoff,3,5,6.0,1,3,0.5,85,2,5
U00012,2026-03-28,1-10,starter,0,High,Champion,completed_trial_window,9,5,15.0,1,5,0.5,99,8,5
U00013,2026-04-08,1-10,business,0,Medium,Plateaued User,mid_trial_dropoff,2,4,30.0,1,-1,0.4,58,2,4
U00014,2026-03-30,not_provided,business,1,Medium,Power Adopter,completed_trial_window,3,7,22.0,1,-1,0.7,73,3,7
U00015,2026-04-28,not_provided,starter,1,Medium,Plateaued User,completed_trial_window,6,4,107.0,1,-2,0.4,67,4,4
U00016,2026-01-21,not_provided,business,1,High,Power Adopter,completed_trial_window,10,6,9.0,1,0,0.6,98,6,6
U00017,2026-04-03,not_provided,pro,0,High,Champion,completed_trial_window,3,6,14.0,1,11,0.6,83,2,6
U00018,2026-01-18,1-10,business,1,High,Champion,completed_trial_window,8,5,24.0,1,16,0.5,98,6,5
U00019,2026-03-16,1-10,pro,0,High,Champion,completed_trial_window,8,6,16.0,1,28,0.6,99,8,6
U00020,2026-01-26,200+,business,1,High,Power Adopter,completed_trial_window,12,6,2.0,1,-10,0.6,98,7,6
U00021,2026-06-12,51-200,pro,0,Medium,Plateaued User,completed_trial_window,4,3,40.0,1,0,0.3,60,4,3
U00022,2026-04-05,51-200,pro,0,Medium,Power Adopter,completed_trial_window,5,2,9.0,1,-6,0.2,69,5,2
U00023,2026-03-10,not_provided,business,0,Low,Growing Casual,mid_trial_dropoff,3,2,108.0,0,5,0.2,39,2,2
U00024,2026-06-15,1-10,pro,0,Medium,Plateaued User,mid_trial_dropoff,1,3,33.0,1,-5,0.3,49,1,3
U00025,2026-06-12,11-50,pro,0,Low,Plateaued User,completed_trial_window,7,2,70.0,0,-4,0.2,43,7,2
U00026,2026-03-04,11-50,starter,1,High,Champion,completed_trial_window,10,6,14.0,1,12,0.6,99,7,6
U00027,2026-03-11,not_provided,business,0,Low,Window Shopper,mid_trial_dropoff,1,1,282.0,0,5,0.1,27,1,1
U00028,2026-05-23,11-50,business,1,High,Late Bloomer,completed_trial_window,7,5,39.0,1,13,0.5,89,4,5
U00029,2026-01-15,11-50,starter,1,Medium,Growing Casual,completed_trial_window,6,3,4.0,0,2,0.3,69,5,3
U00030,2026-04-13,51-200,starter,0,Medium,Plateaued User,completed_trial_window,11,4,4.0,0,-3,0.4,73,9,4
U00031,2026-02-24,not_provided,business,0,High,Champion,completed_trial_window,6,5,0.0,1,5,0.5,96,5,5
U00032,2026-03-22,11-50,business,1,Low,Plateaued User,completed_trial_window,4,2,23.0,0,-4,0.2,43,4,2
U00033,2026-04-12,not_provided,starter,0,Medium,Late Bloomer,completed_trial_window,2,1,180.0,1,3,0.1,49,2,1
U00034,2026-02-06,51-200,pro,0,High,Champion,mid_trial_dropoff,5,6,6.0,1,3,0.6,95,4,6
U00035,2026-03-05,not_provided,pro,0,Medium,Power Adopter,mid_trial_dropoff,3,4,22.0,1,-6,0.4,66,3,4
U00036,2026-05-18,51-200,business,0,Medium,Late Bloomer,completed_trial_window,2,1,328.0,1,7,0.1,49,2,1
U00037,2026-05-30,200+,pro,1,High,Champion,completed_trial_window,6,5,22.0,1,4,0.5,91,6,5
U00038,2026-04-03,11-50,pro,0,High,Late Bloomer,completed_trial_window,8,3,59.0,1,7,0.3,79,7,3
U00039,2026-05-11,200+,starter,0,High,Champion,completed_trial_window,11,5,24.0,1,11,0.5,99,8,5
U00040,2026-01-13,1-10,pro,0,High,Champion,completed_trial_window,10,4,12.0,1,6,0.4,99,9,4
U00041,2026-06-10,11-50,business,1,Medium,Champion,completed_trial_window,2,4,2.0,1,4,0.4,78,2,4
U00042,2026-06-02,1-10,starter,0,High,Champion,completed_trial_window,10,5,24.0,1,12,0.5,99,8,5
U00043,2026-04-08,not_provided,starter,0,Low,Window Shopper,early_dropoff,1,1,305.0,0,1,0.1,27,1,1
U00044,2026-05-16,51-200,pro,0,Medium,Plateaued User,completed_trial_window,7,3,26.0,1,-2,0.3,70,5,3
U00045,2026-01-03,not_provided,business,0,High,Power Adopter,completed_trial_window,7,7,5.0,1,-9,0.7,92,6,7
U00046,2026-01-30,not_provided,pro,0,Medium,Power Adopter,completed_trial_window,5,3,12.0,1,-10,0.3,73,5,3
U00047,2026-03-10,not_provided,business,0,High,Champion,completed_trial_window,14,7,20.0,1,11,0.7,99,11,7
U00048,2026-01-29,51-200,starter,0,High,Power Adopter,completed_trial_window,5,7,6.0,1,-6,0.7,85,5,7
U00049,2026-02-10,200+,starter,0,High,Champion,completed_trial_window,5,8,1.0,1,16,0.8,95,4,8
U00050,2026-03-09,not_provided,pro,0,High,Power Adopter,completed_trial_window,10,6,12.0,1,-13,0.6,98,7,6
U00051,2026-05-10,1-10,business,1,High,Champion,completed_trial_window,5,3,0.0,1,15,0.3,83,5,3
U00052,2026-06-13,not_provided,pro,0,High,Champion,completed_trial_window,8,4,23.0,1,14,0.4,94,7,4
U00053,2026-02-20,11-50,business,1,Low,Plateaued User,completed_trial_window,7,2,26.0,0,-4,0.2,48,5,2
U00054,2026-05-19,not_provided,starter,0,Low,Window Shopper,completed_trial_window,1,1,175.0,0,1,0.1,27,1,1
U00055,2026-06-03,51-200,starter,0,High,Champion,mid_trial_dropoff,5,5,11.0,1,7,0.5,92,3,5
U00056,2026-01-05,1-10,business,0,Medium,Champion,completed_trial_window,2,3,22.0,1,9,0.3,68,2,3
U00057,2026-03-20,11-50,starter,1,High,Late Bloomer,mid_trial_dropoff,5,5,37.0,1,1,0.5,82,3,5
U00058,2026-05-26,1-10,starter,1,High,Champion,completed_trial_window,10,5,2.0,1,26,0.5,99,6,5
U00059,2026-01-18,not_provided,pro,1,High,Champion,completed_trial_window,9,6,3.0,1,12,0.6,99,7,6
U00060,2026-05-02,not_provided,pro,0,Medium,Late Bloomer,mid_trial_dropoff,3,5,40.0,1,6,0.5,75,2,5
U00061,2026-03-09,not_provided,pro,1,Medium,Power Adopter,completed_trial_window,7,5,11.0,1,0,0.5,89,6,5
U00062,2026-02-24,not_provided,business,0,High,Growing Casual,completed_trial_window,9,4,0.0,0,24,0.4,83,7,4
U00063,2026-02-21,not_provided,business,0,High,Power Adopter,completed_trial_window,7,10,9.0,1,-7,1.0,92,7,10
U00064,2026-04-13,not_provided,business,0,Medium,Late Bloomer,completed_trial_window,3,4,35.0,1,12,0.4,71,2,4
U00065,2026-04-06,200+,pro,0,High,Champion,completed_trial_window,4,5,5.0,1,7,0.5,89,4,5
U00066,2026-04-26,1-10,pro,0,Medium,Growing Casual,completed_trial_window,6,3,56.0,0,1,0.3,54,4,3
U00067,2026-02-27,1-10,business,0,Medium,Plateaued User,completed_trial_window,5,2,135.0,1,-1,0.2,54,4,2
U00068,2026-01-06,not_provided,pro,1,Medium,Growing Casual,completed_trial_window,4,2,54.0,0,4,0.2,43,4,2
U00069,2026-05-31,11-50,starter,0,Low,Window Shopper,completed_trial_window,2,2,4.0,0,-2,0.2,41,2,2
U00070,2026-01-19,not_provided,business,1,High,Power Adopter,completed_trial_window,9,4,6.0,1,-4,0.4,91,7,4
U00071,2026-02-28,1-10,starter,1,High,Champion,completed_trial_window,4,6,18.0,1,6,0.6,87,4,6
U00072,2026-01-19,not_provided,pro,0,Medium,Late Bloomer,completed_trial_window,4,2,214.0,1,3,0.2,61,4,2
U00073,2026-03-13,not_provided,starter,0,High,Champion,completed_trial_window,4,7,15.0,1,19,0.7,87,4,7
U00074,2026-02-24,not_provided,pro,1,Medium,Power Adopter,completed_trial_window,4,5,11.0,1,0,0.5,79,4,5
U00075,2026-05-28,200+,pro,0,High,Champion,completed_trial_window,10,8,0.0,1,2,0.8,99,8,8
U00076,2026-05-02,200+,pro,0,Medium,Late Bloomer,mid_trial_dropoff,1,3,32.0,1,13,0.3,59,1,3
U00077,2026-01-25,1-10,business,1,Medium,Plateaued User,completed_trial_window,2,4,38.0,1,-6,0.4,58,2,4
U00078,2026-04-01,200+,starter,1,High,Power Adopter,completed_trial_window,11,6,8.0,1,-15,0.6,98,8,6
U00079,2026-01-14,not_provided,business,0,Medium,Plateaued User,completed_trial_window,6,4,72.0,0,-1,0.4,49,5,4
U00080,2026-06-15,1-10,starter,0,Low,Window Shopper,completed_trial_window,1,2,3.0,0,-4,0.2,37,1,2
U00081,2026-04-14,not_provided,business,0,Medium,Plateaued User,completed_trial_window,4,5,86.0,1,-4,0.5,64,4,5
U00082,2026-01-28,11-50,pro,1,High,Champion,completed_trial_window,8,8,1.0,1,15,0.8,99,4,8
U00083,2026-05-18,200+,pro,0,Medium,Plateaued User,completed_trial_window,6,4,25.0,0,-2,0.4,54,6,4
U00084,2026-04-19,11-50,business,1,High,Power Adopter,completed_trial_window,6,6,5.0,1,-27,0.6,89,5,6
U00085,2026-03-05,1-10,starter,0,Low,Growing Casual,completed_trial_window,3,1,180.0,0,8,0.1,34,3,1
U00086,2026-05-21,1-10,starter,0,High,Late Bloomer,completed_trial_window,4,3,96.0,1,2,0.3,65,3,3
U00087,2026-06-16,not_provided,starter,1,Medium,Power Adopter,early_dropoff,1,3,20.0,1,-23,0.3,54,1,3
U00088,2026-03-02,11-50,starter,1,Medium,Late Bloomer,completed_trial_window,7,1,32.0,1,10,0.1,71,5,1
U00089,2026-05-04,11-50,starter,1,High,Power Adopter,completed_trial_window,13,8,8.0,1,0,0.8,98,9,8
U00090,2026-02-12,200+,starter,0,High,Power Adopter,completed_trial_window,9,6,13.0,1,-14,0.6,93,7,6
U00091,2026-04-10,51-200,starter,0,High,Late Bloomer,completed_trial_window,9,7,47.0,1,6,0.7,98,8,7
U00092,2026-03-15,200+,business,0,High,Power Adopter,completed_trial_window,8,8,17.0,1,-11,0.8,91,6,8
U00093,2026-05-23,not_provided,business,0,Medium,Plateaued User,completed_trial_window,6,3,35.0,1,-2,0.3,67,5,3
U00094,2026-05-05,11-50,pro,0,Low,Plateaued User,completed_trial_window,5,2,5.0,0,-6,0.2,51,4,2
U00095,2026-03-17,11-50,starter,0,High,Late Bloomer,completed_trial_window,5,5,42.0,1,3,0.5,82,5,5
U00096,2026-05-29,not_provided,pro,0,High,Champion,completed_trial_window,14,8,10.0,1,11,0.8,99,10,8
U00097,2026-01-16,not_provided,business,1,Medium,Champion,mid_trial_dropoff,1,5,11.0,1,6,0.5,78,1,5
U00098,2026-01-13,not_provided,starter,0,Medium,Late Bloomer,mid_trial_dropoff,2,4,57.0,1,6,0.4,63,2,4
U00099,2026-05-09,not_provided,pro,1,High,Power Adopter,completed_trial_window,4,8,4.0,1,-36,0.8,82,4,8
U00100,2026-05-11,1-10,pro,1,High,Champion,completed_trial_window,6,3,13.0,1,4,0.3,82,5,3
U00101,2026-06-02,1-10,business,0,High,Power Adopter,completed_trial_window,12,6,2.0,1,-12,0.6,98,8,6
U00102,2026-03-02,200+,starter,0,High,Champion,completed_trial_window,12,8,12.0,1,11,0.8,99,10,8
U00103,2026-05-26,11-50,pro,0,Low,Plateaued User,completed_trial_window,3,3,62.0,0,-5,0.3,33,3,3
U00104,2026-06-02,1-10,pro,1,High,Power Adopter,completed_trial_window,16,8,3.0,1,0,0.8,98,9,8
U00105,2026-04-18,not_provided,pro,0,High,Champion,completed_trial_window,5,4,24.0,1,23,0.4,83,5,4
U00106,2026-05-25,not_provided,business,1,High,Power Adopter,completed_trial_window,7,7,6.0,1,0,0.7,92,6,7
U00107,2026-02-22,not_provided,business,1,High,Champion,completed_trial_window,6,5,22.0,1,21,0.5,91,5,5
U00108,2026-03-03,51-200,starter,0,Medium,Plateaued User,completed_trial_window,4,3,26.0,0,-5,0.3,42,3,3
U00109,2026-02-03,not_provided,business,1,High,Champion,completed_trial_window,10,4,16.0,1,12,0.4,96,9,4
U00110,2026-04-28,51-200,starter,1,High,Champion,completed_trial_window,7,5,2.0,1,1,0.5,99,6,5
U00111,2026-04-28,not_provided,pro,1,High,Champion,completed_trial_window,9,7,3.0,1,44,0.7,99,6,7
U00112,2026-01-19,not_provided,pro,0,High,Champion,completed_trial_window,8,7,18.0,1,15,0.7,99,7,7
U00113,2026-05-10,51-200,pro,1,High,Champion,completed_trial_window,4,6,3.0,1,21,0.6,92,4,6
U00114,2026-01-18,11-50,business,1,Medium,Plateaued User,completed_trial_window,6,5,80.0,1,-2,0.5,71,4,5
U00115,2026-02-10,200+,pro,1,High,Growing Casual,completed_trial_window,13,4,6.0,0,12,0.4,83,10,4
U00116,2026-06-06,not_provided,pro,1,High,Power Adopter,completed_trial_window,8,8,1.0,1,-18,0.8,96,6,8
U00117,2026-05-22,51-200,business,1,High,Champion,completed_trial_window,10,8,18.0,1,32,0.8,99,8,8
U00118,2026-02-04,51-200,starter,1,High,Late Bloomer,completed_trial_window,8,4,28.0,1,1,0.4,89,7,4
U00119,2026-05-22,11-50,business,1,Medium,Power Adopter,completed_trial_window,5,4,1.0,1,-4,0.4,78,5,4
U00120,2026-06-04,11-50,business,0,High,Growing Casual,completed_trial_window,11,5,14.0,0,13,0.5,82,8,5
U00121,2026-03-29,11-50,business,0,Medium,Plateaued User,completed_trial_window,8,2,60.0,1,-11,0.2,65,4,2
U00122,2026-06-12,51-200,pro,0,Low,Plateaued User,completed_trial_window,4,2,18.0,0,-3,0.2,43,3,2
U00123,2026-05-06,51-200,starter,0,High,Plateaued User,completed_trial_window,4,6,47.0,1,-4,0.6,72,4,6
U00124,2026-01-24,not_provided,starter,0,Medium,Power Adopter,completed_trial_window,7,5,0.0,1,-14,0.5,89,5,5
U00125,2026-03-12,1-10,starter,0,High,Power Adopter,completed_trial_window,7,8,0.0,1,-2,0.8,92,6,8
U00126,2026-03-27,11-50,business,0,High,Power Adopter,completed_trial_window,9,5,11.0,1,0,0.5,95,9,5
U00127,2026-03-09,11-50,business,0,High,Champion,completed_trial_window,7,5,17.0,1,2,0.5,94,6,5
U00128,2026-04-24,not_provided,business,1,Medium,Growing Casual,completed_trial_window,4,4,83.0,0,4,0.4,52,4,4
U00129,2026-05-24,1-10,starter,0,Medium,Plateaued User,completed_trial_window,8,2,32.0,1,-4,0.2,70,6,2
U00130,2026-01-20,not_provided,pro,0,High,Late Bloomer,completed_trial_window,8,6,43.0,1,14,0.6,96,7,6
U00131,2026-05-20,1-10,business,0,High,Champion,completed_trial_window,4,4,5.0,1,3,0.4,85,4,4
U00132,2026-05-30,not_provided,pro,0,High,Champion,mid_trial_dropoff,7,7,0.0,1,22,0.7,99,4,7
U00133,2026-04-21,11-50,starter,0,Low,Window Shopper,mid_trial_dropoff,1,2,206.0,0,10,0.2,32,1,2
U00134,2026-03-20,51-200,starter,0,High,Late Bloomer,completed_trial_window,4,7,94.0,1,24,0.7,77,3,7
U00135,2026-04-02,11-50,business,0,Medium,Plateaued User,completed_trial_window,3,4,92.0,1,-1,0.4,56,2,4
U00136,2026-03-05,not_provided,starter,1,Medium,Late Bloomer,completed_trial_window,3,4,78.0,1,17,0.4,66,3,4
U00137,2026-05-24,200+,pro,0,High,Growing Casual,completed_trial_window,9,3,54.0,0,2,0.3,63,7,3
U00138,2026-02-09,11-50,pro,1,Medium,Late Bloomer,completed_trial_window,3,4,56.0,1,3,0.4,66,3,4
U00139,2026-04-16,1-10,pro,0,Low,Window Shopper,completed_trial_window,2,2,2.0,0,4,0.2,51,2,2
U00140,2026-03-27,200+,business,0,High,Power Adopter,completed_trial_window,9,8,2.0,1,-20,0.8,98,8,8
U00141,2026-03-05,51-200,pro,0,Medium,Plateaued User,completed_trial_window,6,2,143.0,1,-1,0.2,58,5,2
U00142,2026-01-28,200+,starter,0,Medium,Plateaued User,completed_trial_window,7,3,25.0,1,-3,0.3,70,7,3
U00143,2026-05-01,11-50,pro,1,Medium,Champion,completed_trial_window,2,3,13.0,1,5,0.3,68,1,3
U00144,2026-03-31,51-200,pro,0,High,Champion,completed_trial_window,12,6,8.0,1,10,0.6,99,7,6
U00145,2026-02-27,1-10,business,0,High,Power Adopter,completed_trial_window,8,9,11.0,1,-20,0.9,96,6,9
U00146,2026-02-19,200+,business,1,Medium,Window Shopper,completed_trial_window,1,4,63.0,0,8,0.4,41,1,4
U00147,2026-01-18,51-200,business,0,High,Champion,completed_trial_window,9,3,7.0,1,5,0.3,96,6,3
U00148,2026-06-14,not_provided,starter,0,Medium,Power Adopter,completed_trial_window,3,3,18.0,1,0,0.3,61,3,3
U00149,2026-05-18,51-200,starter,0,Medium,Plateaued User,completed_trial_window,4,3,38.0,1,-9,0.3,60,4,3
U00150,2026-01-30,51-200,pro,1,Medium,Late Bloomer,completed_trial_window,3,1,135.0,1,21,0.1,52,3,1
U00151,2026-03-09,1-10,starter,0,Low,Window Shopper,completed_trial_window,1,1,1.0,0,-4,0.1,32,1,1
U00152,2026-06-02,200+,business,1,High,Late Bloomer,completed_trial_window,5,5,26.0,1,6,0.5,82,5,5
U00153,2026-04-22,not_provided,pro,0,High,Champion,completed_trial_window,10,5,13.0,1,18,0.5,99,8,5
U00154,2026-01-30,200+,pro,0,Medium,Plateaued User,completed_trial_window,2,5,25.0,1,-2,0.5,62,2,5
U00155,2026-02-18,51-200,starter,0,Medium,Power Adopter,mid_trial_dropoff,4,4,14.0,1,-7,0.4,70,4,4
U00156,2026-04-22,1-10,pro,1,High,Late Bloomer,completed_trial_window,14,7,28.0,1,18,0.7,98,8,7
U00157,2026-02-20,51-200,starter,1,Medium,Plateaued User,mid_trial_dropoff,2,4,27.0,1,-2,0.4,58,2,4
U00158,2026-03-26,not_provided,business,1,High,Power Adopter,completed_trial_window,8,5,2.0,1,-13,0.5,93,5,5
U00159,2026-03-18,not_provided,business,0,High,Late Bloomer,completed_trial_window,9,4,34.0,1,15,0.4,91,7,4
U00160,2026-04-15,51-200,starter,0,High,Champion,completed_trial_window,9,9,4.0,1,6,0.9,99,6,9
U00161,2026-03-17,not_provided,pro,0,High,Power Adopter,completed_trial_window,10,4,9.0,1,-3,0.4,91,9,4
U00162,2026-02-19,200+,business,1,Medium,Plateaued User,completed_trial_window,6,2,112.0,1,-1,0.2,58,6,2
U00163,2026-02-14,not_provided,pro,0,Medium,Window Shopper,mid_trial_dropoff,2,5,29.0,0,3,0.5,54,2,5
U00164,2026-03-19,200+,pro,1,High,Champion,completed_trial_window,8,5,7.0,1,7,0.5,99,7,5
U00165,2026-03-19,51-200,pro,1,High,Power Adopter,completed_trial_window,10,6,2.0,1,-3,0.6,98,6,6
U00166,2026-05-29,not_provided,business,0,Medium,Late Bloomer,completed_trial_window,3,3,60.0,1,4,0.3,61,2,3
U00167,2026-03-24,200+,starter,0,Medium,Power Adopter,completed_trial_window,6,5,11.0,1,-1,0.5,86,3,5
U00168,2026-04-24,not_provided,pro,0,High,Champion,completed_trial_window,5,4,4.0,1,6,0.4,88,4,4
U00169,2026-05-11,200+,business,1,High,Champion,completed_trial_window,8,4,5.0,1,2,0.4,99,7,4
U00170,2026-01-22,51-200,pro,1,High,Power Adopter,completed_trial_window,9,6,23.0,1,-1,0.6,93,8,6
U00171,2026-03-27,1-10,pro,1,High,Power Adopter,completed_trial_window,9,8,3.0,1,-4,0.8,98,7,8
U00172,2026-02-27,11-50,pro,0,Medium,Power Adopter,mid_trial_dropoff,1,5,5.0,1,0,0.5,68,1,5
U00173,2026-01-07,1-10,pro,1,High,Champion,completed_trial_window,7,4,4.0,1,6,0.4,95,7,4
U00174,2026-06-06,1-10,starter,1,Low,Plateaued User,completed_trial_window,7,1,87.0,0,0,0.1,38,5,1
U00175,2026-06-11,not_provided,pro,0,High,Champion,completed_trial_window,7,5,17.0,1,5,0.5,94,5,5
U00176,2026-04-09,200+,starter,1,High,Champion,completed_trial_window,11,5,16.0,1,9,0.5,99,7,5
U00177,2026-02-07,not_provided,business,1,High,Power Adopter,completed_trial_window,4,6,1.0,1,-22,0.6,82,4,6
U00178,2026-01-28,200+,pro,0,High,Champion,completed_trial_window,6,7,7.0,1,24,0.7,99,5,7
U00179,2026-02-15,not_provided,pro,0,High,Late Bloomer,completed_trial_window,4,5,63.0,1,36,0.5,74,4,5
U00180,2026-04-29,1-10,pro,1,High,Late Bloomer,completed_trial_window,8,7,27.0,1,23,0.7,96,6,7
U00181,2026-02-01,200+,pro,0,High,Champion,completed_trial_window,7,7,0.0,1,12,0.7,99,7,7
U00182,2026-04-29,not_provided,pro,0,High,Late Bloomer,completed_trial_window,5,3,57.0,1,12,0.3,68,4,3
U00183,2026-05-24,not_provided,business,1,High,Champion,completed_trial_window,4,5,21.0,1,9,0.5,84,4,5
U00184,2026-06-06,not_provided,pro,0,Medium,Power Adopter,completed_trial_window,3,3,8.0,1,-2,0.3,66,3,3
U00185,2026-04-20,not_provided,starter,1,High,Power Adopter,completed_trial_window,8,8,4.0,1,-5,0.8,96,5,8
U00186,2026-05-02,200+,business,0,Medium,Plateaued User,mid_trial_dropoff,6,4,84.0,1,-4,0.4,67,4,4
U00187,2026-03-05,not_provided,business,0,Medium,Power Adopter,completed_trial_window,6,2,22.0,1,-2,0.2,68,5,2
U00188,2026-05-14,200+,business,0,High,Champion,completed_trial_window,8,4,15.0,1,10,0.4,94,5,4
U00189,2026-03-03,51-200,starter,1,Low,Window Shopper,completed_trial_window,1,2,61.0,0,10,0.2,32,1,2
U00190,2026-03-15,11-50,business,1,Low,Window Shopper,completed_trial_window,1,2,160.0,0,8,0.2,32,1,2
U00191,2026-03-23,not_provided,starter,1,Medium,Growing Casual,completed_trial_window,4,5,47.0,0,4,0.5,61,3,5
U00192,2026-02-08,11-50,starter,0,Medium,Plateaued User,completed_trial_window,6,5,12.0,0,-20,0.5,68,6,5
U00193,2026-02-09,not_provided,pro,0,High,Power Adopter,mid_trial_dropoff,4,8,1.0,1,-4,0.8,82,4,8
U00194,2026-01-17,200+,starter,0,High,Power Adopter,completed_trial_window,7,6,20.0,1,-7,0.6,87,6,6
U00195,2026-03-26,not_provided,starter,1,High,Power Adopter,completed_trial_window,8,3,24.0,1,-2,0.3,79,8,3
U00196,2026-01-16,11-50,starter,0,High,Champion,completed_trial_window,7,7,1.0,1,16,0.7,99,6,7
U00197,2026-04-10,not_provided,business,0,Medium,Plateaued User,completed_trial_window,5,4,62.0,0,-5,0.4,45,3,4
U00198,2026-01-06,not_provided,starter,1,Medium,Power Adopter,completed_trial_window,2,5,8.0,1,-13,0.5,72,2,5
U00199,2026-01-02,51-200,business,1,High,Champion,completed_trial_window,14,6,9.0,1,10,0.6,99,10,6
U00200,2026-04-18,not_provided,business,0,Medium,Late Bloomer,early_dropoff,1,5,62.0,1,3,0.5,63,1,5
U00201,2026-05-20,not_provided,pro,0,High,Late Bloomer,completed_trial_window,4,3,35.0,1,2,0.3,70,4,3
U00202,2026-05-05,11-50,business,0,High,Champion,completed_trial_window,10,3,14.0,1,6,0.3,91,8,3
U00203,2026-04-22,200+,starter,0,High,Champion,completed_trial_window,4,6,22.0,1,13,0.6,87,3,6
U00204,2026-04-10,51-200,business,0,High,Champion,completed_trial_window,8,6,20.0,1,5,0.6,99,7,6
U00205,2026-04-14,not_provided,pro,0,Medium,Power Adopter,completed_trial_window,6,5,5.0,1,-7,0.5,86,6,5
U00206,2026-04-30,11-50,pro,1,High,Late Bloomer,completed_trial_window,9,5,47.0,1,4,0.5,95,6,5
U00207,2026-01-07,200+,pro,1,High,Champion,completed_trial_window,7,5,1.0,1,10,0.5,99,5,5
U00208,2026-01-07,1-10,business,0,Low,Growing Casual,completed_trial_window,3,1,274.0,0,3,0.1,34,3,1
U00209,2026-04-20,11-50,starter,0,Medium,Power Adopter,completed_trial_window,2,4,13.0,1,-6,0.4,63,2,4
U00210,2026-02-16,1-10,business,1,High,Champion,completed_trial_window,10,4,10.0,1,10,0.4,99,8,4
U00211,2026-03-25,11-50,starter,0,Medium,Late Bloomer,early_dropoff,2,5,59.0,1,16,0.5,67,1,5
U00212,2026-03-25,51-200,starter,1,Medium,Late Bloomer,completed_trial_window,2,4,36.0,1,1,0.4,68,2,4
U00213,2026-04-18,51-200,starter,0,Low,Plateaued User,completed_trial_window,5,1,96.0,0,-1,0.1,31,5,1
U00214,2026-05-01,1-10,business,0,High,Champion,completed_trial_window,11,3,17.0,1,7,0.3,91,10,3
U00215,2026-05-19,1-10,business,1,Medium,Plateaued User,completed_trial_window,7,3,25.0,1,-7,0.3,70,6,3
U00216,2026-06-16,1-10,business,0,Medium,Plateaued User,completed_trial_window,5,3,6.0,0,-6,0.3,55,5,3
U00217,2026-01-11,1-10,pro,0,High,Late Bloomer,completed_trial_window,4,5,28.0,1,2,0.5,79,4,5
U00218,2026-02-21,1-10,pro,0,High,Late Bloomer,completed_trial_window,4,5,109.0,1,15,0.5,74,4,5
U00219,2026-02-09,11-50,pro,0,High,Champion,completed_trial_window,4,6,7.0,1,7,0.6,92,4,6
U00220,2026-05-02,not_provided,starter,0,High,Late Bloomer,completed_trial_window,11,2,41.0,1,1,0.2,82,10,2
U00221,2026-05-25,11-50,starter,1,Medium,Power Adopter,completed_trial_window,7,5,8.0,1,-4,0.5,89,7,5
U00222,2026-04-05,11-50,pro,0,High,Champion,completed_trial_window,6,8,23.0,1,19,0.8,94,3,8
U00223,2026-06-05,not_provided,business,1,Medium,Champion,completed_trial_window,3,5,24.0,1,8,0.5,80,3,5
U00224,2026-02-11,51-200,starter,0,Medium,Growing Casual,completed_trial_window,5,1,76.0,0,4,0.1,41,4,1
U00225,2026-05-29,1-10,business,0,Low,Window Shopper,mid_trial_dropoff,1,1,261.0,0,1,0.1,27,1,1
U00226,2026-05-28,not_provided,starter,0,High,Power Adopter,completed_trial_window,11,7,16.0,1,-18,0.7,93,8,7
U00227,2026-04-12,not_provided,pro,0,High,Champion,completed_trial_window,9,5,2.0,1,7,0.5,99,9,5
U00228,2026-01-20,not_provided,business,1,Low,Growing Casual,early_dropoff,3,1,352.0,0,2,0.1,34,1,1
U00229,2026-01-27,not_provided,business,0,Medium,Plateaued User,completed_trial_window,4,4,25.0,1,-3,0.4,65,4,4
U00230,2026-06-03,1-10,pro,0,High,Champion,completed_trial_window,9,5,8.0,1,2,0.5,99,7,5
U00231,2026-01-11,51-200,pro,0,Medium,Late Bloomer,completed_trial_window,7,2,40.0,1,11,0.2,76,6,2
U00232,2026-04-20,not_provided,business,0,Medium,Late Bloomer,completed_trial_window,3,4,78.0,1,16,0.4,66,3,4
U00233,2026-01-18,not_provided,business,0,Medium,Window Shopper,mid_trial_dropoff,1,4,3.0,0,8,0.4,56,1,4
U00234,2026-03-29,1-10,starter,1,High,Power Adopter,completed_trial_window,6,6,4.0,1,-4,0.6,89,5,6
U00235,2026-01-28,200+,business,1,Medium,Growing Casual,completed_trial_window,4,3,36.0,0,3,0.3,52,3,3
U00236,2026-02-09,200+,pro,0,Medium,Late Bloomer,completed_trial_window,3,1,237.0,1,2,0.1,52,3,1
U00237,2026-05-14,not_provided,business,1,High,Champion,completed_trial_window,6,6,1.0,1,10,0.6,99,5,6
U00238,2026-05-18,200+,starter,1,High,Plateaued User,completed_trial_window,9,7,33.0,1,-2,0.7,88,7,7
U00239,2026-06-01,51-200,business,0,Medium,Plateaued User,mid_trial_dropoff,3,3,52.0,1,-1,0.3,51,2,3
U00240,2026-03-04,1-10,business,0,High,Champion,completed_trial_window,10,6,5.0,1,8,0.6,99,9,6
U00241,2026-04-26,11-50,starter,1,High,Champion,completed_trial_window,4,4,15.0,1,4,0.4,80,3,4
U00242,2026-06-06,not_provided,starter,1,High,Power Adopter,completed_trial_window,10,7,5.0,1,-4,0.7,98,8,7
U00243,2026-01-08,200+,business,0,High,Late Bloomer,completed_trial_window,4,4,54.0,1,5,0.4,70,3,4
U00244,2026-02-16,200+,pro,0,Low,Growing Casual,mid_trial_dropoff,3,2,207.0,0,5,0.2,39,3,2
U00245,2026-04-01,51-200,business,0,High,Late Bloomer,completed_trial_window,5,4,40.0,1,7,0.4,78,3,4
U00246,2026-03-13,not_provided,business,1,High,Champion,completed_trial_window,8,6,8.0,1,16,0.6,99,6,6
U00247,2026-05-23,1-10,pro,1,Medium,Growing Casual,completed_trial_window,7,3,4.0,0,7,0.3,72,7,3
U00248,2026-01-22,11-50,business,0,Medium,Power Adopter,completed_trial_window,5,4,19.0,1,-11,0.4,73,2,4
U00249,2026-04-15,200+,pro,1,High,Plateaued User,completed_trial_window,11,6,40.0,1,0,0.6,88,7,6
U00250,2026-05-02,not_provided,business,1,Medium,Power Adopter,completed_trial_window,7,4,5.0,1,-32,0.4,85,6,4
U00251,2026-04-25,1-10,starter,0,Medium,Plateaued User,completed_trial_window,5,2,120.0,1,-5,0.2,54,4,2
U00252,2026-03-17,11-50,starter,0,High,Plateaued User,completed_trial_window,9,3,49.0,1,-1,0.3,71,8,3
U00253,2026-03-04,51-200,business,1,Medium,Power Adopter,completed_trial_window,3,4,12.0,1,-6,0.4,71,3,4
U00254,2026-04-05,200+,pro,0,High,Champion,completed_trial_window,4,8,7.0,1,24,0.8,92,4,8
U00255,2026-05-16,51-200,starter,1,High,Champion,completed_trial_window,8,7,15.0,1,22,0.7,99,6,7
U00256,2026-03-26,51-200,business,0,High,Late Bloomer,completed_trial_window,5,6,25.0,1,27,0.6,85,5,6
U00257,2026-04-27,51-200,business,0,High,Power Adopter,mid_trial_dropoff,6,7,15.0,1,0,0.7,84,4,7
U00258,2026-03-06,11-50,starter,0,High,Champion,completed_trial_window,8,10,3.0,1,1,1.0,99,6,10
U00259,2026-02-19,51-200,starter,0,Medium,Plateaued User,completed_trial_window,4,4,11.0,0,-22,0.4,57,3,4
U00260,2026-05-18,not_provided,pro,1,Medium,Plateaued User,completed_trial_window,4,5,11.0,0,-12,0.5,61,3,5
U00261,2026-02-25,not_provided,starter,0,High,Late Bloomer,completed_trial_window,4,7,29.0,1,13,0.7,82,3,7
U00262,2026-03-12,not_provided,pro,1,Medium,Power Adopter,mid_trial_dropoff,6,5,10.0,1,-7,0.5,86,4,5
U00263,2026-06-02,51-200,starter,0,Medium,Power Adopter,completed_trial_window,1,3,8.0,1,-1,0.3,59,1,3
U00264,2026-02-19,51-200,pro,0,Medium,Growing Casual,completed_trial_window,6,3,27.0,0,4,0.3,59,6,3
U00265,2026-04-03,11-50,business,0,High,Late Bloomer,completed_trial_window,8,6,27.0,1,2,0.6,96,7,6
U00266,2026-01-04,not_provided,pro,1,High,Late Bloomer,completed_trial_window,8,5,42.0,1,7,0.5,93,5,5
U00267,2026-03-12,1-10,starter,0,Low,Window Shopper,completed_trial_window,2,2,133.0,0,6,0.2,36,2,2
U00268,2026-05-22,51-200,business,1,High,Champion,completed_trial_window,7,5,13.0,1,18,0.5,94,6,5
U00269,2026-06-13,200+,starter,1,High,Power Adopter,completed_trial_window,15,5,0.0,1,-24,0.5,95,10,5
U00270,2026-05-27,51-200,starter,0,Medium,Plateaued User,mid_trial_dropoff,2,5,37.0,1,-8,0.5,62,2,5
U00271,2026-05-03,200+,business,1,High,Power Adopter,completed_trial_window,4,6,18.0,1,-3,0.6,77,3,6
U00272,2026-01-14,51-200,starter,0,High,Champion,completed_trial_window,15,7,3.0,1,9,0.7,99,9,7
U00273,2026-01-30,1-10,starter,1,High,Champion,completed_trial_window,7,5,16.0,1,5,0.5,94,6,5
U00274,2026-01-19,not_provided,business,0,High,Champion,completed_trial_window,7,4,5.0,1,3,0.4,95,7,4
U00275,2026-01-14,11-50,pro,1,High,Champion,completed_trial_window,4,3,15.0,1,5,0.3,75,4,3
U00276,2026-03-19,1-10,pro,0,Medium,Growing Casual,completed_trial_window,3,3,30.0,0,6,0.3,48,3,3
U00277,2026-01-31,not_provided,starter,0,High,Plateaued User,completed_trial_window,9,3,69.0,1,-12,0.3,71,6,3
U00278,2026-06-05,not_provided,pro,0,High,Growing Casual,completed_trial_window,8,5,34.0,0,17,0.5,75,7,5
U00279,2026-02-27,not_provided,starter,1,Medium,Late Bloomer,completed_trial_window,2,3,105.0,1,6,0.3,58,2,3
U00280,2026-04-24,51-200,pro,1,Medium,Window Shopper,early_dropoff,1,3,12.0,0,4,0.3,51,1,3
U00281,2026-03-20,not_provided,pro,1,High,Champion,completed_trial_window,10,8,6.0,1,47,0.8,99,10,8
U00282,2026-06-06,not_provided,starter,0,High,Champion,completed_trial_window,16,7,4.0,1,32,0.7,99,10,7
U00283,2026-02-23,not_provided,pro,1,Medium,Plateaued User,completed_trial_window,4,5,67.0,0,-4,0.5,46,3,5
U00284,2026-01-21,11-50,pro,0,Medium,Power Adopter,completed_trial_window,6,4,3.0,1,0,0.4,82,5,4
U00285,2026-02-14,not_provided,starter,1,Medium,Power Adopter,completed_trial_window,3,6,17.0,1,-20,0.6,73,3,6
U00286,2026-01-01,200+,starter,0,Medium,Late Bloomer,completed_trial_window,1,4,54.0,1,18,0.4,59,1,4
U00287,2026-06-02,200+,business,0,Medium,Power Adopter,completed_trial_window,7,5,13.0,1,-10,0.5,84,6,5
U00288,2026-01-09,11-50,business,0,High,Power Adopter,completed_trial_window,8,7,12.0,1,-19,0.7,96,7,7
U00289,2026-03-14,not_provided,starter,1,High,Champion,completed_trial_window,5,4,6.0,1,8,0.4,88,5,4
U00290,2026-03-01,51-200,business,0,Medium,Power Adopter,completed_trial_window,2,6,1.0,1,-12,0.6,75,2,6
U00291,2026-05-31,not_provided,pro,0,Medium,Plateaued User,completed_trial_window,10,3,46.0,0,-3,0.3,58,7,3
U00292,2026-04-19,1-10,pro,1,High,Power Adopter,completed_trial_window,5,6,11.0,1,-2,0.6,85,5,6
U00293,2026-06-15,11-50,business,0,High,Power Adopter,completed_trial_window,11,6,19.0,1,-4,0.6,93,8,6
U00294,2026-02-06,1-10,starter,0,High,Plateaued User,completed_trial_window,4,6,35.0,1,-8,0.6,72,4,6
U00295,2026-02-12,51-200,pro,0,High,Power Adopter,completed_trial_window,9,6,2.0,1,-12,0.6,98,7,6
U00296,2026-05-26,51-200,starter,1,High,Late Bloomer,mid_trial_dropoff,2,6,50.0,1,2,0.6,70,2,6
U00297,2026-04-30,not_provided,business,0,Medium,Growing Casual,completed_trial_window,5,3,0.0,0,15,0.3,65,4,3
U00298,2026-04-14,51-200,pro,0,Medium,Power Adopter,completed_trial_window,5,2,21.0,1,-4,0.2,64,4,2
U00299,2026-05-19,200+,starter,0,Medium,Plateaued User,mid_trial_dropoff,6,3,37.0,1,-1,0.3,67,5,3
U00300,2026-01-21,not_provided,starter,1,Medium,Growing Casual,completed_trial_window,6,5,27.0,0,15,0.5,68,4,5
U00301,2026-03-24,not_provided,business,0,Low,Window Shopper,mid_trial_dropoff,1,1,46.0,0,-3,0.1,22,1,1
U00302,2026-01-07,1-10,pro,1,High,Champion,completed_trial_window,8,9,3.0,1,18,0.9,99,7,9
U00303,2026-05-31,1-10,business,1,High,Late Bloomer,completed_trial_window,5,4,54.0,1,4,0.4,73,5,4
U00304,2026-05-28,1-10,pro,1,High,Champion,completed_trial_window,11,6,9.0,1,39,0.6,99,10,6
U00305,2026-05-13,not_provided,starter,1,High,Power Adopter,completed_trial_window,8,5,5.0,1,-32,0.5,93,8,5
U00306,2026-02-16,not_provided,starter,0,High,Power Adopter,completed_trial_window,5,7,13.0,1,-1,0.7,80,4,7
U00307,2026-06-12,200+,starter,1,High,Power Adopter,completed_trial_window,10,8,0.0,1,-14,0.8,98,9,8
U00308,2026-03-31,200+,business,0,Low,Plateaued User,completed_trial_window,7,2,37.0,0,-5,0.2,48,6,2
U00309,2026-03-24,not_provided,starter,1,High,Late Bloomer,completed_trial_window,9,6,27.0,1,17,0.6,98,8,6
U00310,2026-03-26,200+,business,1,High,Champion,completed_trial_window,7,5,15.0,1,4,0.5,94,5,5
U00311,2026-03-15,not_provided,starter,1,High,Late Bloomer,completed_trial_window,8,4,33.0,1,7,0.4,89,6,4
U00312,2026-01-10,200+,starter,1,High,Champion,completed_trial_window,7,7,5.0,1,25,0.7,99,7,7
U00313,2026-03-06,51-200,starter,0,High,Champion,completed_trial_window,6,4,23.0,1,10,0.4,87,5,4
U00314,2026-04-14,not_provided,starter,0,High,Champion,completed_trial_window,7,7,12.0,1,5,0.7,99,5,7
U00315,2026-05-19,200+,starter,0,High,Late Bloomer,completed_trial_window,7,3,59.0,1,18,0.3,75,6,3
U00316,2026-01-14,11-50,pro,1,High,Power Adopter,completed_trial_window,9,5,20.0,1,-6,0.5,90,7,5
U00317,2026-06-09,200+,business,1,High,Champion,completed_trial_window,8,6,0.0,1,17,0.6,99,6,6
U00318,2026-01-14,11-50,business,1,High,Power Adopter,completed_trial_window,4,7,3.0,1,-4,0.7,82,4,7
U00319,2026-02-03,51-200,starter,1,High,Champion,completed_trial_window,4,8,2.0,1,56,0.8,92,4,8
U00320,2026-02-01,1-10,business,1,High,Champion,completed_trial_window,10,6,17.0,1,4,0.6,99,8,6
U00321,2026-03-03,not_provided,pro,0,Medium,Late Bloomer,mid_trial_dropoff,2,5,27.0,1,19,0.5,72,2,5
U00322,2026-03-21,not_provided,starter,0,Medium,Plateaued User,completed_trial_window,7,2,65.0,1,-1,0.2,61,6,2
U00323,2026-05-22,200+,starter,0,Medium,Power Adopter,completed_trial_window,8,2,11.0,1,-2,0.2,80,6,2
U00324,2026-02-27,1-10,starter,1,High,Power Adopter,completed_trial_window,10,6,9.0,1,0,0.6,98,8,6
U00325,2026-06-15,11-50,starter,0,High,Champion,completed_trial_window,12,5,1.0,1,11,0.5,99,10,5
U00326,2026-03-16,not_provided,business,0,Low,Window Shopper,completed_trial_window,2,2,2.0,0,-9,0.2,41,2,2
U00327,2026-03-11,200+,starter,0,High,Power Adopter,completed_trial_window,11,6,8.0,1,-11,0.6,98,8,6
U00328,2026-05-01,11-50,starter,0,High,Champion,completed_trial_window,5,4,1.0,1,2,0.4,88,4,4
U00329,2026-05-22,11-50,starter,0,Medium,Plateaued User,completed_trial_window,5,3,58.0,1,-9,0.3,58,4,3
U00330,2026-02-18,not_provided,pro,1,Medium,Plateaued User,completed_trial_window,7,3,26.0,1,-2,0.3,70,7,3
U00331,2026-01-18,51-200,starter,0,High,Champion,completed_trial_window,8,8,5.0,1,17,0.8,99,6,8
U00332,2026-03-29,not_provided,business,0,Medium,Growing Casual,mid_trial_dropoff,3,4,92.0,0,8,0.4,48,2,4
U00333,2026-01-01,51-200,business,1,High,Power Adopter,completed_trial_window,6,6,5.0,1,-18,0.6,89,5,6
U00334,2026-05-31,not_provided,business,1,High,Growing Casual,completed_trial_window,10,3,7.0,0,9,0.3,78,7,3
U00335,2026-02-08,200+,pro,0,Medium,Power Adopter,completed_trial_window,3,5,4.0,1,-4,0.5,75,3,5
U00336,2026-05-04,51-200,business,1,High,Plateaued User,completed_trial_window,8,4,40.0,1,-14,0.4,79,7,4
U00337,2026-05-20,200+,starter,0,Medium,Growing Casual,completed_trial_window,5,2,251.0,0,6,0.2,46,5,2
U00338,2026-03-24,11-50,business,1,Medium,Plateaued User,completed_trial_window,6,3,62.0,1,-8,0.3,62,6,3
U00339,2026-05-27,200+,pro,1,High,Champion,completed_trial_window,9,7,24.0,1,43,0.7,99,8,7
U00340,2026-01-12,51-200,business,1,High,Champion,completed_trial_window,8,8,0.0,1,8,0.8,99,7,8
U00341,2026-04-08,200+,business,0,Medium,Plateaued User,completed_trial_window,4,2,69.0,1,0,0.2,51,4,2
U00342,2026-06-16,11-50,starter,0,Medium,Power Adopter,completed_trial_window,6,4,8.0,1,-15,0.4,82,6,4
U00343,2026-01-10,11-50,pro,1,Medium,Growing Casual,completed_trial_window,7,5,10.0,0,18,0.5,81,6,5
U00344,2026-03-26,1-10,starter,1,High,Champion,completed_trial_window,4,3,2.0,1,16,0.3,80,4,3
U00345,2026-05-15,200+,starter,1,Low,Plateaued User,completed_trial_window,6,2,68.0,0,-2,0.2,40,5,2
U00346,2026-04-15,not_provided,pro,0,High,Champion,completed_trial_window,4,8,12.0,1,17,0.8,92,3,8
U00347,2026-01-20,200+,business,1,Medium,Power Adopter,mid_trial_dropoff,3,7,8.0,1,-15,0.7,78,3,7
U00348,2026-06-09,not_provided,starter,1,High,Late Bloomer,completed_trial_window,6,6,51.0,1,24,0.6,84,5,6
U00349,2026-03-26,not_provided,pro,0,Medium,Plateaued User,mid_trial_dropoff,4,5,70.0,1,-4,0.5,64,4,5
U00350,2026-04-08,51-200,business,0,Medium,Plateaued User,early_dropoff,1,3,37.0,1,-11,0.3,49,1,3
U00351,2026-05-05,not_provided,starter,1,High,Late Bloomer,completed_trial_window,7,3,35.0,1,9,0.3,80,6,3
U00352,2026-01-18,11-50,business,0,Low,Plateaued User,completed_trial_window,4,1,126.0,0,-4,0.1,28,4,1
U00353,2026-03-15,11-50,business,1,High,Late Bloomer,completed_trial_window,8,3,108.0,1,14,0.3,79,8,3
U00354,2026-04-22,1-10,business,0,High,Power Adopter,completed_trial_window,10,6,15.0,1,-31,0.6,93,7,6
U00355,2026-01-26,200+,pro,1,Medium,Plateaued User,completed_trial_window,5,3,38.0,0,-2,0.3,45,4,3
U00356,2026-01-08,1-10,business,0,Medium,Growing Casual,completed_trial_window,3,3,7.0,0,2,0.3,58,3,3
U00357,2026-01-15,51-200,business,1,Medium,Plateaued User,completed_trial_window,7,4,26.0,0,0,0.4,57,7,4
U00358,2026-04-21,11-50,pro,1,Low,Window Shopper,early_dropoff,1,2,9.0,0,-9,0.2,37,1,2
U00359,2026-04-16,not_provided,business,0,Medium,Late Bloomer,completed_trial_window,6,1,203.0,1,1,0.1,63,4,1
U00360,2026-02-16,11-50,pro,1,High,Growing Casual,completed_trial_window,8,3,112.0,0,7,0.3,61,6,3
U00361,2026-06-06,200+,pro,1,Medium,Plateaued User,completed_trial_window,4,4,42.0,1,0,0.4,65,4,4
U00362,2026-05-08,not_provided,pro,0,High,Power Adopter,completed_trial_window,8,7,23.0,1,-5,0.7,91,5,7
U00363,2026-03-01,200+,business,0,High,Late Bloomer,completed_trial_window,8,3,104.0,1,13,0.3,79,6,3
U00364,2026-03-07,200+,business,0,Low,Window Shopper,mid_trial_dropoff,2,1,13.0,0,-4,0.1,31,1,1
U00365,2026-01-03,200+,business,1,High,Late Bloomer,completed_trial_window,7,6,49.0,1,3,0.6,87,5,6
U00366,2026-02-10,1-10,starter,0,High,Champion,completed_trial_window,6,3,23.0,1,5,0.3,82,4,3
U00367,2026-03-30,not_provided,business,0,High,Champion,completed_trial_window,5,6,18.0,1,20,0.6,90,4,6
U00368,2026-06-13,200+,business,0,Medium,Growing Casual,completed_trial_window,5,3,91.0,0,5,0.3,50,4,3
U00369,2026-03-06,200+,business,1,High,Champion,completed_trial_window,8,3,8.0,1,10,0.3,94,5,3
U00370,2026-04-09,200+,starter,0,High,Champion,completed_trial_window,5,3,10.0,1,4,0.3,83,5,3
U00371,2026-03-02,200+,pro,0,Medium,Power Adopter,completed_trial_window,5,5,16.0,1,-10,0.5,77,5,5
U00372,2026-04-02,not_provided,business,0,High,Late Bloomer,completed_trial_window,10,6,27.0,1,19,0.6,98,9,6
U00373,2026-03-17,1-10,business,0,High,Late Bloomer,completed_trial_window,9,8,29.0,1,21,0.8,98,8,8
U00374,2026-04-12,51-200,starter,1,Low,Growing Casual,completed_trial_window,3,2,103.0,0,4,0.2,39,3,2
U00375,2026-01-13,not_provided,business,1,High,Power Adopter,completed_trial_window,4,6,18.0,1,-9,0.6,77,4,6
U00376,2026-03-15,11-50,pro,0,High,Growing Casual,completed_trial_window,8,3,97.0,0,19,0.3,61,6,3
U00377,2026-04-01,11-50,business,1,Medium,Plateaued User,completed_trial_window,4,3,1.0,0,-12,0.3,52,4,3
U00378,2026-06-08,51-200,business,0,Medium,Power Adopter,completed_trial_window,4,5,6.0,1,-13,0.5,79,4,5
U00379,2026-02-05,not_provided,starter,0,Medium,Power Adopter,completed_trial_window,5,5,4.0,1,-3,0.5,82,3,5
U00380,2026-06-10,not_provided,starter,0,High,Power Adopter,completed_trial_window,7,8,4.0,1,-4,0.8,92,5,8
U00381,2026-03-21,200+,starter,0,Low,Window Shopper,completed_trial_window,1,1,210.0,0,2,0.1,27,1,1
U00382,2026-05-29,51-200,business,1,Medium,Power Adopter,completed_trial_window,6,5,7.0,1,-4,0.5,86,5,5
U00383,2026-01-24,51-200,business,0,High,Champion,completed_trial_window,8,5,18.0,1,31,0.5,98,5,5
U00384,2026-04-17,11-50,pro,0,Medium,Window Shopper,completed_trial_window,1,3,135.0,0,4,0.3,36,1,3
U00385,2026-02-03,not_provided,business,0,Medium,Growing Casual,completed_trial_window,4,1,283.0,0,1,0.1,38,4,1
U00386,2026-05-16,not_provided,business,0,High,Power Adopter,completed_trial_window,5,6,5.0,1,-1,0.6,85,5,6
U00387,2026-02-12,51-200,starter,1,High,Champion,completed_trial_window,4,5,1.0,1,2,0.5,89,4,5
U00388,2026-03-28,1-10,starter,0,High,Power Adopter,completed_trial_window,13,8,18.0,1,-4,0.8,93,10,8
U00389,2026-01-20,11-50,pro,0,High,Champion,completed_trial_window,7,6,9.0,1,16,0.6,99,6,6
U00390,2026-04-12,not_provided,business,0,Low,Growing Casual,mid_trial_dropoff,3,1,188.0,0,6,0.1,34,3,1
U00391,2026-01-24,200+,starter,0,High,Power Adopter,completed_trial_window,11,5,16.0,1,-2,0.5,90,8,5
U00392,2026-03-09,not_provided,starter,0,Medium,Power Adopter,completed_trial_window,7,4,1.0,1,0,0.4,85,6,4
U00393,2026-04-27,51-200,business,1,High,Power Adopter,completed_trial_window,13,4,8.0,1,-16,0.4,91,8,4
U00394,2026-05-30,200+,business,1,High,Champion,mid_trial_dropoff,4,3,4.0,1,13,0.3,80,3,3
U00395,2026-01-28,not_provided,pro,0,Medium,Growing Casual,completed_trial_window,3,3,13.0,0,4,0.3,53,3,3
U00396,2026-05-01,1-10,pro,0,Medium,Plateaued User,completed_trial_window,4,5,94.0,1,-11,0.5,64,2,5
U00397,2026-05-24,51-200,pro,1,Medium,Plateaued User,completed_trial_window,4,3,17.0,0,-7,0.3,47,4,3
U00398,2026-06-15,1-10,business,0,High,Champion,completed_trial_window,5,6,3.0,1,27,0.6,95,4,6
U00399,2026-04-29,not_provided,business,0,Medium,Plateaued User,completed_trial_window,9,2,31.0,0,0,0.2,54,7,2
U00400,2026-06-16,200+,starter,0,High,Power Adopter,completed_trial_window,6,9,6.0,1,-14,0.9,89,4,9
U00401,2026-02-05,1-10,starter,1,High,Power Adopter,completed_trial_window,14,8,0.0,1,-8,0.8,98,7,8
U00402,2026-05-07,1-10,starter,0,High,Champion,completed_trial_window,10,4,2.0,1,3,0.4,99,6,4
U00403,2026-03-02,not_provided,pro,0,Low,Window Shopper,early_dropoff,1,1,116.0,0,3,0.1,27,1,1
U00404,2026-04-10,200+,business,0,High,Late Bloomer,completed_trial_window,6,3,61.0,1,3,0.3,72,4,3
U00405,2026-05-19,200+,pro,1,Medium,Late Bloomer,mid_trial_dropoff,1,2,52.0,1,9,0.2,50,1,2
U00406,2026-04-17,not_provided,starter,1,High,Late Bloomer,completed_trial_window,5,6,29.0,1,2,0.6,85,5,6
U00407,2026-06-07,200+,business,0,Medium,Plateaued User,completed_trial_window,5,2,28.0,1,-5,0.2,59,5,2
U00408,2026-01-09,not_provided,business,1,High,Late Bloomer,completed_trial_window,4,4,30.0,1,10,0.4,75,4,4
U00409,2026-04-24,200+,pro,0,High,Champion,completed_trial_window,11,4,15.0,1,3,0.4,96,9,4
U00410,2026-04-03,1-10,business,1,Low,Plateaued User,mid_trial_dropoff,3,3,4.0,0,-6,0.3,48,3,3
U00411,2026-05-20,not_provided,business,0,High,Champion,completed_trial_window,6,7,22.0,1,5,0.7,94,6,7
U00412,2026-01-16,200+,business,0,Medium,Power Adopter,mid_trial_dropoff,1,5,9.0,1,-2,0.5,68,1,5
U00413,2026-02-18,1-10,starter,0,Medium,Plateaued User,completed_trial_window,4,2,25.0,1,-3,0.2,56,4,2
U00414,2026-01-24,not_provided,pro,1,Medium,Power Adopter,completed_trial_window,6,4,18.0,1,-17,0.4,77,5,4
U00415,2026-01-06,1-10,business,1,High,Champion,mid_trial_dropoff,5,7,4.0,1,3,0.7,95,3,7
U00416,2026-02-02,not_provided,pro,0,Medium,Late Bloomer,mid_trial_dropoff,2,2,91.0,1,2,0.2,54,2,2
U00417,2026-01-18,not_provided,pro,0,High,Late Bloomer,completed_trial_window,8,5,56.0,1,14,0.5,88,6,5
U00418,2026-05-31,11-50,pro,0,High,Power Adopter,completed_trial_window,11,4,1.0,1,-13,0.4,91,7,4
U00419,2026-03-26,11-50,pro,1,High,Champion,completed_trial_window,7,8,0.0,1,16,0.8,99,6,8
U00420,2026-03-12,11-50,pro,1,Low,Plateaued User,mid_trial_dropoff,4,1,92.0,0,0,0.1,28,3,1
U00421,2026-03-06,11-50,starter,0,Low,Plateaued User,completed_trial_window,3,2,48.0,0,-5,0.2,34,3,2
U00422,2026-01-07,11-50,starter,0,Low,Window Shopper,early_dropoff,1,2,7.0,0,-5,0.2,37,1,2
U00423,2026-04-02,11-50,pro,0,Medium,Plateaued User,completed_trial_window,7,4,52.0,1,0,0.4,70,4,4
U00424,2026-03-24,1-10,pro,1,High,Champion,completed_trial_window,12,5,7.0,1,5,0.5,99,7,5
U00425,2026-01-14,11-50,business,1,Medium,Plateaued User,completed_trial_window,4,4,45.0,1,-5,0.4,65,4,4
U00426,2026-05-15,1-10,business,0,High,Champion,completed_trial_window,6,8,1.0,1,17,0.8,99,4,8
U00427,2026-01-17,200+,starter,1,Medium,Growing Casual,mid_trial_dropoff,7,3,28.0,0,2,0.3,62,6,3
U00428,2026-05-12,not_provided,starter,0,Medium,Power Adopter,completed_trial_window,6,5,0.0,1,-2,0.5,86,5,5
U00429,2026-04-26,not_provided,pro,1,High,Power Adopter,completed_trial_window,10,8,0.0,1,-5,0.8,98,7,8
U00430,2026-01-12,not_provided,business,1,High,Late Bloomer,completed_trial_window,5,7,25.0,1,34,0.7,85,5,7
U00431,2026-03-19,200+,business,0,Medium,Power Adopter,completed_trial_window,6,5,1.0,1,-8,0.5,86,5,5
U00432,2026-01-08,1-10,starter,0,High,Champion,completed_trial_window,7,4,22.0,1,8,0.4,90,6,4
U00433,2026-04-13,200+,business,1,High,Champion,completed_trial_window,7,6,15.0,1,1,0.6,97,7,6
U00434,2026-05-06,not_provided,starter,0,Medium,Growing Casual,completed_trial_window,3,5,84.0,0,15,0.5,52,3,5
U00435,2026-01-19,1-10,business,1,High,Late Bloomer,completed_trial_window,9,3,37.0,1,4,0.3,86,7,3
U00436,2026-02-07,1-10,pro,0,High,Champion,completed_trial_window,4,5,19.0,1,11,0.5,84,3,5
U00437,2026-03-12,not_provided,business,0,Medium,Plateaued User,completed_trial_window,10,4,24.0,0,-9,0.4,68,7,4
U00438,2026-05-30,not_provided,business,0,Medium,Power Adopter,completed_trial_window,3,4,2.0,1,-1,0.4,71,2,4
U00439,2026-03-25,200+,pro,0,High,Power Adopter,completed_trial_window,6,6,6.0,1,-20,0.6,89,4,6
U00440,2026-05-16,51-200,starter,1,High,Champion,completed_trial_window,8,4,12.0,1,3,0.4,99,6,4
U00441,2026-06-04,200+,starter,0,Medium,Power Adopter,early_dropoff,1,7,9.0,1,-17,0.7,71,1,7
U00442,2026-01-30,not_provided,business,0,Medium,Late Bloomer,mid_trial_dropoff,3,3,91.0,1,2,0.3,61,3,3
U00443,2026-05-22,not_provided,pro,1,High,Late Bloomer,completed_trial_window,12,5,28.0,1,23,0.5,95,10,5
U00444,2026-04-26,11-50,starter,0,High,Champion,completed_trial_window,7,4,10.0,1,3,0.4,95,7,4
U00445,2026-03-28,200+,starter,0,Medium,Plateaued User,completed_trial_window,5,3,53.0,0,-1,0.3,40,5,3
U00446,2026-04-17,not_provided,starter,0,High,Champion,completed_trial_window,10,3,11.0,1,22,0.3,96,10,3
U00447,2026-03-22,200+,business,0,High,Champion,completed_trial_window,5,3,1.0,1,2,0.3,83,4,3
U00448,2026-03-07,51-200,pro,0,High,Champion,completed_trial_window,9,4,6.0,1,7,0.4,99,8,4
U00449,2026-05-02,1-10,starter,1,Medium,Power Adopter,mid_trial_dropoff,4,3,5.0,1,-13,0.3,70,3,3
U00450,2026-01-24,200+,starter,0,High,Champion,completed_trial_window,5,4,7.0,1,1,0.4,88,4,4
U00451,2026-04-06,11-50,pro,0,Medium,Power Adopter,mid_trial_dropoff,4,3,23.0,1,-9,0.3,65,3,3
U00452,2026-01-16,not_provided,pro,1,High,Late Bloomer,completed_trial_window,6,6,51.0,1,33,0.6,84,5,6
U00453,2026-03-26,not_provided,starter,0,Medium,Power Adopter,completed_trial_window,7,4,7.0,1,-9,0.4,85,5,4
U00454,2026-04-16,51-200,business,1,Medium,Plateaued User,mid_trial_dropoff,3,6,33.0,1,-5,0.6,68,2,6
U00455,2026-01-14,51-200,pro,1,High,Power Adopter,completed_trial_window,7,7,1.0,1,0,0.7,92,5,7
U00456,2026-04-01,1-10,pro,0,High,Champion,completed_trial_window,6,5,17.0,1,13,0.5,91,6,5
U00457,2026-05-10,11-50,pro,0,Low,Plateaued User,completed_trial_window,4,2,24.0,0,-1,0.2,43,3,2
U00458,2026-05-04,11-50,starter,0,High,Champion,completed_trial_window,4,3,17.0,1,2,0.3,75,4,3
U00459,2026-03-31,not_provided,business,1,Medium,Growing Casual,completed_trial_window,4,4,84.0,0,5,0.4,52,3,4
U00460,2026-03-13,not_provided,pro,0,Medium,Late Bloomer,completed_trial_window,2,1,340.0,1,4,0.1,49,2,1
U00461,2026-04-20,not_provided,pro,1,High,Power Adopter,completed_trial_window,9,3,14.0,1,-3,0.3,81,7,3
U00462,2026-06-14,not_provided,starter,1,Medium,Plateaued User,completed_trial_window,10,2,0.0,0,-7,0.2,64,7,2
U00463,2026-03-10,1-10,pro,1,Medium,Power Adopter,mid_trial_dropoff,3,3,21.0,1,-9,0.3,61,3,3
U00464,2026-03-21,51-200,business,1,High,Champion,completed_trial_window,10,5,13.0,1,24,0.5,99,9,5
U00465,2026-02-16,11-50,pro,1,High,Champion,completed_trial_window,8,7,13.0,1,4,0.7,99,7,7
U00466,2026-01-18,11-50,business,0,High,Power Adopter,completed_trial_window,5,6,7.0,1,-2,0.6,85,5,6
U00467,2026-06-12,1-10,starter,1,Medium,Power Adopter,completed_trial_window,7,5,6.0,1,-13,0.5,89,7,5
U00468,2026-02-25,200+,starter,0,Low,Plateaued User,completed_trial_window,7,1,38.0,0,-6,0.1,43,5,1
U00469,2026-04-27,51-200,pro,0,High,Power Adopter,completed_trial_window,5,6,24.0,1,-1,0.6,80,3,6
U00470,2026-04-05,51-200,business,0,Medium,Growing Casual,completed_trial_window,4,2,21.0,0,1,0.2,53,4,2
U00471,2026-03-25,not_provided,pro,0,High,Champion,completed_trial_window,9,5,3.0,1,2,0.5,99,6,5
U00472,2026-01-22,1-10,pro,1,Medium,Growing Casual,completed_trial_window,5,1,338.0,0,4,0.1,41,4,1
U00473,2026-06-08,1-10,business,1,Low,Plateaued User,completed_trial_window,5,2,18.0,0,-2,0.2,46,5,2
U00474,2026-03-11,200+,business,0,Medium,Plateaued User,completed_trial_window,2,4,37.0,1,-2,0.4,58,2,4
U00475,2026-04-19,200+,pro,0,Medium,Late Bloomer,completed_trial_window,5,2,153.0,1,7,0.2,64,5,2
U00476,2026-04-24,200+,business,1,High,Champion,completed_trial_window,14,9,2.0,1,32,0.9,99,9,9
U00477,2026-05-12,1-10,business,1,Medium,Power Adopter,completed_trial_window,2,6,13.0,1,-19,0.6,70,2,6
U00478,2026-01-29,51-200,business,0,Medium,Late Bloomer,completed_trial_window,1,3,127.0,1,1,0.3,54,1,3
U00479,2026-06-01,200+,pro,0,Medium,Power Adopter,completed_trial_window,3,4,11.0,1,-7,0.4,71,2,4
U00480,2026-03-20,1-10,pro,0,High,Late Bloomer,completed_trial_window,6,3,81.0,1,8,0.3,72,5,3
U00481,2026-04-12,not_provided,starter,0,Medium,Late Bloomer,completed_trial_window,4,2,78.0,1,7,0.2,61,4,2
U00482,2026-01-02,11-50,business,1,High,Power Adopter,completed_trial_window,5,9,1.0,1,-10,0.9,85,5,9
U00483,2026-02-05,51-200,business,1,High,Late Bloomer,completed_trial_window,7,5,44.0,1,7,0.5,89,5,5
U00484,2026-01-31,1-10,starter,1,High,Power Adopter,completed_trial_window,12,9,0.0,1,-23,0.9,98,8,9
U00485,2026-02-14,11-50,starter,0,High,Late Bloomer,completed_trial_window,6,3,77.0,1,17,0.3,72,6,3
U00486,2026-05-17,not_provided,pro,0,High,Power Adopter,completed_trial_window,6,7,3.0,1,-7,0.7,89,6,7
U00487,2026-05-09,not_provided,business,0,Medium,Champion,completed_trial_window,3,4,6.0,1,1,0.4,81,3,4
U00488,2026-04-01,1-10,starter,1,High,Champion,completed_trial_window,7,8,13.0,1,13,0.8,97,6,8
U00489,2026-04-22,1-10,starter,0,Medium,Power Adopter,completed_trial_window,7,4,12.0,1,-10,0.4,85,5,4
U00490,2026-01-20,51-200,pro,0,High,Champion,completed_trial_window,8,7,2.0,1,10,0.7,99,7,7
U00491,2026-04-20,not_provided,starter,0,High,Power Adopter,completed_trial_window,9,3,22.0,1,-3,0.3,81,7,3
U00492,2026-06-13,200+,business,1,Medium,Growing Casual,completed_trial_window,3,4,70.0,0,6,0.4,48,3,4
U00493,2026-04-14,1-10,business,0,Medium,Power Adopter,completed_trial_window,7,5,2.0,1,-1,0.5,89,4,5
U00494,2026-02-13,not_provided,starter,0,High,Power Adopter,completed_trial_window,10,4,8.0,1,0,0.4,91,7,4
U00495,2026-04-03,1-10,starter,0,High,Power Adopter,completed_trial_window,10,6,4.0,1,-7,0.6,98,8,6
U00496,2026-01-28,11-50,starter,0,Medium,Growing Casual,completed_trial_window,8,1,93.0,0,1,0.1,52,7,1
U00497,2026-05-31,200+,pro,0,High,Champion,completed_trial_window,10,8,1.0,1,11,0.8,99,7,8
U00498,2026-01-21,200+,business,0,High,Champion,completed_trial_window,8,3,23.0,1,17,0.3,89,8,3
U00499,2026-03-28,11-50,business,1,Medium,Growing Casual,completed_trial_window,9,2,190.0,0,11,0.2,59,8,2
U00500,2026-01-20,not_provided,business,0,High,Growing Casual,completed_trial_window,12,5,10.0,0,11,0.5,87,7,5
U00501,2026-01-30,not_provided,pro,1,Medium,Growing Casual,completed_trial_window,7,3,19.0,0,5,0.3,67,5,3
U00502,2026-03-31,51-200,business,0,Medium,Champion,completed_trial_window,3,3,2.0,1,6,0.3,76,3,3
U00503,2026-06-15,11-50,pro,1,Medium,Plateaued User,completed_trial_window,4,4,29.0,1,-8,0.4,65,4,4
U00504,2026-02-07,51-200,pro,1,High,Champion,completed_trial_window,4,4,20.0,1,12,0.4,80,3,4
U00505,2026-06-04,11-50,business,1,Medium,Late Bloomer,completed_trial_window,7,2,55.0,1,9,0.2,71,6,2
U00506,2026-02-15,not_provided,starter,0,High,Champion,completed_trial_window,6,5,18.0,1,12,0.5,91,5,5
U00507,2026-04-29,not_provided,pro,0,Medium,Growing Casual,completed_trial_window,4,3,146.0,0,6,0.3,47,4,3
U00508,2026-04-25,not_provided,pro,0,High,Champion,completed_trial_window,6,5,14.0,1,16,0.5,91,5,5
U00509,2026-06-14,not_provided,pro,1,Medium,Power Adopter,completed_trial_window,7,5,3.0,1,-7,0.5,89,5,5
U00510,2026-06-10,51-200,pro,0,High,Champion,completed_trial_window,10,4,20.0,1,2,0.4,96,6,4
U00511,2026-04-23,1-10,starter,1,High,Power Adopter,completed_trial_window,12,9,1.0,1,-22,0.9,98,8,9
U00512,2026-06-11,51-200,business,1,High,Late Bloomer,completed_trial_window,4,9,30.0,1,18,0.9,82,3,9
U00513,2026-01-15,51-200,pro,0,Medium,Growing Casual,completed_trial_window,5,1,189.0,0,4,0.1,41,3,1
U00514,2026-01-19,51-200,starter,1,High,Power Adopter,completed_trial_window,5,6,10.0,1,-19,0.6,85,4,6
U00515,2026-01-10,1-10,business,0,High,Champion,completed_trial_window,7,4,23.0,1,7,0.4,90,5,4
U00516,2026-03-15,1-10,business,0,Low,Window Shopper,completed_trial_window,2,1,48.0,0,-1,0.1,26,2,1
U00517,2026-01-24,not_provided,pro,1,Medium,Plateaued User,completed_trial_window,6,3,38.0,0,-3,0.3,49,6,3
U00518,2026-04-09,200+,pro,1,High,Champion,completed_trial_window,7,6,17.0,1,21,0.6,97,7,6
U00519,2026-01-11,200+,pro,0,Medium,Plateaued User,completed_trial_window,9,1,114.0,0,-3,0.1,44,7,1
U00520,2026-06-16,11-50,business,0,High,Late Bloomer,completed_trial_window,5,5,30.0,1,12,0.5,82,3,5
U00521,2026-06-04,200+,pro,0,Medium,Plateaued User,completed_trial_window,3,5,45.0,1,0,0.5,65,3,5
U00522,2026-02-08,1-10,starter,1,High,Champion,completed_trial_window,6,5,2.0,1,14,0.5,96,6,5
U00523,2026-03-29,not_provided,starter,0,Medium,Plateaued User,completed_trial_window,5,3,5.0,0,0,0.3,55,5,3
U00524,2026-05-10,not_provided,pro,0,High,Power Adopter,completed_trial_window,7,9,3.0,1,-9,0.9,92,7,9
U00525,2026-01-11,11-50,business,0,Low,Power Adopter,completed_trial_window,2,2,14.0,1,-6,0.2,54,2,2
U00526,2026-04-23,200+,pro,0,High,Late Bloomer,completed_trial_window,5,5,32.0,1,13,0.5,82,5,5
U00527,2026-05-14,not_provided,pro,1,High,Champion,completed_trial_window,10,7,2.0,1,12,0.7,99,7,7
U00528,2026-04-06,51-200,starter,0,Medium,Plateaued User,completed_trial_window,2,3,31.0,1,-11,0.3,53,2,3
U00529,2026-04-15,51-200,business,0,High,Champion,completed_trial_window,15,8,17.0,1,32,0.8,99,8,8
U00530,2026-06-03,1-10,business,0,High,Power Adopter,completed_trial_window,6,6,11.0,1,0,0.6,89,6,6
U00531,2026-06-15,51-200,starter,0,Medium,Power Adopter,mid_trial_dropoff,3,5,0.0,1,-9,0.5,75,3,5
U00532,2026-03-26,1-10,pro,0,High,Champion,completed_trial_window,7,6,4.0,1,12,0.6,99,7,6
U00533,2026-04-09,51-200,business,0,High,Champion,completed_trial_window,7,8,0.0,1,10,0.8,99,6,8
U00534,2026-06-04,11-50,business,0,Low,Plateaued User,completed_trial_window,7,1,5.0,0,0,0.1,53,6,1
U00535,2026-01-21,not_provided,business,1,High,Champion,completed_trial_window,4,6,1.0,1,7,0.6,92,4,6
U00536,2026-03-31,51-200,business,0,Low,Window Shopper,completed_trial_window,1,1,91.0,0,-5,0.1,17,1,1
U00537,2026-04-11,11-50,pro,0,Medium,Late Bloomer,mid_trial_dropoff,2,4,96.0,1,10,0.4,63,2,4
U00538,2026-01-22,51-200,pro,0,Medium,Late Bloomer,completed_trial_window,1,1,209.0,1,4,0.1,45,1,1
U00539,2026-04-07,not_provided,business,1,High,Late Bloomer,completed_trial_window,5,6,69.0,1,9,0.6,80,4,6
U00540,2026-05-15,1-10,business,1,Medium,Power Adopter,completed_trial_window,5,4,6.0,1,-5,0.4,78,4,4
U00541,2026-05-11,51-200,starter,0,Medium,Power Adopter,completed_trial_window,7,2,4.0,1,-1,0.2,76,6,2
U00542,2026-04-03,51-200,pro,1,High,Late Bloomer,completed_trial_window,5,3,61.0,1,2,0.3,68,3,3
U00543,2026-03-29,200+,pro,0,Low,Growing Casual,completed_trial_window,3,1,176.0,0,3,0.1,34,3,1
U00544,2026-02-27,11-50,pro,0,Medium,Late Bloomer,completed_trial_window,4,2,169.0,1,8,0.2,61,3,2
U00545,2026-01-20,51-200,starter,0,High,Power Adopter,mid_trial_dropoff,7,7,0.0,1,-3,0.7,92,5,7
U00546,2026-05-10,not_provided,business,1,Medium,Power Adopter,completed_trial_window,6,4,13.0,1,-11,0.4,77,5,4
U00547,2026-01-10,not_provided,business,1,Medium,Plateaued User,completed_trial_window,10,4,32.0,0,-4,0.4,63,7,4
U00548,2026-02-03,not_provided,starter,0,High,Power Adopter,completed_trial_window,8,3,11.0,1,0,0.3,84,6,3
U00549,2026-02-09,11-50,pro,1,High,Champion,completed_trial_window,6,6,13.0,1,15,0.6,94,5,6
U00550,2026-02-12,not_provided,starter,1,Medium,Plateaued User,completed_trial_window,11,3,26.0,0,-4,0.3,58,8,3
U00551,2026-04-16,51-200,business,0,Medium,Power Adopter,completed_trial_window,6,5,5.0,1,-19,0.5,86,6,5
U00552,2026-03-02,200+,pro,0,High,Power Adopter,completed_trial_window,6,7,9.0,1,-19,0.7,89,6,7
U00553,2026-03-14,not_provided,starter,0,Medium,Power Adopter,completed_trial_window,3,4,19.0,1,-6,0.4,66,3,4
U00554,2026-03-01,not_provided,pro,1,High,Power Adopter,completed_trial_window,11,5,12.0,1,0,0.5,95,6,5
U00555,2026-05-01,11-50,business,1,High,Champion,completed_trial_window,9,5,2.0,1,5,0.5,99,7,5
U00556,2026-04-23,200+,business,0,High,Late Bloomer,completed_trial_window,6,3,52.0,1,9,0.3,72,5,3
U00557,2026-04-08,not_provided,pro,0,Medium,Growing Casual,completed_trial_window,4,4,2.0,0,26,0.4,67,4,4
U00558,2026-04-18,11-50,pro,0,Medium,Late Bloomer,completed_trial_window,4,2,131.0,1,10,0.2,61,4,2
U00559,2026-06-04,11-50,business,0,High,Late Bloomer,completed_trial_window,7,3,48.0,1,3,0.3,80,5,3
U00560,2026-01-14,not_provided,starter,0,Medium,Late Bloomer,mid_trial_dropoff,2,4,58.0,1,10,0.4,63,2,4
U00561,2026-04-06,not_provided,starter,1,Medium,Growing Casual,mid_trial_dropoff,3,7,7.0,0,13,0.7,70,3,7
U00562,2026-02-01,51-200,starter,0,High,Champion,mid_trial_dropoff,3,7,3.0,1,5,0.7,88,3,7
U00563,2026-02-11,51-200,starter,0,Medium,Power Adopter,completed_trial_window,7,3,4.0,1,-3,0.3,80,6,3
U00564,2026-05-12,11-50,starter,0,Medium,Late Bloomer,completed_trial_window,3,5,52.0,1,11,0.5,70,2,5
U00565,2026-01-24,11-50,starter,1,High,Champion,completed_trial_window,6,7,0.0,1,26,0.7,99,6,7
U00566,2026-01-07,200+,starter,0,High,Champion,completed_trial_window,8,6,8.0,1,2,0.6,99,6,6
U00567,2026-04-12,not_provided,business,1,High,Late Bloomer,completed_trial_window,2,6,35.0,1,11,0.6,75,2,6
U00568,2026-04-09,1-10,business,0,High,Power Adopter,completed_trial_window,6,7,14.0,1,-8,0.7,84,5,7
U00569,2026-02-27,1-10,business,1,High,Late Bloomer,completed_trial_window,6,5,26.0,1,7,0.5,86,4,5
U00570,2026-06-16,51-200,pro,1,High,Late Bloomer,completed_trial_window,4,6,75.0,1,16,0.6,77,4,6
U00571,2026-01-10,51-200,starter,0,High,Power Adopter,completed_trial_window,5,7,4.0,1,-3,0.7,85,5,7
U00572,2026-02-05,not_provided,starter,1,High,Late Bloomer,completed_trial_window,10,5,26.0,1,1,0.5,95,9,5
U00573,2026-06-07,1-10,starter,0,Low,Window Shopper,completed_trial_window,2,5,10.0,0,-20,0.5,54,2,5
U00574,2026-01-05,51-200,pro,1,High,Champion,completed_trial_window,10,3,0.0,1,12,0.3,96,8,3
U00575,2026-05-21,not_provided,pro,1,High,Champion,completed_trial_window,12,7,9.0,1,24,0.7,99,8,7
U00576,2026-04-19,1-10,business,0,Medium,Late Bloomer,completed_trial_window,3,4,84.0,1,8,0.4,66,3,4
U00577,2026-03-02,51-200,starter,0,High,Late Bloomer,completed_trial_window,4,3,29.0,1,2,0.3,70,4,3
U00578,2026-01-13,11-50,starter,0,High,Power Adopter,completed_trial_window,8,5,0.0,1,-6,0.5,93,7,5
U00579,2026-06-13,not_provided,starter,1,Medium,Late Bloomer,completed_trial_window,3,5,44.0,1,16,0.5,75,3,5
U00580,2026-01-29,200+,pro,0,High,Champion,completed_trial_window,7,7,12.0,1,8,0.7,99,6,7
U00581,2026-05-18,1-10,business,0,Medium,Power Adopter,mid_trial_dropoff,2,5,1.0,1,-11,0.5,72,2,5
U00582,2026-05-12,not_provided,pro,0,High,Champion,completed_trial_window,7,5,4.0,1,23,0.5,99,6,5
U00583,2026-02-06,51-200,starter,0,Medium,Plateaued User,completed_trial_window,5,4,27.0,1,-9,0.4,68,5,4
U00584,2026-01-01,not_provided,business,1,High,Power Adopter,completed_trial_window,16,7,2.0,1,-21,0.7,98,10,7
U00585,2026-05-27,200+,pro,0,High,Power Adopter,completed_trial_window,6,7,0.0,1,-3,0.7,89,6,7
U00586,2026-01-22,not_provided,business,0,Medium,Power Adopter,completed_trial_window,5,4,6.0,1,-22,0.4,78,3,4
U00587,2026-01-18,not_provided,pro,0,High,Champion,completed_trial_window,6,6,0.0,1,23,0.6,99,5,6
U00588,2026-05-10,not_provided,pro,1,High,Champion,completed_trial_window,7,5,1.0,1,18,0.5,99,4,5
U00589,2026-04-10,200+,starter,0,High,Power Adopter,completed_trial_window,7,6,4.0,1,-11,0.6,92,6,6
U00590,2026-06-12,200+,business,0,Medium,Late Bloomer,mid_trial_dropoff,2,2,170.0,1,6,0.2,54,2,2
U00591,2026-03-06,not_provided,starter,1,High,Power Adopter,completed_trial_window,15,9,6.0,1,-16,0.9,98,11,9
U00592,2026-01-18,51-200,pro,1,Medium,Champion,completed_trial_window,3,4,14.0,1,15,0.4,76,3,4
U00593,2026-05-29,not_provided,business,1,High,Late Bloomer,completed_trial_window,7,7,34.0,1,24,0.7,92,6,7
U00594,2026-01-12,51-200,pro,0,High,Growing Casual,completed_trial_window,18,3,1.0,0,23,0.3,78,10,3
U00595,2026-03-28,not_provided,pro,1,Low,Plateaued User,completed_trial_window,7,2,5.0,0,-4,0.2,58,6,2
U00596,2026-05-03,not_provided,pro,1,Medium,Growing Casual,completed_trial_window,7,5,28.0,0,10,0.5,71,6,5
U00597,2026-01-17,not_provided,starter,0,Medium,Growing Casual,completed_trial_window,5,4,19.0,0,3,0.4,65,4,4
U00598,2026-01-10,51-200,pro,0,Medium,Power Adopter,completed_trial_window,2,3,6.0,1,-6,0.3,63,2,3
U00599,2026-01-12,11-50,starter,1,Medium,Plateaued User,completed_trial_window,7,5,10.0,0,-8,0.5,71,5,5
U00600,2026-03-21,not_provided,starter,1,High,Power Adopter,completed_trial_window,8,8,3.0,1,-4,0.8,96,7,8
U00601,2026-05-02,51-200,starter,0,Medium,Champion,completed_trial_window,3,5,0.0,1,2,0.5,85,3,5
U00602,2026-06-15,11-50,business,1,Medium,Growing Casual,mid_trial_dropoff,4,4,26.0,0,9,0.4,57,4,4
U00603,2026-01-13,not_provided,business,1,High,Champion,completed_trial_window,9,6,8.0,1,24,0.6,99,8,6
U00604,2026-02-01,51-200,starter,1,Medium,Late Bloomer,completed_trial_window,2,1,205.0,1,9,0.1,49,2,1
U00605,2026-04-23,200+,business,1,Low,Plateaued User,mid_trial_dropoff,3,4,17.0,0,-5,0.4,48,3,4
U00606,2026-05-08,not_provided,starter,1,Medium,Champion,completed_trial_window,2,5,0.0,1,8,0.5,82,2,5
U00607,2026-05-13,51-200,starter,0,Medium,Power Adopter,completed_trial_window,5,3,5.0,1,-3,0.3,73,5,3
U00608,2026-04-19,1-10,starter,1,High,Late Bloomer,completed_trial_window,7,6,30.0,1,1,0.6,92,6,6
U00609,2026-02-16,not_provided,business,0,Low,Plateaued User,completed_trial_window,7,2,19.0,0,-5,0.2,53,5,2
U00610,2026-03-24,1-10,starter,0,High,Power Adopter,completed_trial_window,10,3,21.0,1,0,0.3,81,7,3
U00611,2026-03-25,not_provided,business,0,Medium,Power Adopter,completed_trial_window,5,5,2.0,1,-16,0.5,82,5,5
U00612,2026-03-20,200+,pro,1,High,Plateaued User,completed_trial_window,8,3,43.0,1,-9,0.3,74,7,3
U00613,2026-02-12,not_provided,starter,0,Low,Plateaued User,completed_trial_window,5,2,12.0,0,-5,0.2,51,4,2
U00614,2026-03-31,200+,starter,1,Medium,Power Adopter,completed_trial_window,11,2,22.0,1,-2,0.2,77,8,2
U00615,2026-06-07,200+,business,0,High,Champion,mid_trial_dropoff,4,5,7.0,1,16,0.5,89,4,5
U00616,2026-06-13,1-10,starter,0,High,Champion,completed_trial_window,9,4,14.0,1,4,0.4,96,7,4
U00617,2026-06-13,200+,business,1,High,Champion,completed_trial_window,6,3,19.0,1,6,0.3,82,6,3
U00618,2026-02-10,1-10,pro,1,Medium,Champion,early_dropoff,1,2,7.0,1,5,0.2,65,1,2
U00619,2026-04-23,1-10,pro,0,High,Late Bloomer,completed_trial_window,12,6,28.0,1,5,0.6,98,9,6
U00620,2026-01-18,11-50,business,0,Medium,Late Bloomer,completed_trial_window,2,2,49.0,1,4,0.2,54,2,2
U00621,2026-04-04,51-200,starter,1,Medium,Growing Casual,completed_trial_window,7,2,14.0,0,5,0.2,63,5,2
U00622,2026-01-09,not_provided,pro,0,Medium,Power Adopter,completed_trial_window,6,5,0.0,1,-5,0.5,86,4,5
U00623,2026-04-26,51-200,business,1,Medium,Growing Casual,completed_trial_window,4,2,221.0,0,3,0.2,43,3,2
U00624,2026-01-20,not_provided,pro,0,Medium,Late Bloomer,completed_trial_window,3,2,100.0,1,7,0.2,57,3,2
U00625,2026-05-16,51-200,starter,0,High,Champion,completed_trial_window,10,6,12.0,1,23,0.6,99,7,6
U00626,2026-03-22,not_provided,business,1,High,Champion,completed_trial_window,6,5,15.0,1,7,0.5,91,4,5
U00627,2026-01-30,1-10,business,1,High,Late Bloomer,completed_trial_window,4,6,27.0,1,27,0.6,82,4,6
U00628,2026-05-08,not_provided,starter,1,High,Champion,completed_trial_window,10,5,5.0,1,20,0.5,99,8,5
U00629,2026-01-31,51-200,business,0,High,Late Bloomer,completed_trial_window,6,4,43.0,1,5,0.4,82,4,4
U00630,2026-04-25,11-50,pro,0,Medium,Champion,completed_trial_window,4,2,8.0,1,8,0.2,76,4,2
U00631,2026-03-15,not_provided,starter,0,High,Plateaued User,completed_trial_window,5,6,39.0,1,-3,0.6,75,4,6
U00632,2026-02-21,1-10,pro,1,Medium,Champion,completed_trial_window,2,4,6.0,1,5,0.4,78,2,4
U00633,2026-04-26,11-50,business,0,Medium,Window Shopper,completed_trial_window,2,4,20.0,0,4,0.4,55,2,4
U00634,2026-04-24,1-10,business,0,High,Champion,completed_trial_window,7,3,10.0,1,12,0.3,90,6,3
U00635,2026-03-23,not_provided,business,0,Medium,Late Bloomer,completed_trial_window,1,1,341.0,1,3,0.1,45,1,1
U00636,2026-01-17,not_provided,pro,0,High,Champion,completed_trial_window,8,8,3.0,1,11,0.8,99,4,8
U00637,2026-03-16,51-200,pro,0,Low,Plateaued User,mid_trial_dropoff,7,1,141.0,0,-3,0.1,38,5,1
U00638,2026-06-13,11-50,business,1,High,Champion,completed_trial_window,5,4,2.0,1,4,0.4,88,4,4
U00639,2026-02-27,1-10,pro,0,Low,Window Shopper,completed_trial_window,1,1,86.0,0,-1,0.1,17,1,1
U00640,2026-02-05,11-50,starter,1,High,Champion,completed_trial_window,13,6,5.0,1,28,0.6,99,8,6
U00641,2026-04-03,not_provided,pro,1,High,Champion,completed_trial_window,7,9,4.0,1,7,0.9,99,6,9
U00642,2026-04-30,not_provided,pro,0,Medium,Power Adopter,completed_trial_window,5,4,18.0,1,-7,0.4,73,5,4
U00643,2026-06-06,1-10,starter,1,High,Champion,completed_trial_window,7,5,4.0,1,17,0.5,99,4,5
U00644,2026-04-12,not_provided,business,0,High,Growing Casual,completed_trial_window,9,3,116.0,0,10,0.3,63,7,3
U00645,2026-05-03,not_provided,starter,1,Medium,Plateaued User,completed_trial_window,7,5,26.0,1,-7,0.5,79,6,5
U00646,2026-05-28,1-10,pro,0,Medium,Growing Casual,mid_trial_dropoff,3,3,26.0,0,8,0.3,48,3,3
U00647,2026-03-23,not_provided,starter,1,High,Power Adopter,completed_trial_window,11,4,5.0,1,-2,0.4,91,9,4
U00648,2026-04-30,not_provided,pro,0,High,Late Bloomer,completed_trial_window,10,5,63.0,1,4,0.5,90,7,5
U00649,2026-03-30,11-50,pro,0,Medium,Plateaued User,mid_trial_dropoff,1,3,33.0,1,-1,0.3,49,1,3
U00650,2026-06-13,not_provided,pro,1,Medium,Power Adopter,completed_trial_window,5,5,18.0,1,0,0.5,77,5,5
U00651,2026-04-21,not_provided,starter,0,Medium,Power Adopter,completed_trial_window,4,2,11.0,1,0,0.2,66,4,2
U00652,2026-02-01,not_provided,pro,0,Medium,Power Adopter,completed_trial_window,4,4,15.0,1,-4,0.4,70,3,4
U00653,2026-03-19,11-50,pro,0,High,Late Bloomer,mid_trial_dropoff,2,6,28.0,1,5,0.6,75,2,6
U00654,2026-03-24,not_provided,pro,1,Medium,Power Adopter,completed_trial_window,10,2,0.0,1,-1,0.2,82,7,2
U00655,2026-05-13,51-200,starter,1,Medium,Plateaued User,mid_trial_dropoff,1,3,35.0,1,0,0.3,49,1,3
U00656,2026-02-20,not_provided,pro,0,High,Champion,completed_trial_window,9,7,17.0,1,12,0.7,99,6,7
U00657,2026-03-12,11-50,business,1,Medium,Champion,completed_trial_window,2,4,9.0,1,5,0.4,78,2,4
U00658,2026-06-07,not_provided,starter,0,Medium,Plateaued User,completed_trial_window,7,2,76.0,1,-2,0.2,61,7,2
U00659,2026-05-09,not_provided,pro,0,Medium,Plateaued User,completed_trial_window,3,3,29.0,1,-6,0.3,56,3,3
U00660,2026-06-01,not_provided,pro,1,High,Champion,completed_trial_window,6,6,19.0,1,4,0.6,94,5,6
U00661,2026-06-09,not_provided,pro,0,Medium,Late Bloomer,completed_trial_window,1,3,52.0,1,1,0.3,54,1,3
U00662,2026-03-28,not_provided,starter,1,High,Power Adopter,completed_trial_window,8,7,6.0,1,-1,0.7,96,7,7
U00663,2026-01-21,1-10,business,1,Medium,Plateaued User,completed_trial_window,4,4,25.0,0,-3,0.4,47,3,4
U00664,2026-03-09,not_provided,pro,0,High,Late Bloomer,completed_trial_window,9,7,30.0,1,10,0.7,98,7,7
U00665,2026-05-27,200+,pro,0,Medium,Late Bloomer,completed_trial_window,7,2,79.0,1,6,0.2,71,6,2
U00666,2026-06-13,1-10,starter,0,Medium,Late Bloomer,early_dropoff,1,3,56.0,1,3,0.3,54,1,3
U00667,2026-06-10,not_provided,business,0,High,Power Adopter,completed_trial_window,9,6,0.0,1,-28,0.6,98,8,6
U00668,2026-06-14,51-200,starter,1,High,Champion,completed_trial_window,5,6,2.0,1,25,0.6,95,5,6
U00669,2026-04-14,51-200,starter,0,Medium,Power Adopter,completed_trial_window,7,4,11.0,1,-4,0.4,85,5,4
U00670,2026-01-19,not_provided,starter,0,Medium,Power Adopter,completed_trial_window,4,4,0.0,1,-17,0.4,75,4,4
U00671,2026-02-10,200+,starter,1,High,Growing Casual,completed_trial_window,12,4,23.0,0,9,0.4,78,9,4
U00672,2026-04-29,11-50,business,0,High,Late Bloomer,completed_trial_window,11,6,37.0,1,18,0.6,98,5,6
U00673,2026-06-05,11-50,business,0,High,Champion,mid_trial_dropoff,4,3,20.0,1,14,0.3,75,2,3
U00674,2026-03-23,not_provided,business,0,Medium,Power Adopter,completed_trial_window,6,5,7.0,1,-12,0.5,86,6,5
U00675,2026-04-13,11-50,business,0,High,Power Adopter,completed_trial_window,4,6,20.0,1,-1,0.6,77,4,6
U00676,2026-05-12,not_provided,starter,0,High,Champion,completed_trial_window,10,8,1.0,1,5,0.8,99,8,8
U00677,2026-03-23,11-50,starter,1,High,Champion,completed_trial_window,11,6,6.0,1,13,0.6,99,9,6
U00678,2026-03-10,200+,pro,1,Medium,Power Adopter,completed_trial_window,4,4,22.0,1,-15,0.4,70,4,4
U00679,2026-01-25,1-10,business,0,High,Champion,completed_trial_window,3,6,2.0,1,23,0.6,88,3,6
U00680,2026-04-09,not_provided,starter,1,Medium,Growing Casual,completed_trial_window,9,2,43.0,0,4,0.2,64,5,2
U00681,2026-02-10,51-200,pro,1,Medium,Power Adopter,completed_trial_window,6,5,13.0,1,-2,0.5,81,6,5
U00682,2026-02-18,11-50,starter,0,Medium,Late Bloomer,early_dropoff,1,4,44.0,1,2,0.4,64,1,4
U00683,2026-05-12,200+,starter,1,Medium,Power Adopter,completed_trial_window,5,3,1.0,1,-6,0.3,73,5,3
U00684,2026-05-08,1-10,starter,0,High,Champion,completed_trial_window,9,5,15.0,1,11,0.5,99,7,5
U00685,2026-04-11,not_provided,starter,1,Medium,Champion,mid_trial_dropoff,3,4,9.0,1,6,0.4,81,3,4
U00686,2026-02-25,not_provided,business,1,Medium,Plateaued User,completed_trial_window,4,3,24.0,0,-7,0.3,47,3,3
U00687,2026-01-13,51-200,starter,0,Medium,Late Bloomer,completed_trial_window,2,4,100.0,1,3,0.4,63,2,4
U00688,2026-06-02,not_provided,business,0,High,Late Bloomer,completed_trial_window,6,5,60.0,1,8,0.5,81,5,5
U00689,2026-05-01,51-200,pro,1,Medium,Power Adopter,completed_trial_window,6,5,2.0,1,0,0.5,86,5,5
U00690,2026-01-28,200+,pro,0,High,Champion,completed_trial_window,5,6,0.0,1,15,0.6,95,5,6
U00691,2026-03-09,not_provided,business,1,Medium,Late Bloomer,mid_trial_dropoff,2,5,126.0,1,7,0.5,67,2,5
U00692,2026-04-04,1-10,starter,0,Medium,Late Bloomer,completed_trial_window,3,3,119.0,1,11,0.3,61,3,3
U00693,2026-01-14,not_provided,pro,0,High,Power Adopter,completed_trial_window,11,7,1.0,1,-25,0.7,98,10,7
U00694,2026-02-19,51-200,pro,1,High,Champion,completed_trial_window,6,6,1.0,1,14,0.6,99,5,6
U00695,2026-01-19,200+,pro,1,High,Champion,completed_trial_window,6,8,11.0,1,4,0.8,99,6,8
U00696,2026-05-21,51-200,pro,1,Medium,Champion,completed_trial_window,3,1,4.0,1,6,0.1,67,3,1
U00697,2026-01-31,11-50,starter,0,Medium,Growing Casual,mid_trial_dropoff,3,4,97.0,0,4,0.4,48,2,4
U00698,2026-04-11,51-200,business,0,High,Late Bloomer,mid_trial_dropoff,4,3,26.0,1,4,0.3,70,3,3
U00699,2026-05-23,51-200,pro,1,High,Champion,completed_trial_window,4,3,10.0,1,7,0.3,80,3,3
U00700,2026-06-04,not_provided,starter,1,High,Power Adopter,completed_trial_window,7,8,0.0,1,-8,0.8,92,6,8
U00701,2026-01-11,1-10,starter,0,Medium,Growing Casual,completed_trial_window,7,4,6.0,0,3,0.4,77,6,4
U00702,2026-02-05,not_provided,business,0,Medium,Power Adopter,completed_trial_window,3,4,5.0,1,-5,0.4,71,2,4
U00703,2026-05-02,not_provided,starter,0,High,Power Adopter,completed_trial_window,8,6,20.0,1,-7,0.6,91,7,6
U00704,2026-02-08,not_provided,pro,0,High,Champion,completed_trial_window,10,4,8.0,1,10,0.4,99,6,4
U00705,2026-02-05,51-200,pro,0,High,Champion,completed_trial_window,8,5,3.0,1,17,0.5,99,5,5
U00706,2026-03-23,11-50,starter,0,Medium,Power Adopter,completed_trial_window,2,7,10.0,1,-20,0.7,75,2,7
U00707,2026-06-07,not_provided,business,0,Medium,Power Adopter,completed_trial_window,6,4,15.0,1,-2,0.4,77,6,4
U00708,2026-06-01,51-200,pro,1,Medium,Plateaued User,completed_trial_window,11,3,3.0,0,-4,0.3,68,6,3
U00709,2026-05-17,200+,business,1,High,Plateaued User,completed_trial_window,10,3,31.0,1,-3,0.3,76,7,3
U00710,2026-03-18,200+,starter,1,High,Champion,completed_trial_window,13,9,2.0,1,14,0.9,99,10,9
U00711,2026-03-26,not_provided,starter,1,High,Champion,completed_trial_window,9,7,0.0,1,3,0.7,99,6,7
U00712,2026-05-30,51-200,business,0,High,Late Bloomer,completed_trial_window,4,5,55.0,1,16,0.5,74,4,5
U00713,2026-06-11,1-10,pro,0,Medium,Power Adopter,completed_trial_window,6,3,15.0,1,-4,0.3,72,5,3
U00714,2026-05-02,51-200,business,0,Medium,Growing Casual,completed_trial_window,8,2,229.0,0,10,0.2,57,7,2
U00715,2026-05-29,not_provided,pro,1,Medium,Power Adopter,completed_trial_window,2,4,11.0,1,-11,0.4,68,2,4
U00716,2026-05-30,200+,pro,0,Low,Window Shopper,early_dropoff,2,1,334.0,0,4,0.1,31,2,1
U00717,2026-05-15,not_provided,business,1,High,Champion,completed_trial_window,4,7,9.0,1,8,0.7,92,3,7
U00718,2026-04-08,11-50,business,0,Medium,Power Adopter,completed_trial_window,7,4,11.0,1,-2,0.4,85,3,4
U00719,2026-03-04,1-10,pro,0,Medium,Power Adopter,completed_trial_window,4,4,3.0,1,-4,0.4,75,4,4
U00720,2026-01-29,11-50,starter,0,Medium,Plateaued User,completed_trial_window,9,1,136.0,0,-2,0.1,44,7,1
U00721,2026-04-23,51-200,starter,1,High,Champion,completed_trial_window,8,6,4.0,1,2,0.6,99,5,6
U00722,2026-04-16,not_provided,pro,0,High,Late Bloomer,completed_trial_window,6,5,36.0,1,8,0.5,86,5,5
U00723,2026-04-16,not_provided,pro,0,Medium,Power Adopter,early_dropoff,2,5,11.0,1,-3,0.5,72,2,5
U00724,2026-05-01,not_provided,business,0,Medium,Growing Casual,mid_trial_dropoff,7,1,262.0,0,3,0.1,48,5,1
U00725,2026-01-16,not_provided,pro,1,High,Champion,completed_trial_window,13,7,5.0,1,7,0.7,99,7,7
U00726,2026-02-23,not_provided,business,1,High,Champion,completed_trial_window,9,6,14.0,1,5,0.6,99,8,6
U00727,2026-05-15,200+,business,0,High,Champion,completed_trial_window,11,6,20.0,1,22,0.6,99,7,6
U00728,2026-02-14,200+,pro,1,High,Champion,completed_trial_window,6,6,1.0,1,2,0.6,99,5,6
U00729,2026-05-20,51-200,business,1,High,Late Bloomer,completed_trial_window,10,4,25.0,1,21,0.4,91,6,4
U00730,2026-06-06,200+,pro,0,High,Power Adopter,completed_trial_window,10,9,1.0,1,-21,0.9,98,8,9
U00731,2026-03-05,51-200,pro,1,Medium,Power Adopter,completed_trial_window,6,4,6.0,1,-29,0.4,82,5,4
U00732,2026-02-27,51-200,business,1,High,Champion,completed_trial_window,13,7,3.0,1,10,0.7,99,9,7
U00733,2026-05-06,51-200,starter,0,Medium,Growing Casual,completed_trial_window,6,2,23.0,0,4,0.2,60,4,2
U00734,2026-03-31,not_provided,business,0,Medium,Power Adopter,completed_trial_window,3,3,10.0,1,-8,0.3,66,3,3
U00735,2026-03-12,51-200,starter,0,High,Power Adopter,completed_trial_window,11,5,6.0,1,0,0.5,95,10,5
U00736,2026-05-27,not_provided,pro,0,Medium,Late Bloomer,mid_trial_dropoff,2,4,118.0,1,4,0.4,63,2,4
U00737,2026-04-08,200+,business,0,High,Champion,completed_trial_window,4,4,24.0,1,9,0.4,80,4,4
U00738,2026-02-07,51-200,starter,0,High,Late Bloomer,completed_trial_window,10,3,44.0,1,4,0.3,86,7,3
U00739,2026-03-15,not_provided,starter,0,Low,Growing Casual,completed_trial_window,3,2,74.0,0,1,0.2,39,3,2
U00740,2026-03-30,200+,business,0,High,Champion,completed_trial_window,2,6,12.0,1,10,0.6,85,2,6
U00741,2026-03-07,not_provided,starter,1,Medium,Late Bloomer,completed_trial_window,3,4,47.0,1,15,0.4,71,3,4
U00742,2026-02-21,not_provided,business,0,High,Champion,completed_trial_window,10,7,10.0,1,2,0.7,99,7,7
U00743,2026-05-24,not_provided,business,0,Medium,Power Adopter,completed_trial_window,6,3,23.0,1,-2,0.3,72,4,3
U00744,2026-02-05,1-10,pro,1,Medium,Power Adopter,completed_trial_window,6,5,6.0,1,-6,0.5,86,3,5
U00745,2026-03-03,11-50,starter,0,High,Late Bloomer,completed_trial_window,5,7,33.0,1,23,0.7,85,4,7
U00746,2026-05-16,11-50,business,0,Medium,Plateaued User,completed_trial_window,4,2,123.0,1,0,0.2,51,3,2
U00747,2026-03-01,1-10,starter,1,Medium,Growing Casual,completed_trial_window,7,2,15.0,0,7,0.2,63,6,2
U00748,2026-03-26,not_provided,starter,1,Low,Power Adopter,completed_trial_window,3,2,4.0,1,-4,0.2,62,2,2
U00749,2026-02-05,1-10,pro,1,Medium,Plateaued User,completed_trial_window,5,3,38.0,1,-5,0.3,63,5,3
U00750,2026-04-15,not_provided,starter,0,Low,Window Shopper,completed_trial_window,1,1,6.0,0,2,0.1,42,1,1
U00751,2026-05-03,not_provided,pro,0,High,Late Bloomer,completed_trial_window,8,2,169.0,1,6,0.2,75,7,2
U00752,2026-03-15,51-200,business,1,High,Champion,completed_trial_window,3,7,1.0,1,15,0.7,88,3,7
U00753,2026-01-23,not_provided,pro,0,High,Power Adopter,completed_trial_window,10,5,9.0,1,-17,0.5,95,7,5
U00754,2026-03-01,not_provided,business,1,High,Late Bloomer,completed_trial_window,6,6,51.0,1,33,0.6,84,6,6
U00755,2026-02-14,200+,pro,1,Medium,Champion,completed_trial_window,3,5,15.0,1,17,0.5,80,3,5
U00756,2026-04-12,200+,pro,0,Medium,Late Bloomer,completed_trial_window,2,2,187.0,1,8,0.2,54,2,2
U00757,2026-03-16,1-10,starter,0,High,Late Bloomer,completed_trial_window,7,4,30.0,1,5,0.4,85,7,4
U00758,2026-03-18,not_provided,pro,1,High,Champion,completed_trial_window,7,9,0.0,1,5,0.9,99,4,9
U00759,2026-03-27,51-200,starter,0,High,Late Bloomer,completed_trial_window,5,6,69.0,1,19,0.6,80,5,6
U00760,2026-06-14,not_provided,pro,0,Medium,Late Bloomer,completed_trial_window,1,4,28.0,1,2,0.4,64,1,4
U00761,2026-05-07,11-50,pro,0,High,Champion,completed_trial_window,9,5,2.0,1,9,0.5,99,7,5
U00762,2026-04-30,51-200,pro,0,Medium,Power Adopter,completed_trial_window,4,5,9.0,1,-9,0.5,79,4,5
U00763,2026-01-29,51-200,pro,0,High,Champion,completed_trial_window,4,3,16.0,1,2,0.3,75,4,3
U00764,2026-04-28,not_provided,business,0,Medium,Growing Casual,completed_trial_window,6,2,56.0,0,12,0.2,50,6,2
U00765,2026-02-17,1-10,business,0,Medium,Late Bloomer,completed_trial_window,6,2,216.0,1,9,0.2,68,4,2
U00766,2026-03-28,51-200,pro,0,High,Power Adopter,completed_trial_window,11,4,2.0,1,-3,0.4,91,8,4
U00767,2026-02-19,11-50,pro,0,High,Champion,completed_trial_window,10,4,9.0,1,5,0.4,99,5,4
U00768,2026-06-13,200+,starter,1,High,Power Adopter,completed_trial_window,10,7,0.0,1,0,0.7,98,8,7
U00769,2026-03-25,1-10,starter,0,High,Power Adopter,completed_trial_window,9,7,4.0,1,-23,0.7,98,8,7
U00770,2026-01-25,11-50,pro,0,Medium,Plateaued User,completed_trial_window,7,2,29.0,1,-4,0.2,66,6,2
U00771,2026-05-03,51-200,pro,0,Medium,Plateaued User,mid_trial_dropoff,4,3,30.0,0,-6,0.3,42,4,3
U00772,2026-01-02,51-200,starter,0,Medium,Power Adopter,completed_trial_window,7,4,0.0,1,-4,0.4,85,6,4
U00773,2026-03-02,200+,business,0,Medium,Late Bloomer,early_dropoff,2,4,74.0,1,8,0.4,63,2,4
U00774,2026-03-26,51-200,pro,1,High,Champion,completed_trial_window,4,3,12.0,1,2,0.3,80,4,3
U00775,2026-01-03,51-200,business,1,High,Champion,completed_trial_window,7,6,1.0,1,3,0.6,99,6,6
U00776,2026-03-02,1-10,business,0,Low,Plateaued User,mid_trial_dropoff,3,2,44.0,1,-9,0.2,52,3,2
U00777,2026-01-31,200+,business,0,Medium,Plateaued User,completed_trial_window,2,4,51.0,1,-5,0.4,53,2,4
U00778,2026-02-10,200+,business,0,Medium,Growing Casual,completed_trial_window,6,1,102.0,0,2,0.1,45,5,1
U00779,2026-05-09,not_provided,business,1,Medium,Power Adopter,completed_trial_window,3,4,19.0,1,-11,0.4,66,3,4
U00780,2026-06-13,51-200,business,1,High,Champion,completed_trial_window,8,3,13.0,1,2,0.3,89,6,3
U00781,2026-02-26,11-50,pro,1,High,Late Bloomer,completed_trial_window,8,7,46.0,1,12,0.7,96,6,7
U00782,2026-02-09,200+,business,0,Medium,Plateaued User,completed_trial_window,4,3,38.0,1,-3,0.3,60,3,3
U00783,2026-06-05,51-200,starter,0,Medium,Plateaued User,completed_trial_window,5,2,55.0,1,-2,0.2,54,5,2
U00784,2026-05-21,200+,pro,1,High,Power Adopter,completed_trial_window,8,3,0.0,1,-15,0.3,84,6,3
U00785,2026-03-05,not_provided,pro,0,High,Champion,early_dropoff,4,5,12.0,1,11,0.5,89,3,5
U00786,2026-01-21,not_provided,starter,1,Medium,Power Adopter,completed_trial_window,7,5,5.0,1,-3,0.5,89,5,5
U00787,2026-04-03,1-10,pro,1,High,Champion,completed_trial_window,13,3,10.0,1,9,0.3,96,8,3
U00788,2026-01-16,not_provided,pro,0,High,Champion,completed_trial_window,7,4,12.0,1,6,0.4,95,6,4
U00789,2026-02-21,not_provided,pro,0,Medium,Growing Casual,completed_trial_window,5,1,175.0,0,8,0.1,41,5,1
U00790,2026-02-08,11-50,business,0,Medium,Plateaued User,completed_trial_window,5,3,26.0,1,-12,0.3,63,5,3
U00791,2026-05-14,200+,starter,0,High,Champion,completed_trial_window,9,6,0.0,1,16,0.6,99,6,6
U00792,2026-02-22,not_provided,pro,0,High,Champion,completed_trial_window,7,5,10.0,1,20,0.5,99,6,5
U00793,2026-05-06,1-10,pro,0,Medium,Plateaued User,completed_trial_window,4,3,31.0,0,-5,0.3,42,3,3
U00794,2026-04-25,1-10,starter,1,Medium,Champion,completed_trial_window,1,3,5.0,1,7,0.3,69,1,3
U00795,2026-05-12,200+,starter,0,Medium,Growing Casual,completed_trial_window,4,3,12.0,0,8,0.3,62,3,3
U00796,2026-05-25,1-10,pro,1,High,Power Adopter,completed_trial_window,8,5,2.0,1,-25,0.5,93,7,5
U00797,2026-03-20,not_provided,starter,0,Medium,Late Bloomer,completed_trial_window,3,3,78.0,1,3,0.3,61,3,3
U00798,2026-04-12,51-200,starter,0,High,Late Bloomer,completed_trial_window,10,5,38.0,1,3,0.5,95,8,5
U00799,2026-02-25,not_provided,starter,1,High,Champion,completed_trial_window,2,6,2.0,1,3,0.6,85,2,6
U00800,2026-04-19,51-200,business,0,High,Power Adopter,completed_trial_window,5,6,8.0,1,-11,0.6,85,5,6
U00801,2026-01-17,not_provided,starter,1,Medium,Champion,mid_trial_dropoff,1,3,0.0,1,11,0.3,69,1,3
U00802,2026-05-01,1-10,business,0,Medium,Plateaued User,mid_trial_dropoff,5,4,48.0,1,-9,0.4,68,4,4
U00803,2026-04-15,11-50,pro,1,High,Champion,completed_trial_window,10,6,16.0,1,11,0.6,99,6,6
U00804,2026-04-06,200+,starter,0,Medium,Power Adopter,completed_trial_window,5,5,2.0,1,-1,0.5,82,5,5
U00805,2026-04-07,200+,starter,1,Low,Plateaued User,completed_trial_window,3,2,12.0,0,-1,0.2,44,3,2
U00806,2026-02-04,not_provided,business,0,High,Champion,completed_trial_window,8,4,5.0,1,1,0.4,99,8,4
U00807,2026-01-31,11-50,pro,1,Medium,Power Adopter,completed_trial_window,5,2,13.0,1,-1,0.2,64,5,2
U00808,2026-05-16,11-50,business,0,High,Champion,completed_trial_window,9,3,20.0,1,5,0.3,91,7,3
U00809,2026-02-27,1-10,starter,1,High,Champion,completed_trial_window,13,7,6.0,1,7,0.7,99,8,7
U00810,2026-04-29,not_provided,business,1,High,Champion,completed_trial_window,5,6,3.0,1,21,0.6,95,4,6
U00811,2026-04-19,not_provided,starter,0,High,Late Bloomer,completed_trial_window,8,4,87.0,1,17,0.4,84,6,4
U00812,2026-02-28,11-50,starter,0,High,Champion,completed_trial_window,10,5,16.0,1,2,0.5,99,8,5
U00813,2026-03-30,11-50,business,0,Medium,Growing Casual,completed_trial_window,3,5,30.0,0,5,0.5,57,3,5
U00814,2026-02-18,not_provided,starter,0,Medium,Power Adopter,completed_trial_window,6,4,24.0,1,0,0.4,77,6,4
U00815,2026-01-09,not_provided,starter,1,High,Champion,completed_trial_window,15,7,2.0,1,6,0.7,99,9,7
U00816,2026-01-05,11-50,pro,0,Medium,Late Bloomer,completed_trial_window,3,2,76.0,1,4,0.2,57,3,2
U00817,2026-01-18,1-10,pro,1,High,Champion,completed_trial_window,8,4,4.0,1,14,0.4,99,6,4
U00818,2026-04-25,not_provided,business,0,Medium,Late Bloomer,completed_trial_window,6,1,138.0,1,2,0.1,63,6,1
U00819,2026-01-13,11-50,business,0,High,Power Adopter,completed_trial_window,10,3,2.0,1,-2,0.3,86,8,3
U00820,2026-01-12,200+,starter,0,Medium,Power Adopter,completed_trial_window,5,2,5.0,1,-1,0.2,69,4,2
U00821,2026-03-01,not_provided,pro,0,High,Power Adopter,completed_trial_window,5,6,1.0,1,-21,0.6,85,5,6
U00822,2026-01-15,11-50,pro,1,Low,Window Shopper,completed_trial_window,1,1,117.0,0,-4,0.1,17,1,1
U00823,2026-03-01,not_provided,pro,0,Medium,Champion,completed_trial_window,2,5,14.0,1,8,0.5,77,2,5
U00824,2026-03-23,not_provided,pro,0,Low,Window Shopper,early_dropoff,1,1,124.0,0,-2,0.1,17,1,1
U00825,2026-03-24,11-50,business,1,High,Champion,mid_trial_dropoff,4,7,15.0,1,12,0.7,87,4,7
U00826,2026-05-14,11-50,starter,1,High,Champion,completed_trial_window,10,7,13.0,1,19,0.7,99,9,7
U00827,2026-03-12,1-10,pro,0,High,Plateaued User,completed_trial_window,10,6,39.0,1,-13,0.6,88,7,6
U00828,2026-06-01,not_provided,pro,0,High,Champion,completed_trial_window,8,8,6.0,1,14,0.8,99,8,8
U00829,2026-06-10,not_provided,starter,0,High,Champion,completed_trial_window,8,5,10.0,1,17,0.5,99,7,5
U00830,2026-05-23,200+,starter,1,High,Late Bloomer,completed_trial_window,7,5,32.0,1,2,0.5,89,6,5
U00831,2026-06-14,not_provided,starter,0,Medium,Plateaued User,completed_trial_window,7,3,17.0,0,-13,0.3,57,6,3
U00832,2026-05-15,51-200,business,1,High,Late Bloomer,completed_trial_window,3,6,32.0,1,13,0.6,78,3,6
U00833,2026-04-15,11-50,business,0,Medium,Late Bloomer,completed_trial_window,4,2,87.0,1,1,0.2,61,4,2
U00834,2026-04-07,11-50,pro,0,High,Late Bloomer,completed_trial_window,5,3,29.0,1,13,0.3,73,5,3
U00835,2026-05-02,11-50,pro,0,Medium,Growing Casual,completed_trial_window,5,2,27.0,0,1,0.2,51,5,2
U00836,2026-03-18,not_provided,pro,0,High,Power Adopter,completed_trial_window,11,5,4.0,1,-13,0.5,95,10,5
U00837,2026-04-29,1-10,pro,0,High,Power Adopter,completed_trial_window,8,6,15.0,1,-12,0.6,91,6,6
U00838,2026-04-16,200+,pro,0,High,Champion,completed_trial_window,8,9,0.0,1,9,0.9,99,6,9
U00839,2026-05-16,11-50,starter,1,Medium,Late Bloomer,completed_trial_window,2,3,52.0,1,24,0.3,58,2,3
U00840,2026-03-07,11-50,business,1,Medium,Power Adopter,mid_trial_dropoff,5,4,15.0,1,-10,0.4,73,4,4
U00841,2026-04-26,51-200,starter,0,High,Champion,completed_trial_window,6,4,5.0,1,1,0.4,92,5,4
U00842,2026-05-18,not_provided,pro,1,Medium,Power Adopter,completed_trial_window,7,4,4.0,1,-9,0.4,85,7,4
U00843,2026-03-10,200+,business,0,High,Power Adopter,completed_trial_window,15,6,10.0,1,-23,0.6,98,11,6
U00844,2026-06-04,not_provided,starter,0,High,Power Adopter,completed_trial_window,8,8,10.0,1,-9,0.8,96,7,8
U00845,2026-01-19,11-50,pro,0,Medium,Power Adopter,completed_trial_window,4,4,3.0,1,-11,0.4,75,4,4
U00846,2026-05-24,11-50,starter,1,High,Champion,completed_trial_window,8,7,3.0,1,35,0.7,99,6,7
U00847,2026-03-27,51-200,starter,0,Low,Plateaued User,completed_trial_window,3,1,50.0,0,-2,0.1,24,3,1
U00848,2026-02-24,11-50,business,0,Medium,Power Adopter,completed_trial_window,9,1,4.0,1,-3,0.1,77,9,1
U00849,2026-01-31,not_provided,starter,0,Medium,Power Adopter,completed_trial_window,7,4,5.0,1,-11,0.4,85,4,4
U00850,2026-03-04,not_provided,pro,0,High,Champion,completed_trial_window,5,4,17.0,1,8,0.4,83,5,4
U00851,2026-02-22,200+,pro,1,Low,Plateaued User,completed_trial_window,5,2,106.0,0,-2,0.2,36,3,2
U00852,2026-03-24,51-200,starter,0,High,Champion,completed_trial_window,6,8,13.0,1,3,0.8,94,5,8
U00853,2026-04-30,not_provided,business,0,High,Champion,completed_trial_window,7,6,15.0,1,27,0.6,97,5,6
U00854,2026-04-02,51-200,business,0,High,Late Bloomer,completed_trial_window,7,6,27.0,1,5,0.6,92,5,6
U00855,2026-04-03,not_provided,starter,1,High,Champion,completed_trial_window,5,6,24.0,1,42,0.6,90,5,6
U00856,2026-01-26,not_provided,starter,0,High,Late Bloomer,completed_trial_window,6,4,80.0,1,9,0.4,77,5,4
U00857,2026-03-23,11-50,business,0,Medium,Growing Casual,completed_trial_window,9,1,240.0,0,4,0.1,54,8,1
U00858,2026-03-22,200+,starter,1,High,Champion,completed_trial_window,7,10,5.0,1,23,1.0,99,5,10
U00859,2026-02-26,not_provided,pro,0,High,Power Adopter,completed_trial_window,13,4,12.0,1,0,0.4,91,10,4
U00860,2026-01-05,51-200,pro,1,High,Champion,completed_trial_window,10,4,4.0,1,4,0.4,99,9,4
U00861,2026-05-29,not_provided,starter,0,High,Plateaued User,completed_trial_window,8,3,33.0,1,0,0.3,74,6,3
U00862,2026-03-17,11-50,pro,1,Medium,Plateaued User,completed_trial_window,7,3,28.0,0,-9,0.3,52,7,3
U00863,2026-02-28,200+,pro,1,Low,Window Shopper,completed_trial_window,2,2,113.0,0,-2,0.2,26,2,2
U00864,2026-05-08,not_provided,business,0,High,Champion,completed_trial_window,5,5,13.0,1,7,0.5,87,3,5
U00865,2026-03-28,51-200,starter,0,Medium,Plateaued User,completed_trial_window,19,5,3.0,0,-10,0.5,77,10,5
U00866,2026-06-14,not_provided,starter,1,Medium,Growing Casual,completed_trial_window,4,1,250.0,0,2,0.1,38,4,1
U00867,2026-02-13,not_provided,business,1,Medium,Plateaued User,completed_trial_window,18,1,0.0,0,0,0.1,59,11,1
U00868,2026-02-05,not_provided,pro,1,Medium,Champion,completed_trial_window,1,5,12.0,1,21,0.5,78,1,5
U00869,2026-02-17,not_provided,business,1,High,Power Adopter,completed_trial_window,13,7,3.0,1,-4,0.7,98,10,7
U00870,2026-05-15,1-10,starter,1,High,Champion,completed_trial_window,5,4,14.0,1,6,0.4,83,4,4
U00871,2026-01-02,200+,pro,1,High,Late Bloomer,mid_trial_dropoff,4,7,38.0,1,28,0.7,82,3,7
U00872,2026-01-18,not_provided,pro,1,Medium,Growing Casual,completed_trial_window,4,3,103.0,0,3,0.3,47,4,3
U00873,2026-02-25,not_provided,starter,0,High,Late Bloomer,completed_trial_window,6,4,56.0,1,1,0.4,77,5,4
U00874,2026-04-06,1-10,pro,0,Medium,Power Adopter,completed_trial_window,4,4,14.0,1,0,0.4,70,4,4
U00875,2026-06-13,not_provided,pro,0,Medium,Growing Casual,completed_trial_window,3,3,21.0,0,1,0.3,53,3,3
U00876,2026-05-04,not_provided,starter,0,High,Power Adopter,completed_trial_window,12,6,0.0,1,-11,0.6,98,9,6
U00877,2026-01-05,1-10,pro,0,Medium,Plateaued User,completed_trial_window,6,3,34.0,1,-7,0.3,67,4,3
U00878,2026-05-22,200+,starter,0,Medium,Growing Casual,completed_trial_window,3,5,43.0,0,16,0.5,57,3,5
U00879,2026-01-05,not_provided,business,1,High,Champion,completed_trial_window,5,7,1.0,1,13,0.7,95,3,7
U00880,2026-05-18,51-200,starter,0,High,Champion,completed_trial_window,5,4,21.0,1,15,0.4,83,4,4
U00881,2026-05-09,not_provided,business,1,High,Champion,completed_trial_window,9,7,4.0,1,11,0.7,99,6,7
U00882,2026-02-15,1-10,starter,1,Medium,Late Bloomer,completed_trial_window,6,2,25.0,1,7,0.2,73,5,2
U00883,2026-02-08,11-50,pro,0,High,Champion,completed_trial_window,6,5,10.0,1,15,0.5,96,6,5
U00884,2026-06-08,not_provided,business,1,Medium,Champion,early_dropoff,2,3,6.0,1,6,0.3,73,2,3
U00885,2026-03-10,200+,starter,0,High,Late Bloomer,completed_trial_window,7,7,54.0,1,2,0.7,87,7,7
U00886,2026-04-06,200+,starter,0,Medium,Plateaued User,completed_trial_window,14,2,32.0,0,-1,0.2,54,9,2
U00887,2026-05-25,11-50,business,1,Medium,Plateaued User,completed_trial_window,5,4,16.0,0,-5,0.4,55,5,4
U00888,2026-03-18,not_provided,starter,1,High,Champion,completed_trial_window,12,7,3.0,1,35,0.7,99,9,7
U00889,2026-01-24,200+,starter,0,Medium,Late Bloomer,mid_trial_dropoff,2,4,31.0,1,9,0.4,68,2,4
U00890,2026-04-07,not_provided,starter,0,Low,Plateaued User,completed_trial_window,7,1,8.0,0,-5,0.1,53,5,1
U00891,2026-01-15,not_provided,starter,1,High,Champion,completed_trial_window,5,4,12.0,1,19,0.4,88,4,4
U00892,2026-01-22,200+,starter,1,High,Plateaued User,completed_trial_window,8,4,26.0,1,-7,0.4,79,6,4
U00893,2026-05-25,1-10,pro,0,High,Champion,completed_trial_window,7,6,6.0,1,5,0.6,99,4,6
U00894,2026-01-11,11-50,pro,0,High,Champion,mid_trial_dropoff,4,4,9.0,1,1,0.4,85,3,4
U00895,2026-05-26,200+,business,0,High,Champion,completed_trial_window,11,5,16.0,1,2,0.5,99,8,5
U00896,2026-01-12,1-10,business,0,Low,Window Shopper,completed_trial_window,2,4,45.0,0,-1,0.4,40,2,4
U00897,2026-03-13,not_provided,pro,1,Medium,Plateaued User,completed_trial_window,9,2,32.0,1,-6,0.2,72,6,2
U00898,2026-02-15,51-200,starter,1,Medium,Late Bloomer,completed_trial_window,5,2,34.0,1,1,0.2,69,4,2
U00899,2026-05-31,11-50,business,1,High,Champion,completed_trial_window,14,6,14.0,1,40,0.6,99,11,6
U00900,2026-01-20,51-200,pro,1,High,Champion,completed_trial_window,7,6,13.0,1,2,0.6,97,5,6
U00901,2026-03-03,not_provided,starter,1,Medium,Late Bloomer,completed_trial_window,2,1,96.0,1,8,0.1,49,2,1
U00902,2026-03-26,200+,business,0,Medium,Plateaued User,completed_trial_window,6,2,35.0,1,-10,0.2,63,5,2
U00903,2026-02-05,not_provided,business,0,High,Champion,completed_trial_window,4,5,1.0,1,8,0.5,89,3,5
U00904,2026-01-21,not_provided,business,1,High,Champion,completed_trial_window,6,6,19.0,1,10,0.6,94,5,6
U00905,2026-01-14,1-10,starter,1,Medium,Growing Casual,completed_trial_window,4,3,76.0,0,1,0.3,47,4,3
U00906,2026-01-20,51-200,pro,0,Medium,Plateaued User,completed_trial_window,6,3,4.0,0,-2,0.3,59,5,3
U00907,2026-06-07,not_provided,starter,1,Medium,Power Adopter,mid_trial_dropoff,5,4,7.0,1,-2,0.4,78,4,4
U00908,2026-01-08,not_provided,business,1,High,Champion,completed_trial_window,5,3,5.0,1,20,0.3,83,4,3
U00909,2026-05-06,11-50,business,1,Medium,Plateaued User,completed_trial_window,5,3,39.0,1,-6,0.3,63,5,3
U00910,2026-04-07,200+,pro,0,Medium,Late Bloomer,completed_trial_window,2,2,111.0,1,2,0.2,54,2,2
U00911,2026-05-30,not_provided,starter,0,Low,Window Shopper,completed_trial_window,2,1,281.0,0,4,0.1,31,2,1
U00912,2026-01-22,not_provided,business,0,Medium,Growing Casual,completed_trial_window,4,1,179.0,0,4,0.1,38,4,1
U00913,2026-03-05,not_provided,starter,0,Medium,Plateaued User,completed_trial_window,1,5,45.0,1,-1,0.5,58,1,5
U00914,2026-01-22,51-200,pro,0,High,Growing Casual,completed_trial_window,8,6,18.0,0,12,0.6,83,8,6
U00915,2026-04-08,not_provided,business,0,High,Power Adopter,completed_trial_window,7,6,7.0,1,-24,0.6,92,7,6
U00916,2026-02-09,not_provided,starter,0,High,Late Bloomer,completed_trial_window,7,5,37.0,1,14,0.5,89,5,5
U00917,2026-03-23,51-200,starter,0,Medium,Plateaued User,completed_trial_window,6,3,63.0,0,-1,0.3,44,5,3
U00918,2026-01-24,1-10,business,0,High,Champion,completed_trial_window,5,5,4.0,1,25,0.5,92,5,5
U00919,2026-04-24,51-200,business,1,High,Late Bloomer,completed_trial_window,8,2,136.0,1,5,0.2,75,7,2
U00920,2026-02-03,1-10,pro,1,Medium,Plateaued User,completed_trial_window,9,4,34.0,0,-16,0.4,63,9,4
U00921,2026-04-25,not_provided,pro,1,High,Power Adopter,completed_trial_window,17,8,9.0,1,-26,0.8,98,10,8
U00922,2026-04-15,1-10,starter,1,High,Champion,completed_trial_window,9,8,5.0,1,20,0.8,99,7,8
U00923,2026-04-01,not_provided,starter,1,High,Power Adopter,completed_trial_window,11,6,3.0,1,-18,0.6,98,11,6
U00924,2026-06-03,51-200,starter,0,Medium,Plateaued User,mid_trial_dropoff,2,3,49.0,1,-3,0.3,48,2,3
U00925,2026-01-04,51-200,starter,0,Medium,Power Adopter,mid_trial_dropoff,1,6,24.0,1,-1,0.6,66,1,6
U00926,2026-04-10,1-10,business,1,Medium,Growing Casual,mid_trial_dropoff,5,1,210.0,0,2,0.1,41,4,1
U00927,2026-03-04,not_provided,pro,1,High,Late Bloomer,mid_trial_dropoff,8,4,33.0,1,11,0.4,89,7,4
U00928,2026-04-08,11-50,pro,0,Medium,Power Adopter,completed_trial_window,3,5,7.0,1,-10,0.5,75,3,5
U00929,2026-03-10,51-200,business,0,High,Power Adopter,completed_trial_window,6,6,1.0,1,-6,0.6,89,6,6
U00930,2026-05-07,11-50,starter,0,High,Late Bloomer,mid_trial_dropoff,4,4,116.0,1,11,0.4,70,3,4
U00931,2026-02-12,200+,business,0,Medium,Power Adopter,mid_trial_dropoff,3,4,13.0,1,0,0.4,66,2,4
U00932,2026-04-18,51-200,starter,1,High,Champion,completed_trial_window,10,10,8.0,1,15,1.0,99,7,10
U00933,2026-04-03,51-200,pro,0,High,Growing Casual,completed_trial_window,8,5,16.0,0,4,0.5,80,6,5
U00934,2026-06-10,200+,pro,1,Medium,Champion,mid_trial_dropoff,2,3,14.0,1,3,0.3,68,2,3
U00935,2026-02-20,200+,starter,0,High,Champion,completed_trial_window,5,3,17.0,1,2,0.3,78,5,3
U00936,2026-02-04,51-200,starter,0,Medium,Plateaued User,mid_trial_dropoff,3,3,154.0,1,0,0.3,51,3,3
U00937,2026-04-12,51-200,pro,0,Medium,Growing Casual,early_dropoff,4,1,73.0,0,1,0.1,38,2,1
U00938,2026-04-08,51-200,starter,0,Medium,Plateaued User,completed_trial_window,4,4,63.0,1,0,0.4,60,4,4
U00939,2026-03-27,200+,business,1,High,Champion,completed_trial_window,9,7,17.0,1,17,0.7,99,8,7
U00940,2026-02-04,51-200,business,1,High,Champion,completed_trial_window,6,6,11.0,1,3,0.6,99,6,6
U00941,2026-02-21,200+,business,0,Medium,Power Adopter,completed_trial_window,6,2,12.0,1,-2,0.2,73,5,2
U00942,2026-02-15,200+,business,0,High,Champion,completed_trial_window,10,8,15.0,1,6,0.8,99,8,8
U00943,2026-03-16,not_provided,business,1,High,Late Bloomer,completed_trial_window,5,4,27.0,1,11,0.4,78,4,4
U00944,2026-05-28,11-50,business,0,Medium,Plateaued User,completed_trial_window,6,4,21.0,0,-14,0.4,59,4,4
U00945,2026-04-07,51-200,starter,1,High,Champion,completed_trial_window,5,6,11.0,1,20,0.6,95,5,6
U00946,2026-01-30,not_provided,pro,0,High,Late Bloomer,completed_trial_window,5,5,25.0,1,21,0.5,82,3,5
U00947,2026-06-01,not_provided,pro,1,High,Champion,completed_trial_window,9,6,1.0,1,15,0.6,99,8,6
U00948,2026-01-07,not_provided,starter,1,High,Champion,completed_trial_window,5,4,15.0,1,12,0.4,83,5,4
U00949,2026-04-23,51-200,business,0,High,Power Adopter,completed_trial_window,11,3,3.0,1,-30,0.3,86,8,3
U00950,2026-01-18,200+,business,0,High,Late Bloomer,completed_trial_window,5,3,118.0,1,19,0.3,68,4,3
U00951,2026-05-08,11-50,business,0,Low,Plateaued User,completed_trial_window,4,2,34.0,0,-3,0.2,38,3,2
U00952,2026-03-19,11-50,business,0,High,Champion,completed_trial_window,6,6,11.0,1,7,0.6,99,5,6
U00953,2026-02-09,not_provided,starter,0,Medium,Late Bloomer,early_dropoff,1,3,109.0,1,3,0.3,54,1,3
U00954,2026-04-07,1-10,starter,1,High,Power Adopter,completed_trial_window,7,6,1.0,1,-8,0.6,92,4,6
U00955,2026-05-03,not_provided,starter,0,Medium,Growing Casual,completed_trial_window,3,5,7.0,0,10,0.5,67,3,5
U00956,2026-05-17,not_provided,business,0,High,Champion,completed_trial_window,10,6,6.0,1,11,0.6,99,8,6
U00957,2026-04-18,not_provided,starter,0,Medium,Power Adopter,completed_trial_window,5,4,9.0,1,-14,0.4,78,4,4
U00958,2026-04-03,not_provided,pro,0,Medium,Power Adopter,completed_trial_window,3,5,8.0,1,0,0.5,75,2,5
U00959,2026-06-02,not_provided,starter,0,Low,Plateaued User,mid_trial_dropoff,3,1,59.0,0,-1,0.1,24,3,1
U00960,2026-01-28,11-50,business,0,Medium,Plateaued User,completed_trial_window,3,4,96.0,1,-2,0.4,56,3,4
U00961,2026-04-01,11-50,business,0,High,Late Bloomer,completed_trial_window,7,4,47.0,1,15,0.4,85,7,4
U00962,2026-06-06,1-10,pro,0,Medium,Plateaued User,completed_trial_window,4,4,51.0,1,0,0.4,60,4,4
U00963,2026-06-15,not_provided,business,1,High,Power Adopter,completed_trial_window,4,7,0.0,1,-4,0.7,82,4,7
U00964,2026-03-26,200+,starter,1,High,Power Adopter,completed_trial_window,9,4,3.0,1,-1,0.4,91,7,4
U00965,2026-01-26,51-200,pro,0,High,Champion,completed_trial_window,7,6,15.0,1,3,0.6,97,5,6
U00966,2026-05-11,not_provided,pro,0,Medium,Champion,completed_trial_window,3,4,4.0,1,7,0.4,81,3,4
U00967,2026-05-23,not_provided,business,0,High,Late Bloomer,completed_trial_window,5,3,85.0,1,1,0.3,68,5,3
U00968,2026-05-28,11-50,starter,0,Medium,Growing Casual,completed_trial_window,6,2,43.0,0,1,0.2,55,5,2
U00969,2026-04-06,200+,starter,0,High,Power Adopter,completed_trial_window,7,6,3.0,1,-13,0.6,92,4,6
U00970,2026-05-31,not_provided,pro,0,High,Champion,completed_trial_window,6,5,4.0,1,8,0.5,96,5,5
U00971,2026-02-08,51-200,starter,0,High,Plateaued User,completed_trial_window,5,6,45.0,1,-1,0.6,75,3,6
U00972,2026-05-04,1-10,business,0,High,Champion,completed_trial_window,18,8,16.0,1,33,0.8,99,11,8
U00973,2026-04-17,1-10,starter,0,High,Champion,completed_trial_window,5,5,5.0,1,4,0.5,92,4,5
U00974,2026-02-06,51-200,business,1,High,Late Bloomer,completed_trial_window,6,3,55.0,1,7,0.3,72,5,3
U00975,2026-04-27,11-50,pro,1,High,Champion,completed_trial_window,11,7,0.0,1,16,0.7,99,8,7
U00976,2026-03-31,200+,starter,0,High,Power Adopter,completed_trial_window,7,6,19.0,1,-2,0.6,87,6,6
U00977,2026-04-23,not_provided,business,1,High,Champion,completed_trial_window,6,6,15.0,1,9,0.6,94,5,6
U00978,2026-03-23,1-10,business,1,Medium,Power Adopter,completed_trial_window,6,2,0.0,1,-1,0.2,73,6,2
U00979,2026-01-30,1-10,business,0,Medium,Champion,mid_trial_dropoff,1,4,14.0,1,7,0.4,69,1,4
U00980,2026-06-15,1-10,business,0,High,Power Adopter,completed_trial_window,8,5,24.0,1,-6,0.5,88,6,5
U00981,2026-02-12,not_provided,pro,1,High,Power Adopter,completed_trial_window,7,7,16.0,1,-7,0.7,87,7,7
U00982,2026-02-14,not_provided,pro,0,High,Late Bloomer,completed_trial_window,16,5,35.0,1,2,0.5,95,10,5
U00983,2026-03-26,not_provided,starter,1,Medium,Power Adopter,mid_trial_dropoff,3,4,2.0,1,0,0.4,71,3,4
U00984,2026-03-01,200+,business,1,High,Champion,completed_trial_window,8,6,0.0,1,16,0.6,99,7,6
U00985,2026-02-17,not_provided,business,1,Medium,Power Adopter,completed_trial_window,4,5,5.0,1,-2,0.5,79,4,5
U00986,2026-04-12,1-10,business,0,Medium,Plateaued User,completed_trial_window,6,5,42.0,1,-5,0.5,76,6,5
U00987,2026-06-07,11-50,starter,0,Low,Plateaued User,completed_trial_window,4,2,7.0,0,0,0.2,48,4,2
U00988,2026-06-01,200+,starter,1,High,Champion,completed_trial_window,5,6,10.0,1,9,0.6,95,4,6
U00989,2026-02-24,11-50,business,0,Medium,Growing Casual,mid_trial_dropoff,7,4,28.0,0,9,0.4,67,7,4
U00990,2026-01-17,not_provided,starter,0,Medium,Power Adopter,completed_trial_window,4,3,21.0,1,-20,0.3,65,4,3
U00991,2026-05-18,11-50,business,0,High,Plateaued User,completed_trial_window,10,3,33.0,1,-8,0.3,76,9,3
U00992,2026-03-25,11-50,starter,0,Medium,Plateaued User,completed_trial_window,4,5,50.0,1,-6,0.5,64,4,5
U00993,2026-01-30,51-200,business,1,High,Plateaued User,completed_trial_window,8,5,32.0,1,-2,0.5,83,7,5
U00994,2026-05-16,not_provided,business,0,High,Champion,completed_trial_window,11,4,20.0,1,4,0.4,96,8,4
U00995,2026-06-02,200+,pro,1,Medium,Plateaued User,completed_trial_window,11,1,57.0,0,0,0.1,44,7,1
U00996,2026-05-31,1-10,business,0,Medium,Plateaued User,completed_trial_window,4,4,5.0,0,-3,0.4,57,3,4
U00997,2026-04-01,200+,pro,0,High,Late Bloomer,completed_trial_window,8,6,28.0,1,14,0.6,96,7,6
U00998,2026-02-14,not_provided,business,1,High,Champion,completed_trial_window,10,4,6.0,1,4,0.4,99,7,4
U00999,2026-06-07,not_provided,starter,0,Medium,Plateaued User,completed_trial_window,5,2,56.0,1,-1,0.2,54,4,2
U01000,2026-02-04,51-200,starter,1,Low,Power Adopter,completed_trial_window,3,2,1.0,1,-6,0.2,62,2,2
U01001,2026-03-20,1-10,pro,1,Medium,Plateaued User,completed_trial_window,8,4,49.0,0,0,0.4,56,7,4
U01002,2026-02-06,not_provided,starter,1,High,Champion,completed_trial_window,6,6,0.0,1,14,0.6,99,4,6
U01003,2026-06-02,11-50,pro,0,Medium,Power Adopter,mid_trial_dropoff,4,4,18.0,1,-2,0.4,70,3,4
U01004,2026-04-09,200+,pro,0,High,Champion,completed_trial_window,3,7,6.0,1,1,0.7,88,3,7
U01005,2026-05-05,not_provided,pro,0,High,Late Bloomer,completed_trial_window,5,7,27.0,1,8,0.7,85,5,7
U01006,2026-06-15,11-50,pro,0,Low,Window Shopper,mid_trial_dropoff,2,2,105.0,0,-2,0.2,26,2,2
U01007,2026-02-12,200+,business,1,High,Power Adopter,completed_trial_window,11,7,6.0,1,-5,0.7,98,10,7
U01008,2026-02-17,51-200,starter,1,High,Champion,completed_trial_window,9,7,12.0,1,1,0.7,99,7,7
U01009,2026-01-14,51-200,starter,0,Medium,Growing Casual,completed_trial_window,6,2,142.0,0,3,0.2,50,6,2
U01010,2026-05-05,11-50,pro,0,High,Power Adopter,completed_trial_window,7,7,12.0,1,-10,0.7,92,4,7
U01011,2026-04-09,not_provided,pro,1,Medium,Growing Casual,completed_trial_window,7,2,127.0,0,15,0.2,53,6,2
U01012,2026-04-15,not_provided,starter,1,High,Champion,completed_trial_window,14,6,3.0,1,35,0.6,99,11,6
U01013,2026-04-24,200+,pro,1,High,Late Bloomer,completed_trial_window,4,3,119.0,1,2,0.3,65,3,3
U01014,2026-05-25,1-10,pro,0,Low,Plateaued User,completed_trial_window,3,1,11.0,0,-1,0.1,39,3,1
U01015,2026-03-16,1-10,business,0,Low,Window Shopper,mid_trial_dropoff,1,1,58.0,0,-2,0.1,17,1,1
U01016,2026-02-27,not_provided,business,1,High,Champion,completed_trial_window,4,3,0.0,1,5,0.3,80,3,3
U01017,2026-04-28,not_provided,business,0,High,Power Adopter,completed_trial_window,8,6,7.0,1,-4,0.6,96,8,6
U01018,2026-05-07,not_provided,pro,0,Medium,Power Adopter,completed_trial_window,6,5,0.0,1,-5,0.5,86,5,5
U01019,2026-01-29,not_provided,starter,0,High,Late Bloomer,completed_trial_window,6,3,57.0,1,9,0.3,72,4,3
U01020,2026-03-10,not_provided,business,1,Medium,Power Adopter,completed_trial_window,5,4,20.0,1,-14,0.4,73,3,4
U01021,2026-01-11,not_provided,starter,0,Medium,Plateaued User,completed_trial_window,6,5,53.0,0,-10,0.5,53,4,5
U01022,2026-05-20,11-50,starter,0,Medium,Late Bloomer,completed_trial_window,5,2,25.0,1,2,0.2,69,4,2
U01023,2026-01-27,not_provided,business,1,Medium,Growing Casual,completed_trial_window,3,4,76.0,0,7,0.4,48,3,4
U01024,2026-03-18,1-10,starter,1,High,Power Adopter,completed_trial_window,5,7,3.0,1,-22,0.7,85,5,7
U01025,2026-03-31,1-10,starter,1,Medium,Power Adopter,completed_trial_window,2,5,1.0,1,-8,0.5,72,2,5
U01026,2026-03-02,11-50,business,0,Low,Plateaued User,completed_trial_window,3,4,12.0,0,-6,0.4,53,3,4
U01027,2026-05-31,not_provided,business,1,Low,Window Shopper,mid_trial_dropoff,2,1,125.0,0,4,0.1,31,2,1
U01028,2026-06-11,200+,pro,0,High,Champion,completed_trial_window,4,5,16.0,1,9,0.5,84,4,5
U01029,2026-06-07,11-50,pro,0,High,Late Bloomer,completed_trial_window,4,4,68.0,1,5,0.4,70,4,4
U01030,2026-02-22,1-10,pro,0,High,Power Adopter,completed_trial_window,7,9,3.0,1,-5,0.9,92,6,9
U01031,2026-03-31,not_provided,business,1,High,Power Adopter,completed_trial_window,5,7,0.0,1,-2,0.7,85,5,7
U01032,2026-05-18,11-50,business,0,High,Champion,completed_trial_window,6,4,15.0,1,11,0.4,87,4,4
U01033,2026-03-16,51-200,pro,0,Medium,Late Bloomer,completed_trial_window,4,1,176.0,1,4,0.1,56,4,1
U01034,2026-03-10,not_provided,business,0,High,Power Adopter,completed_trial_window,9,5,0.0,1,-5,0.5,95,6,5
U01035,2026-01-25,11-50,starter,0,Medium,Late Bloomer,completed_trial_window,4,1,67.0,1,2,0.1,56,3,1
U01036,2026-01-16,51-200,business,1,High,Power Adopter,completed_trial_window,7,6,2.0,1,-18,0.6,92,5,6
U01037,2026-02-03,11-50,pro,0,Medium,Plateaued User,completed_trial_window,6,4,42.0,1,-5,0.4,72,3,4
U01038,2026-03-24,11-50,business,0,Medium,Power Adopter,completed_trial_window,5,4,1.0,1,-1,0.4,78,5,4
U01039,2026-04-11,200+,pro,1,High,Champion,completed_trial_window,10,7,11.0,1,14,0.7,99,9,7
U01040,2026-06-11,51-200,business,0,Low,Window Shopper,early_dropoff,1,1,267.0,0,2,0.1,27,1,1
U01041,2026-04-17,200+,starter,0,Medium,Growing Casual,completed_trial_window,4,2,111.0,0,3,0.2,43,4,2
U01042,2026-01-20,not_provided,starter,0,High,Late Bloomer,completed_trial_window,4,3,38.0,1,4,0.3,70,4,3
U01043,2026-04-14,not_provided,business,0,High,Late Bloomer,completed_trial_window,9,3,173.0,1,14,0.3,81,7,3
U01044,2026-03-13,not_provided,business,0,Medium,Late Bloomer,completed_trial_window,4,1,47.0,1,3,0.1,61,4,1
U01045,2026-04-27,200+,business,0,Medium,Late Bloomer,early_dropoff,2,3,38.0,1,2,0.3,63,2,3
U01046,2026-05-29,1-10,business,0,Medium,Power Adopter,completed_trial_window,3,5,2.0,1,-6,0.5,75,3,5
U01047,2026-01-24,not_provided,starter,0,Medium,Plateaued User,mid_trial_dropoff,2,4,34.0,1,-17,0.4,58,2,4
U01048,2026-06-12,not_provided,business,1,High,Power Adopter,completed_trial_window,14,6,9.0,1,-6,0.6,98,10,6
U01049,2026-01-17,not_provided,starter,0,High,Late Bloomer,completed_trial_window,5,5,55.0,1,10,0.5,77,4,5
U01050,2026-02-25,200+,pro,0,Medium,Champion,completed_trial_window,1,3,3.0,1,12,0.3,69,1,3
U01051,2026-05-07,51-200,business,1,High,Late Bloomer,completed_trial_window,11,8,35.0,1,32,0.8,98,7,8
U01052,2026-03-28,not_provided,pro,0,Medium,Power Adopter,completed_trial_window,4,3,23.0,1,-10,0.3,65,4,3
U01053,2026-02-03,not_provided,starter,1,High,Champion,completed_trial_window,11,6,0.0,1,21,0.6,99,10,6
U01054,2026-01-13,1-10,starter,1,Medium,Champion,completed_trial_window,7,2,15.0,1,9,0.2,81,5,2
U01055,2026-01-05,1-10,pro,0,Medium,Plateaued User,completed_trial_window,4,4,60.0,0,-5,0.4,42,4,4
U01056,2026-04-23,200+,starter,0,Medium,Window Shopper,completed_trial_window,2,3,145.0,0,2,0.3,40,2,3
U01057,2026-04-20,11-50,business,1,Medium,Plateaued User,mid_trial_dropoff,3,5,32.0,1,-6,0.5,65,2,5
U01058,2026-06-16,51-200,pro,0,Medium,Growing Casual,completed_trial_window,4,3,8.0,0,1,0.3,62,4,3
U01059,2026-03-12,1-10,business,0,Medium,Plateaued User,completed_trial_window,6,7,5.0,0,-14,0.7,71,6,7
U01060,2026-04-03,51-200,starter,0,Medium,Growing Casual,completed_trial_window,4,2,0.0,0,2,0.2,58,4,2
U01061,2026-04-06,not_provided,business,0,Medium,Plateaued User,completed_trial_window,6,5,38.0,1,-9,0.5,76,4,5
U01062,2026-02-12,1-10,starter,1,High,Champion,mid_trial_dropoff,7,8,6.0,1,24,0.8,99,5,8
U01063,2026-03-01,200+,business,1,High,Growing Casual,completed_trial_window,9,3,31.0,0,2,0.3,68,8,3
U01064,2026-01-25,1-10,pro,0,Medium,Plateaued User,completed_trial_window,5,2,32.0,1,-2,0.2,59,5,2
U01065,2026-05-03,1-10,pro,0,High,Plateaued User,completed_trial_window,9,4,29.0,1,-29,0.4,81,8,4
U01066,2026-06-01,11-50,pro,0,High,Late Bloomer,completed_trial_window,4,4,82.0,1,5,0.4,70,4,4
U01067,2026-04-24,1-10,starter,0,High,Late Bloomer,completed_trial_window,7,4,43.0,1,2,0.4,85,7,4
U01068,2026-03-29,1-10,starter,0,Low,Plateaued User,mid_trial_dropoff,3,3,7.0,0,-1,0.3,48,3,3
U01069,2026-02-03,200+,starter,1,High,Champion,completed_trial_window,10,7,2.0,1,1,0.7,99,9,7
U01070,2026-04-09,1-10,business,0,High,Champion,completed_trial_window,5,4,1.0,1,13,0.4,88,5,4
U01071,2026-01-27,1-10,business,0,High,Late Bloomer,completed_trial_window,4,6,30.0,1,9,0.6,82,4,6
U01072,2026-04-05,51-200,pro,0,High,Power Adopter,completed_trial_window,10,7,10.0,1,-3,0.7,98,8,7
U01073,2026-04-08,11-50,business,0,High,Champion,completed_trial_window,8,4,7.0,1,8,0.4,99,6,4
U01074,2026-02-06,1-10,pro,0,Medium,Plateaued User,completed_trial_window,9,5,13.0,0,-16,0.5,72,6,5
U01075,2026-05-25,1-10,pro,0,High,Plateaued User,completed_trial_window,8,7,25.0,1,-4,0.7,86,7,7
U01076,2026-06-16,11-50,starter,1,High,Power Adopter,mid_trial_dropoff,9,7,12.0,1,-13,0.7,98,5,7
U01077,2026-02-24,not_provided,business,1,High,Growing Casual,completed_trial_window,8,3,6.0,0,2,0.3,76,6,3
U01078,2026-04-16,not_provided,business,1,Medium,Power Adopter,mid_trial_dropoff,5,3,0.0,1,-5,0.3,73,3,3
U01079,2026-02-25,1-10,starter,0,High,Late Bloomer,completed_trial_window,4,3,35.0,1,3,0.3,70,3,3
U01080,2026-02-05,1-10,pro,0,High,Late Bloomer,mid_trial_dropoff,4,3,68.0,1,9,0.3,65,3,3
U01081,2026-04-09,51-200,starter,1,High,Power Adopter,completed_trial_window,11,5,21.0,1,-17,0.5,90,7,5
U01082,2026-02-05,11-50,business,1,High,Champion,completed_trial_window,11,8,20.0,1,11,0.8,99,9,8
U01083,2026-03-05,not_provided,pro,0,High,Power Adopter,completed_trial_window,14,5,6.0,1,-2,0.5,95,10,5
U01084,2026-06-03,not_provided,pro,1,Medium,Power Adopter,completed_trial_window,4,5,0.0,1,-5,0.5,79,3,5
U01085,2026-01-07,not_provided,business,0,High,Late Bloomer,completed_trial_window,8,3,30.0,1,7,0.3,84,6,3
U01086,2026-02-22,not_provided,pro,1,High,Late Bloomer,completed_trial_window,9,5,33.0,1,5,0.5,95,8,5
U01087,2026-02-18,not_provided,starter,1,High,Champion,completed_trial_window,12,5,0.0,1,16,0.5,99,8,5
U01088,2026-06-15,1-10,pro,0,High,Champion,completed_trial_window,5,7,15.0,1,36,0.7,90,5,7
U01089,2026-05-07,200+,starter,0,High,Champion,completed_trial_window,5,4,7.0,1,10,0.4,88,4,4
U01090,2026-03-03,200+,business,0,High,Champion,completed_trial_window,8,3,3.0,1,7,0.3,94,6,3
U01091,2026-06-02,1-10,pro,0,High,Champion,completed_trial_window,9,6,3.0,1,25,0.6,99,8,6
U01092,2026-01-04,51-200,business,1,High,Power Adopter,completed_trial_window,10,5,14.0,1,-9,0.5,90,8,5
U01093,2026-04-10,not_provided,starter,0,Medium,Power Adopter,completed_trial_window,6,4,0.0,1,-15,0.4,82,6,4
U01094,2026-04-04,not_provided,business,1,High,Power Adopter,completed_trial_window,8,5,1.0,1,-15,0.5,93,7,5
U01095,2026-05-01,1-10,starter,1,Medium,Champion,mid_trial_dropoff,2,4,12.0,1,4,0.4,78,1,4
U01096,2026-01-18,1-10,business,0,High,Plateaued User,completed_trial_window,12,6,50.0,1,-3,0.6,83,9,6
U01097,2026-02-25,1-10,starter,1,Medium,Power Adopter,mid_trial_dropoff,3,5,10.0,1,-19,0.5,75,3,5
U01098,2026-05-10,51-200,business,1,High,Growing Casual,completed_trial_window,5,6,5.0,0,8,0.6,77,5,6
U01099,2026-04-17,200+,business,1,High,Late Bloomer,completed_trial_window,4,3,56.0,1,2,0.3,65,3,3
U01100,2026-01-22,not_provided,pro,0,Medium,Plateaued User,completed_trial_window,3,6,11.0,0,-16,0.6,60,2,6
U01101,2026-05-18,not_provided,pro,1,High,Power Adopter,completed_trial_window,12,5,7.0,1,-5,0.5,95,9,5
U01102,2026-01-22,51-200,starter,1,Medium,Plateaued User,completed_trial_window,6,3,62.0,0,-13,0.3,44,5,3
U01103,2026-02-22,11-50,pro,1,High,Late Bloomer,completed_trial_window,10,2,27.0,1,14,0.2,82,7,2
U01104,2026-04-11,not_provided,business,0,Low,Plateaued User,completed_trial_window,7,2,4.0,0,-2,0.2,58,6,2
U01105,2026-06-16,not_provided,business,1,High,Power Adopter,completed_trial_window,6,6,3.0,1,-1,0.6,89,5,6
U01106,2026-03-21,not_provided,starter,1,High,Late Bloomer,completed_trial_window,5,6,26.0,1,8,0.6,85,5,6
U01107,2026-01-15,11-50,starter,0,High,Champion,completed_trial_window,4,6,12.0,1,6,0.6,92,4,6
U01108,2026-04-22,1-10,starter,0,High,Power Adopter,completed_trial_window,15,7,1.0,1,-21,0.7,98,8,7
U01109,2026-06-06,not_provided,starter,0,Medium,Plateaued User,completed_trial_window,1,4,25.0,1,-2,0.4,54,1,4
U01110,2026-03-21,not_provided,business,0,High,Power Adopter,completed_trial_window,14,4,5.0,1,-4,0.4,91,8,4
U01111,2026-02-14,1-10,starter,0,Medium,Plateaued User,completed_trial_window,6,3,47.0,0,-2,0.3,49,4,3
U01112,2026-02-05,not_provided,starter,0,Medium,Plateaued User,completed_trial_window,4,5,27.0,1,-10,0.5,69,3,5
U01113,2026-02-11,200+,business,0,Medium,Plateaued User,completed_trial_window,4,3,9.0,0,0,0.3,52,4,3
U01114,2026-05-14,not_provided,business,0,Medium,Plateaued User,completed_trial_window,1,3,53.0,1,-1,0.3,44,1,3
U01115,2026-03-08,11-50,business,0,Medium,Power Adopter,completed_trial_window,7,5,18.0,1,-15,0.5,84,6,5
U01116,2026-02-02,not_provided,business,0,Medium,Late Bloomer,completed_trial_window,1,5,28.0,1,2,0.5,68,1,5
U01117,2026-01-31,1-10,business,0,Medium,Plateaued User,completed_trial_window,11,5,22.0,0,-6,0.5,72,8,5
U01118,2026-04-20,51-200,pro,0,Medium,Plateaued User,completed_trial_window,5,2,82.0,1,0,0.2,54,5,2
U01119,2026-01-17,51-200,business,0,Medium,Power Adopter,completed_trial_window,5,5,17.0,1,-2,0.5,77,5,5
U01120,2026-05-28,not_provided,starter,1,High,Champion,completed_trial_window,9,8,3.0,1,21,0.8,99,6,8
U01121,2026-04-27,not_provided,business,0,High,Plateaued User,completed_trial_window,8,5,62.0,1,-2,0.5,78,6,5
U01122,2026-01-15,200+,pro,0,Medium,Power Adopter,completed_trial_window,7,4,2.0,1,-8,0.4,85,6,4
U01123,2026-02-12,51-200,pro,0,Low,Plateaued User,completed_trial_window,4,2,52.0,0,-2,0.2,33,4,2
U01124,2026-03-07,1-10,pro,1,High,Late Bloomer,completed_trial_window,11,5,56.0,1,5,0.5,90,8,5
U01125,2026-02-28,not_provided,pro,1,High,Late Bloomer,completed_trial_window,5,5,44.0,1,2,0.5,82,4,5
U01126,2026-01-12,1-10,pro,0,Low,Plateaued User,completed_trial_window,7,2,65.0,0,-5,0.2,43,5,2
U01127,2026-01-12,200+,business,1,High,Champion,completed_trial_window,8,8,1.0,1,12,0.8,99,6,8
U01128,2026-02-08,11-50,starter,1,Low,Window Shopper,mid_trial_dropoff,2,5,48.0,0,-4,0.5,44,2,5
U01129,2026-04-18,11-50,business,1,High,Power Adopter,completed_trial_window,10,5,2.0,1,-3,0.5,95,9,5
U01130,2026-04-17,not_provided,business,0,Medium,Power Adopter,mid_trial_dropoff,1,6,9.0,1,0,0.6,71,1,6
U01131,2026-03-11,1-10,pro,1,Medium,Growing Casual,completed_trial_window,7,3,16.0,0,4,0.3,67,6,3
U01132,2026-01-31,not_provided,business,1,Low,Window Shopper,mid_trial_dropoff,1,2,64.0,0,-7,0.2,22,1,2
U01133,2026-02-15,11-50,pro,0,High,Champion,completed_trial_window,5,6,11.0,1,5,0.6,95,5,6
U01134,2026-01-12,200+,starter,1,High,Power Adopter,completed_trial_window,5,6,9.0,1,-13,0.6,85,4,6
U01135,2026-03-14,51-200,business,1,High,Power Adopter,completed_trial_window,7,7,10.0,1,-21,0.7,92,6,7
U01136,2026-05-22,200+,starter,0,High,Late Bloomer,mid_trial_dropoff,4,4,46.0,1,6,0.4,75,3,4
U01137,2026-04-05,11-50,business,0,Medium,Power Adopter,mid_trial_dropoff,1,3,8.0,1,-3,0.3,59,1,3
U01138,2026-05-25,51-200,business,0,Low,Plateaued User,completed_trial_window,3,4,78.0,0,-11,0.4,38,3,4
U01139,2026-06-09,11-50,starter,1,Low,Plateaued User,completed_trial_window,7,1,102.0,0,-2,0.1,38,5,1
U01140,2026-06-01,200+,pro,1,High,Power Adopter,completed_trial_window,5,7,2.0,1,-4,0.7,85,5,7
U01141,2026-03-04,11-50,starter,0,Medium,Power Adopter,completed_trial_window,7,4,13.0,1,-4,0.4,80,6,4
U01142,2026-04-15,1-10,pro,1,Medium,Growing Casual,completed_trial_window,3,3,90.0,0,3,0.3,43,2,3
U01143,2026-03-30,not_provided,business,0,Medium,Power Adopter,completed_trial_window,4,4,23.0,1,0,0.4,70,3,4
U01144,2026-01-03,51-200,starter,1,High,Power Adopter,completed_trial_window,12,4,24.0,1,-7,0.4,86,10,4
U01145,2026-03-20,1-10,pro,0,High,Champion,completed_trial_window,4,7,4.0,1,16,0.7,92,4,7
U01146,2026-05-16,11-50,starter,0,High,Champion,completed_trial_window,7,4,6.0,1,15,0.4,95,6,4
U01147,2026-05-06,1-10,pro,1,High,Power Adopter,completed_trial_window,8,6,7.0,1,-6,0.6,96,7,6
U01148,2026-01-24,1-10,pro,1,High,Champion,mid_trial_dropoff,6,5,8.0,1,4,0.5,96,5,5
U01149,2026-04-16,not_provided,business,0,High,Late Bloomer,completed_trial_window,7,3,133.0,1,19,0.3,75,7,3
U01150,2026-04-28,not_provided,starter,1,High,Champion,completed_trial_window,6,4,19.0,1,6,0.4,87,6,4
U01151,2026-01-25,not_provided,pro,0,Medium,Plateaued User,completed_trial_window,8,2,12.0,0,-5,0.2,62,8,2
U01152,2026-06-13,200+,starter,1,Medium,Late Bloomer,completed_trial_window,3,4,47.0,1,22,0.4,71,3,4
U01153,2026-05-26,1-10,starter,1,High,Late Bloomer,completed_trial_window,7,3,120.0,1,6,0.3,75,6,3
U01154,2026-03-02,51-200,business,0,Medium,Plateaued User,completed_trial_window,7,5,27.0,1,-4,0.5,79,6,5
U01155,2026-03-22,200+,business,0,High,Late Bloomer,mid_trial_dropoff,6,3,83.0,1,3,0.3,72,5,3
U01156,2026-03-25,51-200,starter,0,High,Champion,mid_trial_dropoff,7,6,7.0,1,6,0.6,99,6,6
U01157,2026-03-11,11-50,starter,0,High,Power Adopter,completed_trial_window,4,8,2.0,1,-8,0.8,82,4,8
U01158,2026-02-21,11-50,pro,0,Medium,Plateaued User,completed_trial_window,4,4,53.0,0,-1,0.4,42,4,4
U01159,2026-01-28,11-50,starter,0,Medium,Late Bloomer,completed_trial_window,3,4,74.0,1,4,0.4,66,2,4
U01160,2026-02-12,200+,starter,1,High,Power Adopter,completed_trial_window,6,6,9.0,1,-3,0.6,89,6,6
U01161,2026-04-15,1-10,pro,0,High,Power Adopter,completed_trial_window,7,8,17.0,1,0,0.8,87,6,8
U01162,2026-04-02,11-50,starter,0,High,Power Adopter,completed_trial_window,16,6,19.0,1,-12,0.6,93,9,6
U01163,2026-03-20,200+,business,0,High,Late Bloomer,completed_trial_window,4,5,41.0,1,11,0.5,79,4,5
U01164,2026-01-31,1-10,pro,1,High,Champion,completed_trial_window,9,5,1.0,1,7,0.5,99,5,5
U01165,2026-06-04,1-10,pro,0,High,Champion,completed_trial_window,10,6,14.0,1,11,0.6,99,6,6
U01166,2026-03-25,11-50,starter,0,Low,Power Adopter,completed_trial_window,3,2,5.0,1,-5,0.2,62,3,2
U01167,2026-03-05,51-200,starter,1,High,Champion,completed_trial_window,7,4,0.0,1,6,0.4,95,7,4
U01168,2026-01-13,not_provided,business,1,High,Champion,completed_trial_window,9,8,8.0,1,27,0.8,99,8,8
U01169,2026-02-14,1-10,starter,1,High,Power Adopter,completed_trial_window,5,6,3.0,1,-18,0.6,85,4,6
U01170,2026-05-23,not_provided,pro,0,Medium,Plateaued User,completed_trial_window,9,5,21.0,0,-7,0.5,72,7,5
U01171,2026-03-05,1-10,starter,0,Medium,Power Adopter,completed_trial_window,3,4,19.0,1,-3,0.4,66,2,4
U01172,2026-01-27,11-50,starter,0,Low,Window Shopper,completed_trial_window,1,2,303.0,0,7,0.2,32,1,2
U01173,2026-01-04,1-10,pro,0,Low,Growing Casual,completed_trial_window,3,1,292.0,0,2,0.1,34,3,1
U01174,2026-02-03,11-50,starter,0,High,Late Bloomer,completed_trial_window,6,6,35.0,1,8,0.6,89,5,6
U01175,2026-04-06,not_provided,business,0,Medium,Champion,mid_trial_dropoff,2,5,23.0,1,8,0.5,77,2,5
U01176,2026-06-15,1-10,pro,1,High,Power Adopter,completed_trial_window,8,6,9.0,1,-3,0.6,96,7,6
U01177,2026-03-08,1-10,starter,0,High,Power Adopter,completed_trial_window,14,7,5.0,1,-1,0.7,98,9,7
U01178,2026-01-17,11-50,business,0,High,Power Adopter,completed_trial_window,8,4,10.0,1,-4,0.4,89,8,4
U01179,2026-04-24,11-50,starter,0,Medium,Power Adopter,completed_trial_window,5,3,7.0,1,-5,0.3,73,5,3
U01180,2026-03-26,1-10,starter,0,Low,Plateaued User,mid_trial_dropoff,3,2,43.0,0,-2,0.2,34,2,2
U01181,2026-04-29,1-10,pro,1,Medium,Late Bloomer,completed_trial_window,6,1,48.0,1,5,0.1,68,5,1
U01182,2026-04-21,not_provided,starter,0,High,Champion,completed_trial_window,4,5,9.0,1,4,0.5,89,4,5
U01183,2026-05-08,1-10,starter,0,High,Growing Casual,completed_trial_window,12,4,0.0,0,11,0.4,83,9,4
U01184,2026-04-20,11-50,business,0,Low,Plateaued User,completed_trial_window,5,1,38.0,0,0,0.1,36,5,1
U01185,2026-02-24,11-50,business,0,Medium,Champion,completed_trial_window,3,3,8.0,1,9,0.3,76,3,3
U01186,2026-03-13,200+,pro,0,Medium,Late Bloomer,mid_trial_dropoff,1,2,89.0,1,1,0.2,50,1,2
U01187,2026-01-09,not_provided,pro,1,High,Power Adopter,completed_trial_window,10,5,1.0,1,-7,0.5,95,9,5
U01188,2026-03-04,not_provided,business,0,Low,Plateaued User,mid_trial_dropoff,3,2,66.0,0,-2,0.2,29,3,2
U01189,2026-05-08,200+,pro,0,Medium,Late Bloomer,early_dropoff,1,4,158.0,1,11,0.4,59,1,4
U01190,2026-05-03,1-10,starter,1,High,Champion,completed_trial_window,10,6,8.0,1,6,0.6,99,8,6
U01191,2026-04-09,11-50,starter,0,Medium,Power Adopter,completed_trial_window,10,2,0.0,1,-2,0.2,82,6,2
U01192,2026-02-21,not_provided,pro,0,High,Power Adopter,completed_trial_window,13,5,2.0,1,0,0.5,95,7,5
U01193,2026-03-05,not_provided,pro,0,Low,Power Adopter,completed_trial_window,2,2,3.0,1,-11,0.2,59,2,2
U01194,2026-01-05,200+,business,0,Medium,Late Bloomer,completed_trial_window,1,3,95.0,1,7,0.3,54,1,3
U01195,2026-04-02,200+,pro,1,High,Late Bloomer,completed_trial_window,6,5,27.0,1,1,0.5,86,4,5
U01196,2026-03-30,not_provided,pro,1,High,Late Bloomer,completed_trial_window,7,5,25.0,1,30,0.5,89,5,5
U01197,2026-04-10,51-200,pro,0,Medium,Plateaued User,completed_trial_window,7,5,6.0,0,-4,0.5,71,5,5
U01198,2026-01-07,51-200,pro,1,High,Champion,completed_trial_window,13,9,3.0,1,37,0.9,99,9,9
U01199,2026-01-08,51-200,starter,1,Medium,Plateaued User,early_dropoff,1,5,57.0,1,-4,0.5,53,1,5
U01200,2026-05-16,51-200,pro,0,High,Late Bloomer,completed_trial_window,7,5,30.0,1,16,0.5,89,6,5
U01201,2026-03-01,11-50,starter,0,High,Champion,completed_trial_window,8,6,1.0,1,10,0.6,99,5,6
U01202,2026-03-05,not_provided,pro,1,Medium,Late Bloomer,mid_trial_dropoff,1,1,57.0,1,1,0.1,45,1,1
U01203,2026-05-17,not_provided,starter,1,Medium,Champion,completed_trial_window,1,4,7.0,1,10,0.4,74,1,4
U01204,2026-05-28,200+,business,0,Medium,Plateaued User,completed_trial_window,6,2,51.0,1,-4,0.2,58,6,2
U01205,2026-02-14,11-50,pro,0,Medium,Late Bloomer,completed_trial_window,4,2,43.0,1,4,0.2,66,4,2
U01206,2026-06-01,51-200,business,0,High,Late Bloomer,completed_trial_window,5,4,25.0,1,4,0.4,78,4,4
U01207,2026-04-02,not_provided,starter,0,High,Champion,completed_trial_window,7,8,17.0,1,26,0.8,97,6,8
U01208,2026-04-01,not_provided,pro,1,High,Power Adopter,completed_trial_window,8,5,1.0,1,-11,0.5,93,6,5
U01209,2026-05-25,11-50,starter,0,Medium,Power Adopter,completed_trial_window,6,3,5.0,1,-11,0.3,77,5,3
U01210,2026-05-19,51-200,pro,1,Medium,Power Adopter,completed_trial_window,4,4,13.0,1,-14,0.4,70,4,4
U01211,2026-01-10,1-10,starter,0,High,Champion,completed_trial_window,11,5,3.0,1,10,0.5,99,7,5
U01212,2026-03-01,not_provided,pro,1,Low,Plateaued User,completed_trial_window,5,1,42.0,0,-3,0.1,36,4,1
U01213,2026-05-15,200+,starter,0,Medium,Late Bloomer,completed_trial_window,7,2,237.0,1,5,0.2,71,5,2
U01214,2026-03-26,not_provided,pro,0,High,Late Bloomer,completed_trial_window,6,5,90.0,1,8,0.5,81,6,5
U01215,2026-02-03,51-200,business,1,High,Late Bloomer,completed_trial_window,4,5,36.0,1,10,0.5,79,3,5
U01216,2026-03-24,1-10,starter,0,High,Power Adopter,completed_trial_window,7,6,7.0,1,-9,0.6,92,6,6
U01217,2026-02-07,not_provided,business,1,High,Plateaued User,completed_trial_window,9,6,19.0,0,-13,0.6,75,9,6
U01218,2026-01-29,not_provided,business,0,Medium,Late Bloomer,early_dropoff,1,5,77.0,1,18,0.5,63,1,5
U01219,2026-01-19,51-200,business,1,High,Late Bloomer,completed_trial_window,6,7,27.0,1,15,0.7,89,4,7
U01220,2026-05-31,1-10,business,0,Medium,Power Adopter,completed_trial_window,7,5,2.0,1,0,0.5,89,7,5
U01221,2026-03-19,51-200,pro,1,High,Power Adopter,completed_trial_window,10,4,7.0,1,-4,0.4,91,7,4
U01222,2026-04-22,not_provided,starter,1,High,Champion,completed_trial_window,3,6,0.0,1,15,0.6,88,3,6
U01223,2026-02-14,not_provided,pro,0,Medium,Plateaued User,completed_trial_window,7,3,6.0,0,-1,0.3,62,7,3
U01224,2026-06-07,51-200,pro,0,High,Late Bloomer,completed_trial_window,7,3,25.0,1,9,0.3,80,7,3
U01225,2026-05-31,11-50,starter,0,Low,Window Shopper,completed_trial_window,1,1,104.0,0,2,0.1,27,1,1
U01226,2026-03-20,not_provided,business,1,Medium,Late Bloomer,early_dropoff,1,3,27.0,1,5,0.3,59,1,3
U01227,2026-02-02,11-50,business,0,High,Power Adopter,completed_trial_window,9,7,4.0,1,-5,0.7,98,7,7
U01228,2026-01-01,not_provided,pro,1,High,Power Adopter,completed_trial_window,8,6,3.0,1,-6,0.6,96,5,6
U01229,2026-05-26,1-10,pro,1,High,Champion,completed_trial_window,6,6,19.0,1,6,0.6,94,5,6
U01230,2026-03-23,not_provided,pro,0,High,Late Bloomer,completed_trial_window,7,6,31.0,1,9,0.6,92,7,6
U01231,2026-06-13,not_provided,starter,1,Medium,Power Adopter,completed_trial_window,7,5,20.0,1,-22,0.5,84,6,5
U01232,2026-02-06,51-200,business,1,High,Champion,completed_trial_window,13,8,7.0,1,14,0.8,99,9,8
U01233,2026-03-02,51-200,business,1,Medium,Plateaued User,completed_trial_window,5,3,25.0,1,-9,0.3,63,4,3
U01234,2026-06-12,1-10,business,0,High,Champion,completed_trial_window,8,7,1.0,1,17,0.7,99,6,7
U01235,2026-06-13,not_provided,business,1,Medium,Power Adopter,completed_trial_window,6,5,6.0,1,-10,0.5,86,4,5
U01236,2026-01-03,51-200,pro,0,High,Champion,completed_trial_window,10,4,2.0,1,26,0.4,99,7,4
U01237,2026-03-05,not_provided,starter,1,Medium,Power Adopter,completed_trial_window,2,5,14.0,1,-12,0.5,67,2,5
U01238,2026-03-07,1-10,business,1,High,Champion,completed_trial_window,9,6,18.0,1,1,0.6,99,7,6
U01239,2026-01-13,200+,starter,0,High,Power Adopter,mid_trial_dropoff,9,8,3.0,1,-13,0.8,98,7,8
U01240,2026-04-18,11-50,starter,0,Medium,Power Adopter,completed_trial_window,2,6,9.0,1,-26,0.6,75,2,6
U01241,2026-05-07,200+,business,1,High,Champion,completed_trial_window,6,7,0.0,1,3,0.7,99,5,7
U01242,2026-04-07,1-10,starter,0,High,Power Adopter,completed_trial_window,4,8,7.0,1,-18,0.8,82,4,8
U01243,2026-05-28,not_provided,business,1,High,Late Bloomer,completed_trial_window,10,6,38.0,1,1,0.6,98,6,6
U01244,2026-02-11,200+,starter,1,High,Late Bloomer,completed_trial_window,12,4,47.0,1,8,0.4,91,8,4
U01245,2026-03-17,1-10,business,1,High,Champion,completed_trial_window,4,5,24.0,1,13,0.5,84,4,5
U01246,2026-01-27,1-10,business,1,High,Late Bloomer,completed_trial_window,10,7,55.0,1,11,0.7,93,7,7
U01247,2026-04-07,11-50,business,0,High,Power Adopter,completed_trial_window,11,7,12.0,1,-13,0.7,98,8,7
U01248,2026-01-20,not_provided,starter,0,Medium,Growing Casual,completed_trial_window,3,4,15.0,0,1,0.4,58,2,4
U01249,2026-03-28,not_provided,pro,0,Low,Plateaued User,early_dropoff,3,2,14.0,0,0,0.2,39,2,2
U01250,2026-05-04,not_provided,starter,0,Medium,Plateaued User,completed_trial_window,2,3,26.0,1,0,0.3,53,2,3
U01251,2026-04-21,not_provided,pro,0,High,Champion,completed_trial_window,10,8,16.0,1,22,0.8,99,5,8
U01252,2026-06-05,200+,pro,1,High,Champion,completed_trial_window,8,10,0.0,1,9,1.0,99,7,10
U01253,2026-01-26,51-200,pro,0,High,Champion,completed_trial_window,9,3,15.0,1,9,0.3,91,6,3
U01254,2026-02-18,200+,business,0,High,Late Bloomer,completed_trial_window,10,4,74.0,1,9,0.4,86,6,4
U01255,2026-05-22,not_provided,business,1,High,Late Bloomer,completed_trial_window,5,5,42.0,1,1,0.5,82,4,5
U01256,2026-03-09,not_provided,business,1,High,Late Bloomer,completed_trial_window,7,4,28.0,1,5,0.4,85,5,4
U01257,2026-03-02,1-10,starter,0,Medium,Window Shopper,completed_trial_window,2,3,1.0,0,17,0.3,55,2,3
U01258,2026-04-11,not_provided,pro,0,High,Power Adopter,completed_trial_window,7,7,12.0,1,-1,0.7,92,7,7
U01259,2026-05-06,11-50,starter,0,High,Late Bloomer,completed_trial_window,15,7,41.0,1,12,0.7,98,10,7
U01260,2026-04-03,1-10,starter,0,Low,Window Shopper,completed_trial_window,2,3,13.0,0,-6,0.3,40,2,3
U01261,2026-01-23,51-200,business,0,Medium,Champion,completed_trial_window,3,4,11.0,1,4,0.4,81,2,4
U01262,2026-06-10,not_provided,starter,0,Medium,Plateaued User,completed_trial_window,5,1,115.0,1,-2,0.1,49,5,1
U01263,2026-02-21,1-10,starter,0,High,Late Bloomer,completed_trial_window,5,5,38.0,1,7,0.5,82,4,5
U01264,2026-02-22,11-50,business,1,High,Power Adopter,completed_trial_window,8,5,1.0,1,-11,0.5,93,7,5
U01265,2026-01-21,200+,starter,0,Low,Window Shopper,completed_trial_window,2,2,78.0,0,1,0.2,36,2,2
U01266,2026-03-20,200+,starter,0,Medium,Late Bloomer,mid_trial_dropoff,2,4,79.0,1,8,0.4,63,2,4
U01267,2026-05-06,not_provided,business,0,Medium,Power Adopter,completed_trial_window,7,4,22.0,1,0,0.4,80,4,4
U01268,2026-01-24,not_provided,pro,0,High,Champion,completed_trial_window,9,5,9.0,1,7,0.5,99,6,5
U01269,2026-04-10,11-50,business,0,High,Champion,completed_trial_window,7,5,5.0,1,1,0.5,99,4,5
U01270,2026-04-08,51-200,pro,1,Medium,Growing Casual,completed_trial_window,7,3,152.0,0,8,0.3,57,7,3
U01271,2026-01-12,51-200,starter,0,High,Champion,completed_trial_window,14,8,7.0,1,30,0.8,99,9,8
U01272,2026-04-30,51-200,pro,0,High,Late Bloomer,mid_trial_dropoff,4,4,31.0,1,1,0.4,75,4,4
U01273,2026-03-10,not_provided,starter,0,High,Champion,completed_trial_window,11,7,2.0,1,2,0.7,99,9,7
U01274,2026-02-08,not_provided,business,0,High,Late Bloomer,completed_trial_window,7,3,46.0,1,5,0.3,80,4,3
U01275,2026-01-25,1-10,business,0,High,Champion,completed_trial_window,5,4,13.0,1,6,0.4,83,5,4
U01276,2026-03-30,not_provided,starter,0,High,Plateaued User,completed_trial_window,8,8,31.0,1,-11,0.8,86,8,8
U01277,2026-05-31,11-50,pro,0,High,Power Adopter,completed_trial_window,9,5,15.0,1,-3,0.5,90,7,5
U01278,2026-01-16,200+,pro,0,Medium,Late Bloomer,completed_trial_window,5,1,286.0,1,4,0.1,59,5,1
U01279,2026-04-18,not_provided,business,1,High,Champion,completed_trial_window,8,6,14.0,1,84,0.6,99,6,6
U01280,2026-05-27,11-50,starter,0,High,Plateaued User,completed_trial_window,9,5,32.0,1,-3,0.5,85,8,5
U01281,2026-03-18,1-10,starter,0,Medium,Power Adopter,completed_trial_window,4,3,5.0,1,-5,0.3,70,4,3
U01282,2026-01-09,not_provided,pro,0,Low,Plateaued User,completed_trial_window,7,2,8.0,0,-2,0.2,58,7,2
U01283,2026-05-13,not_provided,business,1,High,Late Bloomer,completed_trial_window,2,6,29.0,1,3,0.6,75,2,6
U01284,2026-02-07,1-10,starter,0,Low,Growing Casual,completed_trial_window,3,2,183.0,0,15,0.2,39,3,2
U01285,2026-02-14,11-50,pro,0,High,Late Bloomer,completed_trial_window,7,3,41.0,1,3,0.3,80,6,3
U01286,2026-02-19,11-50,starter,0,High,Late Bloomer,completed_trial_window,4,3,52.0,1,6,0.3,65,4,3
U01287,2026-04-19,1-10,business,0,High,Growing Casual,completed_trial_window,11,4,16.0,0,3,0.4,78,7,4
U01288,2026-04-22,11-50,business,0,High,Power Adopter,completed_trial_window,12,7,2.0,1,-7,0.7,98,8,7
U01289,2026-02-07,not_provided,business,0,High,Power Adopter,completed_trial_window,7,6,0.0,1,-12,0.6,92,5,6
U01290,2026-03-23,not_provided,starter,0,High,Late Bloomer,completed_trial_window,6,4,101.0,1,2,0.4,77,5,4
U01291,2026-01-23,200+,pro,0,Low,Plateaued User,completed_trial_window,2,2,69.0,1,0,0.2,44,2,2
U01292,2026-04-12,not_provided,business,0,High,Late Bloomer,completed_trial_window,13,7,30.0,1,14,0.7,98,7,7
U01293,2026-03-12,not_provided,starter,1,High,Late Bloomer,completed_trial_window,6,4,73.0,1,5,0.4,77,6,4
U01294,2026-06-09,not_provided,pro,1,Medium,Plateaued User,completed_trial_window,9,4,16.0,0,-20,0.4,68,8,4
U01295,2026-01-29,200+,pro,0,High,Champion,completed_trial_window,9,8,6.0,1,4,0.8,99,7,8
U01296,2026-02-07,not_provided,pro,1,High,Late Bloomer,mid_trial_dropoff,5,5,42.0,1,11,0.5,82,4,5
U01297,2026-01-26,1-10,pro,1,High,Champion,completed_trial_window,6,3,2.0,1,4,0.3,87,4,3
U01298,2026-03-15,not_provided,business,0,High,Champion,completed_trial_window,5,4,0.0,1,3,0.4,88,5,4
U01299,2026-04-16,51-200,starter,0,Medium,Power Adopter,completed_trial_window,4,4,12.0,1,-10,0.4,75,4,4
U01300,2026-05-05,not_provided,pro,0,High,Power Adopter,completed_trial_window,11,8,1.0,1,-19,0.8,98,8,8
U01301,2026-05-02,1-10,pro,0,Medium,Late Bloomer,completed_trial_window,6,2,54.0,1,2,0.2,68,5,2
U01302,2026-03-12,200+,pro,1,Medium,Growing Casual,completed_trial_window,4,5,12.0,0,2,0.5,71,4,5
U01303,2026-06-05,not_provided,business,0,High,Power Adopter,completed_trial_window,8,5,15.0,1,-2,0.5,88,5,5
U01304,2026-04-13,1-10,starter,1,High,Power Adopter,completed_trial_window,4,8,8.0,1,-1,0.8,82,3,8
U01305,2026-03-02,1-10,business,0,High,Power Adopter,completed_trial_window,8,6,20.0,1,-3,0.6,91,5,6
U01306,2026-05-02,51-200,business,0,Medium,Plateaued User,completed_trial_window,3,5,37.0,1,-16,0.5,65,3,5
U01307,2026-01-06,51-200,business,1,Low,Plateaued User,completed_trial_window,4,1,117.0,0,0,0.1,28,4,1
U01308,2026-03-13,200+,business,0,Medium,Power Adopter,completed_trial_window,4,4,0.0,1,-15,0.4,75,4,4
U01309,2026-01-26,11-50,pro,0,High,Champion,completed_trial_window,11,3,21.0,1,16,0.3,91,7,3
U01310,2026-03-18,not_provided,starter,0,High,Champion,completed_trial_window,5,6,20.0,1,6,0.6,90,5,6
U01311,2026-03-24,51-200,business,0,Medium,Growing Casual,completed_trial_window,4,3,23.0,0,16,0.3,57,2,3
U01312,2026-04-17,not_provided,business,0,Medium,Plateaued User,mid_trial_dropoff,12,4,3.0,0,-1,0.4,73,6,4
U01313,2026-01-23,11-50,starter,0,High,Late Bloomer,completed_trial_window,6,5,53.0,1,15,0.5,81,6,5
U01314,2026-02-24,200+,business,1,High,Champion,completed_trial_window,8,6,3.0,1,8,0.6,99,8,6
U01315,2026-05-13,51-200,starter,0,High,Power Adopter,completed_trial_window,9,3,13.0,1,-10,0.3,81,8,3
U01316,2026-05-12,11-50,starter,1,Medium,Growing Casual,completed_trial_window,3,3,97.0,0,7,0.3,43,3,3
U01317,2026-05-10,200+,pro,1,High,Champion,completed_trial_window,11,8,2.0,1,15,0.8,99,8,8
U01318,2026-05-26,1-10,pro,1,High,Champion,completed_trial_window,15,7,7.0,1,1,0.7,99,9,7
U01319,2026-02-21,1-10,pro,1,High,Late Bloomer,completed_trial_window,8,4,51.0,1,8,0.4,84,8,4
U01320,2026-04-27,1-10,business,0,High,Late Bloomer,completed_trial_window,6,5,39.0,1,27,0.5,86,6,5
U01321,2026-02-20,51-200,business,1,High,Champion,completed_trial_window,12,7,11.0,1,28,0.7,99,10,7
U01322,2026-05-10,200+,business,1,High,Champion,completed_trial_window,6,4,22.0,1,13,0.4,87,5,4
U01323,2026-01-08,11-50,business,1,High,Power Adopter,completed_trial_window,5,7,5.0,1,-5,0.7,85,5,7
U01324,2026-06-02,200+,pro,0,High,Late Bloomer,completed_trial_window,7,4,27.0,1,4,0.4,85,5,4
U01325,2026-05-02,not_provided,pro,1,High,Champion,mid_trial_dropoff,10,8,2.0,1,13,0.8,99,5,8
U01326,2026-03-30,11-50,business,0,High,Late Bloomer,completed_trial_window,7,5,29.0,1,4,0.5,89,5,5
U01327,2026-01-24,51-200,starter,0,High,Champion,completed_trial_window,5,4,8.0,1,5,0.4,88,5,4
U01328,2026-04-09,1-10,pro,0,Medium,Plateaued User,completed_trial_window,7,3,21.0,0,-12,0.3,57,6,3
U01329,2026-05-27,11-50,pro,0,Medium,Plateaued User,completed_trial_window,4,4,99.0,1,0,0.4,60,3,4
U01330,2026-06-15,11-50,business,1,Low,Plateaued User,completed_trial_window,3,1,102.0,0,-3,0.1,24,3,1
U01331,2026-03-10,not_provided,starter,0,Low,Plateaued User,completed_trial_window,4,1,81.0,0,-3,0.1,28,4,1
U01332,2026-05-12,1-10,business,1,High,Champion,completed_trial_window,8,3,9.0,1,1,0.3,94,6,3
U01333,2026-05-02,11-50,business,1,High,Champion,completed_trial_window,6,4,14.0,1,6,0.4,87,6,4
U01334,2026-06-03,1-10,pro,0,Medium,Late Bloomer,mid_trial_dropoff,1,3,95.0,1,11,0.3,54,1,3
U01335,2026-03-06,not_provided,business,1,Medium,Power Adopter,completed_trial_window,4,5,18.0,1,-13,0.5,74,3,5
U01336,2026-04-19,200+,business,1,Medium,Plateaued User,completed_trial_window,11,2,147.0,0,-5,0.2,49,8,2
U01337,2026-03-06,11-50,starter,0,Medium,Growing Casual,completed_trial_window,5,1,70.0,0,14,0.1,41,5,1
U01338,2026-03-19,not_provided,pro,0,Low,Plateaued User,completed_trial_window,4,1,106.0,0,0,0.1,28,4,1
U01339,2026-06-09,200+,pro,0,High,Power Adopter,completed_trial_window,8,7,1.0,1,-9,0.7,96,7,7
U01340,2026-01-27,1-10,pro,1,Medium,Late Bloomer,completed_trial_window,1,1,70.0,1,9,0.1,45,1,1
U01341,2026-05-24,not_provided,pro,1,Medium,Growing Casual,completed_trial_window,5,1,334.0,0,2,0.1,41,4,1
U01342,2026-03-14,51-200,business,0,Medium,Champion,completed_trial_window,3,5,0.0,1,5,0.5,85,2,5
U01343,2026-01-28,200+,starter,0,High,Champion,completed_trial_window,4,4,12.0,1,17,0.4,85,3,4
U01344,2026-03-28,51-200,business,0,Medium,Growing Casual,completed_trial_window,11,2,36.0,0,11,0.2,64,7,2
U01345,2026-03-25,51-200,business,0,Medium,Power Adopter,completed_trial_window,6,4,19.0,1,-7,0.4,77,4,4
U01346,2026-06-16,51-200,pro,0,High,Late Bloomer,completed_trial_window,5,6,69.0,1,31,0.6,80,4,6
U01347,2026-02-08,not_provided,pro,0,High,Champion,completed_trial_window,3,7,20.0,1,9,0.7,83,3,7
U01348,2026-01-15,not_provided,starter,0,High,Champion,completed_trial_window,9,10,13.0,1,38,1.0,99,6,10
U01349,2026-03-23,not_provided,pro,0,High,Champion,completed_trial_window,5,5,19.0,1,13,0.5,87,5,5
U01350,2026-01-07,not_provided,starter,0,High,Champion,completed_trial_window,7,9,3.0,1,11,0.9,99,6,9
U01351,2026-03-17,51-200,starter,1,High,Champion,completed_trial_window,9,4,12.0,1,8,0.4,99,6,4
U01352,2026-04-10,not_provided,starter,0,High,Champion,completed_trial_window,7,7,24.0,1,10,0.7,97,4,7
U01353,2026-05-30,not_provided,pro,0,High,Champion,completed_trial_window,11,8,18.0,1,29,0.8,99,10,8
U01354,2026-02-18,51-200,business,0,High,Champion,completed_trial_window,8,4,4.0,1,16,0.4,99,7,4
U01355,2026-02-26,not_provided,pro,0,High,Champion,completed_trial_window,6,7,3.0,1,6,0.7,99,5,7
U01356,2026-06-13,200+,business,0,Medium,Late Bloomer,completed_trial_window,3,3,25.0,1,9,0.3,66,3,3
U01357,2026-04-02,not_provided,business,1,Medium,Plateaued User,completed_trial_window,5,4,26.0,1,-8,0.4,68,4,4
U01358,2026-05-23,11-50,business,1,High,Champion,completed_trial_window,5,4,3.0,1,5,0.4,88,4,4
U01359,2026-05-01,11-50,business,1,Medium,Growing Casual,completed_trial_window,7,2,3.0,0,6,0.2,68,6,2
U01360,2026-05-24,11-50,business,0,High,Late Bloomer,completed_trial_window,4,4,45.0,1,7,0.4,75,4,4
U01361,2026-03-27,not_provided,starter,0,High,Champion,completed_trial_window,10,7,20.0,1,6,0.7,99,5,7
U01362,2026-02-26,51-200,pro,0,High,Champion,completed_trial_window,8,5,10.0,1,5,0.5,99,6,5
U01363,2026-03-20,200+,business,0,Low,Window Shopper,completed_trial_window,2,3,50.0,0,-12,0.3,30,2,3
U01364,2026-04-06,51-200,pro,1,High,Power Adopter,completed_trial_window,11,4,2.0,1,-1,0.4,91,6,4
U01365,2026-04-29,1-10,starter,1,High,Power Adopter,completed_trial_window,12,6,14.0,1,-24,0.6,93,9,6
U01366,2026-06-12,not_provided,pro,0,High,Champion,completed_trial_window,13,5,1.0,1,14,0.5,99,8,5
U01367,2026-06-08,1-10,starter,1,Medium,Plateaued User,completed_trial_window,4,2,77.0,1,-7,0.2,51,3,2
U01368,2026-05-09,1-10,business,0,Low,Window Shopper,mid_trial_dropoff,2,3,1.0,0,-2,0.3,45,2,3
U01369,2026-04-08,not_provided,business,0,Medium,Power Adopter,completed_trial_window,5,4,10.0,1,-16,0.4,78,5,4
U01370,2026-04-16,1-10,pro,1,High,Champion,completed_trial_window,7,4,4.0,1,10,0.4,95,6,4
U01371,2026-02-21,51-200,starter,1,High,Champion,completed_trial_window,10,7,3.0,1,48,0.7,99,7,7
U01372,2026-04-28,11-50,business,0,Low,Growing Casual,completed_trial_window,3,1,219.0,0,2,0.1,34,3,1
U01373,2026-02-16,1-10,starter,1,High,Power Adopter,completed_trial_window,5,6,1.0,1,-3,0.6,85,4,6
U01374,2026-06-11,11-50,business,0,Medium,Champion,completed_trial_window,3,5,5.0,1,13,0.5,85,3,5
U01375,2026-06-12,1-10,starter,1,High,Champion,completed_trial_window,5,3,23.0,1,16,0.3,78,5,3
U01376,2026-03-12,11-50,pro,1,High,Late Bloomer,completed_trial_window,13,4,46.0,1,7,0.4,91,9,4
U01377,2026-02-10,200+,starter,0,High,Power Adopter,completed_trial_window,8,3,0.0,1,-6,0.3,84,6,3
U01378,2026-02-03,not_provided,starter,0,High,Champion,completed_trial_window,3,7,6.0,1,1,0.7,88,3,7
U01379,2026-06-12,200+,starter,1,High,Champion,completed_trial_window,9,6,13.0,1,24,0.6,99,6,6
U01380,2026-05-03,200+,starter,1,Medium,Power Adopter,completed_trial_window,7,3,15.0,1,-5,0.3,75,5,3
U01381,2026-05-17,11-50,business,0,Medium,Plateaued User,mid_trial_dropoff,4,4,28.0,1,-2,0.4,65,4,4
U01382,2026-04-06,1-10,business,0,Low,Window Shopper,completed_trial_window,1,1,215.0,0,7,0.1,27,1,1
U01383,2026-05-16,11-50,starter,1,High,Growing Casual,completed_trial_window,14,6,17.0,0,1,0.6,85,9,6
U01384,2026-06-10,not_provided,pro,1,High,Power Adopter,completed_trial_window,6,8,3.0,1,-9,0.8,89,5,8
U01385,2026-03-30,51-200,pro,1,High,Late Bloomer,completed_trial_window,7,3,52.0,1,1,0.3,75,6,3
U01386,2026-04-09,not_provided,pro,0,Medium,Late Bloomer,completed_trial_window,3,5,52.0,1,10,0.5,70,3,5
U01387,2026-03-20,11-50,starter,0,High,Champion,completed_trial_window,8,4,23.0,1,7,0.4,94,8,4
U01388,2026-01-12,51-200,business,0,Low,Plateaued User,completed_trial_window,5,2,88.0,0,-5,0.2,36,4,2
U01389,2026-04-27,not_provided,pro,1,Medium,Plateaued User,completed_trial_window,10,4,8.0,0,-3,0.4,73,8,4
U01390,2026-05-15,51-200,starter,0,Low,Window Shopper,completed_trial_window,2,1,138.0,0,1,0.1,31,2,1
U01391,2026-02-04,51-200,starter,0,High,Power Adopter,completed_trial_window,9,6,10.0,1,-3,0.6,98,7,6
U01392,2026-04-02,11-50,pro,0,Medium,Power Adopter,mid_trial_dropoff,3,4,14.0,1,0,0.4,66,3,4
U01393,2026-04-14,1-10,pro,0,High,Late Bloomer,completed_trial_window,6,5,26.0,1,22,0.5,86,5,5
U01394,2026-02-27,not_provided,pro,0,High,Champion,completed_trial_window,10,4,13.0,1,9,0.4,96,7,4
U01395,2026-02-24,not_provided,starter,0,Medium,Growing Casual,completed_trial_window,5,3,59.0,0,6,0.3,50,5,3
U01396,2026-05-31,not_provided,pro,0,Medium,Growing Casual,completed_trial_window,9,1,63.0,0,2,0.1,54,7,1
U01397,2026-02-01,51-200,business,1,Medium,Power Adopter,mid_trial_dropoff,3,6,2.0,1,-4,0.6,78,2,6
U01398,2026-04-07,not_provided,business,0,High,Champion,completed_trial_window,10,7,4.0,1,15,0.7,99,7,7
U01399,2026-05-17,not_provided,starter,0,Medium,Growing Casual,completed_trial_window,6,1,175.0,0,1,0.1,45,4,1
U01400,2026-06-02,1-10,business,1,High,Champion,completed_trial_window,4,5,17.0,1,26,0.5,84,4,5
U01401,2026-01-06,1-10,business,0,Low,Plateaued User,completed_trial_window,3,2,126.0,1,0,0.2,47,3,2
U01402,2026-01-30,200+,starter,0,Low,Growing Casual,completed_trial_window,3,1,168.0,0,3,0.1,34,3,1
U01403,2026-04-08,1-10,pro,0,Medium,Growing Casual,completed_trial_window,8,2,42.0,0,6,0.2,62,6,2
U01404,2026-03-06,200+,business,1,High,Champion,completed_trial_window,12,7,2.0,1,48,0.7,99,7,7
U01405,2026-02-22,not_provided,business,0,Medium,Power Adopter,mid_trial_dropoff,5,2,8.0,1,-8,0.2,69,4,2
U01406,2026-06-11,1-10,business,1,High,Champion,completed_trial_window,7,5,10.0,1,6,0.5,99,7,5
U01407,2026-01-26,not_provided,pro,0,Medium,Late Bloomer,mid_trial_dropoff,1,3,95.0,1,4,0.3,54,1,3
U01408,2026-03-11,not_provided,pro,0,Low,Plateaued User,completed_trial_window,5,2,11.0,0,-2,0.2,51,4,2
U01409,2026-02-05,200+,starter,0,High,Champion,completed_trial_window,5,8,18.0,1,6,0.8,90,5,8
U01410,2026-05-11,not_provided,pro,1,High,Champion,completed_trial_window,11,7,2.0,1,9,0.7,99,8,7
U01411,2026-03-14,1-10,starter,0,High,Power Adopter,completed_trial_window,10,6,18.0,1,-3,0.6,93,8,6
U01412,2026-05-08,11-50,pro,0,High,Power Adopter,completed_trial_window,10,5,8.0,1,-19,0.5,95,10,5
U01413,2026-02-21,51-200,pro,0,Medium,Growing Casual,completed_trial_window,6,3,175.0,0,5,0.3,54,6,3
U01414,2026-02-21,51-200,business,1,High,Late Bloomer,completed_trial_window,10,8,28.0,1,35,0.8,98,8,8
U01415,2026-03-17,11-50,starter,0,Low,Plateaued User,completed_trial_window,3,2,97.0,1,-5,0.2,47,3,2
U01416,2026-05-21,200+,pro,0,Medium,Growing Casual,completed_trial_window,4,5,26.0,0,15,0.5,61,3,5
U01417,2026-05-04,51-200,pro,0,Medium,Power Adopter,mid_trial_dropoff,4,4,17.0,1,-15,0.4,70,4,4
U01418,2026-01-01,1-10,business,1,Medium,Power Adopter,completed_trial_window,2,3,4.0,1,-3,0.3,63,2,3
U01419,2026-01-29,not_provided,business,0,High,Champion,completed_trial_window,5,5,14.0,1,2,0.5,87,5,5
U01420,2026-05-07,11-50,starter,1,Medium,Plateaued User,completed_trial_window,3,5,39.0,1,-2,0.5,65,3,5
U01421,2026-01-20,not_provided,business,0,Medium,Growing Casual,completed_trial_window,7,2,66.0,0,10,0.2,53,7,2
U01422,2026-01-26,51-200,business,0,Medium,Plateaued User,completed_trial_window,9,2,90.0,1,0,0.2,67,6,2
U01423,2026-03-01,200+,business,0,Low,Window Shopper,early_dropoff,1,1,88.0,0,-3,0.1,17,1,1
U01424,2026-03-09,200+,starter,0,High,Power Adopter,completed_trial_window,15,8,2.0,1,-9,0.8,98,10,8
U01425,2026-01-26,11-50,starter,1,High,Power Adopter,completed_trial_window,13,6,11.0,1,-1,0.6,98,9,6
U01426,2026-04-03,not_provided,business,0,Medium,Power Adopter,completed_trial_window,6,4,2.0,1,-3,0.4,82,6,4
U01427,2026-04-20,not_provided,starter,0,Medium,Late Bloomer,completed_trial_window,1,4,34.0,1,11,0.4,64,1,4
U01428,2026-01-25,1-10,starter,1,Medium,Plateaued User,early_dropoff,1,3,31.0,1,-5,0.3,49,1,3
U01429,2026-06-15,11-50,business,0,Medium,Power Adopter,completed_trial_window,3,6,9.0,1,-27,0.6,78,3,6
U01430,2026-04-02,200+,pro,1,Medium,Plateaued User,completed_trial_window,5,4,70.0,1,-15,0.4,63,4,4
U01431,2026-01-24,51-200,business,0,Low,Plateaued User,completed_trial_window,6,1,19.0,0,-5,0.1,45,5,1
U01432,2026-02-16,1-10,starter,0,Medium,Late Bloomer,mid_trial_dropoff,3,2,33.0,1,4,0.2,62,3,2
U01433,2026-04-13,200+,business,0,Low,Window Shopper,completed_trial_window,1,3,6.0,0,-7,0.3,41,1,3
U01434,2026-04-09,not_provided,starter,0,Low,Plateaued User,completed_trial_window,6,2,73.0,0,-2,0.2,40,6,2
U01435,2026-04-18,not_provided,pro,0,Low,Growing Casual,completed_trial_window,3,1,109.0,0,2,0.1,34,3,1
U01436,2026-01-29,11-50,business,1,High,Power Adopter,completed_trial_window,5,6,8.0,1,-33,0.6,85,5,6
U01437,2026-02-10,1-10,starter,0,Medium,Power Adopter,completed_trial_window,5,4,5.0,1,-8,0.4,78,5,4
U01438,2026-06-01,200+,pro,0,High,Champion,completed_trial_window,10,7,4.0,1,5,0.7,99,8,7
U01439,2026-04-23,11-50,pro,0,Medium,Growing Casual,completed_trial_window,6,4,20.0,0,1,0.4,69,5,4
U01440,2026-04-08,51-200,pro,0,High,Champion,completed_trial_window,3,8,7.0,1,15,0.8,88,3,8
U01441,2026-01-08,not_provided,business,1,High,Power Adopter,completed_trial_window,10,6,4.0,1,-3,0.6,98,8,6
U01442,2026-05-04,200+,starter,1,High,Plateaued User,completed_trial_window,6,8,31.0,1,-17,0.8,79,6,8
U01443,2026-04-23,1-10,starter,1,Low,Window Shopper,early_dropoff,2,1,340.0,0,2,0.1,31,2,1
U01444,2026-03-22,1-10,business,0,Medium,Champion,completed_trial_window,3,3,5.0,1,7,0.3,76,3,3
U01445,2026-05-15,not_provided,pro,0,Medium,Plateaued User,completed_trial_window,5,1,64.0,1,0,0.1,49,4,1
U01446,2026-05-25,11-50,business,0,High,Power Adopter,completed_trial_window,8,7,10.0,1,-4,0.7,96,7,7
U01447,2026-03-28,not_provided,pro,0,Medium,Late Bloomer,mid_trial_dropoff,2,4,121.0,1,8,0.4,63,2,4
U01448,2026-06-08,1-10,starter,0,High,Champion,mid_trial_dropoff,4,5,3.0,1,22,0.5,89,4,5
U01449,2026-03-05,200+,business,1,High,Late Bloomer,completed_trial_window,7,4,39.0,1,14,0.4,85,6,4
U01450,2026-02-08,not_provided,pro,0,High,Power Adopter,completed_trial_window,5,7,3.0,1,-4,0.7,85,4,7
U01451,2026-01-14,1-10,business,1,High,Power Adopter,completed_trial_window,6,7,5.0,1,-1,0.7,89,4,7
U01452,2026-05-10,200+,starter,0,Low,Plateaued User,mid_trial_dropoff,3,2,37.0,1,-10,0.2,52,3,2
U01453,2026-02-12,1-10,starter,0,Medium,Growing Casual,completed_trial_window,8,1,214.0,0,6,0.1,52,8,1
U01454,2026-03-24,11-50,business,1,High,Power Adopter,completed_trial_window,5,7,0.0,1,-19,0.7,85,5,7
U01455,2026-01-13,not_provided,pro,0,Medium,Plateaued User,completed_trial_window,4,3,32.0,1,-6,0.3,60,4,3
U01456,2026-05-21,not_provided,starter,1,High,Champion,completed_trial_window,6,5,24.0,1,37,0.5,91,5,5
U01457,2026-03-02,1-10,starter,0,Medium,Plateaued User,completed_trial_window,8,5,21.0,0,-2,0.5,70,7,5
U01458,2026-04-24,not_provided,starter,1,Medium,Power Adopter,completed_trial_window,3,3,14.0,1,0,0.3,61,3,3
U01459,2026-05-08,200+,business,1,High,Champion,completed_trial_window,10,7,23.0,1,40,0.7,99,9,7
U01460,2026-05-08,not_provided,business,0,High,Power Adopter,completed_trial_window,10,6,4.0,1,-2,0.6,98,7,6
U01461,2026-01-05,1-10,starter,0,Medium,Power Adopter,completed_trial_window,4,5,19.0,1,-23,0.5,74,4,5
U01462,2026-04-16,1-10,pro,0,Medium,Growing Casual,completed_trial_window,4,1,304.0,0,4,0.1,38,4,1
U01463,2026-05-21,1-10,starter,1,High,Champion,completed_trial_window,6,7,5.0,1,19,0.7,99,5,7
U01464,2026-06-08,not_provided,business,1,High,Power Adopter,completed_trial_window,9,9,7.0,1,-12,0.9,98,7,9
U01465,2026-05-24,11-50,business,1,High,Champion,completed_trial_window,9,4,1.0,1,4,0.4,99,7,4
U01466,2026-03-29,51-200,starter,0,Medium,Power Adopter,mid_trial_dropoff,2,4,9.0,1,-6,0.4,68,2,4
U01467,2026-02-27,200+,business,0,Medium,Plateaued User,completed_trial_window,12,2,39.0,0,-8,0.2,54,7,2
U01468,2026-05-24,not_provided,pro,1,High,Late Bloomer,completed_trial_window,6,5,34.0,1,10,0.5,86,4,5
U01469,2026-04-04,not_provided,starter,0,Low,Window Shopper,mid_trial_dropoff,1,1,73.0,0,0,0.1,17,1,1
U01470,2026-01-30,1-10,business,0,High,Late Bloomer,completed_trial_window,5,4,159.0,1,10,0.4,73,4,4
U01471,2026-02-26,1-10,business,0,High,Plateaued User,completed_trial_window,9,6,34.0,1,-3,0.6,88,8,6
U01472,2026-04-01,not_provided,business,1,High,Champion,completed_trial_window,6,7,0.0,1,24,0.7,99,6,7
U01473,2026-05-14,51-200,business,1,Medium,Power Adopter,completed_trial_window,6,5,17.0,1,-11,0.5,81,5,5
U01474,2026-01-12,11-50,starter,0,High,Champion,completed_trial_window,9,7,9.0,1,21,0.7,99,7,7
U01475,2026-02-05,not_provided,business,1,Medium,Late Bloomer,completed_trial_window,6,2,105.0,1,5,0.2,68,6,2
U01476,2026-01-28,51-200,pro,0,High,Champion,completed_trial_window,6,6,8.0,1,5,0.6,99,6,6
U01477,2026-02-20,11-50,starter,0,Low,Growing Casual,completed_trial_window,3,1,64.0,0,7,0.1,34,3,1
U01478,2026-04-11,11-50,starter,0,High,Late Bloomer,completed_trial_window,8,5,101.0,1,1,0.5,88,5,5
U01479,2026-02-18,not_provided,business,1,High,Power Adopter,completed_trial_window,12,6,11.0,1,-12,0.6,98,8,6
U01480,2026-04-17,1-10,business,0,Medium,Champion,completed_trial_window,2,5,2.0,1,24,0.5,82,2,5
U01481,2026-05-31,1-10,starter,0,Medium,Power Adopter,completed_trial_window,5,5,9.0,1,-9,0.5,82,5,5
U01482,2026-04-28,not_provided,pro,0,Medium,Plateaued User,completed_trial_window,9,3,28.0,0,-7,0.3,58,6,3
U01483,2026-05-10,11-50,starter,0,Medium,Power Adopter,completed_trial_window,5,4,3.0,1,-10,0.4,78,3,4
U01484,2026-01-02,not_provided,business,0,Medium,Plateaued User,completed_trial_window,5,5,32.0,1,-6,0.5,72,5,5
U01485,2026-01-13,not_provided,starter,1,Medium,Growing Casual,completed_trial_window,4,2,151.0,0,3,0.2,43,4,2
U01486,2026-05-04,not_provided,pro,1,High,Champion,completed_trial_window,5,3,24.0,1,9,0.3,78,4,3
U01487,2026-02-14,not_provided,pro,1,High,Power Adopter,completed_trial_window,10,6,2.0,1,-7,0.6,98,8,6
U01488,2026-04-10,not_provided,pro,0,Medium,Power Adopter,completed_trial_window,3,3,10.0,1,-8,0.3,66,3,3
U01489,2026-06-05,51-200,pro,1,High,Champion,completed_trial_window,7,7,11.0,1,10,0.7,99,5,7
U01490,2026-04-18,not_provided,business,1,Medium,Plateaued User,completed_trial_window,8,3,0.0,0,-3,0.3,66,7,3
U01491,2026-03-12,200+,business,0,High,Late Bloomer,completed_trial_window,10,7,27.0,1,13,0.7,98,8,7
U01492,2026-03-17,200+,pro,1,High,Champion,completed_trial_window,15,7,1.0,1,23,0.7,99,11,7
U01493,2026-04-16,not_provided,business,0,Medium,Champion,mid_trial_dropoff,2,4,3.0,1,1,0.4,78,2,4
U01494,2026-05-12,51-200,business,0,High,Power Adopter,completed_trial_window,6,7,10.0,1,-19,0.7,89,6,7
U01495,2026-05-21,51-200,business,0,Medium,Late Bloomer,completed_trial_window,4,2,147.0,1,1,0.2,61,4,2
U01496,2026-05-22,not_provided,pro,1,High,Power Adopter,completed_trial_window,4,6,14.0,1,0,0.6,77,3,6
U01497,2026-02-23,not_provided,business,0,High,Late Bloomer,completed_trial_window,4,4,36.0,1,3,0.4,75,4,4
U01498,2026-03-16,not_provided,business,1,Medium,Growing Casual,completed_trial_window,5,1,229.0,0,5,0.1,41,5,1
U01499,2026-06-16,11-50,pro,1,Low,Plateaued User,completed_trial_window,5,2,8.0,0,-10,0.2,51,5,2
U01500,2026-06-13,51-200,business,1,High,Power Adopter,completed_trial_window,14,3,0.0,1,-9,0.3,86,9,3
U01501,2026-04-01,not_provided,starter,1,Medium,Late Bloomer,completed_trial_window,3,3,54.0,1,14,0.3,61,3,3
U01502,2026-05-27,not_provided,business,0,Medium,Growing Casual,completed_trial_window,5,3,84.0,0,8,0.3,50,5,3
U01503,2026-04-17,not_provided,business,0,Medium,Power Adopter,completed_trial_window,1,7,6.0,1,-14,0.7,71,1,7
U01504,2026-05-17,51-200,starter,1,High,Power Adopter,completed_trial_window,6,7,12.0,1,-3,0.7,89,6,7
U01505,2026-05-14,1-10,starter,1,High,Champion,completed_trial_window,7,5,6.0,1,9,0.5,99,7,5
U01506,2026-02-07,1-10,business,0,Medium,Plateaued User,mid_trial_dropoff,3,6,48.0,1,-9,0.6,68,2,6
U01507,2026-01-15,11-50,business,1,Medium,Plateaued User,completed_trial_window,1,3,25.0,1,0,0.3,49,1,3
U01508,2026-03-15,not_provided,business,1,Medium,Growing Casual,completed_trial_window,5,2,231.0,0,8,0.2,46,5,2
U01509,2026-01-16,not_provided,business,1,High,Champion,completed_trial_window,12,8,7.0,1,30,0.8,99,7,8
U01510,2026-05-19,1-10,business,0,High,Power Adopter,completed_trial_window,10,5,12.0,1,-5,0.5,95,8,5
U01511,2026-04-26,1-10,pro,0,Medium,Late Bloomer,completed_trial_window,2,4,28.0,1,11,0.4,68,2,4
U01512,2026-05-24,11-50,business,0,High,Champion,completed_trial_window,4,7,0.0,1,18,0.7,92,4,7
U01513,2026-06-15,not_provided,starter,0,Medium,Plateaued User,completed_trial_window,9,4,36.0,0,-13,0.4,63,6,4
U01514,2026-03-02,not_provided,business,0,Low,Window Shopper,completed_trial_window,1,2,46.0,0,-1,0.2,27,1,2
U01515,2026-03-15,not_provided,business,1,High,Champion,mid_trial_dropoff,3,8,4.0,1,7,0.8,88,3,8
U01516,2026-04-08,200+,starter,0,High,Champion,completed_trial_window,8,9,2.0,1,7,0.9,99,8,9
U01517,2026-03-22,not_provided,starter,0,Medium,Plateaued User,completed_trial_window,6,3,27.0,1,-15,0.3,67,5,3
U01518,2026-01-04,not_provided,business,0,Medium,Plateaued User,completed_trial_window,4,4,30.0,1,-8,0.4,65,4,4
U01519,2026-02-21,not_provided,starter,0,Medium,Power Adopter,completed_trial_window,5,5,2.0,1,-3,0.5,82,5,5
U01520,2026-02-27,not_provided,business,0,Low,Window Shopper,completed_trial_window,2,2,49.0,0,3,0.2,36,2,2
U01521,2026-06-15,51-200,pro,0,High,Late Bloomer,completed_trial_window,7,3,38.0,1,11,0.3,80,6,3
U01522,2026-05-20,not_provided,pro,0,High,Late Bloomer,mid_trial_dropoff,4,4,77.0,1,16,0.4,70,4,4
U01523,2026-02-20,not_provided,pro,0,Medium,Late Bloomer,completed_trial_window,5,2,41.0,1,1,0.2,69,4,2
U01524,2026-03-17,200+,pro,0,Low,Plateaued User,completed_trial_window,4,2,64.0,0,-1,0.2,33,3,2
U01525,2026-01-20,11-50,pro,0,Medium,Plateaued User,completed_trial_window,4,3,60.0,0,-5,0.3,37,4,3
U01526,2026-05-12,1-10,starter,1,High,Champion,completed_trial_window,10,6,14.0,1,13,0.6,99,8,6
U01527,2026-04-20,51-200,pro,0,High,Late Bloomer,completed_trial_window,8,1,109.0,1,3,0.1,70,8,1
U01528,2026-03-09,11-50,pro,0,High,Champion,completed_trial_window,8,5,12.0,1,9,0.5,99,6,5
U01529,2026-05-30,51-200,starter,1,High,Champion,completed_trial_window,13,6,6.0,1,17,0.6,99,9,6
U01530,2026-04-30,not_provided,pro,1,High,Late Bloomer,completed_trial_window,3,7,27.0,1,27,0.7,78,2,7
U01531,2026-02-09,51-200,pro,0,High,Power Adopter,completed_trial_window,8,7,10.0,1,-9,0.7,96,6,7
U01532,2026-01-14,not_provided,pro,1,High,Champion,completed_trial_window,5,4,23.0,1,19,0.4,83,5,4
U01533,2026-05-06,not_provided,pro,0,High,Late Bloomer,completed_trial_window,8,7,25.0,1,8,0.7,96,7,7
U01534,2026-04-02,1-10,business,1,High,Late Bloomer,completed_trial_window,9,4,51.0,1,8,0.4,86,7,4
U01535,2026-05-15,11-50,pro,1,Medium,Power Adopter,completed_trial_window,5,5,5.0,1,-4,0.5,82,4,5
U01536,2026-01-18,not_provided,pro,1,High,Late Bloomer,completed_trial_window,10,3,68.0,1,9,0.3,81,7,3
U01537,2026-05-20,not_provided,starter,0,Medium,Power Adopter,completed_trial_window,7,5,16.0,1,-16,0.5,84,6,5
U01538,2026-01-24,51-200,pro,1,High,Champion,completed_trial_window,11,4,6.0,1,6,0.4,99,10,4
U01539,2026-03-26,51-200,business,0,Medium,Plateaued User,mid_trial_dropoff,4,5,27.0,1,-2,0.5,69,3,5
U01540,2026-03-17,11-50,pro,1,Medium,Power Adopter,completed_trial_window,3,5,10.0,1,-1,0.5,75,2,5
U01541,2026-05-02,not_provided,business,1,High,Champion,completed_trial_window,5,7,21.0,1,40,0.7,90,3,7
U01542,2026-01-30,not_provided,business,0,Medium,Plateaued User,completed_trial_window,3,6,40.0,1,-1,0.6,68,3,6
U01543,2026-04-25,11-50,business,0,High,Late Bloomer,completed_trial_window,5,4,44.0,1,4,0.4,78,4,4
U01544,2026-06-07,not_provided,pro,1,High,Late Bloomer,completed_trial_window,9,5,65.0,1,17,0.5,90,7,5
U01545,2026-03-24,200+,starter,1,Low,Plateaued User,mid_trial_dropoff,3,1,131.0,0,-2,0.1,24,3,1
U01546,2026-03-07,not_provided,business,0,Medium,Power Adopter,completed_trial_window,7,3,21.0,1,-3,0.3,75,6,3
U01547,2026-03-14,1-10,pro,1,High,Champion,completed_trial_window,4,6,5.0,1,7,0.6,92,3,6
U01548,2026-05-12,not_provided,starter,0,High,Late Bloomer,completed_trial_window,6,4,37.0,1,1,0.4,82,6,4
U01549,2026-05-05,1-10,business,1,High,Plateaued User,completed_trial_window,11,7,29.0,1,-3,0.7,88,8,7
U01550,2026-03-24,not_provided,starter,0,Low,Growing Casual,completed_trial_window,3,2,15.0,0,5,0.2,49,3,2
U01551,2026-01-25,11-50,pro,0,Medium,Plateaued User,completed_trial_window,8,5,5.0,0,-6,0.5,75,8,5
U01552,2026-05-17,1-10,business,0,High,Champion,completed_trial_window,10,7,10.0,1,9,0.7,99,6,7
U01553,2026-01-17,11-50,business,1,Medium,Plateaued User,early_dropoff,1,3,31.0,1,-5,0.3,49,1,3
U01554,2026-04-19,1-10,pro,1,High,Power Adopter,completed_trial_window,8,6,7.0,1,-8,0.6,96,8,6
U01555,2026-04-22,not_provided,starter,1,High,Champion,completed_trial_window,5,5,22.0,1,6,0.5,87,5,5
U01556,2026-01-07,200+,business,0,Medium,Growing Casual,completed_trial_window,6,2,86.0,0,5,0.2,50,5,2
U01557,2026-03-26,1-10,starter,1,High,Champion,completed_trial_window,5,7,9.0,1,29,0.7,95,5,7
U01558,2026-01-14,11-50,business,1,High,Champion,completed_trial_window,5,7,2.0,1,24,0.7,95,5,7
U01559,2026-01-19,not_provided,pro,0,Medium,Plateaued User,completed_trial_window,4,3,133.0,1,-1,0.3,55,4,3
U01560,2026-03-08,200+,starter,1,Medium,Growing Casual,completed_trial_window,5,5,59.0,0,8,0.5,59,4,5
U01561,2026-06-11,200+,starter,1,High,Champion,completed_trial_window,1,7,5.0,1,20,0.7,81,1,7
U01562,2026-01-05,200+,business,0,High,Champion,completed_trial_window,12,6,1.0,1,8,0.6,99,9,6
U01563,2026-01-31,not_provided,starter,0,Low,Plateaued User,completed_trial_window,3,1,63.0,0,-4,0.1,24,3,1
U01564,2026-06-14,not_provided,pro,0,High,Power Adopter,completed_trial_window,14,8,9.0,1,0,0.8,98,8,8
U01565,2026-01-17,not_provided,pro,1,High,Power Adopter,completed_trial_window,10,6,12.0,1,0,0.6,98,9,6
U01566,2026-01-19,51-200,pro,1,High,Champion,completed_trial_window,6,5,19.0,1,8,0.5,91,4,5
U01567,2026-03-16,not_provided,business,1,High,Champion,completed_trial_window,8,6,16.0,1,24,0.6,99,5,6
U01568,2026-01-23,51-200,starter,1,Medium,Growing Casual,completed_trial_window,8,1,21.0,0,4,0.1,62,6,1
U01569,2026-04-12,not_provided,starter,1,High,Power Adopter,completed_trial_window,11,7,17.0,1,-10,0.7,93,8,7
U01570,2026-02-10,not_provided,pro,0,Low,Plateaued User,completed_trial_window,4,2,45.0,0,-8,0.2,38,4,2
U01571,2026-02-04,not_provided,starter,1,Medium,Plateaued User,completed_trial_window,14,5,28.0,0,-13,0.5,67,9,5
U01572,2026-03-17,not_provided,pro,0,High,Late Bloomer,completed_trial_window,6,4,122.0,1,27,0.4,77,6,4
U01573,2026-03-18,not_provided,business,0,Medium,Plateaued User,completed_trial_window,5,3,34.0,1,-7,0.3,63,4,3
U01574,2026-06-15,51-200,starter,0,Medium,Growing Casual,completed_trial_window,5,1,42.0,0,3,0.1,46,5,1
U01575,2026-05-22,not_provided,pro,0,High,Champion,completed_trial_window,7,4,3.0,1,2,0.4,95,6,4
U01576,2026-02-01,1-10,starter,1,Medium,Late Bloomer,early_dropoff,1,5,45.0,1,17,0.5,68,1,5
U01577,2026-06-02,200+,pro,0,High,Power Adopter,completed_trial_window,10,6,13.0,1,-4,0.6,93,7,6
U01578,2026-05-21,1-10,business,0,Medium,Growing Casual,completed_trial_window,5,2,135.0,0,2,0.2,46,4,2
U01579,2026-02-23,not_provided,business,0,High,Champion,completed_trial_window,9,4,1.0,1,5,0.4,99,6,4
U01580,2026-03-30,11-50,starter,0,Low,Plateaued User,mid_trial_dropoff,3,2,40.0,1,-8,0.2,52,2,2
U01581,2026-06-15,not_provided,pro,1,High,Champion,completed_trial_window,4,7,10.0,1,2,0.7,92,3,7
U01582,2026-02-17,11-50,pro,0,High,Power Adopter,completed_trial_window,11,6,9.0,1,-3,0.6,98,7,6
U01583,2026-03-06,11-50,starter,0,High,Plateaued User,completed_trial_window,9,7,33.0,1,-13,0.7,88,7,7
U01584,2026-02-16,not_provided,pro,0,High,Late Bloomer,completed_trial_window,5,3,46.0,1,2,0.3,73,4,3
U01585,2026-01-14,not_provided,starter,1,High,Power Adopter,completed_trial_window,8,6,8.0,1,-13,0.6,96,7,6
U01586,2026-01-19,51-200,business,1,High,Power Adopter,completed_trial_window,13,8,4.0,1,-6,0.8,98,9,8
U01587,2026-03-06,1-10,pro,1,High,Champion,completed_trial_window,8,4,19.0,1,1,0.4,94,7,4
U01588,2026-05-05,51-200,business,0,High,Champion,completed_trial_window,6,4,22.0,1,10,0.4,87,4,4
U01589,2026-02-02,not_provided,business,0,Medium,Champion,completed_trial_window,3,3,13.0,1,6,0.3,71,3,3
U01590,2026-03-02,1-10,business,0,Low,Plateaued User,completed_trial_window,4,2,64.0,0,-6,0.2,33,4,2
U01591,2026-06-08,1-10,pro,0,Low,Growing Casual,mid_trial_dropoff,3,2,150.0,0,1,0.2,39,3,2
U01592,2026-03-23,200+,starter,1,High,Champion,completed_trial_window,12,3,24.0,1,7,0.3,91,9,3
U01593,2026-06-07,not_provided,business,0,High,Champion,completed_trial_window,6,7,18.0,1,3,0.7,94,4,7
U01594,2026-05-30,11-50,pro,0,Medium,Late Bloomer,completed_trial_window,2,2,56.0,1,11,0.2,54,2,2
U01595,2026-05-26,51-200,business,0,Medium,Champion,completed_trial_window,2,3,15.0,1,5,0.3,68,2,3
U01596,2026-04-20,11-50,starter,1,High,Champion,completed_trial_window,8,9,7.0,1,29,0.9,99,5,9
U01597,2026-03-05,11-50,business,1,High,Power Adopter,completed_trial_window,8,5,2.0,1,-16,0.5,93,5,5
U01598,2026-03-12,51-200,pro,1,Medium,Window Shopper,completed_trial_window,1,3,69.0,0,4,0.3,36,1,3
U01599,2026-05-03,200+,starter,0,High,Power Adopter,completed_trial_window,8,7,2.0,1,-15,0.7,96,6,7
U01600,2026-04-02,51-200,starter,1,High,Champion,completed_trial_window,10,5,8.0,1,6,0.5,99,8,5
U01601,2026-01-28,11-50,business,0,Low,Plateaued User,completed_trial_window,5,2,59.0,0,-1,0.2,36,3,2
U01602,2026-06-05,1-10,business,1,High,Champion,mid_trial_dropoff,6,6,20.0,1,9,0.6,94,3,6
U01603,2026-05-18,11-50,business,1,High,Champion,completed_trial_window,5,5,1.0,1,21,0.5,92,4,5
U01604,2026-01-20,1-10,pro,0,Low,Window Shopper,completed_trial_window,2,2,42.0,0,2,0.2,41,2,2
U01605,2026-06-11,1-10,pro,1,High,Power Adopter,completed_trial_window,12,6,15.0,1,0,0.6,93,10,6
U01606,2026-04-14,not_provided,pro,1,High,Champion,completed_trial_window,16,6,6.0,1,24,0.6,99,11,6
U01607,2026-05-22,51-200,pro,0,High,Late Bloomer,completed_trial_window,5,5,39.0,1,12,0.5,82,4,5
U01608,2026-05-19,200+,business,0,Medium,Growing Casual,completed_trial_window,4,5,6.0,0,6,0.5,71,4,5
U01609,2026-02-08,51-200,starter,0,High,Power Adopter,completed_trial_window,8,4,14.0,1,-15,0.4,84,7,4
U01610,2026-02-27,not_provided,business,1,Medium,Champion,completed_trial_window,2,1,17.0,1,7,0.1,59,2,1
U01611,2026-02-04,200+,pro,1,Medium,Power Adopter,completed_trial_window,7,4,6.0,1,-10,0.4,85,5,4
U01612,2026-01-24,200+,business,0,High,Power Adopter,completed_trial_window,6,6,0.0,1,-10,0.6,89,5,6
U01613,2026-05-09,1-10,business,1,High,Champion,completed_trial_window,5,7,1.0,1,3,0.7,95,4,7
U01614,2026-06-07,not_provided,pro,0,Medium,Plateaued User,completed_trial_window,7,2,99.0,1,-4,0.2,61,6,2
U01615,2026-05-12,11-50,starter,1,High,Champion,completed_trial_window,8,4,2.0,1,1,0.4,99,8,4
U01616,2026-02-15,not_provided,pro,1,High,Power Adopter,completed_trial_window,6,7,10.0,1,-4,0.7,89,5,7
U01617,2026-05-04,51-200,starter,0,High,Late Bloomer,completed_trial_window,7,3,58.0,1,4,0.3,75,5,3
U01618,2026-02-26,200+,pro,0,High,Late Bloomer,completed_trial_window,9,5,38.0,1,9,0.5,95,8,5
U01619,2026-01-17,51-200,business,0,Medium,Plateaued User,completed_trial_window,4,2,38.0,1,0,0.2,56,3,2
U01620,2026-03-01,1-10,business,1,High,Power Adopter,completed_trial_window,9,6,4.0,1,-2,0.6,98,6,6
U01621,2026-05-13,51-200,starter,0,Medium,Power Adopter,mid_trial_dropoff,6,5,4.0,1,-19,0.5,86,5,5
U01622,2026-05-01,200+,starter,0,Medium,Champion,early_dropoff,1,5,8.0,1,4,0.5,78,1,5
U01623,2026-01-11,not_provided,business,0,High,Late Bloomer,completed_trial_window,3,7,36.0,1,14,0.7,78,2,7
U01624,2026-01-27,not_provided,pro,0,Low,Plateaued User,completed_trial_window,3,1,62.0,0,-2,0.1,24,3,1
U01625,2026-06-12,51-200,business,0,Medium,Champion,completed_trial_window,3,4,2.0,1,4,0.4,81,3,4
U01626,2026-03-09,not_provided,pro,0,Low,Window Shopper,completed_trial_window,2,1,343.0,0,1,0.1,31,2,1
U01627,2026-05-26,11-50,starter,0,High,Champion,completed_trial_window,7,9,3.0,1,23,0.9,99,7,9
U01628,2026-04-07,51-200,pro,0,Medium,Growing Casual,mid_trial_dropoff,4,3,6.0,0,9,0.3,62,2,3
U01629,2026-01-20,not_provided,business,0,High,Power Adopter,completed_trial_window,8,3,21.0,1,-2,0.3,79,6,3
U01630,2026-04-07,11-50,pro,0,Medium,Late Bloomer,completed_trial_window,3,2,165.0,1,1,0.2,57,3,2
U01631,2026-04-14,51-200,business,0,High,Late Bloomer,completed_trial_window,7,5,56.0,1,20,0.5,84,4,5
U01632,2026-05-05,200+,pro,0,High,Power Adopter,completed_trial_window,9,4,10.0,1,-4,0.4,91,5,4
U01633,2026-01-02,not_provided,pro,0,High,Late Bloomer,completed_trial_window,9,4,28.0,1,13,0.4,91,6,4
U01634,2026-04-23,11-50,pro,1,Medium,Growing Casual,completed_trial_window,10,2,67.0,0,6,0.2,59,5,2
U01635,2026-05-12,not_provided,business,0,Medium,Power Adopter,mid_trial_dropoff,5,5,2.0,1,-6,0.5,82,4,5
U01636,2026-02-24,11-50,pro,0,Medium,Plateaued User,completed_trial_window,7,2,156.0,1,-1,0.2,61,6,2
U01637,2026-02-10,51-200,pro,0,Medium,Power Adopter,completed_trial_window,5,4,6.0,1,-6,0.4,78,5,4
U01638,2026-01-31,not_provided,pro,0,High,Growing Casual,completed_trial_window,17,4,4.0,0,7,0.4,83,9,4
U01639,2026-04-17,51-200,business,0,Medium,Plateaued User,completed_trial_window,6,4,55.0,1,-9,0.4,67,5,4
U01640,2026-01-30,200+,business,0,High,Champion,completed_trial_window,12,5,13.0,1,21,0.5,99,8,5
U01641,2026-05-03,200+,pro,1,Low,Plateaued User,completed_trial_window,4,2,18.0,0,-5,0.2,43,4,2
U01642,2026-02-11,not_provided,starter,0,Medium,Plateaued User,completed_trial_window,8,3,30.0,0,-5,0.3,56,7,3
U01643,2026-01-06,11-50,starter,1,High,Power Adopter,completed_trial_window,8,8,2.0,1,-2,0.8,96,7,8
U01644,2026-05-27,not_provided,pro,0,Medium,Growing Casual,completed_trial_window,11,2,197.0,0,6,0.2,59,8,2
U01645,2026-02-04,not_provided,pro,0,High,Champion,completed_trial_window,9,6,15.0,1,13,0.6,99,7,6
U01646,2026-01-11,not_provided,pro,1,Low,Window Shopper,completed_trial_window,1,1,19.0,0,3,0.1,37,1,1
U01647,2026-02-12,51-200,pro,1,High,Champion,completed_trial_window,8,6,4.0,1,12,0.6,99,6,6
U01648,2026-04-14,not_provided,pro,0,High,Champion,completed_trial_window,9,4,15.0,1,2,0.4,96,5,4
U01649,2026-06-13,1-10,business,0,High,Champion,completed_trial_window,5,4,8.0,1,3,0.4,88,4,4
U01650,2026-03-14,1-10,pro,1,High,Champion,completed_trial_window,8,5,8.0,1,7,0.5,99,6,5
U01651,2026-06-05,200+,starter,0,High,Champion,completed_trial_window,10,9,12.0,1,23,0.9,99,7,9
U01652,2026-02-13,11-50,starter,1,Medium,Power Adopter,completed_trial_window,5,4,17.0,1,-17,0.4,73,5,4
U01653,2026-02-06,not_provided,pro,0,High,Champion,completed_trial_window,4,6,3.0,1,10,0.6,92,4,6
U01654,2026-06-09,not_provided,pro,1,Medium,Power Adopter,completed_trial_window,4,3,9.0,1,-20,0.3,70,4,3
U01655,2026-02-12,not_provided,business,0,High,Power Adopter,completed_trial_window,11,8,15.0,1,-13,0.8,93,7,8
U01656,2026-03-29,200+,pro,0,Medium,Champion,completed_trial_window,3,4,19.0,1,4,0.4,76,3,4
U01657,2026-06-01,1-10,pro,1,High,Late Bloomer,completed_trial_window,4,5,54.0,1,11,0.5,74,4,5
U01658,2026-04-09,11-50,starter,0,Medium,Plateaued User,completed_trial_window,5,4,15.0,0,0,0.4,55,5,4
U01659,2026-01-05,11-50,pro,0,Medium,Late Bloomer,completed_trial_window,2,4,49.0,1,2,0.4,63,2,4
U01660,2026-05-10,not_provided,starter,0,High,Growing Casual,completed_trial_window,8,3,24.0,0,3,0.3,71,6,3
U01661,2026-02-08,not_provided,starter,0,Medium,Growing Casual,completed_trial_window,5,4,155.0,0,10,0.4,55,5,4
U01662,2026-02-15,200+,pro,1,Medium,Growing Casual,completed_trial_window,5,1,303.0,0,3,0.1,41,4,1
U01663,2026-01-10,not_provided,pro,0,High,Late Bloomer,completed_trial_window,6,3,112.0,1,7,0.3,72,6,3
U01664,2026-01-31,1-10,starter,0,High,Champion,completed_trial_window,12,4,8.0,1,8,0.4,99,9,4
U01665,2026-02-03,not_provided,pro,1,High,Growing Casual,completed_trial_window,8,3,20.0,0,10,0.3,71,7,3
U01666,2026-06-16,200+,pro,0,Medium,Growing Casual,mid_trial_dropoff,6,5,0.0,0,8,0.5,78,5,5
U01667,2026-04-18,51-200,starter,0,Medium,Power Adopter,completed_trial_window,3,3,6.0,1,0,0.3,66,3,3
U01668,2026-05-16,200+,pro,0,Low,Plateaued User,completed_trial_window,6,1,117.0,0,0,0.1,35,6,1
U01669,2026-05-04,200+,business,0,High,Late Bloomer,completed_trial_window,5,6,31.0,1,13,0.6,85,4,6
U01670,2026-05-31,not_provided,business,1,Medium,Growing Casual,completed_trial_window,4,2,2.0,0,10,0.2,58,4,2
U01671,2026-01-26,200+,pro,0,Medium,Late Bloomer,mid_trial_dropoff,2,2,61.0,1,3,0.2,54,2,2
U01672,2026-03-07,200+,pro,0,High,Champion,completed_trial_window,16,8,18.0,1,6,0.8,99,8,8
U01673,2026-01-22,51-200,pro,1,High,Champion,completed_trial_window,8,4,12.0,1,1,0.4,99,7,4
U01674,2026-04-15,51-200,pro,1,Medium,Growing Casual,completed_trial_window,5,1,8.0,0,5,0.1,56,4,1
U01675,2026-01-02,not_provided,pro,0,High,Champion,completed_trial_window,6,4,17.0,1,6,0.4,87,5,4
U01676,2026-01-31,not_provided,starter,0,Medium,Champion,early_dropoff,1,3,7.0,1,2,0.3,69,1,3
U01677,2026-04-07,not_provided,pro,1,High,Champion,completed_trial_window,14,7,13.0,1,1,0.7,99,8,7
U01678,2026-04-15,51-200,starter,0,Medium,Champion,completed_trial_window,2,3,20.0,1,7,0.3,68,2,3
U01679,2026-02-09,200+,business,0,High,Champion,completed_trial_window,10,8,8.0,1,20,0.8,99,8,8
U01680,2026-05-30,51-200,business,0,Medium,Late Bloomer,mid_trial_dropoff,3,5,43.0,1,4,0.5,75,3,5
U01681,2026-05-18,200+,pro,0,High,Champion,completed_trial_window,5,5,4.0,1,1,0.5,92,5,5
U01682,2026-04-04,not_provided,business,0,High,Late Bloomer,completed_trial_window,11,5,26.0,1,3,0.5,95,9,5
U01683,2026-04-12,11-50,starter,0,High,Champion,completed_trial_window,3,7,4.0,1,11,0.7,88,3,7
U01684,2026-05-22,not_provided,starter,0,Medium,Plateaued User,completed_trial_window,5,2,44.0,1,-10,0.2,59,3,2
U01685,2026-02-15,51-200,pro,1,High,Late Bloomer,completed_trial_window,7,5,34.0,1,13,0.5,89,7,5
U01686,2026-05-04,51-200,business,0,Medium,Growing Casual,completed_trial_window,6,3,9.0,0,18,0.3,69,6,3
U01687,2026-05-28,51-200,business,0,High,Power Adopter,completed_trial_window,10,9,1.0,1,-4,0.9,98,7,9
U01688,2026-04-12,not_provided,pro,1,High,Power Adopter,completed_trial_window,12,5,8.0,1,0,0.5,95,6,5
U01689,2026-02-28,200+,business,0,High,Champion,completed_trial_window,8,4,16.0,1,6,0.4,94,5,4
U01690,2026-02-11,1-10,pro,1,Medium,Power Adopter,completed_trial_window,6,5,12.0,1,-15,0.5,86,5,5
U01691,2026-04-13,51-200,pro,0,Medium,Late Bloomer,early_dropoff,1,3,126.0,1,16,0.3,54,1,3
U01692,2026-06-07,not_provided,business,0,High,Champion,completed_trial_window,12,7,7.0,1,11,0.7,99,7,7
U01693,2026-01-14,11-50,starter,1,High,Champion,completed_trial_window,12,7,3.0,1,1,0.7,99,10,7
U01694,2026-01-24,11-50,starter,0,High,Champion,completed_trial_window,11,5,1.0,1,9,0.5,99,7,5
U01695,2026-06-03,200+,starter,0,Low,Growing Casual,completed_trial_window,3,1,310.0,0,2,0.1,34,3,1
U01696,2026-01-17,51-200,pro,0,Low,Plateaued User,completed_trial_window,5,1,157.0,0,-2,0.1,31,4,1
U01697,2026-04-05,1-10,pro,0,High,Power Adopter,completed_trial_window,8,4,15.0,1,-7,0.4,84,5,4
U01698,2026-01-10,not_provided,starter,0,Medium,Power Adopter,mid_trial_dropoff,2,4,15.0,1,-4,0.4,63,2,4
U01699,2026-04-13,not_provided,business,1,High,Growing Casual,completed_trial_window,7,6,35.0,0,24,0.6,74,6,6
U01700,2026-03-15,not_provided,pro,1,High,Champion,completed_trial_window,5,4,10.0,1,4,0.4,88,4,4
U01701,2026-02-14,not_provided,starter,0,High,Champion,completed_trial_window,9,10,2.0,1,7,1.0,99,7,10
U01702,2026-04-23,1-10,pro,0,Medium,Power Adopter,completed_trial_window,5,4,7.0,1,-17,0.4,78,3,4
U01703,2026-05-13,51-200,pro,0,Low,Window Shopper,early_dropoff,1,2,61.0,0,4,0.2,32,1,2
U01704,2026-01-09,not_provided,pro,0,Low,Window Shopper,completed_trial_window,1,4,5.0,0,-4,0.4,46,1,4
U01705,2026-05-13,not_provided,pro,1,High,Power Adopter,completed_trial_window,7,7,3.0,1,-22,0.7,92,7,7
U01706,2026-02-13,not_provided,starter,0,High,Power Adopter,completed_trial_window,9,3,9.0,1,0,0.3,86,7,3
U01707,2026-04-03,11-50,business,0,High,Champion,completed_trial_window,9,8,7.0,1,3,0.8,99,6,8
U01708,2026-01-01,11-50,starter,0,High,Champion,completed_trial_window,5,4,19.0,1,9,0.4,83,4,4
U01709,2026-03-12,200+,business,0,Low,Power Adopter,completed_trial_window,2,2,21.0,1,-2,0.2,54,2,2
U01710,2026-04-12,200+,pro,1,High,Champion,completed_trial_window,6,7,2.0,1,5,0.7,99,5,7
U01711,2026-05-13,1-10,business,1,High,Late Bloomer,completed_trial_window,7,5,39.0,1,1,0.5,89,5,5
U01712,2026-01-24,not_provided,business,1,High,Champion,completed_trial_window,9,6,1.0,1,20,0.6,99,9,6
U01713,2026-05-30,51-200,business,0,Medium,Power Adopter,completed_trial_window,7,5,17.0,1,-6,0.5,84,7,5
U01714,2026-03-12,11-50,pro,1,High,Champion,completed_trial_window,5,6,1.0,1,16,0.6,95,4,6
U01715,2026-04-27,200+,pro,1,High,Power Adopter,completed_trial_window,6,7,6.0,1,-3,0.7,89,6,7
U01716,2026-03-08,11-50,starter,1,High,Power Adopter,completed_trial_window,10,4,13.0,1,-7,0.4,86,7,4
U01717,2026-01-28,not_provided,starter,1,Medium,Power Adopter,completed_trial_window,5,4,17.0,1,-2,0.4,73,5,4
U01718,2026-03-17,51-200,starter,0,Medium,Plateaued User,completed_trial_window,5,3,27.0,1,-3,0.3,63,4,3
U01719,2026-05-12,51-200,pro,0,Low,Plateaued User,completed_trial_window,5,2,57.0,0,-5,0.2,36,3,2
U01720,2026-05-28,51-200,business,1,High,Champion,completed_trial_window,9,7,2.0,1,5,0.7,99,8,7
U01721,2026-04-07,not_provided,starter,1,High,Power Adopter,completed_trial_window,10,5,11.0,1,-15,0.5,95,6,5
U01722,2026-03-28,200+,business,0,High,Champion,completed_trial_window,3,6,0.0,1,10,0.6,88,3,6
U01723,2026-04-28,not_provided,starter,0,Medium,Power Adopter,completed_trial_window,5,2,5.0,1,-4,0.2,69,4,2
U01724,2026-05-04,1-10,business,1,High,Power Adopter,completed_trial_window,8,7,7.0,1,-5,0.7,96,7,7
U01725,2026-04-08,not_provided,pro,1,High,Plateaued User,completed_trial_window,15,6,36.0,1,-6,0.6,88,11,6
U01726,2026-03-22,200+,business,0,High,Power Adopter,completed_trial_window,10,6,14.0,1,0,0.6,93,9,6
U01727,2026-05-13,not_provided,starter,1,High,Champion,completed_trial_window,13,4,4.0,1,36,0.4,99,11,4
U01728,2026-03-05,51-200,starter,1,Medium,Late Bloomer,completed_trial_window,2,3,51.0,1,6,0.3,58,2,3
U01729,2026-03-29,1-10,pro,1,Medium,Power Adopter,completed_trial_window,2,5,5.0,1,-10,0.5,72,1,5
U01730,2026-05-02,51-200,business,0,Low,Window Shopper,early_dropoff,2,2,105.0,0,-1,0.2,26,1,2
U01731,2026-02-25,not_provided,business,1,Medium,Late Bloomer,completed_trial_window,4,1,35.0,1,13,0.1,61,4,1
U01732,2026-02-18,200+,business,0,High,Late Bloomer,completed_trial_window,6,4,125.0,1,15,0.4,77,5,4
U01733,2026-02-21,11-50,business,0,High,Late Bloomer,completed_trial_window,7,5,75.0,1,6,0.5,84,5,5
U01734,2026-03-03,51-200,pro,0,High,Late Bloomer,completed_trial_window,6,4,48.0,1,2,0.4,82,5,4
U01735,2026-02-28,11-50,pro,0,Medium,Plateaued User,completed_trial_window,7,5,39.0,1,-2,0.5,79,6,5
U01736,2026-06-08,51-200,pro,0,Medium,Late Bloomer,mid_trial_dropoff,1,2,92.0,1,5,0.2,50,1,2
U01737,2026-01-28,1-10,starter,1,Medium,Power Adopter,completed_trial_window,3,3,17.0,1,-6,0.3,61,3,3
U01738,2026-06-07,1-10,pro,0,High,Late Bloomer,completed_trial_window,8,4,90.0,1,22,0.4,84,6,4
U01739,2026-01-11,200+,business,0,Medium,Plateaued User,completed_trial_window,9,1,22.0,0,-5,0.1,54,6,1
U01740,2026-06-08,51-200,starter,1,Medium,Power Adopter,completed_trial_window,5,4,1.0,1,-4,0.4,78,3,4
U01741,2026-03-12,200+,pro,0,Medium,Power Adopter,completed_trial_window,3,6,23.0,1,-13,0.6,73,3,6
U01742,2026-05-11,51-200,starter,1,Low,Plateaued User,completed_trial_window,3,1,115.0,0,-3,0.1,24,3,1
U01743,2026-05-28,11-50,starter,0,Medium,Power Adopter,completed_trial_window,6,5,13.0,1,0,0.5,81,5,5
U01744,2026-05-15,200+,starter,0,Medium,Power Adopter,mid_trial_dropoff,3,3,1.0,1,-10,0.3,66,3,3
U01745,2026-05-19,1-10,pro,0,Medium,Late Bloomer,completed_trial_window,3,2,253.0,1,7,0.2,57,3,2
U01746,2026-03-30,200+,business,0,High,Champion,completed_trial_window,5,5,12.0,1,19,0.5,92,5,5
U01747,2026-02-14,200+,starter,0,High,Champion,completed_trial_window,10,8,21.0,1,7,0.8,99,8,8
U01748,2026-05-13,200+,business,0,Low,Power Adopter,completed_trial_window,3,2,10.0,1,-5,0.2,62,3,2
U01749,2026-01-03,1-10,business,1,High,Plateaued User,completed_trial_window,8,5,42.0,1,-4,0.5,83,6,5
U01750,2026-04-08,not_provided,starter,0,High,Power Adopter,completed_trial_window,6,6,10.0,1,-3,0.6,89,5,6
U01751,2026-03-25,51-200,pro,0,High,Late Bloomer,completed_trial_window,6,4,39.0,1,3,0.4,82,5,4
U01752,2026-03-08,11-50,pro,0,Medium,Plateaued User,completed_trial_window,5,5,44.0,1,-7,0.5,72,4,5
U01753,2026-03-09,11-50,business,0,Medium,Growing Casual,completed_trial_window,8,1,148.0,0,2,0.1,52,5,1
U01754,2026-05-01,not_provided,business,0,Medium,Window Shopper,mid_trial_dropoff,1,3,108.0,0,4,0.3,36,1,3
U01755,2026-04-04,11-50,starter,1,High,Power Adopter,completed_trial_window,8,6,7.0,1,-23,0.6,96,6,6
U01756,2026-02-23,200+,business,0,Medium,Late Bloomer,mid_trial_dropoff,2,3,94.0,1,4,0.3,58,2,3
U01757,2026-04-06,51-200,starter,0,Medium,Late Bloomer,early_dropoff,2,3,25.0,1,6,0.3,63,2,3
U01758,2026-03-13,200+,pro,1,Low,Window Shopper,mid_trial_dropoff,1,3,95.0,0,-2,0.3,26,1,3
U01759,2026-02-03,not_provided,business,0,High,Late Bloomer,completed_trial_window,6,4,60.0,1,2,0.4,77,4,4
U01760,2026-02-28,1-10,business,1,Medium,Power Adopter,completed_trial_window,3,7,2.0,1,-22,0.7,78,3,7
U01761,2026-03-02,not_provided,starter,0,High,Champion,completed_trial_window,5,7,0.0,1,15,0.7,95,5,7
U01762,2026-04-08,11-50,pro,0,Low,Plateaued User,completed_trial_window,4,2,54.0,0,0,0.2,33,4,2
U01763,2026-02-08,200+,starter,0,Medium,Power Adopter,mid_trial_dropoff,6,5,9.0,1,-4,0.5,86,6,5
U01764,2026-02-15,200+,starter,1,High,Champion,completed_trial_window,6,7,8.0,1,17,0.7,99,5,7
U01765,2026-06-11,not_provided,pro,0,Medium,Plateaued User,completed_trial_window,5,3,63.0,0,-14,0.3,40,4,3
U01766,2026-03-22,200+,business,0,High,Power Adopter,completed_trial_window,10,5,2.0,1,-1,0.5,95,8,5
U01767,2026-03-06,not_provided,pro,0,High,Champion,completed_trial_window,10,6,6.0,1,6,0.6,99,7,6
U01768,2026-01-13,200+,starter,1,High,Champion,completed_trial_window,6,7,7.0,1,26,0.7,99,5,7
U01769,2026-01-16,11-50,business,0,High,Late Bloomer,completed_trial_window,4,5,25.0,1,12,0.5,79,4,5
U01770,2026-05-02,not_provided,starter,1,High,Late Bloomer,completed_trial_window,5,6,90.0,1,13,0.6,80,5,6
U01771,2026-03-27,51-200,business,0,High,Power Adopter,completed_trial_window,16,9,3.0,1,0,0.9,98,10,9
U01772,2026-04-03,not_provided,pro,0,High,Power Adopter,completed_trial_window,6,6,11.0,1,-9,0.6,89,5,6
U01773,2026-03-07,51-200,starter,0,High,Champion,completed_trial_window,9,5,4.0,1,3,0.5,99,8,5
U01774,2026-04-16,1-10,business,0,High,Champion,mid_trial_dropoff,6,7,1.0,1,17,0.7,99,5,7
U01775,2026-06-05,11-50,pro,0,High,Champion,completed_trial_window,10,7,2.0,1,3,0.7,99,9,7
U01776,2026-05-28,not_provided,business,0,High,Late Bloomer,completed_trial_window,8,3,80.0,1,7,0.3,79,8,3
U01777,2026-05-18,11-50,business,0,High,Champion,mid_trial_dropoff,5,7,8.0,1,1,0.7,95,4,7
U01778,2026-04-01,51-200,business,1,High,Champion,completed_trial_window,17,7,7.0,1,20,0.7,99,9,7
U01779,2026-05-05,not_provided,starter,0,High,Power Adopter,completed_trial_window,12,6,2.0,1,-8,0.6,98,9,6
U01780,2026-01-21,200+,pro,0,High,Late Bloomer,completed_trial_window,2,6,26.0,1,3,0.6,75,2,6
U01781,2026-03-15,200+,business,0,Medium,Power Adopter,completed_trial_window,5,4,20.0,1,-4,0.4,73,5,4
U01782,2026-02-07,11-50,business,0,Medium,Growing Casual,completed_trial_window,5,2,256.0,0,4,0.2,46,4,2
U01783,2026-03-28,200+,business,1,Medium,Power Adopter,completed_trial_window,6,4,8.0,1,-16,0.4,82,4,4
U01784,2026-05-27,200+,starter,1,High,Champion,completed_trial_window,7,6,24.0,1,9,0.6,97,6,6
U01785,2026-02-11,51-200,pro,0,High,Power Adopter,completed_trial_window,13,5,10.0,1,-26,0.5,95,9,5
U01786,2026-03-22,51-200,business,0,Medium,Growing Casual,completed_trial_window,5,3,51.0,0,5,0.3,50,5,3
U01787,2026-03-16,not_provided,business,1,Medium,Plateaued User,completed_trial_window,14,5,6.0,0,-8,0.5,77,10,5
U01788,2026-06-15,200+,business,1,Medium,Growing Casual,completed_trial_window,6,1,314.0,0,4,0.1,45,4,1
U01789,2026-04-03,not_provided,pro,0,High,Late Bloomer,completed_trial_window,10,3,87.0,1,19,0.3,81,9,3
U01790,2026-05-14,200+,starter,1,High,Champion,completed_trial_window,4,7,0.0,1,8,0.7,92,4,7
U01791,2026-02-17,1-10,pro,0,Low,Window Shopper,completed_trial_window,1,2,203.0,0,6,0.2,32,1,2
U01792,2026-03-02,not_provided,business,0,Low,Plateaued User,completed_trial_window,3,1,45.0,0,0,0.1,29,3,1
U01793,2026-01-21,11-50,pro,0,Medium,Power Adopter,completed_trial_window,7,5,11.0,1,-5,0.5,89,6,5
U01794,2026-04-12,1-10,starter,1,Medium,Late Bloomer,completed_trial_window,2,1,28.0,1,3,0.1,54,2,1
U01795,2026-05-02,not_provided,starter,1,High,Champion,completed_trial_window,9,6,8.0,1,18,0.6,99,7,6
U01796,2026-04-12,not_provided,starter,0,High,Champion,completed_trial_window,14,5,6.0,1,23,0.5,99,9,5
U01797,2026-01-27,51-200,pro,1,Medium,Plateaued User,completed_trial_window,1,3,43.0,1,-6,0.3,49,1,3
U01798,2026-01-22,not_provided,starter,0,High,Champion,completed_trial_window,6,6,11.0,1,18,0.6,99,6,6
U01799,2026-03-21,11-50,pro,1,Medium,Plateaued User,completed_trial_window,7,5,28.0,1,-15,0.5,79,7,5
U01800,2026-04-24,not_provided,pro,1,Medium,Growing Casual,completed_trial_window,4,2,30.0,0,5,0.2,48,4,2
U01801,2026-05-15,11-50,starter,1,Medium,Plateaued User,completed_trial_window,6,5,32.0,1,-7,0.5,76,4,5
U01802,2026-04-02,51-200,starter,0,Medium,Power Adopter,mid_trial_dropoff,4,3,13.0,1,-5,0.3,65,3,3
U01803,2026-04-30,not_provided,business,0,Medium,Plateaued User,completed_trial_window,6,3,3.0,0,-1,0.3,59,6,3
U01804,2026-05-21,200+,pro,0,High,Champion,completed_trial_window,6,5,12.0,1,23,0.5,96,5,5
U01805,2026-05-19,11-50,pro,0,Medium,Power Adopter,completed_trial_window,4,4,19.0,1,-3,0.4,70,4,4
U01806,2026-06-02,200+,business,1,High,Champion,completed_trial_window,12,7,3.0,1,28,0.7,99,9,7
U01807,2026-04-22,not_provided,business,0,High,Late Bloomer,completed_trial_window,7,3,58.0,1,10,0.3,75,5,3
U01808,2026-06-13,not_provided,business,0,High,Late Bloomer,completed_trial_window,4,4,30.0,1,1,0.4,75,4,4
U01809,2026-03-30,200+,pro,0,High,Champion,completed_trial_window,10,8,0.0,1,8,0.8,99,8,8
U01810,2026-02-28,1-10,starter,0,High,Champion,completed_trial_window,7,5,8.0,1,14,0.5,99,6,5
U01811,2026-03-20,51-200,starter,1,High,Late Bloomer,completed_trial_window,4,3,131.0,1,4,0.3,65,4,3
U01812,2026-02-09,51-200,starter,1,High,Champion,completed_trial_window,13,6,16.0,1,5,0.6,99,9,6
U01813,2026-05-14,11-50,business,0,Medium,Plateaued User,completed_trial_window,4,5,40.0,1,0,0.5,69,4,5
U01814,2026-03-15,200+,pro,1,Low,Window Shopper,completed_trial_window,2,2,56.0,0,6,0.2,36,2,2
U01815,2026-05-06,200+,business,0,High,Power Adopter,completed_trial_window,8,4,2.0,1,-17,0.4,89,5,4
U01816,2026-01-03,200+,business,1,Medium,Growing Casual,mid_trial_dropoff,3,4,18.0,0,6,0.4,58,3,4
U01817,2026-03-01,1-10,pro,0,High,Late Bloomer,completed_trial_window,4,5,66.0,1,22,0.5,74,4,5
U01818,2026-04-06,11-50,starter,0,Medium,Plateaued User,completed_trial_window,6,3,30.0,1,-3,0.3,67,5,3
U01819,2026-05-24,200+,starter,0,Medium,Late Bloomer,completed_trial_window,3,2,27.0,1,2,0.2,62,3,2
U01820,2026-03-05,11-50,business,1,High,Power Adopter,completed_trial_window,12,8,6.0,1,-34,0.8,98,9,8
U01821,2026-04-07,11-50,business,1,Medium,Growing Casual,completed_trial_window,5,4,9.0,0,1,0.4,70,5,4
U01822,2026-04-19,not_provided,pro,0,High,Champion,completed_trial_window,9,7,2.0,1,31,0.7,99,7,7
U01823,2026-05-13,not_provided,business,1,Medium,Late Bloomer,completed_trial_window,2,5,28.0,1,18,0.5,72,2,5
U01824,2026-03-14,not_provided,business,0,Medium,Late Bloomer,completed_trial_window,3,3,63.0,1,2,0.3,61,3,3
U01825,2026-05-17,51-200,starter,0,Medium,Power Adopter,completed_trial_window,5,2,12.0,1,-10,0.2,69,3,2
U01826,2026-02-18,1-10,pro,1,Medium,Plateaued User,completed_trial_window,13,5,40.0,0,-4,0.5,67,8,5
U01827,2026-03-16,1-10,business,1,High,Power Adopter,completed_trial_window,4,6,3.0,1,-14,0.6,82,3,6
U01828,2026-06-08,200+,business,1,High,Power Adopter,completed_trial_window,13,9,3.0,1,-32,0.9,98,8,9
U01829,2026-05-06,11-50,business,1,Medium,Plateaued User,completed_trial_window,4,4,27.0,1,-9,0.4,65,4,4
U01830,2026-02-08,1-10,pro,0,High,Late Bloomer,completed_trial_window,4,5,42.0,1,20,0.5,79,4,5
U01831,2026-01-06,11-50,starter,1,High,Late Bloomer,completed_trial_window,7,4,33.0,1,18,0.4,85,5,4
U01832,2026-03-10,11-50,business,0,Medium,Power Adopter,completed_trial_window,6,3,8.0,1,-4,0.3,77,6,3
U01833,2026-04-23,not_provided,starter,1,High,Late Bloomer,completed_trial_window,10,6,36.0,1,5,0.6,98,7,6
U01834,2026-01-24,11-50,starter,0,High,Champion,completed_trial_window,7,7,2.0,1,17,0.7,99,5,7
U01835,2026-05-07,11-50,business,0,High,Late Bloomer,completed_trial_window,7,3,100.0,1,9,0.3,75,6,3
U01836,2026-04-18,51-200,starter,1,High,Power Adopter,completed_trial_window,9,7,1.0,1,-6,0.7,98,7,7
U01837,2026-04-29,not_provided,starter,0,High,Champion,completed_trial_window,6,8,13.0,1,8,0.8,94,5,8
U01838,2026-03-26,1-10,pro,0,Medium,Late Bloomer,completed_trial_window,2,2,215.0,1,8,0.2,54,2,2
U01839,2026-01-15,51-200,starter,1,High,Champion,completed_trial_window,7,7,2.0,1,64,0.7,99,7,7
U01840,2026-05-20,200+,pro,0,Medium,Late Bloomer,completed_trial_window,3,2,56.0,1,3,0.2,57,3,2
U01841,2026-02-19,51-200,starter,0,Low,Plateaued User,mid_trial_dropoff,3,2,45.0,1,0,0.2,52,2,2
U01842,2026-01-04,1-10,business,0,High,Power Adopter,completed_trial_window,4,6,17.0,1,-3,0.6,77,4,6
U01843,2026-03-05,200+,starter,0,High,Champion,completed_trial_window,11,5,4.0,1,6,0.5,99,7,5
U01844,2026-03-05,not_provided,starter,1,Medium,Late Bloomer,mid_trial_dropoff,3,3,61.0,1,17,0.3,61,3,3
U01845,2026-04-28,not_provided,starter,1,Medium,Power Adopter,completed_trial_window,5,5,12.0,1,-7,0.5,82,4,5
U01846,2026-02-23,200+,starter,0,Medium,Plateaued User,completed_trial_window,1,4,30.0,1,-4,0.4,54,1,4
U01847,2026-03-21,51-200,pro,0,Medium,Plateaued User,completed_trial_window,8,1,1.0,0,0,0.1,57,7,1
U01848,2026-06-11,not_provided,starter,1,Medium,Growing Casual,completed_trial_window,7,1,27.0,0,3,0.1,53,7,1
U01849,2026-05-14,1-10,business,0,High,Champion,completed_trial_window,5,7,10.0,1,16,0.7,95,4,7
U01850,2026-05-04,not_provided,business,0,High,Late Bloomer,completed_trial_window,6,3,53.0,1,11,0.3,72,5,3
U01851,2026-02-20,51-200,starter,0,High,Late Bloomer,completed_trial_window,9,7,30.0,1,19,0.7,98,7,7
U01852,2026-02-25,1-10,pro,0,Medium,Late Bloomer,completed_trial_window,2,4,102.0,1,3,0.4,63,2,4
U01853,2026-06-12,200+,business,0,Low,Window Shopper,mid_trial_dropoff,1,3,19.0,0,-3,0.3,36,1,3
U01854,2026-01-04,11-50,business,1,Medium,Power Adopter,completed_trial_window,5,4,3.0,1,-1,0.4,78,4,4
U01855,2026-01-31,200+,pro,0,Medium,Growing Casual,completed_trial_window,5,4,15.0,0,6,0.4,65,4,4
U01856,2026-01-03,1-10,pro,1,Medium,Plateaued User,completed_trial_window,7,4,32.0,1,-5,0.4,75,5,4
U01857,2026-06-02,11-50,business,1,High,Late Bloomer,completed_trial_window,3,6,37.0,1,35,0.6,78,3,6
U01858,2026-03-05,11-50,starter,0,High,Champion,completed_trial_window,7,5,10.0,1,7,0.5,99,6,5
U01859,2026-01-24,not_provided,pro,0,High,Power Adopter,completed_trial_window,6,8,13.0,1,-15,0.8,84,5,8
U01860,2026-03-28,not_provided,starter,0,High,Late Bloomer,early_dropoff,1,6,33.0,1,4,0.6,71,1,6
U01861,2026-01-16,51-200,business,1,Medium,Power Adopter,completed_trial_window,7,5,0.0,1,-21,0.5,89,5,5
U01862,2026-05-18,1-10,pro,1,High,Champion,completed_trial_window,4,4,0.0,1,6,0.4,85,4,4
U01863,2026-03-01,51-200,pro,0,Medium,Power Adopter,completed_trial_window,6,4,10.0,1,-11,0.4,82,4,4
U01864,2026-06-15,51-200,starter,1,Low,Window Shopper,early_dropoff,1,1,246.0,0,1,0.1,27,1,1
U01865,2026-01-06,not_provided,starter,0,Low,Window Shopper,mid_trial_dropoff,2,1,229.0,0,3,0.1,31,2,1
U01866,2026-04-02,not_provided,pro,0,High,Late Bloomer,completed_trial_window,6,6,26.0,1,9,0.6,89,6,6
U01867,2026-03-06,1-10,starter,0,Medium,Power Adopter,completed_trial_window,7,5,19.0,1,-1,0.5,84,7,5
U01868,2026-04-23,not_provided,business,0,Medium,Growing Casual,completed_trial_window,8,2,27.0,0,8,0.2,62,5,2
U01869,2026-05-19,not_provided,starter,0,Medium,Plateaued User,completed_trial_window,5,4,80.0,1,0,0.4,63,5,4
U01870,2026-02-18,not_provided,pro,1,High,Champion,completed_trial_window,7,4,15.0,1,34,0.4,90,6,4
U01871,2026-03-31,51-200,business,0,Medium,Plateaued User,completed_trial_window,4,5,69.0,1,-3,0.5,64,4,5
U01872,2026-04-30,51-200,pro,0,Medium,Plateaued User,completed_trial_window,5,2,56.0,1,-3,0.2,54,4,2
U01873,2026-05-22,11-50,starter,0,Medium,Late Bloomer,completed_trial_window,6,2,42.0,1,4,0.2,73,5,2
U01874,2026-05-16,11-50,starter,0,High,Growing Casual,completed_trial_window,9,3,45.0,0,11,0.3,68,7,3
U01875,2026-03-17,51-200,pro,0,Medium,Plateaued User,completed_trial_window,3,5,35.0,1,-15,0.5,65,2,5
U01876,2026-04-04,200+,starter,0,High,Power Adopter,completed_trial_window,6,8,12.0,1,-2,0.8,89,6,8
U01877,2026-06-13,not_provided,starter,0,Medium,Power Adopter,completed_trial_window,7,3,15.0,1,-6,0.3,75,4,3
U01878,2026-02-17,1-10,pro,0,Medium,Plateaued User,completed_trial_window,6,3,142.0,1,-1,0.3,62,6,3
U01879,2026-04-04,not_provided,pro,0,Medium,Plateaued User,mid_trial_dropoff,3,4,60.0,1,-14,0.4,56,3,4
U01880,2026-03-24,not_provided,starter,1,High,Champion,completed_trial_window,9,5,6.0,1,3,0.5,99,8,5
U01881,2026-04-10,11-50,pro,1,High,Late Bloomer,completed_trial_window,7,5,53.0,1,17,0.5,84,6,5
U01882,2026-05-22,11-50,pro,0,Medium,Late Bloomer,mid_trial_dropoff,3,3,106.0,1,1,0.3,61,3,3
U01883,2026-03-14,51-200,starter,0,Medium,Power Adopter,mid_trial_dropoff,4,3,20.0,1,-6,0.3,65,3,3
U01884,2026-06-14,51-200,starter,0,Medium,Plateaued User,completed_trial_window,6,4,31.0,0,-5,0.4,54,6,4
U01885,2026-01-25,not_provided,business,1,High,Champion,completed_trial_window,13,3,5.0,1,3,0.3,96,7,3
U01886,2026-01-12,11-50,pro,1,High,Champion,completed_trial_window,5,6,6.0,1,12,0.6,95,3,6
U01887,2026-02-21,1-10,starter,0,Medium,Power Adopter,early_dropoff,1,3,5.0,1,0,0.3,59,1,3
U01888,2026-02-19,1-10,starter,0,Medium,Power Adopter,completed_trial_window,6,5,1.0,1,-4,0.5,86,6,5
U01889,2026-05-27,not_provided,starter,0,Medium,Power Adopter,completed_trial_window,7,3,12.0,1,-17,0.3,80,5,3
U01890,2026-05-06,not_provided,pro,0,High,Growing Casual,completed_trial_window,11,3,66.0,0,6,0.3,63,8,3
U01891,2026-06-01,51-200,starter,0,High,Late Bloomer,completed_trial_window,6,5,42.0,1,10,0.5,86,4,5
U01892,2026-04-04,11-50,pro,0,High,Late Bloomer,completed_trial_window,6,5,25.0,1,13,0.5,86,5,5
U01893,2026-01-19,1-10,pro,1,High,Power Adopter,completed_trial_window,10,6,2.0,1,-36,0.6,98,5,6
U01894,2026-01-21,200+,business,1,High,Late Bloomer,completed_trial_window,6,5,26.0,1,8,0.5,86,6,5
U01895,2026-04-03,not_provided,business,0,Medium,Plateaued User,completed_trial_window,3,3,27.0,1,-4,0.3,56,3,3
U01896,2026-04-17,51-200,business,1,High,Champion,completed_trial_window,9,8,8.0,1,23,0.8,99,6,8
U01897,2026-06-07,51-200,pro,1,High,Champion,completed_trial_window,8,7,4.0,1,4,0.7,99,7,7
U01898,2026-01-19,51-200,starter,0,High,Champion,completed_trial_window,7,7,15.0,1,9,0.7,97,6,7
U01899,2026-02-25,not_provided,starter,0,Medium,Growing Casual,completed_trial_window,6,5,6.0,0,5,0.5,78,6,5
U01900,2026-01-26,not_provided,pro,0,High,Plateaued User,completed_trial_window,8,5,43.0,1,0,0.5,83,7,5
U01901,2026-05-17,200+,pro,0,High,Champion,completed_trial_window,12,10,0.0,1,12,1.0,99,8,10
U01902,2026-02-19,not_provided,business,0,High,Champion,completed_trial_window,6,4,12.0,1,3,0.4,92,4,4
U01903,2026-03-05,not_provided,business,0,High,Late Bloomer,completed_trial_window,8,4,51.0,1,18,0.4,84,7,4
U01904,2026-02-15,not_provided,business,0,High,Champion,completed_trial_window,17,5,23.0,1,24,0.5,99,9,5
U01905,2026-05-23,200+,business,1,High,Champion,completed_trial_window,9,7,16.0,1,27,0.7,99,8,7
U01906,2026-06-13,not_provided,business,1,Medium,Plateaued User,completed_trial_window,7,3,13.0,0,-13,0.3,57,7,3
U01907,2026-04-20,1-10,pro,0,Medium,Late Bloomer,completed_trial_window,2,2,93.0,1,1,0.2,54,2,2
U01908,2026-02-16,not_provided,starter,0,Medium,Plateaued User,completed_trial_window,3,3,62.0,1,-6,0.3,51,2,3
U01909,2026-05-10,51-200,business,0,Medium,Growing Casual,completed_trial_window,5,2,85.0,0,1,0.2,46,4,2
U01910,2026-02-10,not_provided,pro,0,High,Late Bloomer,completed_trial_window,7,4,106.0,1,5,0.4,80,4,4
U01911,2026-04-24,51-200,business,0,High,Growing Casual,completed_trial_window,8,4,46.0,0,1,0.4,71,7,4
U01912,2026-05-21,51-200,business,1,Medium,Growing Casual,completed_trial_window,6,5,3.0,0,2,0.5,78,5,5
U01913,2026-06-12,200+,business,1,High,Champion,completed_trial_window,16,4,11.0,1,21,0.4,99,11,4
U01914,2026-06-05,11-50,pro,0,Medium,Late Bloomer,completed_trial_window,6,1,199.0,1,6,0.1,63,6,1
U01915,2026-05-20,11-50,starter,1,High,Power Adopter,completed_trial_window,8,6,10.0,1,-6,0.6,96,6,6
U01916,2026-03-07,51-200,starter,1,High,Champion,completed_trial_window,5,7,0.0,1,10,0.7,95,3,7
U01917,2026-04-12,1-10,business,0,High,Late Bloomer,completed_trial_window,4,9,28.0,1,22,0.9,82,4,9
U01918,2026-01-09,51-200,pro,0,Medium,Power Adopter,mid_trial_dropoff,4,5,15.0,1,-4,0.5,74,3,5
U01919,2026-01-05,not_provided,pro,0,Low,Plateaued User,completed_trial_window,3,2,29.0,0,-7,0.2,34,3,2
U01920,2026-03-19,1-10,business,1,Medium,Power Adopter,completed_trial_window,2,6,17.0,1,-8,0.6,70,2,6
U01921,2026-02-24,51-200,starter,1,High,Champion,completed_trial_window,9,8,0.0,1,3,0.8,99,7,8
U01922,2026-05-22,not_provided,pro,0,High,Late Bloomer,completed_trial_window,11,3,47.0,1,3,0.3,86,8,3
U01923,2026-05-27,not_provided,pro,1,Medium,Champion,completed_trial_window,7,2,6.0,1,10,0.2,86,6,2
U01924,2026-01-10,200+,business,0,Low,Power Adopter,completed_trial_window,2,2,19.0,1,-3,0.2,54,2,2
U01925,2026-02-09,11-50,business,1,High,Champion,mid_trial_dropoff,2,6,1.0,1,22,0.6,85,2,6
U01926,2026-05-30,11-50,pro,0,Medium,Plateaued User,completed_trial_window,11,4,25.0,0,-2,0.4,63,8,4
U01927,2026-03-07,51-200,starter,0,High,Power Adopter,completed_trial_window,12,8,12.0,1,-12,0.8,98,10,8
U01928,2026-05-27,200+,pro,0,High,Late Bloomer,completed_trial_window,4,3,162.0,1,3,0.3,65,4,3
U01929,2026-02-25,not_provided,starter,0,High,Champion,completed_trial_window,11,5,4.0,1,3,0.5,99,7,5
U01930,2026-03-25,200+,pro,1,Medium,Power Adopter,completed_trial_window,6,3,10.0,1,-5,0.3,77,5,3
U01931,2026-05-28,1-10,pro,1,High,Power Adopter,completed_trial_window,8,7,11.0,1,-12,0.7,96,7,7
U01932,2026-01-10,not_provided,pro,1,High,Champion,completed_trial_window,9,5,22.0,1,20,0.5,99,7,5
U01933,2026-01-21,1-10,business,0,Low,Growing Casual,completed_trial_window,3,2,65.0,0,3,0.2,39,2,2
U01934,2026-03-31,200+,starter,0,High,Late Bloomer,completed_trial_window,4,3,46.0,1,7,0.3,70,3,3
U01935,2026-01-31,11-50,business,1,High,Champion,completed_trial_window,7,3,18.0,1,1,0.3,85,6,3
U01936,2026-01-03,not_provided,business,0,High,Champion,completed_trial_window,7,7,19.0,1,4,0.7,97,4,7
U01937,2026-04-08,1-10,business,0,Medium,Growing Casual,completed_trial_window,6,5,63.0,0,15,0.5,63,5,5
U01938,2026-05-15,1-10,business,1,Medium,Champion,completed_trial_window,2,5,24.0,1,51,0.5,77,2,5
U01939,2026-05-25,11-50,business,1,Medium,Power Adopter,completed_trial_window,5,4,5.0,1,-8,0.4,78,4,4
U01940,2026-02-26,11-50,starter,0,Medium,Growing Casual,completed_trial_window,6,3,70.0,0,10,0.3,54,6,3
U01941,2026-04-11,200+,pro,1,High,Power Adopter,completed_trial_window,10,7,9.0,1,0,0.7,98,8,7
U01942,2026-05-10,1-10,pro,1,High,Late Bloomer,completed_trial_window,11,7,30.0,1,16,0.7,98,6,7
U01943,2026-03-16,200+,pro,0,Medium,Champion,completed_trial_window,2,3,10.0,1,2,0.3,73,2,3
U01944,2026-02-03,51-200,starter,1,High,Power Adopter,completed_trial_window,6,7,8.0,1,-5,0.7,89,5,7
U01945,2026-05-27,not_provided,starter,1,Medium,Late Bloomer,completed_trial_window,2,1,154.0,1,11,0.1,49,2,1
U01946,2026-04-13,51-200,starter,0,High,Power Adopter,completed_trial_window,4,7,6.0,1,0,0.7,82,3,7
U01947,2026-04-13,not_provided,starter,1,High,Champion,completed_trial_window,5,7,2.0,1,9,0.7,95,5,7
U01948,2026-02-04,200+,pro,1,Medium,Power Adopter,completed_trial_window,6,3,0.0,1,-10,0.3,77,4,3
U01949,2026-05-05,200+,business,0,High,Power Adopter,completed_trial_window,4,7,0.0,1,-10,0.7,82,4,7
U01950,2026-05-27,11-50,pro,0,Medium,Plateaued User,completed_trial_window,5,5,23.0,0,-23,0.5,59,4,5
U01951,2026-06-07,not_provided,pro,1,High,Champion,completed_trial_window,10,6,9.0,1,5,0.6,99,7,6
U01952,2026-03-04,1-10,business,0,High,Power Adopter,completed_trial_window,9,5,7.0,1,-3,0.5,95,8,5
U01953,2026-04-21,51-200,business,1,Medium,Plateaued User,completed_trial_window,4,2,39.0,1,-7,0.2,56,3,2
U01954,2026-01-23,1-10,business,1,Low,Plateaued User,completed_trial_window,7,2,101.0,0,-4,0.2,43,6,2
U01955,2026-04-19,51-200,business,0,High,Plateaued User,completed_trial_window,11,5,34.0,1,0,0.5,85,7,5
U01956,2026-02-18,51-200,business,0,High,Champion,completed_trial_window,7,8,5.0,1,8,0.8,99,6,8
U01957,2026-06-02,not_provided,starter,0,Medium,Growing Casual,completed_trial_window,4,3,46.0,0,20,0.3,52,3,3
U01958,2026-03-20,11-50,business,0,Low,Window Shopper,early_dropoff,1,3,74.0,0,-7,0.3,26,1,3
U01959,2026-06-07,200+,pro,0,Medium,Plateaued User,completed_trial_window,5,3,10.0,0,-8,0.3,55,5,3
U01960,2026-02-07,200+,starter,0,Low,Plateaued User,completed_trial_window,5,2,38.0,0,-1,0.2,41,4,2
U01961,2026-03-01,11-50,business,0,Medium,Power Adopter,completed_trial_window,4,3,16.0,1,-1,0.3,65,3,3
U01962,2026-04-06,11-50,business,1,High,Champion,completed_trial_window,9,8,11.0,1,5,0.8,99,7,8
U01963,2026-01-29,not_provided,starter,0,Low,Plateaued User,completed_trial_window,5,1,59.0,0,-3,0.1,31,4,1
U01964,2026-03-04,not_provided,pro,0,Low,Plateaued User,completed_trial_window,4,1,44.0,0,-3,0.1,33,4,1
U01965,2026-03-15,1-10,business,0,Medium,Growing Casual,completed_trial_window,6,5,1.0,0,3,0.5,78,5,5
U01966,2026-01-29,51-200,starter,1,High,Champion,completed_trial_window,6,6,4.0,1,16,0.6,99,5,6
U01967,2026-01-06,51-200,pro,0,High,Champion,completed_trial_window,11,6,7.0,1,24,0.6,99,8,6
U01968,2026-05-18,11-50,pro,0,Medium,Power Adopter,completed_trial_window,6,5,1.0,1,-19,0.5,86,4,5
U01969,2026-05-20,not_provided,business,0,High,Champion,completed_trial_window,4,5,13.0,1,13,0.5,84,4,5
U01970,2026-05-21,200+,pro,0,High,Power Adopter,completed_trial_window,14,6,13.0,1,-23,0.6,93,7,6
U01971,2026-02-06,not_provided,business,0,Low,Window Shopper,early_dropoff,2,3,32.0,0,-2,0.3,35,2,3
U01972,2026-01-05,200+,pro,1,High,Champion,completed_trial_window,7,6,0.0,1,6,0.6,99,5,6
U01973,2026-01-12,51-200,pro,1,High,Plateaued User,completed_trial_window,7,7,27.0,1,-5,0.7,82,5,7
U01974,2026-03-14,11-50,business,0,High,Champion,mid_trial_dropoff,4,3,0.0,1,1,0.3,80,4,3
U01975,2026-06-08,51-200,starter,0,Medium,Growing Casual,completed_trial_window,5,4,30.0,0,6,0.4,60,3,4
U01976,2026-04-30,not_provided,starter,0,Medium,Champion,completed_trial_window,3,4,3.0,1,2,0.4,81,3,4
U01977,2026-01-18,200+,business,1,Medium,Plateaued User,completed_trial_window,2,3,32.0,1,-5,0.3,53,2,3
U01978,2026-04-03,1-10,starter,0,Medium,Power Adopter,early_dropoff,1,5,7.0,1,-6,0.5,68,1,5
U01979,2026-03-16,not_provided,starter,0,High,Plateaued User,completed_trial_window,8,5,58.0,1,-2,0.5,78,7,5
U01980,2026-03-01,200+,pro,1,Medium,Late Bloomer,completed_trial_window,3,1,170.0,1,10,0.1,52,3,1
U01981,2026-03-22,200+,pro,1,High,Late Bloomer,completed_trial_window,10,2,92.0,1,7,0.2,77,7,2
U01982,2026-01-23,11-50,pro,1,High,Champion,completed_trial_window,6,6,3.0,1,8,0.6,99,6,6
U01983,2026-04-28,not_provided,business,1,Medium,Plateaued User,completed_trial_window,5,4,60.0,1,0,0.4,63,4,4
U01984,2026-01-11,11-50,pro,0,High,Champion,completed_trial_window,6,7,6.0,1,29,0.7,99,6,7
U01985,2026-03-20,51-200,starter,0,Medium,Power Adopter,completed_trial_window,5,4,11.0,1,-9,0.4,78,5,4
U01986,2026-04-11,not_provided,pro,0,Medium,Plateaued User,completed_trial_window,3,4,57.0,1,-11,0.4,56,3,4
U01987,2026-01-05,51-200,business,1,High,Late Bloomer,completed_trial_window,6,4,32.0,1,9,0.4,82,4,4
U01988,2026-04-01,not_provided,business,1,Medium,Plateaued User,completed_trial_window,2,5,36.0,1,-6,0.5,62,2,5
U01989,2026-05-09,51-200,starter,0,High,Power Adopter,completed_trial_window,11,9,2.0,1,-8,0.9,98,8,9
U01990,2026-06-10,51-200,starter,1,High,Late Bloomer,completed_trial_window,11,8,38.0,1,10,0.8,98,8,8
U01991,2026-05-23,51-200,pro,0,High,Champion,completed_trial_window,4,6,14.0,1,6,0.6,87,2,6
U01992,2026-02-08,51-200,starter,1,High,Champion,mid_trial_dropoff,4,5,9.0,1,10,0.5,89,3,5
U01993,2026-01-23,not_provided,starter,0,Medium,Power Adopter,completed_trial_window,3,6,8.0,1,-5,0.6,78,2,6
U01994,2026-05-14,not_provided,pro,0,High,Late Bloomer,completed_trial_window,5,4,196.0,1,15,0.4,73,4,4
U01995,2026-06-10,not_provided,pro,1,Medium,Plateaued User,completed_trial_window,7,3,45.0,0,-4,0.3,52,5,3
U01996,2026-03-03,not_provided,pro,0,High,Champion,completed_trial_window,6,6,4.0,1,9,0.6,99,6,6
U01997,2026-04-20,51-200,pro,1,High,Champion,completed_trial_window,5,7,3.0,1,41,0.7,95,4,7
U01998,2026-04-25,not_provided,pro,0,Medium,Plateaued User,completed_trial_window,6,6,8.0,0,-2,0.6,71,5,6
U01999,2026-02-22,not_provided,pro,1,High,Late Bloomer,completed_trial_window,9,5,32.0,1,23,0.5,95,8,5
U02000,2026-05-19,not_provided,pro,0,Medium,Power Adopter,completed_trial_window,6,4,8.0,1,-17,0.4,82,5,4
